{"type":"FeatureCollection","features":[{"type":"Feature","properties":{"name":"서울특별시","sido":null},"geometry":{"type":"MultiPolygon","coordinates":[[[[127.0221482894172,37.69972081974742],[127.02768734558849,37.70093738030559],[127.03241428836384,37.69183903751067],[127.04110878602354,37.69529978147528],[127.04509429293313,37.69238519915206],[127.04862943310509,37.69406226000081],[127.05179813615759,37.68581484692547],[127.06338631300629,37.694921884061706],[127.0811048825249,37.696137462334164],[127.08385283035726,37.69386666210057],[127.08517719537218,37.690389849928586],[127.0959959604045,37.68907104734531],[127.09194656315925,37.67919029861776],[127.09574869890055,37.6706196410143],[127.09541063082821,37.6638896450294],[127.09120691316419,37.65933455715772],[127.09269449844861,37.64857999394959],[127.09438136774523,37.64495591610166],[127.0945699707441,37.64457059493911],[127.10657637735379,37.64537730925876],[127.11125728154585,37.64237533255536],[127.11220344746788,37.63264276677004],[127.10406621941547,37.62165311342727],[127.11619332983611,37.618947782433494],[127.1180951326144,37.60547242382635],[127.1140999945406,37.60012853338217],[127.1166644867676,37.59401654621197],[127.10114351256262,37.57607092847076],[127.10423019942215,37.57138765526178],[127.10112209568202,37.56105063925841],[127.10492924746896,37.55642159306927],[127.11229746822481,37.559000453485616],[127.1152255617521,37.55676018786972],[127.12861049289249,37.56616043497561],[127.14894954273397,37.56843431807824],[127.16674729928927,37.578975666067905],[127.17715482732942,37.58120032666599],[127.17568308660056,37.57489869626104],[127.18199541914358,37.5609924445978],[127.18353917136116,37.545170394493404],[127.16316272959669,37.54499101051071],[127.1457809384689,37.521941373940386],[127.14462037897172,37.51561062396274],[127.14204005570203,37.51563651416558],[127.14117514266248,37.51510185409081],[127.14111101484517,37.50544343475419],[127.15772924059085,37.50317895000257],[127.16143108849465,37.500022478356435],[127.15740206942571,37.48908854038803],[127.14868305439958,37.48404319140347],[127.14714533039844,37.477221796710836],[127.14352658826051,37.473930417154634],[127.1327392479055,37.47455537316025],[127.13279960191413,37.46839366471123],[127.12487834285044,37.46959727859706],[127.11689489399814,37.45864042106457],[127.10434135730374,37.4621743450683],[127.09930610775652,37.45667755568277],[127.09354035976739,37.45588805473341],[127.08785507165459,37.44489387024628],[127.08144410233187,37.44123100040845],[127.07213844307472,37.44226266967465],[127.07384345812635,37.43740778003033],[127.06961542824794,37.43061169164478],[127.05345831874159,37.42880858592969],[127.0355737258186,37.43900409648121],[127.03823039732248,37.44518026863664],[127.03712770163324,37.45520768001788],[127.03192176777236,37.46551888217918],[127.02599541816608,37.45781695677839],[127.0150649963592,37.454831882181004],[127.00871087092862,37.45776493257241],[127.00367535762433,37.46772038521959],[126.99698554548456,37.467179714641404],[126.9967686319349,37.46187335243128],[126.97457956226746,37.454412875019095],[126.96428976649526,37.44626723575002],[126.96298353077235,37.440299608093724],[126.94022016146563,37.435712370758246],[126.92839869468975,37.45021248461898],[126.92069895554552,37.44151996798341],[126.90725378153762,37.43351782408355],[126.8989779153891,37.43870182624122],[126.89398300098256,37.452717339462076],[126.88964213719849,37.45231546522859],[126.88626468125553,37.45636251624063],[126.88544367871467,37.46012453219549],[126.88887551866631,37.46094692085108],[126.8828584599555,37.46426078785583],[126.88457429391006,37.46564823616712],[126.87179719788435,37.48499743323806],[126.87679035643879,37.48857077511445],[126.87022812453336,37.48959615777095],[126.86950267826595,37.494328403182784],[126.85270046916895,37.48181861648275],[126.84655685823991,37.48163332947032],[126.84503324049146,37.473558917073596],[126.83463709657725,37.474421181516504],[126.83305167545748,37.4772460920456],[126.83174809364526,37.47765099489556],[126.81462855736311,37.47464943672464],[126.82358686214121,37.48774223921983],[126.81301231990739,37.49640025947728],[126.82156435820797,37.50215642274476],[126.8284276870103,37.52670238572639],[126.82193281235183,37.53504967886316],[126.8219554512016,37.53888685351773],[126.82211888564126,37.540677284520854],[126.80441151528282,37.54324677308787],[126.79442517097925,37.5358288882476],[126.79434041412424,37.54144799206292],[126.79056480977512,37.54392241945446],[126.77155173733556,37.54831753246162],[126.76448395995168,37.55536939399909],[126.77575852526624,37.561941392041184],[126.77784212277297,37.55993305663699],[126.7747621930073,37.567708331455286],[126.78046204510245,37.56795452316286],[126.78240829147352,37.573606207956196],[126.79369544496515,37.58159385806869],[126.79373176820893,37.583038594920765],[126.7934410794478,37.584519603641894],[126.80073874827553,37.58783973061038],[126.79708222928636,37.597738925059765],[126.79994096422325,37.602544659984936],[126.80258140147401,37.60503274858665],[126.85363179661114,37.571790547866065],[126.86341573755693,37.57686871393548],[126.87626048634533,37.578185234318795],[126.87754227250868,37.58624748164742],[126.88491014199087,37.59354099415474],[126.88733768860195,37.59391977746163],[126.88546703954496,37.59110491910983],[126.88760860532525,37.58866702011056],[126.89964371169698,37.58981687189023],[126.90210829984136,37.60374168499783],[126.9003043239398,37.61119134488044],[126.90861082753727,37.6262656559122],[126.90620219490094,37.63322013549291],[126.91121037341169,37.63590558451062],[126.91115395113722,37.640986709771965],[126.91227986280074,37.6443153591529],[126.90647940190425,37.64770342759783],[126.90481016339555,37.64912804361839],[126.91372082569912,37.64475565617252],[126.92412291073795,37.64610630336968],[126.94751096374519,37.659185376234106],[126.95710810553972,37.652837230384996],[126.96332878862557,37.63324513275315],[126.95982244013625,37.62976115473123],[126.95939478404547,37.629672395481045],[126.97536907450976,37.63169816958868],[126.98420224949739,37.636340308412066],[126.98585532536936,37.640610040721036],[126.97965839148044,37.65603864653635],[126.99401724939301,37.66678312909666],[126.99219762942894,37.679626950567744],[127.00866365630117,37.68444951252082],[127.00806774892251,37.69064526204131],[127.01541538211153,37.701455273230806],[127.01982736027892,37.70101742272793],[127.0221482894172,37.69972081974742]]]]}},{"type":"Feature","properties":{"name":"부산광역시","sido":null},"geometry":{"type":"MultiPolygon","coordinates":[[[[128.8457865145828,35.05945801914009],[128.84577106032134,35.059594270107056],[128.84577080729537,35.059617938543745],[128.84577416643776,35.05964422042165],[128.84578190767948,35.05966209450205],[128.8458070261889,35.05969941546141],[128.8458406830359,35.05974037182938],[128.8459487384384,35.059867565867954],[128.84635219849795,35.06032367500914],[128.8457865145828,35.05945801914009]]],[[[128.84635219849795,35.06032367500914],[128.84633136016492,35.06364992556314],[128.83681653313434,35.06736403404888],[128.83751001517345,35.074799965090094],[128.84224622453348,35.06954790447413],[128.85492725533302,35.06915721574759],[128.8584310577963,35.06463106584584],[128.84635219849795,35.06032367500914]]],[[[128.8457865145828,35.05945801914009],[128.8511985018133,35.04204393467724],[128.84877282330112,35.03396937769027],[128.84324481465936,35.03077626233119],[128.83953812995927,35.019617581531044],[128.83492046666396,35.01557275543711],[128.83456581164978,35.01089185451323],[128.84101929742985,35.00687419184078],[128.83739631385416,35.00003532037281],[128.83985337461615,34.99747410286361],[128.82787030338986,34.98864300772259],[128.83015692944835,34.99459671889849],[128.82180700301828,34.99460079456383],[128.82229698604127,35.00086999506407],[128.81817396400848,35.004335831386854],[128.8231606139357,35.00464705294491],[128.8201081894053,35.0092252785735],[128.82624342538216,35.0103515676492],[128.82723089574776,35.013618498497365],[128.80624311400408,35.021230801468526],[128.80480729554543,35.02414001540754],[128.81488814159644,35.025094652634],[128.81463768896228,35.02905962613846],[128.80730152802005,35.03281704661559],[128.8114855951324,35.034117102818],[128.81242199319325,35.03969501099391],[128.80565337880458,35.04745565436713],[128.79750145386788,35.04930203615331],[128.79686125158582,35.053896892043255],[128.80332273485703,35.055350340147],[128.79095487145398,35.05340656040256],[128.79092296868248,35.06162676387249],[128.79385333293183,35.06485390048578],[128.83239006695823,35.07131636213683],[128.83237964760835,35.0776140823355],[128.81151488384526,35.07758486153671],[128.81150959407472,35.07996232507427],[128.81150290996564,35.08298883194697],[128.81809381401564,35.083000684022025],[128.81852749289712,35.083001430043446],[128.82869933751178,35.08996962788474],[128.83516485374685,35.08638178673976],[128.83369664160057,35.05594620496057],[128.84238507979015,35.05437418170839],[128.8457865145828,35.05945801914009]]],[[[128.82052661048127,35.09663460365558],[128.82046747235978,35.09639074436951],[128.82048599826598,35.09650298892273],[128.82049884191537,35.096557505099995],[128.82052661048127,35.09663460365558]]],[[[128.9592944831074,35.05013896477356],[128.95265180757877,35.07200985450633],[128.95690461097752,35.07276727755247],[128.9525973067609,35.07221561834931],[128.9503280033146,35.08177655336887],[128.95603884381225,35.10643878082382],[128.94882050832166,35.10712959639044],[128.94308522662212,35.08637477730044],[128.9320745265453,35.07380273062918],[128.9294198131899,35.073879366531024],[128.928574213221,35.078709501977194],[128.93297497243205,35.09838513799984],[128.93908195906457,35.10865190176607],[128.9331347703947,35.11032333370528],[128.93019065469394,35.09272225218505],[128.91321959210953,35.08763837851138],[128.9111907762592,35.07893002794105],[128.89522583895862,35.07892611986566],[128.90064241182174,35.11138283048443],[128.90562720538864,35.11805643590589],[128.89762749592592,35.12028981445147],[128.88947151948562,35.1078375054762],[128.8841622804991,35.07932969629432],[128.86924840923018,35.08136118549892],[128.87239767998307,35.08286361105878],[128.87078783202634,35.08865005152248],[128.86823312065263,35.08321835328901],[128.83888546213262,35.08205881489154],[128.83519611191193,35.08842347461869],[128.82052661048127,35.09663460365558],[128.82363814329813,35.10197903514884],[128.83479718572582,35.10180206258367],[128.84170048475306,35.10598958090955],[128.84296220191254,35.113158357812026],[128.8359304056276,35.11900342218092],[128.8377567758429,35.123985309831795],[128.83297518011048,35.129940879100516],[128.82737759320256,35.12820025104041],[128.81535669880165,35.13263491197288],[128.80668549174595,35.14250368733287],[128.80213245225386,35.1419015447208],[128.794519664928,35.15853793042102],[128.8159656289933,35.16016205942711],[128.82752650389233,35.1555886258816],[128.83600548032774,35.159137952063446],[128.84293309269904,35.157988703658326],[128.8462886403839,35.16468788644122],[128.86738636526675,35.16771486301582],[128.87209641673738,35.162616799578075],[128.8651824837682,35.158185880141616],[128.8716628559344,35.150464856456075],[128.8756769619347,35.150730770031515],[128.87665683276052,35.151279277335895],[128.87441547326435,35.15856868477527],[128.88139178593764,35.161336806374926],[128.8723536568493,35.17227428905254],[128.8811466517329,35.17184520008675],[128.88168088837674,35.18220355961329],[128.8703548097639,35.20155871574661],[128.87898763124278,35.209994548498976],[128.88640113296324,35.21447788716572],[128.89681658213794,35.213198161937086],[128.90466799263677,35.21530132553925],[128.9083578990103,35.21676497639032],[128.905018257982,35.220073050444284],[128.90926948344583,35.22291381678763],[128.90953104251838,35.22308536414406],[128.90916699420424,35.220560935037426],[128.912503273856,35.22251513668554],[128.92012802377735,35.21642264451937],[128.9439979812311,35.228325401729336],[128.9566962089833,35.225251972615524],[128.98970124463563,35.23167626399149],[128.9988030008659,35.23808216019958],[129.01481782165362,35.27052973167939],[129.01413916284835,35.27218956482588],[129.01348433001664,35.273758609817],[129.0295354452158,35.2768868508226],[129.0474985279246,35.27421357517099],[129.05836191103714,35.29483552972374],[129.0701689584765,35.29434234253554],[129.07360693863205,35.29084310639702],[129.07426637501635,35.29076153835746],[129.08835260041118,35.30261471626435],[129.1055517052745,35.30653009049111],[129.10621111508385,35.30645735958799],[129.10856197825737,35.30458063804252],[129.11366330723274,35.32022304071144],[129.12575644782987,35.33206376745568],[129.12399436988315,35.33786107007486],[129.12714089463887,35.34540193128537],[129.1345872911607,35.351450824481645],[129.13323102775936,35.356355582319004],[129.1181763034671,35.36903460086851],[129.15012207760742,35.36393420306278],[129.17613978292445,35.3513980062861],[129.19876247023828,35.36649641721638],[129.1991818487176,35.37597753609588],[129.19359479749494,35.38208857968247],[129.19936772082303,35.3890374484574],[129.21853628816663,35.37895478976382],[129.23539981781678,35.38025729945389],[129.24022111739595,35.38430375860329],[129.24879120093806,35.38315084803824],[129.25064223653163,35.38736517016058],[129.25797312074508,35.38412318167959],[129.26552213366463,35.3871442902043],[129.28223140547033,35.3653247713242],[129.28051619797998,35.356222367740436],[129.28493108684597,35.350732054931804],[129.27966242621002,35.341370647085526],[129.30031479459575,35.33603224099734],[129.3057494767465,35.324624445223606],[129.30362318392,35.32229322889141],[129.30348273263996,35.32973085299301],[129.3018504862088,35.32024229702286],[129.29145434718853,35.31805613443233],[129.286539069279,35.3202524389187],[129.2881913620849,35.32336801977642],[129.28498458605526,35.3262307059716],[129.2806961871147,35.326534931731665],[129.26823194971413,35.32165252995491],[129.26197986539094,35.31544441947196],[129.25787792007176,35.30569933717046],[129.26074775262643,35.29173095275268],[129.25727072204677,35.2889151746241],[129.25920412025053,35.28428121065162],[129.25559630593816,35.274837423253],[129.2520916958405,35.27110928704412],[129.2447215470031,35.27165394795624],[129.24310359404288,35.26416855534671],[129.2358353651924,35.26484833679487],[129.23395646591317,35.26220880068144],[129.23897382237422,35.257378589506395],[129.25213862028116,35.260212951540815],[129.25359918666848,35.24681131322751],[129.24454879887875,35.24426612143098],[129.24990293410178,35.240798817593806],[129.24306052805252,35.23824579349071],[129.244968236884,35.23140723969486],[129.24118127464666,35.229202841390375],[129.23928606156312,35.22117604063623],[129.23545558077453,35.218304176930026],[129.22725612516518,35.22428974247127],[129.22702897984874,35.21763182960515],[129.22199303629677,35.21263416376295],[129.23006269831296,35.20410762430966],[129.23022561254345,35.19823580737941],[129.22505661438575,35.19595198904383],[129.22409625079908,35.18581615727949],[129.21926092513002,35.18381413185944],[129.2158439671209,35.187287696697574],[129.20090175081089,35.179446948928465],[129.1943945732437,35.160214553724565],[129.18725488724706,35.15947640955563],[129.18172376134675,35.154833950538645],[129.16416906425584,35.158979226098324],[129.15587388481904,35.15691091796136],[129.1499574970836,35.15136737366016],[129.15325026891503,35.15803416162062],[129.14631731556173,35.15340000850275],[129.14159172206072,35.155124959252774],[129.13887542783542,35.16131330799474],[129.13390848004605,35.162425397846654],[129.13093224933968,35.161273922399644],[129.1346222951173,35.154836103660514],[129.11845137271422,35.152592660421575],[129.1150822567526,35.14738889046232],[129.11777452498114,35.14044859045047],[129.10891732303892,35.13284467881009],[129.10916007926787,35.13270347906594],[129.11286310531153,35.13508227128469],[129.11780426890664,35.13211495021247],[129.112764688052,35.1249749676167],[129.1134041409215,35.12618517447331],[129.12052002771003,35.13388375939509],[129.12243165609425,35.13206252393362],[129.12897879887305,35.118173559808014],[129.12799275662945,35.11079734289486],[129.1240428123013,35.09925275339562],[129.113216351712,35.102969753685876],[129.11049319587772,35.10114540194224],[129.11452461787587,35.09793696276434],[129.10945072300365,35.091539324706176],[129.11021145350145,35.09258844321801],[129.11399737708393,35.09783850693401],[129.11140906550693,35.1000006376229],[129.1106043950273,35.10067217274967],[129.10986847492612,35.1006447108891],[129.1022875157951,35.09448888507427],[129.10228809725547,35.09448709400484],[129.10509642194728,35.09194142075786],[129.0952060151945,35.09388030452293],[129.09296205846965,35.109273788140264],[129.0925246080074,35.109247063652575],[129.09037259747993,35.108713725087405],[129.09037201152668,35.108550600075326],[129.0903542531888,35.103617868155304],[129.07499277290844,35.10362428649193],[129.066033167372,35.10875323907681],[129.06551250643727,35.10914691607213],[129.07379544774273,35.11676706559813],[129.0695371461227,35.11830847577875],[129.0730436831406,35.12218172027344],[129.0653331525446,35.12288936471124],[129.0655388584517,35.12899933761693],[129.05606986271886,35.11802793829138],[129.05234371661783,35.12051336112462],[129.05529227794787,35.12290996335825],[129.05268303337877,35.12570835010792],[129.0486547967275,35.120710495019416],[129.0553264678299,35.116020300708165],[129.04728351671326,35.11657712216298],[129.05078038171476,35.112475229341655],[129.04403118641213,35.107608216117626],[129.0468204498802,35.10675502972286],[129.04518838205584,35.104984947555714],[129.0403187706727,35.107026063193246],[129.04359949992548,35.103389161555114],[129.03818033643074,35.10436287229409],[129.0379329512547,35.09707918091214],[129.0252425675617,35.09351476704413],[129.024606553236,35.07633296691874],[129.01689214147845,35.07426200661031],[129.02128666574933,35.06967478081012],[129.02232641688502,35.061881070268846],[129.01564151705404,35.05321652447659],[129.01058236150118,35.0516877347155],[129.00884998803159,35.060465925172245],[129.01112717950258,35.06302225867162],[129.00550100084388,35.07109996075747],[129.00523766442453,35.084435913362675],[129.00252069366022,35.08622822180023],[129.00124597687417,35.07982379283355],[128.99306353683542,35.08394585188503],[128.99263380764884,35.080146456547865],[129.0014067296317,35.048365580152264],[129.00697988350018,35.04894735250881],[129.00005744612682,35.04760044845596],[128.99855390688032,35.044399343562354],[128.9924981865746,35.045225411626404],[128.988370660005,35.05796579776262],[128.9845890883934,35.05978070863886],[128.98458064787926,35.05978377381978],[128.97278464006834,35.05687674954227],[128.9736555018904,35.05331461743346],[128.98275608393175,35.05142038703946],[128.98163137340046,35.04938915139607],[128.97986246862604,35.04773601733954],[128.96973075083477,35.04739670893873],[128.9779911999591,35.04020676167973],[128.97305691849982,35.04090532504149],[128.96559795575772,35.032438943790524],[128.96764569493843,35.04376125066618],[128.9592944831074,35.05013896477356]],[[129.09945459774957,35.09154807844691],[129.10326255104155,35.093426157341646],[129.09882516082615,35.09539254925967],[129.09945459774957,35.09154807844691]]]]}},{"type":"Feature","properties":{"name":"대구광역시","sido":null},"geometry":{"type":"MultiPolygon","coordinates":[[[[128.69604126590662,36.01557337123677],[128.6968012361377,36.01317219549968],[128.70102121639732,36.01112056705359],[128.7268779389866,36.003227890900206],[128.7348557093484,35.99295603729282],[128.73097394802565,35.98536143457367],[128.7462102565022,35.97286862707397],[128.7429946339339,35.95994538757501],[128.7379605758887,35.95594339223936],[128.74408670302057,35.94395801898517],[128.73670880072493,35.92957402818277],[128.74283057321887,35.92028369616541],[128.75529582540207,35.915005190726845],[128.75917901484442,35.908300827261044],[128.75655587005906,35.90356554728411],[128.76133221545783,35.88752144180028],[128.7574896187144,35.878005258882524],[128.7612536394689,35.874404181904616],[128.75824356580145,35.87023437082094],[128.75979529649288,35.866074944441515],[128.73857236861934,35.85129822490043],[128.72187409315262,35.85694779054145],[128.72687157132017,35.84721243031517],[128.72507972732518,35.83615856613812],[128.71918888966863,35.835856894507444],[128.7086373459836,35.82656793585933],[128.71752061510884,35.80684707509812],[128.6998085484022,35.79504904784983],[128.6933067296136,35.79678831913451],[128.68250196854558,35.790131299111366],[128.6815623648505,35.78396282105003],[128.68645836512292,35.77741896481481],[128.6863501604357,35.76872367382629],[128.69548563586073,35.75574218295239],[128.69365712388992,35.74365342916829],[128.68912569829013,35.7397727962266],[128.69096425415424,35.73088883742296],[128.68313748799775,35.72557828617557],[128.68323971027579,35.72145444396979],[128.66352370411957,35.72050251421485],[128.6472703394605,35.71149160938452],[128.64621197136893,35.708173786126075],[128.63092629621497,35.70679236559826],[128.62399747425823,35.70229670588087],[128.61977671214157,35.70285006033683],[128.61391605689064,35.70984087644231],[128.61692573004092,35.71763531526329],[128.6099344755844,35.72487576242893],[128.6149324648871,35.73031845025112],[128.61243466563596,35.73851890496496],[128.59424461952784,35.73707503152901],[128.5896008773114,35.73150376337253],[128.58241580896967,35.7383334415001],[128.5717289627282,35.73457289616348],[128.5647671864274,35.73676248955084],[128.56098706571547,35.72971367195151],[128.527904868456,35.71274079438789],[128.53388666631687,35.70326018491339],[128.53261812950137,35.70071139682046],[128.5318641155306,35.696616250763],[128.53420744526645,35.69481642238542],[128.53519694994037,35.694013801306454],[128.53179903900016,35.68333411924021],[128.50755118914705,35.672857715041424],[128.50681391710015,35.65014840496957],[128.51071108652798,35.64569260161586],[128.50623621238518,35.6395569696597],[128.48270908598067,35.634990522898],[128.47849424333967,35.64052835635481],[128.47069078367255,35.63661533858226],[128.46034492132097,35.640583553519924],[128.45320116878352,35.63689758386499],[128.44647601830508,35.63841360933128],[128.43098032417078,35.62163880156781],[128.42294426133213,35.62517486908284],[128.41299870790712,35.61655807528256],[128.40697917227502,35.61458932691957],[128.40349343970237,35.61741118022065],[128.38440678992302,35.60990886441891],[128.38239892383382,35.60653990142742],[128.3713631164423,35.60941447266619],[128.38837581901433,35.617928287634406],[128.40125141826357,35.63272869709528],[128.40146041542818,35.63901522930773],[128.3979116028693,35.64880922218897],[128.37251111430112,35.666620636898415],[128.3582304261894,35.68079351921087],[128.3522931985303,35.69418863388493],[128.3517967490796,35.7040156387986],[128.35887830112839,35.70870122980656],[128.41220175881367,35.69584189950688],[128.42222349371337,35.69726914050186],[128.43214663068252,35.70489454575812],[128.43488936824716,35.71475772237223],[128.43181591419375,35.72559809939952],[128.39124695187536,35.74835267315258],[128.38346927466887,35.76008684758812],[128.3975852931454,35.77864607520079],[128.40811917168858,35.799208371306044],[128.41577209107706,35.80281494193098],[128.41578515491867,35.80581583761151],[128.41578629152303,35.80609213650445],[128.4208160412034,35.806304135803195],[128.42082951833595,35.809354573182176],[128.4704331576681,35.805922335896284],[128.48275579642578,35.815936744455335],[128.48108303806532,35.83013312606276],[128.4725462123683,35.83360832877341],[128.46869457814384,35.83846436397143],[128.46888139058515,35.83959529004614],[128.45000156088432,35.84665686968668],[128.38351015610922,35.852834650409285],[128.3842091904513,35.86565605017007],[128.3980667729373,35.892708555150946],[128.3989766904672,35.89992652434952],[128.40712875916233,35.900724834579854],[128.41648854811154,35.913704503775875],[128.4180927739071,35.921291986929084],[128.42058470132253,35.92206276628594],[128.42346681059718,35.92279264490128],[128.42490149447255,35.92804077040084],[128.43874506512938,35.93151925117502],[128.44156143247196,35.93520687357705],[128.45033818415746,35.93504165712525],[128.45415527680086,35.94314943876396],[128.47641886946062,35.934439336433265],[128.47275537622073,35.914435920758756],[128.46539902206604,35.908590467809695],[128.4683790453155,35.899470832341336],[128.47526956390152,35.89445753925506],[128.4906169726928,35.89757917346472],[128.5014940715411,35.886765914919],[128.50458863503076,35.88915168946405],[128.5069138561119,35.90610256853373],[128.5294657748209,35.92362304601435],[128.5343750784499,35.935333869487245],[128.5325486627833,35.950542348567524],[128.5348108063518,35.958383170113215],[128.52774096252224,35.97149537220104],[128.5270559971897,35.97516835704624],[128.52835385147944,35.98034988429953],[128.54348603171553,35.97477489931564],[128.54667381224775,35.96566597910965],[128.55333081221005,35.96078037845327],[128.55706575222436,35.972230001392944],[128.56470740490354,35.972937427237085],[128.57283763746938,35.978312520067995],[128.59015554300254,35.97923535466443],[128.59304156543857,35.9808416496385],[128.59292518373104,35.98336182922896],[128.60287361638635,35.985900608101154],[128.61740833383016,36.006449237976305],[128.6407105031127,36.01053053476325],[128.65101082019478,36.00730678067069],[128.66952329239777,36.01326554123638],[128.69604126590662,36.01557337123677]]]]}},{"type":"Feature","properties":{"name":"인천광역시","sido":null},"geometry":{"type":"MultiPolygon","coordinates":[[[[126.48261296207751,37.24314215690619],[126.48261162890887,37.243156417986185],[126.48258463980443,37.24321866168595],[126.4825602355681,37.243244678995765],[126.48207494889918,37.244188261586],[126.48263181680419,37.24332115321995],[126.4826998255944,37.24319360182497],[126.48321029703632,37.24216963238634],[126.48322248386998,37.24213276202811],[126.48322987230993,37.24210881845657],[126.48326549227104,37.24187334364307],[126.48261296207751,37.24314215690619]]],[[[126.10798474446794,37.272310298380226],[126.11053686807726,37.27141940001458],[126.11192429736931,37.25773520366264],[126.11839140057839,37.25812942643869],[126.11771282750804,37.24786285498171],[126.12046905379994,37.24676578633867],[126.12799107610465,37.2519942192846],[126.13751008471013,37.24653438781982],[126.14078746141983,37.23753630881753],[126.15029326392029,37.239151077415904],[126.16574336778433,37.23065982610157],[126.15512904188097,37.227691506436784],[126.15164108674311,37.22249283503325],[126.14957717230212,37.22546739622434],[126.14359391550845,37.22247695270001],[126.14861024123684,37.216399792408794],[126.1475120963971,37.213814742817334],[126.12704325478467,37.212730768047905],[126.11734603871365,37.20918270728186],[126.11026343501914,37.21325377979666],[126.11611638324493,37.21611983448812],[126.11132894847266,37.22358541211164],[126.1038291838395,37.21985633616961],[126.10123571450542,37.22219913777182],[126.10503716275444,37.226945359377304],[126.10245381007249,37.22993496372964],[126.0968175769939,37.23052292151019],[126.0912577685355,37.22202310901374],[126.08473097947291,37.221858563465176],[126.09194295971943,37.23151154410691],[126.08999336374632,37.24778708592876],[126.10260121901882,37.265730202605766],[126.10024009764949,37.272066113696845],[126.1042253386103,37.27429961573229],[126.10798474446794,37.272310298380226]]],[[[126.48207494889918,37.244188261586],[126.48240960065567,37.24175528165995],[126.47072515926405,37.23890752298537],[126.46844578390338,37.23247297124423],[126.45881242401056,37.22404852712244],[126.45279377057611,37.23098159786344],[126.43258816913162,37.23246769503492],[126.42984268704363,37.25631653278103],[126.4302149723786,37.258738538348354],[126.43325956439853,37.25776543317855],[126.42849594896968,37.262571752179845],[126.43611564875181,37.26568961576473],[126.43396086550351,37.274252852996284],[126.44816320265689,37.27202193307903],[126.45389466702392,37.27713967980443],[126.45036800165143,37.28023198830131],[126.46623500348677,37.28395838821858],[126.47031407986226,37.28823628717307],[126.4751470023839,37.28262135992157],[126.48779557724508,37.2831948759994],[126.49756354661015,37.27697919284217],[126.49432263652486,37.27032916314292],[126.5018437720249,37.2580518940693],[126.49664339837565,37.253653513488665],[126.49222253570692,37.25901487294762],[126.48611906199261,37.25944911058426],[126.48672784269077,37.25430983317467],[126.47622902931155,37.25349671568015],[126.48250389983548,37.24778760290142],[126.48207494889918,37.244188261586]]],[[[126.41726880061987,37.421390570363116],[126.41634206454522,37.416992875423325],[126.4125177364526,37.41668836082662],[126.41244327027881,37.41990586985897],[126.41726880061987,37.421390570363116]]],[[[126.41726880061987,37.421390570363116],[126.41775956219006,37.421661563905054],[126.4178720376764,37.42170368196206],[126.41885917937385,37.42192350608345],[126.41726880061987,37.421390570363116]]],[[[126.3593785828559,37.45939260505294],[126.35726807274796,37.456433031098555],[126.36100984412519,37.4551777293101],[126.35844436867278,37.45394798242477],[126.35555080788293,37.456845563484386],[126.3593785828559,37.45939260505294]]],[[[126.41885917937385,37.42192350608345],[126.4133039611458,37.43521527790165],[126.40647750459054,37.43855915544923],[126.39998305772487,37.433811724259286],[126.40396133090798,37.43957931303186],[126.39513965454223,37.44606063385464],[126.38033566006949,37.43958963744859],[126.38065724170796,37.43557868405021],[126.37647248277145,37.44165774110169],[126.36396141189469,37.44216984390912],[126.37160939306733,37.44714587426419],[126.3682002272659,37.45659990095126],[126.36076983764075,37.45784699335622],[126.35621832530823,37.46322762714969],[126.35538758175221,37.46785660793083],[126.35994095781106,37.47368515345426],[126.37324990578007,37.47187855258529],[126.41833047593038,37.497004437906554],[126.47575908585755,37.49971847476625],[126.49424809540598,37.50787097945076],[126.49664644744803,37.52609152844437],[126.5013892779134,37.534533011208666],[126.50284025948207,37.530729245599055],[126.5169033940528,37.533758067288936],[126.52549999244273,37.52729942425335],[126.52487319097976,37.524931768600716],[126.5639046688709,37.514802622425705],[126.57700873314408,37.50361173888192],[126.58241756386968,37.48919355969076],[126.5659338362154,37.4799582642517],[126.53445368811349,37.475269710991824],[126.50631440322418,37.46570820575776],[126.4932034444883,37.45538978264036],[126.48541885062642,37.44447910197718],[126.4428524185583,37.42100013843677],[126.41885917937385,37.42192350608345]]],[[[126.65400941779802,37.638214024940254],[126.67242216385154,37.633841629560514],[126.67470536943111,37.62987900285537],[126.70544693901022,37.61205381495691],[126.70468146206748,37.60247462983337],[126.71406736793365,37.60385422482571],[126.72546216915276,37.591874631379135],[126.73626530177873,37.59050720170201],[126.73901279803057,37.593702679080145],[126.74478083363844,37.59065019589499],[126.75248081381001,37.57981096509509],[126.75798490918956,37.58532796540024],[126.76766736650875,37.58823160042548],[126.78411326010374,37.5825852440103],[126.7870479102491,37.5855795159025],[126.79369544496518,37.58159385806869],[126.78240829147352,37.573606207956196],[126.78046204510245,37.56795452316295],[126.7747621930073,37.567708331455286],[126.777842122773,37.55993305663699],[126.77575852526624,37.561941392041184],[126.7644839599517,37.55536939399909],[126.76652707210448,37.553111340621314],[126.7608330457756,37.539056386145354],[126.76027592148404,37.515915601899714],[126.74593255130412,37.515207491171935],[126.7455815844792,37.51496244316343],[126.74162648291801,37.5088253591258],[126.74241076238643,37.48691442674354],[126.754342329181,37.48367817888395],[126.76775280832878,37.47174276715386],[126.7781972918548,37.47179467840826],[126.77805561899197,37.4570003451417],[126.78043223264396,37.45497812308631],[126.77999560447391,37.45338562854984],[126.77903681722027,37.45106080445482],[126.77067964552307,37.44847223886178],[126.76920609722869,37.42750604004949],[126.75325356461549,37.42270221500101],[126.75504421424934,37.41795286257757],[126.7516058467884,37.410887997424894],[126.72144855993561,37.382574922390994],[126.68375157240398,37.38577942225344],[126.69577688236365,37.38244123294438],[126.69772836248605,37.37645404108604],[126.67523780070724,37.3521202123313],[126.66718668838435,37.35320695116015],[126.65971525356728,37.34841875061608],[126.66305665779518,37.34601228860034],[126.65457847404402,37.34320495624928],[126.62276798968156,37.341795367221685],[126.61493322743979,37.34304555301763],[126.61341655782869,37.347364946182985],[126.6134177864777,37.3473083706371],[126.61349972576988,37.34353560324599],[126.60980496701762,37.34346589175906],[126.61027861654489,37.33744038848882],[126.60573826355578,37.33732779024107],[126.60933836362523,37.34345707957548],[126.59496726760244,37.343320126232975],[126.59399242624735,37.33730389596751],[126.58064153895576,37.33731409091957],[126.5806656514304,37.33924893848013],[126.59104383739836,37.339405598425664],[126.59625841252293,37.347247264510194],[126.58295226577167,37.34719550695227],[126.58290860083643,37.35483953007954],[126.63901815347774,37.35499637412668],[126.62083875078604,37.35329235801],[126.62088100367814,37.34768109885778],[126.64142764396526,37.34773575431789],[126.65152494072515,37.352877566902684],[126.64273722273327,37.35497980571243],[126.65185555586606,37.35323121888314],[126.65444136257571,37.35590775119825],[126.61626205644875,37.37938125641829],[126.60990521030178,37.38714148358236],[126.60972749814296,37.41622717682332],[126.5896925989336,37.41939631050899],[126.58966689852807,37.42500065987316],[126.58965985301928,37.42653831790889],[126.58971606482997,37.42653888240596],[126.5921312084906,37.42656173453886],[126.5921411060238,37.421811553101115],[126.60103278894142,37.41862364950356],[126.60802952592513,37.426832901977164],[126.63273623042924,37.426918630566725],[126.63462656630665,37.41807274437665],[126.63680920791488,37.4189682450554],[126.63458133971905,37.43051382927856],[126.61019846430382,37.43010645904549],[126.61418008995723,37.43740263957346],[126.60784809495478,37.441062954467384],[126.608565622292,37.44218736820831],[126.60993751943101,37.44433392845639],[126.61666440261392,37.44158834255653],[126.61693163968785,37.441973634858314],[126.6186722925175,37.444686038473186],[126.61061775255016,37.44795804774289],[126.61384616382419,37.4531104139964],[126.61088593918798,37.45428711429316],[126.60105130830941,37.43834206328581],[126.60023732834739,37.43833206032363],[126.59426657987241,37.43831413928291],[126.5931738676736,37.44938727551955],[126.59695733817244,37.450282724182806],[126.59339994035358,37.45485488993887],[126.60321678002741,37.4567435743871],[126.60208070338834,37.460294678094805],[126.59504300460219,37.456859235663416],[126.59092316692814,37.461954058341206],[126.59471984223181,37.457119238904696],[126.5957016055374,37.46424848838764],[126.59962908475269,37.46511185102725],[126.6003888804349,37.46551950721123],[126.60476424644138,37.46473589383721],[126.60333637469,37.460065628179414],[126.61216378031125,37.46236273547845],[126.62422549527722,37.457675670374066],[126.62030947209405,37.46250746126606],[126.62673694639967,37.46170816616722],[126.61422703075947,37.466565544120265],[126.62504652392202,37.4665644760751],[126.61562007925916,37.47023611583372],[126.61241193083421,37.47715842562878],[126.60697716476861,37.47562761653702],[126.60992097645449,37.46915164859325],[126.60373720600262,37.46563711980669],[126.59508235902128,37.47010340739466],[126.59607395215795,37.47386905449624],[126.60634520911705,37.48630293506799],[126.60980870809186,37.48294150370422],[126.60512316639348,37.48010715605797],[126.61682568498523,37.48353026566708],[126.61904627562683,37.48472259318278],[126.61966480874295,37.48586825658068],[126.61167234091732,37.483490674546786],[126.60985322109421,37.487399997840065],[126.62615734145214,37.492539865525465],[126.63773857462992,37.48231170732861],[126.62748174908637,37.4933533468809],[126.6405653308411,37.49746807634617],[126.63947314391329,37.50422209556844],[126.63078469518842,37.50424302055665],[126.626603527156,37.49726365342309],[126.62276998363012,37.49626353448554],[126.60455605754763,37.495878310072364],[126.6027050688959,37.526909654442186],[126.61103582609154,37.52694034884456],[126.60266946443689,37.52781890080577],[126.5987489976482,37.53883386686382],[126.60503980927841,37.53973578099379],[126.59866812186574,37.53971277528919],[126.5966555920846,37.54857952430152],[126.6073036008033,37.55443896989924],[126.60109922766925,37.56150109955688],[126.5922694640137,37.56091333110238],[126.58862849275502,37.56396173600626],[126.5866376529121,37.56668107877222],[126.58875741766941,37.56982376258015],[126.57484155312459,37.588349706279104],[126.59172170943687,37.59266269586806],[126.61435581356096,37.6062871127609],[126.6169110832459,37.60355226978558],[126.62565680200932,37.60357922054462],[126.63216914140719,37.617630349883456],[126.63657430137815,37.62049028775958],[126.63719139275662,37.6267029066104],[126.64711015272394,37.62747838738828],[126.65400941779802,37.638214024940254]],[[126.65256014924944,37.35347691025683],[126.65891509106963,37.348909776764],[126.66283448033342,37.350854584537544],[126.66236493676838,37.35117282924685],[126.65481856217633,37.35578164683762],[126.65256014924944,37.35347691025683]]],[[[125.70890116649977,37.678688542956344],[125.71465486944989,37.67908506864071],[125.71633346458104,37.67514823407676],[125.71654990961127,37.67441226481885],[125.70676476255979,37.663267682792814],[125.69280556531145,37.652004855753866],[125.68710831603381,37.65210392215066],[125.68424429445454,37.65282466451688],[125.68153057247159,37.66249134937653],[125.68568914763513,37.666548656744425],[125.67809722845672,37.67932834411013],[125.68290481454143,37.680391854825984],[125.69240716683592,37.67626701784922],[125.70413531971501,37.6805409871348],[125.70890116649977,37.678688542956344]]],[[[126.32963733546289,37.74633668437441],[126.31847437715646,37.72999752535092],[126.31939254769914,37.712580358504965],[126.34287004812981,37.69745208098488],[126.36761400198641,37.69403006516785],[126.36688166961407,37.691432484997],[126.37897725600847,37.682327436770386],[126.37317680245289,37.66582184993847],[126.34280472628994,37.65055599734681],[126.34324104997143,37.64808654837973],[126.34441407873697,37.64516829919029],[126.34434321983379,37.644330706124336],[126.34222936742952,37.64325949134799],[126.32565569073134,37.65658919371171],[126.32871855563538,37.67016514032388],[126.31884547027424,37.68194671731144],[126.28877765771261,37.695306893190086],[126.28580561497743,37.70065770940974],[126.26935233042542,37.71065306458025],[126.27214131659392,37.71233422965509],[126.27502258930464,37.71209031047973],[126.28203752398844,37.708991538873356],[126.287582152449,37.713981881302786],[126.28897557775595,37.742178778497106],[126.28908697057952,37.742634212532764],[126.29251898551058,37.7446904434261],[126.30521930785503,37.74635473214611],[126.31797272856765,37.75242429787913],[126.32379428317577,37.75168385236387],[126.32963733546289,37.74633668437441]]],[[[124.77055147576823,37.77849473254823],[124.76530555433878,37.76649535379387],[124.75188346282395,37.770884911661334],[124.72986768320035,37.75928886590882],[124.72735803541308,37.760983369746555],[124.74199149958316,37.77294074830203],[124.74069365342554,37.778163195019715],[124.74548822990856,37.77504820858703],[124.77055147576823,37.77849473254823]]],[[[126.26637952738588,37.815283809000235],[126.29473173081942,37.80175300651685],[126.31325140849893,37.802022986607284],[126.3216766796445,37.80441267505892],[126.32406777875907,37.808232270318484],[126.3275345146284,37.80583840542327],[126.33336755872398,37.796924480937804],[126.33019076459608,37.79391016635514],[126.33130839407964,37.789650793977884],[126.31495559906965,37.77368957647482],[126.29083705768655,37.76286928000987],[126.28138928417307,37.76838158212511],[126.27210885788168,37.769064708166255],[126.25998635932757,37.76423597097336],[126.2419907088428,37.76369428559772],[126.24029677450444,37.75780993153196],[126.23275309185213,37.75108294828037],[126.20495692210238,37.768528299285464],[126.20529178158074,37.77304181205233],[126.21634629583424,37.77815928688245],[126.22219580173474,37.78691307981046],[126.22287192782252,37.791567256327234],[126.21875532648814,37.79553689404724],[126.22398040601152,37.80025254511129],[126.22322007470417,37.805036828587134],[126.24051884963714,37.81730033790453],[126.25681375738529,37.81464623600185],[126.26451669611696,37.81778596646361],[126.26637952738588,37.815283809000235]]],[[[126.43875719769315,37.824616289000325],[126.45563504483891,37.808492615817165],[126.48771061298767,37.78977491170701],[126.5058853749394,37.78333384215929],[126.51284336409967,37.770574150692426],[126.51024877243506,37.76726723721948],[126.51155585935278,37.762340393546346],[126.52642103226094,37.747615758673774],[126.52485244928589,37.73973743816953],[126.51413298635921,37.7263361133399],[126.51254945125058,37.71698936242879],[126.51681974473264,37.707921142801425],[126.5253526635385,37.70188364072925],[126.52090042982893,37.69644614702664],[126.51694502316083,37.674743146797816],[126.52305360615127,37.66756640847849],[126.53224148793075,37.66507355286438],[126.53257130888889,37.66090251554488],[126.52288459168057,37.65626156886566],[126.52686038054969,37.6473750461197],[126.522057056814,37.64615066375879],[126.52449499820787,37.64565647334072],[126.52620645066025,37.64468091657221],[126.53184558660976,37.63550728540728],[126.5353046221589,37.62219988838726],[126.54009241099772,37.624534910271706],[126.54395830351959,37.61836867824333],[126.5203475643695,37.610691173506275],[126.51508427053139,37.59685742208481],[126.52377161743438,37.59791044562587],[126.51796254625495,37.592069987533264],[126.52619834348248,37.5866436500654],[126.51725449927422,37.58000697345265],[126.51080560922482,37.58168571714582],[126.50316474377132,37.59044734858443],[126.51352731196836,37.593498509857426],[126.51292324670817,37.599376292873146],[126.50411704026027,37.59631003094946],[126.47963125363042,37.60529227004658],[126.47840192248304,37.598983455732544],[126.46358690827077,37.59506152897421],[126.46182432927392,37.58929062843027],[126.4563513016377,37.59339972657766],[126.44710452324944,37.59454211342068],[126.40499300099472,37.593934078521784],[126.38802225933141,37.6030194355116],[126.38406923923517,37.608437554518844],[126.37007105878513,37.61349813939572],[126.37738503275327,37.615697060636215],[126.37753651489868,37.61928466577227],[126.37415723586287,37.630768524876636],[126.36571020844877,37.63507528907234],[126.39057177208836,37.64123769683094],[126.39771901739279,37.64006593717628],[126.41103789312459,37.65205448439176],[126.40362688666535,37.67578956705993],[126.3880563241791,37.689964331567474],[126.39133636771032,37.695640086509954],[126.38551221149983,37.69997962584415],[126.35980160397098,37.7035898373845],[126.35135309531115,37.71546776543513],[126.35358627963743,37.72318437277871],[126.35194809519916,37.74010844744758],[126.35703308137396,37.74107348464499],[126.35313015726788,37.744800931980585],[126.3554993292124,37.76228709335233],[126.35268234987984,37.78677345097062],[126.34950877478055,37.78971423858701],[126.36985315769184,37.801431082148504],[126.38695817034281,37.80705542331964],[126.39247160726498,37.823247473331584],[126.4138872132079,37.82188944625603],[126.42671419779722,37.83155554201907],[126.43585760114911,37.82957355809944],[126.43875719769315,37.824616289000325]]],[[[124.70796203773313,37.845359485515516],[124.71941570890841,37.845914949684385],[124.72778648295932,37.840626577864064],[124.71373935737361,37.83085006366793],[124.71996115828476,37.82103327582769],[124.7188923122367,37.8154987703486],[124.70275500277795,37.80473625931859],[124.69919044681066,37.808335977713405],[124.69566890711603,37.80908366193485],[124.69049430567425,37.8081907398756],[124.68350590952525,37.80309282509553],[124.68327115159515,37.802704284456176],[124.68680274426812,37.8002422682315],[124.68104121700283,37.80002164379448],[124.67952871443316,37.80251337730926],[124.68540497637503,37.81070477440776],[124.68482951943388,37.81247025780645],[124.68392553261907,37.81386091508122],[124.68358020560228,37.81418138652353],[124.67978558582396,37.816631294212534],[124.6756356350773,37.81342655668008],[124.66250799876575,37.821728454356226],[124.67653568914638,37.81980689885275],[124.6878458673205,37.83639299465227],[124.70364759569432,37.84338005381775],[124.70207128019653,37.849117760503596],[124.70796203773313,37.845359485515516]]],[[[124.68721645753894,37.98049442656352],[124.69092635044784,37.97962903771603],[124.69367035330356,37.979513630929205],[124.70478149703175,37.98369128606246],[124.72179852020741,37.98154640354666],[124.72979418200343,37.97811530211259],[124.73276335594274,37.96571894780822],[124.74613544319122,37.96040509639052],[124.7454240685596,37.95745489342745],[124.74103051174866,37.95703545124286],[124.73303523856877,37.962287485028654],[124.73011664116324,37.95732336429641],[124.73819566811568,37.953742396755615],[124.73136825019776,37.951034325140114],[124.73014401758863,37.954483217873296],[124.72390464659303,37.95398519160324],[124.7078995699249,37.94455765934971],[124.69811166543855,37.9249997282608],[124.70000818706693,37.919897906832624],[124.69128374155753,37.91658575142621],[124.68012382790137,37.92298049939567],[124.6707366981621,37.92111643563465],[124.6548038224922,37.92469898435828],[124.63942692128589,37.92388874768146],[124.62858442119808,37.94125566109196],[124.62581595759026,37.95437829539044],[124.61169218381576,37.96141438284759],[124.60971767856725,37.96995453076119],[124.61682015464298,37.97953408369645],[124.61769565845269,37.97684863196007],[124.62166412574305,37.97782044816067],[124.64057494862966,37.96869933158705],[124.66800105904363,37.97722119153834],[124.67086085889322,37.98104081483292],[124.68346293946306,37.97956501991916],[124.68599427796705,37.9842418897407],[124.68721645753894,37.98049442656352]]]]}},{"type":"Feature","properties":{"name":"광주광역시","sido":null},"geometry":{"type":"MultiPolygon","coordinates":[[[[126.76338399181824,35.25651923824716],[126.75496754234335,35.24046692999379],[126.75525910910027,35.23436123626919],[126.77487566289221,35.230478561517735],[126.79527046640952,35.219798618261166],[126.80439594505057,35.22131581190571],[126.80539043365069,35.21827497831209],[126.8156594246325,35.22470197073363],[126.8239432293601,35.225781082992654],[126.82505053757457,35.23183450760789],[126.83504183044182,35.22877060527939],[126.84429921863118,35.23699247798588],[126.85940763439142,35.24000472780077],[126.86342378266494,35.24572063445266],[126.87867053746642,35.251332413846626],[126.87921010140127,35.24804292933653],[126.88726999836895,35.24629486906589],[126.90409045684359,35.257804897682554],[126.90941983423322,35.25844281682659],[126.9293721039925,35.252414834241165],[126.93374341083421,35.246934953122945],[126.93262980954435,35.24155908706187],[126.95184100380538,35.22459112495444],[126.94895758756263,35.22090481655236],[126.95027468276024,35.21642724511493],[126.96038386317382,35.20493371470099],[126.96553565537064,35.203359544595365],[126.95862425238708,35.19308868614333],[126.96814715545864,35.181142731245735],[126.97169473282601,35.179837255046046],[126.97397336312716,35.186133034170574],[126.98198937920384,35.183925007127264],[126.98580414337586,35.18863201410463],[126.99111147281893,35.18639061830839],[126.99996890894803,35.18881609459895],[127.02141648221551,35.17303799967413],[127.02087241602342,35.167257316455846],[127.01135845842815,35.16616909438462],[127.01111988293857,35.15892970050471],[127.00774348228926,35.15592869091736],[127.0113002099156,35.12555722708754],[127.00458699250781,35.12176117263225],[126.99993185442423,35.11405020481727],[126.98920533086262,35.10987742697412],[126.986351739274,35.10594533095642],[126.98895069267478,35.09498758886055],[126.96651300064002,35.08938559101981],[126.95188207939057,35.073156610754424],[126.9324688352914,35.07443024996851],[126.92466935373267,35.087995825421494],[126.91802841499738,35.091523236685134],[126.90580723104988,35.082048200568714],[126.89198856880344,35.077953084364935],[126.88540282353833,35.081590268758085],[126.87167670200598,35.074337827005166],[126.8556092497065,35.07835953004833],[126.84408498048994,35.065426296064544],[126.82595704690303,35.06197115885207],[126.818583698264,35.052769135680165],[126.80731450032957,35.05102029900158],[126.79522767715163,35.06112215160888],[126.77441725228599,35.052719603555474],[126.768340524842,35.05455645100074],[126.7684318647988,35.061412783846826],[126.76510877534544,35.06436185452008],[126.75673721829561,35.05824441396825],[126.75413845420827,35.066851558167386],[126.77134636422336,35.07018331257128],[126.76480207384475,35.07875464897035],[126.7618723481397,35.09103305331999],[126.75428200646783,35.091677651838886],[126.74983521163188,35.099287821696564],[126.7326560392427,35.11285542649616],[126.72933858356808,35.10752184344224],[126.708827068362,35.109470295778095],[126.70540377472577,35.113014312613174],[126.69753618921021,35.10759003040775],[126.68489984690295,35.112017226427014],[126.68443742987812,35.10763655487172],[126.66747242358814,35.1051245287707],[126.66910870162008,35.111257966329916],[126.66338878833632,35.114800957691294],[126.65709319752477,35.11327826412137],[126.65192960203883,35.119650425662435],[126.65331605511636,35.14395995871628],[126.64497760948926,35.14655554934113],[126.65015252456692,35.14765242407931],[126.65350500817418,35.15278063731054],[126.65141745012265,35.15481843555452],[126.65462546776955,35.15835278212945],[126.65422288010394,35.16455177901105],[126.67072280281245,35.16984067365113],[126.6721167299063,35.17308975692665],[126.65320393285539,35.19251802600421],[126.67206102073543,35.19425713672875],[126.6771174699691,35.19104678653688],[126.67758378927982,35.20254059093104],[126.68705342670984,35.21519405274945],[126.70255613471132,35.207564449175436],[126.7106993327868,35.212272797605934],[126.71769487110818,35.2123896627771],[126.7207217707763,35.21883004739477],[126.7198795220057,35.22676623315832],[126.73724023396662,35.25288538713964],[126.74187319577464,35.25099532972174],[126.76028936540673,35.258703976040856],[126.76338399181824,35.25651923824716]]]]}},{"type":"Feature","properties":{"name":"대전광역시","sido":null},"geometry":{"type":"MultiPolygon","coordinates":[[[[127.39892240758458,36.489104663126014],[127.40416247825607,36.48098810749663],[127.39993280993097,36.45890610819943],[127.40745536377655,36.45480521808713],[127.4358613980585,36.45644501886907],[127.44410330206041,36.4503984318284],[127.44716182823224,36.44919472025801],[127.45133058302608,36.44925315003435],[127.4625582248644,36.45612720196142],[127.46378070890309,36.46451414484615],[127.4702865440967,36.47366357861616],[127.48403267431559,36.4766174935116],[127.47827845553712,36.45728058879529],[127.4869015237962,36.45278373995707],[127.500590919062,36.45620346847202],[127.50445580078694,36.45189693298211],[127.48972147985455,36.43412517805062],[127.50155457806459,36.40865381324259],[127.51046555293688,36.40963925925994],[127.51451271735819,36.42247352306822],[127.51993041038426,36.4198180074891],[127.52431923951693,36.42343183673038],[127.52938113313316,36.41921976903534],[127.54228045776404,36.419279191291],[127.54557394211203,36.40881874284648],[127.55967899339585,36.39821888813311],[127.55402424017963,36.394870933274234],[127.53915878169504,36.39719164557486],[127.5339209847633,36.3936175306279],[127.52566886342167,36.38732230268195],[127.52651866546316,36.36946235347045],[127.52239552132666,36.354324835423796],[127.50055861058905,36.33929422527076],[127.50295938205734,36.32561572795307],[127.49597571196719,36.31988241241083],[127.49684242567889,36.318622253496315],[127.49782766938668,36.31641256152517],[127.49501880599752,36.31172656057656],[127.49897684778655,36.305672870788925],[127.49117725643968,36.29702312505435],[127.49880955926436,36.28281446317237],[127.49069763043693,36.27392910441646],[127.48604835520894,36.26124847325963],[127.4898112210946,36.257830649451556],[127.48760758009983,36.25143928748899],[127.49321511484382,36.2410626576427],[127.489969848558,36.233482075939826],[127.46792249426666,36.22303746503454],[127.4696265692241,36.215243162774286],[127.4602839254733,36.21291880630966],[127.4541610675631,36.206999072310104],[127.45559156022878,36.20080079396568],[127.44110182557908,36.194786778681994],[127.43353062710402,36.19857569243144],[127.42937071129838,36.2052056224434],[127.40799902221738,36.21289294126237],[127.41062692231414,36.217551850926796],[127.40457029211981,36.222433475615624],[127.40024913674033,36.232879190429955],[127.38734289736438,36.23415245932524],[127.39088563642014,36.24294979031627],[127.38660408048194,36.25095771897966],[127.3896730833432,36.26309505849548],[127.37762786767014,36.27148649269819],[127.36292220040013,36.26911512706055],[127.35959886581526,36.254715063325726],[127.36415655146334,36.251559580604706],[127.36513683529009,36.24363406238265],[127.36011116194872,36.22668016513923],[127.36452955303025,36.21981472177232],[127.34954516564619,36.20803646287581],[127.3475865964847,36.19756663247146],[127.3340316859544,36.183100076317814],[127.33169763055693,36.184055520001365],[127.33355037535674,36.2006712961686],[127.32303533485792,36.20372913189526],[127.32153078749154,36.21342970975265],[127.31526122251073,36.22128808483046],[127.30356654282008,36.22973526039216],[127.30324401349786,36.2226349990533],[127.2973232548198,36.22152470849183],[127.29429533681858,36.22303291878187],[127.29350444212517,36.223938582580566],[127.29229943542475,36.229796998142454],[127.28183982260059,36.23580303794993],[127.2796655892649,36.25211988411024],[127.2825978860339,36.25847286863107],[127.2917508773286,36.264688170307444],[127.281245003927,36.265185359506205],[127.25877186388966,36.27605058026208],[127.24665299634417,36.29095962656299],[127.25405889347742,36.29686905119059],[127.25984859494818,36.29565432082378],[127.25976633568759,36.327248148703355],[127.2681201917639,36.33141116359534],[127.26542478078316,36.33722861738651],[127.2686460368203,36.34100217678524],[127.27911807605078,36.34482237189794],[127.27083577050928,36.35870067084185],[127.27767543040656,36.36529030715238],[127.28103693044845,36.374863604983915],[127.278057477215,36.386715313292555],[127.28212371333923,36.41461202941056],[127.29108586709349,36.41615197651221],[127.29531167778043,36.41977038785681],[127.29424987886388,36.422224043485826],[127.30350161458878,36.42467580140087],[127.31094891925926,36.42468928187757],[127.31644699540017,36.42046040973966],[127.32199037443527,36.423414412639154],[127.3233798467843,36.42273481348849],[127.32629846266886,36.422094582540474],[127.34100540290441,36.430969120795886],[127.34489451439472,36.44441450821999],[127.3534163520778,36.44787187039415],[127.35579857753557,36.45027303683436],[127.35862137024498,36.45589556674591],[127.35651315910697,36.46334600913638],[127.36398643366654,36.47481668288547],[127.35776381780211,36.48318310784839],[127.35794581661014,36.484107814143755],[127.3602293778668,36.48973782168821],[127.36915419315166,36.48858337161538],[127.38385508825675,36.50023062925038],[127.39892240758458,36.489104663126014]]]]}},{"type":"Feature","properties":{"name":"울산광역시","sido":null},"geometry":{"type":"MultiPolygon","coordinates":[[[[129.16031495925608,35.714810104132205],[129.17645727193784,35.715655384955426],[129.1812927911842,35.723788923773796],[129.19806779587202,35.714514411078106],[129.20710451904705,35.72142012221105],[129.22436614731103,35.70956100894684],[129.2317641409673,35.708437153213204],[129.2340076190304,35.70387465498954],[129.25685043723482,35.70070336483352],[129.26259307324955,35.69112711237144],[129.25864286897757,35.683111537143226],[129.2597199067672,35.67228420298588],[129.25474504977652,35.66641176930528],[129.25500833979007,35.6641047850763],[129.25550370450804,35.660455675384235],[129.26044484168756,35.65463755891594],[129.2696896564738,35.65113968260191],[129.28289855441895,35.651733126908624],[129.2964229141523,35.64351251618273],[129.30300448416205,35.650239740098534],[129.30448938156707,35.657174304061165],[129.31114249868187,35.66052443940686],[129.3278206975757,35.65883635466431],[129.3340887556224,35.66976050632769],[129.34005786438206,35.66963692578559],[129.35537502925538,35.679369208111616],[129.3640736660448,35.67893449182651],[129.3726544308733,35.6692267855098],[129.38184939149647,35.67118480256791],[129.39994251800496,35.6675626077896],[129.40341715972147,35.66296848764452],[129.41096979111333,35.6638273802998],[129.42839884511918,35.655580329891635],[129.43280123345016,35.65664662049708],[129.4350794270807,35.652446046041085],[129.43926909406252,35.65524466186526],[129.44978703997648,35.65106927564593],[129.441628449895,35.644722153448484],[129.44105378073507,35.63192399876615],[129.4443383606875,35.62415254025454],[129.45424119350264,35.61642739742212],[129.45067533404386,35.618092046361774],[129.45008399614602,35.61483667041891],[129.45786506314926,35.613864963742635],[129.4578877180329,35.6077924109084],[129.46277937829896,35.60689404527458],[129.464656121601,35.586405109912405],[129.45267383038933,35.57835198288221],[129.45864145244317,35.55784264366074],[129.45137804339475,35.53706286697467],[129.45428961851553,35.52601087531942],[129.4467655321243,35.529347364508254],[129.4387458100249,35.52858420676876],[129.4391642853254,35.519845871314814],[129.44594991451015,35.52236389784562],[129.44760983413474,35.5260838867833],[129.4499391721028,35.5248119457002],[129.44561647975843,35.51161786970519],[129.4476893772816,35.50895840457691],[129.43282761879428,35.510967738897456],[129.432463236763,35.50830412562996],[129.43202407804367,35.50535858704449],[129.44214553462146,35.50704648238572],[129.44355370189407,35.50262063973917],[129.43353774717437,35.500137606008174],[129.43212341158096,35.493385429081144],[129.44124094297047,35.49579774173865],[129.44493872213948,35.492115975560914],[129.44032532741664,35.49083392645359],[129.43210045130328,35.48030608069456],[129.42977763662674,35.48438239970299],[129.42518584609766,35.485012261555795],[129.42484626711735,35.48116205301566],[129.4153628810225,35.47995721667486],[129.41621196203275,35.4759520479469],[129.41173958196327,35.471881035294366],[129.40616937373878,35.47204599096172],[129.40424447945068,35.487334442194275],[129.40843966701746,35.49325508816962],[129.40322063434675,35.499816734470755],[129.3957568802583,35.501246262892515],[129.3963856864038,35.513449338883234],[129.37664952427764,35.5379936113401],[129.3776316071827,35.52842796230127],[129.37244241635784,35.5236117210947],[129.3759872431607,35.52242506914923],[129.3750167369006,35.51756720180713],[129.38582883155004,35.516411435817986],[129.38740437646283,35.501878175753006],[129.37136469372987,35.5008670054935],[129.3632043744616,35.504176734229304],[129.36759595330037,35.49792391442005],[129.3793173095682,35.49987570047738],[129.3908655913071,35.48595402475049],[129.39109613856905,35.47829065693214],[129.39043184504882,35.48611207641325],[129.38570218021448,35.48485076849977],[129.38416034124907,35.47598408868822],[129.37438048488767,35.4699479085184],[129.37744912735758,35.465868416192784],[129.36868707567817,35.454235007703645],[129.3550578510994,35.458997707197405],[129.3545127215496,35.45919336063478],[129.35046976442425,35.46832818428371],[129.33115649162625,35.48555101163024],[129.33890577326392,35.479165588517304],[129.3369873305622,35.47340343713617],[129.34737870633847,35.4643027212143],[129.34989483822994,35.44823731150817],[129.3597862816219,35.44791172800107],[129.35881080229547,35.442821617307565],[129.35388268162825,35.44092177829388],[129.35385227346737,35.44084372093789],[129.3552283278913,35.43826291934913],[129.36502379449593,35.44139171992196],[129.36505678494447,35.441405232395304],[129.36945315964462,35.44898578845297],[129.37299285015743,35.447633312723774],[129.37374675002397,35.44700398557799],[129.36649454814685,35.43704954359485],[129.37364157371235,35.43123854945434],[129.36743612462504,35.43091899659816],[129.363875149808,35.428241036557694],[129.36172344899913,35.42612953752845],[129.35279830932743,35.42701786902334],[129.36421703672403,35.424809369874794],[129.3639146131803,35.415170191257],[129.35625761220868,35.413304590267515],[129.35624484480658,35.41044123898333],[129.36268845636718,35.41086116208222],[129.36260810944788,35.406510828131275],[129.35396390753237,35.40245148919503],[129.35548917239933,35.39390358785904],[129.3466184178172,35.38988719844192],[129.34458861106805,35.37810396214486],[129.34513986490109,35.3749731251681],[129.3553251323322,35.371763244640846],[129.354671102018,35.36688293528953],[129.36061633836312,35.36448731667053],[129.36253908701036,35.359415810053584],[129.35885999640402,35.35546333483659],[129.34505709276377,35.35180737471793],[129.34055031248252,35.35659695496724],[129.33517434529702,35.355897846612294],[129.33236689741207,35.34777830603271],[129.3221951484321,35.34621143838376],[129.3206068956371,35.33871819036627],[129.3163651016925,35.338737117146835],[129.3115794229183,35.32950052904471],[129.30705900624733,35.32807679876517],[129.3094545990575,35.329664647944156],[129.30413958806295,35.33016233743037],[129.30031479459575,35.33603224099734],[129.27966242621002,35.341370647085526],[129.28493108684597,35.350732054931804],[129.28051619797998,35.356222367740436],[129.28223140547033,35.3653247713242],[129.26552213366463,35.3871442902043],[129.25797312074508,35.38412318167959],[129.25064223653163,35.38736517016058],[129.24879120093806,35.38315084803824],[129.24022111739595,35.38430375860329],[129.23539981781678,35.38025729945389],[129.21853628816663,35.37895478976382],[129.20116989277565,35.387781675233676],[129.2089185066118,35.39943273943805],[129.2190719979214,35.40768445363577],[129.21145653801102,35.419062951798274],[129.20015745195965,35.42414773843513],[129.20211218532353,35.43207423207042],[129.19697792139002,35.43888843938835],[129.17835874009728,35.43225951397863],[129.16564546727238,35.4321201445424],[129.14315226571748,35.44565411055116],[129.12176606534925,35.463442696512196],[129.11732113547106,35.47554176107787],[129.10832247234885,35.48107422701488],[129.1093749526094,35.48659674594336],[129.10526757863332,35.49646513050316],[129.09061876817685,35.49830522521971],[129.05263026768225,35.51447244757681],[129.05105640942406,35.51984009450947],[129.05656928613294,35.52710992419921],[129.05671993926933,35.52923339845862],[129.0555938104178,35.532190092192444],[129.01295538544665,35.52314075935814],[129.00903250003273,35.523991807204155],[129.0075970607222,35.529108878634446],[128.99539238810226,35.52782439147989],[128.99896117833973,35.54000148933992],[128.99834893207927,35.54172069968969],[128.99580553417536,35.54532968629158],[128.98934785414002,35.551604823692166],[128.98092198785093,35.54637321102619],[128.97236773588975,35.55712263846787],[128.97119019674412,35.56030000179729],[128.97790547845565,35.563446998508915],[128.99581423482653,35.56788550214023],[129.00793072702265,35.58019162670927],[129.01889543494752,35.58381993277533],[129.02275488744465,35.59126495745105],[129.02301841812903,35.61343942857982],[129.00850135334855,35.61593742996729],[129.00386549905258,35.62170775040999],[129.01802318103333,35.6296477601979],[129.0209092157313,35.63508310672691],[129.02661073056515,35.63639548250795],[129.03696705912049,35.63246172899352],[129.04690107944504,35.65051760673839],[129.0693022667875,35.645413512502756],[129.07554602328358,35.64035588933741],[129.08085479939388,35.64325313464272],[129.07976438142134,35.649113131205475],[129.06789323087426,35.65879849382951],[129.06715348963468,35.6713464674668],[129.07302827590752,35.677379382334145],[129.0698768326555,35.682372236038276],[129.08046488628884,35.69590486700957],[129.1017590374551,35.70606714288578],[129.1242121237823,35.70827522988493],[129.12699212262893,35.71403638218201],[129.13677827026845,35.712864580897744],[129.13951493674645,35.718242949569095],[129.13949888980412,35.71826280871766],[129.1375346830852,35.7206993282362],[129.1420466629446,35.72434968613028],[129.15316862196022,35.7220034838747],[129.16031495925608,35.714810104132205]]]]}},{"type":"Feature","properties":{"name":"세종특별자치시","sido":null},"geometry":{"type":"MultiPolygon","coordinates":[[[[127.17205661096892,36.730815630474744],[127.20312237353797,36.72614912287082],[127.20785027249697,36.71903620448299],[127.22362997069841,36.71571993239513],[127.22511658385685,36.71037268169155],[127.23640450687414,36.707451876670675],[127.24802458675305,36.69506817735951],[127.24843129269134,36.69541421756693],[127.25121750074696,36.697012957426814],[127.26522964486898,36.69220428535983],[127.27347689368654,36.69526586625956],[127.2777087427047,36.691349214035945],[127.3043619366673,36.6848101053329],[127.30762518396666,36.682022471883265],[127.30509046989023,36.66756985084653],[127.29592742553463,36.6595700183224],[127.28868824377219,36.65889821451179],[127.28161959068906,36.64514288663135],[127.28220632720637,36.64320373045433],[127.28277801573626,36.642293804158385],[127.2756504566632,36.63980367246589],[127.27939744914842,36.633518022310994],[127.29215894559712,36.63564019542724],[127.29175946260025,36.62562298220584],[127.2963025473952,36.62424020954778],[127.29591299133708,36.6196999188762],[127.30180732935538,36.61281373928857],[127.30089424505329,36.607723679906286],[127.30660158782614,36.60093821508998],[127.30484332412588,36.59138980456069],[127.29956171201252,36.58632701200404],[127.30576774522712,36.58299570263923],[127.32143937118236,36.58377967826596],[127.32658586966238,36.57652432041999],[127.33576446865034,36.57106398910372],[127.33808518698198,36.562343273156564],[127.34712793018294,36.564453394452656],[127.35764505686218,36.56181133689437],[127.3771251552032,36.56787334044247],[127.37796910468981,36.56289447772897],[127.37254698357042,36.55972424069874],[127.37809665808165,36.55516676902757],[127.37852492001343,36.549806192670964],[127.38318603309379,36.547864639161766],[127.3838843767209,36.54153273963075],[127.40019353837823,36.54178371750018],[127.40501266680236,36.53731100617717],[127.40860113014064,36.52369118276491],[127.39763502206318,36.52057828158973],[127.4090439723011,36.509748427310846],[127.4078833771592,36.50014738634858],[127.41056225519547,36.496278408173104],[127.39612055447932,36.49172146872055],[127.38385508825677,36.50023062925038],[127.36915419315169,36.48858337161538],[127.36022937786683,36.48973782168821],[127.35794581661014,36.484107814143755],[127.35776381780211,36.48318310784839],[127.36398643366654,36.47481668288547],[127.35651315910697,36.46334600913638],[127.35862137024498,36.45589556674591],[127.35579857753557,36.45027303683436],[127.3534163520778,36.44787187039415],[127.34489451439472,36.44441450821999],[127.34100540290441,36.430969120795886],[127.32914910252654,36.423321484782626],[127.31644699540017,36.42046040973966],[127.31094891925926,36.42468928187757],[127.30350161458878,36.42467580140087],[127.2942498788639,36.422224043485826],[127.29531167778043,36.41977038785681],[127.29108586709351,36.41615197651221],[127.27679458504956,36.413862866197796],[127.26281895954136,36.41673469835305],[127.25864550727434,36.41424307079722],[127.25911630045091,36.40910798846331],[127.25079570977358,36.40675839864862],[127.24304449898302,36.417400633444856],[127.23078689815033,36.42239696116407],[127.22693294104766,36.421221302984684],[127.21720513308483,36.433765848636035],[127.19893362671034,36.439884384447836],[127.20163997573341,36.44658632682693],[127.19839946463104,36.45220667838542],[127.2047335150071,36.45929023803429],[127.20412650876897,36.462518321194594],[127.20327671292098,36.46497771766123],[127.19790786542202,36.46596748005091],[127.19201739961557,36.4746665146885],[127.19048196572056,36.47947099480057],[127.19416295818415,36.484333545427404],[127.19482169143446,36.48438603427387],[127.1946755005009,36.48959359738962],[127.18544634476726,36.493208942289954],[127.176876833685,36.49252958310585],[127.1732400903772,36.4974410745337],[127.17757211998993,36.502412054719905],[127.16998970228386,36.509037912931994],[127.18234872866988,36.521438079628616],[127.17301836237029,36.533456889588344],[127.17424055723838,36.54218950774706],[127.17870779901136,36.54541147997746],[127.19182685607674,36.546025376967314],[127.18611433322545,36.552320872850586],[127.1937877170741,36.56481251857634],[127.20310001671984,36.56744371505398],[127.20775131493622,36.577959503982335],[127.2003992895293,36.58256761234202],[127.19295596963885,36.58081722622915],[127.18925541089047,36.586839053600755],[127.1913508532256,36.59393753873711],[127.18432198268597,36.59120287689823],[127.1816837365998,36.59551010461835],[127.17272367204389,36.59545122212478],[127.16607555914332,36.60255055054789],[127.15588376716912,36.60601104494011],[127.1556163173322,36.61599228187887],[127.15005332395289,36.61900800467894],[127.15432140028773,36.62389067990566],[127.16049734624848,36.62445088063456],[127.15705244188479,36.62723259664056],[127.157940014341,36.63519192193584],[127.15316643587498,36.6452055825949],[127.15399383113022,36.64966173310617],[127.15469684326717,36.65285588767566],[127.16056872893083,36.65611900292528],[127.15485840404561,36.66427464964171],[127.16412363870306,36.67849759015279],[127.16144490245091,36.690218628544635],[127.15711394407538,36.69565728257804],[127.1562234547545,36.69076423387663],[127.14174893421524,36.68998382582596],[127.1361435555128,36.70503957688325],[127.12773390905232,36.708519791033076],[127.14824581112697,36.719886682568514],[127.15201214515199,36.7284428793234],[127.15752563754212,36.72745609425145],[127.15927267602507,36.73138181762241],[127.15964389349436,36.73284394484881],[127.17205661096892,36.730815630474744]]]]}},{"type":"Feature","properties":{"name":"경기도","sido":null},"geometry":{"type":"MultiPolygon","coordinates":[[[[126.74268438427553,37.03800103568134],[126.74267678920187,37.03800106030774],[126.74251604368426,37.03807908585756],[126.74268438427553,37.03800103568134]]],[[[126.74251604368426,37.03807908585756],[126.73952670129493,37.03946501045852],[126.73626985651046,37.03919862100357],[126.7353704060964,37.03860280314191],[126.73431045400069,37.038259712679384],[126.73426197927847,37.03824855582566],[126.73401898724006,37.038226591919404],[126.73399473837773,37.03823167438747],[126.7339917933027,37.03827612576554],[126.73400095016125,37.03834468249313],[126.73402048439685,37.038423425503034],[126.73403657686947,37.03848503294296],[126.73411434649519,37.038614313776854],[126.73415472665786,37.038635651342055],[126.7342187675989,37.038662556376984],[126.73623514895743,37.03925298726391],[126.73797594603694,37.039391124156765],[126.73954454725109,37.039515202022955],[126.74026878929382,37.039169858437376],[126.74251604368426,37.03807908585756]]],[[[126.65681718428182,37.152320697209234],[126.65600101822042,37.15101441867664],[126.65343469749229,37.14743560223587],[126.65325434195032,37.14718852725126],[126.65243452684419,37.146365633332046],[126.65186472082725,37.14630258258367],[126.64488637477828,37.14213796055045],[126.64671350267135,37.143453754403055],[126.64955467249811,37.145121086191224],[126.65123447875061,37.14605885901301],[126.65305074179462,37.14710663930461],[126.6531261717281,37.14715540828719],[126.6533468992812,37.14744798758918],[126.65363234591238,37.14783503139827],[126.65556039013455,37.15051684774501],[126.65681718428182,37.152320697209234]]],[[[126.65681718428182,37.152320697209234],[126.65769318196114,37.1537226810064],[126.65774175241087,37.15379595972582],[126.65777544171807,37.153826639178746],[126.65778927515808,37.153836995343504],[126.65791915551577,37.15390225207213],[126.65681718428182,37.152320697209234]]],[[[126.54382167794319,37.20592222042559],[126.54464725784815,37.20598586376224],[126.54463185211499,37.205981715725784],[126.54452208371389,37.20595813544854],[126.54408858088493,37.20590135916362],[126.54399739360733,37.205901324509675],[126.54382167794319,37.20592222042559]]],[[[126.54382167794319,37.20592222042559],[126.53814560249758,37.19848317601684],[126.53381521730002,37.19910218040633],[126.53973053803453,37.207050556271476],[126.54382167794319,37.20592222042559]]],[[[126.61250983649637,37.27858134924949],[126.6118775137814,37.278369004362716],[126.6117589402896,37.27834679180078],[126.61174996182486,37.2783473391539],[126.61004711295446,37.27924576825422],[126.60979110127344,37.27938193330893],[126.61250983649637,37.27858134924949]]],[[[126.61250983649637,37.27858134924949],[126.62888033564407,37.284097741241],[126.63006126715761,37.28051781591566],[126.62562180679944,37.28268893919654],[126.61250983649637,37.27858134924949]]],[[[126.5855852390864,37.29096170590023],[126.58655389312337,37.29117467409804],[126.58656678921734,37.291153032612954],[126.58657420887602,37.291128614162055],[126.58657329083654,37.29110012925292],[126.5865629418026,37.29106674563033],[126.5865440904618,37.29103703528335],[126.58649120255795,37.291007666124074],[126.58636039145455,37.29099567592787],[126.5855852390864,37.29096170590023]]],[[[126.95939478381491,37.62967239543257],[126.95841837680601,37.629469737346206],[126.95865097109474,37.62954002467605],[126.95881396167069,37.629589275094006],[126.95939478381491,37.62967239543257]]],[[[126.74268438427553,37.03800103568134],[126.74528493907361,37.03799256772566],[126.7483016614777,37.047517348726245],[126.75668090344776,37.05545580228117],[126.68259387496643,37.11286275155704],[126.68094189587346,37.117319255829564],[126.67415285991231,37.11716011763239],[126.68471854220029,37.11913778786008],[126.67567908027632,37.138262573595384],[126.67956980054237,37.143143420784426],[126.66604782160645,37.14242738304238],[126.66029603124198,37.13799299498655],[126.66578091857345,37.14240452028746],[126.66607888074054,37.14249790677741],[126.68074270637413,37.14424489280696],[126.6856545522437,37.15010516410541],[126.69621237522685,37.15104906269666],[126.6912236170412,37.15718491774874],[126.69121588148256,37.15719430256471],[126.68251499735376,37.16047064258552],[126.65791915551577,37.15390225207213],[126.64982123386348,37.154639583431354],[126.66108754433746,37.16299306279551],[126.65360273758763,37.181343802183925],[126.6570335919922,37.17993182826921],[126.65697055197937,37.17620359068185],[126.66001534120446,37.1764189869488],[126.6699173268689,37.18923532111044],[126.65995499915276,37.19076977492513],[126.65258691263323,37.18259679378074],[126.64960855012926,37.18353794693439],[126.65478975491324,37.190401221520105],[126.6505813047184,37.19110628697724],[126.6608683264168,37.220919965224034],[126.65929996491377,37.22902349021211],[126.64783810400255,37.244020782003],[126.64638206285944,37.258131965195396],[126.6538311197035,37.26942956532463],[126.63273284621614,37.28697989460926],[126.64644807417149,37.27854695467305],[126.65755222675516,37.282805644033125],[126.66137969772909,37.29131318495277],[126.64796285986198,37.29256558127959],[126.63316360404278,37.28888879980214],[126.62933323886527,37.28490680520367],[126.63291678897676,37.28907061113313],[126.64902298628701,37.292980195770056],[126.66169604911369,37.292546937152274],[126.66170084045439,37.28599808999106],[126.6748323900758,37.28808435602061],[126.68418001085632,37.28099414700491],[126.68049323072603,37.27518766250989],[126.67195608648825,37.273182563559736],[126.67490345786487,37.26671376272235],[126.6910637499766,37.2726266395227],[126.6973893200204,37.28059709825967],[126.6999580815471,37.279841781244635],[126.69951354687927,37.27309786008906],[126.70024823204552,37.276994981696305],[126.71331524398191,37.28106632022485],[126.7297067062944,37.273154888596046],[126.72775839547839,37.2798318469062],[126.73858743556795,37.27957646053949],[126.72335840884064,37.283245663115615],[126.72167950148173,37.28908703641782],[126.73162691030802,37.29258499213968],[126.75254526097775,37.28629973667625],[126.75709262795577,37.27734204327751],[126.75538281858029,37.286552534495456],[126.76486340794784,37.28616462709407],[126.77291023981067,37.27531467216048],[126.7736389522976,37.28871747575253],[126.80805217259467,37.29372680543446],[126.81920830500017,37.29046422238068],[126.82753375456613,37.27734709265365],[126.83560665632137,37.276568559542696],[126.84138793489208,37.26772551503607],[126.83810251189503,37.27612940636713],[126.82812518568245,37.279603391441626],[126.82549021032051,37.28678954958081],[126.81633007051447,37.29410346742093],[126.8168024001026,37.298043414669834],[126.81214839104578,37.29542940020553],[126.784510339033,37.29438437704223],[126.78253244035201,37.291709923669934],[126.76763971193407,37.292531021293684],[126.73267414210298,37.30075724102201],[126.692180911832,37.31890598987026],[126.67644891362274,37.32020542478967],[126.67127839811673,37.32903309671198],[126.61617514064513,37.31377289060028],[126.57804814064856,37.29281881270953],[126.5855852390864,37.29096170590023],[126.58217478411467,37.2884646365527],[126.58386961391894,37.28455381888672],[126.58903311081308,37.29017023397019],[126.60979110127344,37.27938193330893],[126.58921510190555,37.289973836536994],[126.5855429278528,37.28404219087841],[126.58854882808443,37.28525523168879],[126.6242596618859,37.26404766815855],[126.62516666910558,37.2678031801733],[126.63678752957195,37.27239646730348],[126.64297166063811,37.26902275954474],[126.6392849734281,37.264473862646426],[126.64148349981437,37.262595903052926],[126.63959974765767,37.26467397738086],[126.64354848744235,37.26767170787177],[126.64268016623782,37.271313360144404],[126.63116724097492,37.28094215858546],[126.6419815183805,37.272838532611395],[126.643951675234,37.26665755206055],[126.63687536094324,37.25362400885737],[126.65460795030351,37.225070257927],[126.65277972986678,37.19975222724161],[126.64504939372448,37.192245204888145],[126.64160120228601,37.204394576032975],[126.64679981041093,37.211016028823835],[126.62945993981816,37.2182692400389],[126.62604860632192,37.2023986998821],[126.62899238245633,37.21854281862764],[126.6263527702137,37.21917205607848],[126.62203957896742,37.23618844109252],[126.61879971680499,37.229503997170305],[126.61087258536104,37.233942643473455],[126.60993441804415,37.23074197689743],[126.6003017189237,37.22821740729671],[126.58889176081207,37.23361111238428],[126.60987703353862,37.220558333788],[126.61520333482952,37.209453926428274],[126.60489757414462,37.21232597722566],[126.5953633979605,37.19834743485695],[126.60482432763565,37.21241176330729],[126.60129667789026,37.22145522223054],[126.60031217495661,37.217644095820766],[126.59076774556695,37.21349716082876],[126.58673595103053,37.22063128980891],[126.57644980212636,37.220320287353076],[126.56831611132802,37.204525480527195],[126.56958075315075,37.199254077114524],[126.56243023880386,37.192962976757045],[126.55686648545804,37.20198654487401],[126.54464725784815,37.20598586376224],[126.54402701695669,37.21499121924905],[126.5535356241354,37.21443078956267],[126.557106078687,37.21790712440773],[126.55199821874076,37.22352183638275],[126.54161898271342,37.22459141985514],[126.54078130000997,37.22876564972372],[126.54442194658569,37.22942790848562],[126.54438872829846,37.23343354207249],[126.56928936409754,37.236985307426345],[126.5609926949347,37.24226068819808],[126.56300247004309,37.255285112713175],[126.55864305301223,37.266797374288046],[126.54827794230151,37.28004398866052],[126.53959633877777,37.282504892622164],[126.53896891613807,37.2860947721378],[126.53290704201932,37.28907957576317],[126.5560484308636,37.28334801522428],[126.55754497698136,37.280670335041954],[126.55417902553489,37.28006913364344],[126.55641173720127,37.276645623556476],[126.56469442448667,37.27836652045714],[126.57720319931539,37.290149680195924],[126.5717472956915,37.297765949429206],[126.57785325513446,37.29309601961823],[126.60513805153712,37.309235018979784],[126.60734543216262,37.313182132633465],[126.69129973422713,37.3357729091299],[126.69122237457891,37.339284443522786],[126.68571652754224,37.34114296370768],[126.68850593717224,37.34875644266444],[126.70319947135407,37.351250184282065],[126.7007076305366,37.354798207847296],[126.73097200612209,37.38656870497637],[126.74201163039697,37.382566651243174],[126.74330520738404,37.38452400742001],[126.74313780421515,37.38572358725705],[126.7339159834862,37.389077538559214],[126.74376470774273,37.39827321470499],[126.77887674438448,37.3931729088953],[126.76648004869416,37.39496329968993],[126.7638485311103,37.399324354048005],[126.75051732444273,37.40066856364425],[126.74900443786034,37.403587693558414],[126.75540196725119,37.41343953999962],[126.75325356461549,37.42270221500101],[126.77070788201127,37.4303125245889],[126.77067964552307,37.44847223886178],[126.77903681722027,37.45106080445482],[126.77999560447391,37.45338562854984],[126.78043223264396,37.45497812308631],[126.77805561899197,37.4570003451417],[126.7781972918548,37.47179467840826],[126.76775280832878,37.47174276715386],[126.754342329181,37.48367817888395],[126.7430491113202,37.486515299539796],[126.74180172296914,37.49448177139755],[126.74376044560857,37.501615593597926],[126.74162648291801,37.5088253591258],[126.7455815844792,37.51496244316343],[126.760429134516,37.51618214618376],[126.76083304577077,37.539056386137034],[126.7662043572378,37.55424237473228],[126.77155173733557,37.54831753246162],[126.79056480977512,37.54392241945455],[126.79434041412426,37.54144799206292],[126.79442517097928,37.5358288882476],[126.80441151528282,37.54324677308787],[126.82211888564127,37.540677284520854],[126.82195545120162,37.53888685351773],[126.82193281235186,37.535049678863246],[126.8284276870103,37.52670238572639],[126.821564358208,37.50215642274476],[126.81301231990739,37.49640025947728],[126.82358686214121,37.48774223921983],[126.81462855736314,37.47464943672464],[126.83174809364529,37.47765099489556],[126.8330516754575,37.4772460920456],[126.83463709657728,37.474421181516504],[126.84503324049149,37.473558917073596],[126.84655685823992,37.481633329470405],[126.85270046916898,37.48181861648275],[126.86950267826597,37.494328403182784],[126.87022812453338,37.48959615777095],[126.8767903564388,37.48857077511445],[126.87179719788438,37.48499743323806],[126.88457429391009,37.46564823616712],[126.88285845995553,37.46426078785583],[126.88887551866634,37.46094692085108],[126.88544367871467,37.46012453219549],[126.88626468125555,37.45636251624063],[126.88964213719852,37.45231546522859],[126.89398300098256,37.452717339462076],[126.90347218123567,37.4341628699265],[126.90940570530523,37.433864682040465],[126.92839869468366,37.45021248463553],[126.94022016149398,37.43571237077849],[126.96294278767874,37.44028045644094],[126.96428976649526,37.44626723575002],[126.9745795622675,37.454412875019095],[126.99676863193493,37.46187335243128],[126.99675187716804,37.46707243284584],[127.00367535762433,37.46772038521959],[127.00871087092862,37.45776493257241],[127.0145096177243,37.4548612263403],[127.0259954181661,37.45781695677839],[127.02992820429466,37.4653515840115],[127.03460166476037,37.46417177109937],[127.03820566247975,37.445858851091494],[127.0355737258186,37.43900409648121],[127.04109031571005,37.43776912354927],[127.04736923818122,37.430701819962096],[127.06569800340705,37.42915810194237],[127.07384345812635,37.43740778003033],[127.07213844307475,37.44226266967465],[127.08144410233187,37.44123100040854],[127.08785507165462,37.44489387024628],[127.09354035976736,37.45588805473341],[127.09930610775655,37.45667755568277],[127.10434135730374,37.4621743450683],[127.11689489399814,37.45864042106457],[127.12487834285047,37.46959727859706],[127.13083001262882,37.467745256286186],[127.13285605169715,37.47462645820553],[127.14352658826051,37.473930417154634],[127.14868305439958,37.48404319140347],[127.15740206942571,37.48908854038803],[127.16139030609574,37.50020104667412],[127.1411110148452,37.50544343475419],[127.1411751426625,37.51510185409081],[127.14204005570205,37.51563651416558],[127.14462037897172,37.51561062396274],[127.14578093846893,37.521941373940386],[127.1631627295967,37.54499101051071],[127.18353917136116,37.545170394493404],[127.18199541914358,37.5609924445978],[127.17568308660059,37.57489869626104],[127.17715482732945,37.58120032666599],[127.1667472992893,37.578975666067905],[127.14894954273399,37.56843431807824],[127.12861049289252,37.566160434975615],[127.11522556175211,37.55676018786972],[127.11229746822482,37.55900045348571],[127.10492924746899,37.55642159306927],[127.10112209568202,37.56105063925841],[127.10423019942216,37.57138765526178],[127.10114351256264,37.57607092847076],[127.1166644867676,37.59401654621197],[127.11409999454062,37.60012853338217],[127.1180951326144,37.60547242382635],[127.11619332983608,37.618947782433494],[127.1040662194155,37.62165311342727],[127.1122034474679,37.63264276677004],[127.11125728154585,37.64237533255536],[127.10657637735379,37.64537730925876],[127.0945699707441,37.6445705949392],[127.09438136774526,37.64495591610166],[127.09269449844864,37.64857999394959],[127.09120691316421,37.65933455715772],[127.09541063082824,37.663889645029485],[127.09574869890056,37.67061964101439],[127.09194656315928,37.679190298617854],[127.09599596040451,37.68907104734531],[127.08517719537218,37.690389849928586],[127.08385283035726,37.69386666210057],[127.08110488252491,37.696137462334164],[127.06338631300632,37.694921884061706],[127.0517981361576,37.68581484692547],[127.04862943310509,37.69406226000081],[127.04509429293316,37.692385199152156],[127.04110878602357,37.69529978147528],[127.03241428836387,37.69183903751067],[127.02768734558852,37.700937380305675],[127.01541538211156,37.701455273230806],[127.00806774892251,37.69064526204131],[127.00866365630117,37.68444951252082],[126.99219762942823,37.67962695057603],[126.99401724938483,37.6667831291196],[126.97965839147749,37.65603864654985],[126.98471307780426,37.64725186785479],[126.98420224948674,37.63634030842031],[126.97536907451963,37.63169816961253],[126.95939478381491,37.62967239543257],[126.95982244015877,37.62976115474522],[126.96332878865232,37.633245132754354],[126.95710810555325,37.65283723038785],[126.94751096376707,37.65918537625412],[126.92412291075209,37.64610630337317],[126.9137208257226,37.644755656173984],[126.90481016340782,37.64912804362792],[126.90647940190425,37.64770342759783],[126.91227986280077,37.64431535915298],[126.91115395113724,37.640986709771965],[126.91121037341169,37.63590558451071],[126.90620219490094,37.63322013549291],[126.9086108275373,37.6262656559122],[126.90030432393978,37.61119134488044],[126.90210829984139,37.60374168499783],[126.89964371169701,37.58981687189023],[126.88760860532525,37.58866702011056],[126.88546703954499,37.59110491910983],[126.88733768860197,37.59391977746163],[126.88491014199087,37.59354099415474],[126.87754227250868,37.58624748164742],[126.87626048634534,37.57818523431889],[126.86341573755695,37.57686871393548],[126.85363179661117,37.57179054786616],[126.80258140147404,37.60503274858665],[126.79708222928637,37.597738925059765],[126.80094007417676,37.588166121539096],[126.7934410794478,37.584519603641894],[126.79373176820893,37.583038594920765],[126.79369544496518,37.58159385806869],[126.7870479102491,37.5855795159025],[126.78411326010374,37.5825852440103],[126.76766736650875,37.58823160042548],[126.75798490918956,37.58532796540024],[126.75248081381001,37.57981096509509],[126.74478083363844,37.59065019589499],[126.73901279803057,37.593702679080145],[126.73626530177873,37.59050720170201],[126.72546216915376,37.591874631368874],[126.71406736793985,37.60385422481115],[126.70468146205609,37.6024746298269],[126.70544693901022,37.61205381495691],[126.67470536943111,37.62987900285537],[126.67242216385154,37.633841629560514],[126.65400941779802,37.638214024940254],[126.64711015272394,37.62747838738828],[126.63719139275662,37.6267029066104],[126.63657430137815,37.62049028775958],[126.63216914140719,37.617630349883456],[126.62565680200932,37.60357922054462],[126.6169110832459,37.60355226978558],[126.61435581356096,37.6062871127609],[126.59172170943687,37.59266269586806],[126.57484155312459,37.588349706279104],[126.5595891236078,37.599686270518355],[126.55048989700191,37.62818865432798],[126.54416338679012,37.6379722820397],[126.53923368867672,37.6396530603463],[126.53148367523774,37.654800478463386],[126.54181545629547,37.658994658109386],[126.54415992311274,37.66292296798714],[126.53959649462722,37.66594144170653],[126.53972329307689,37.66925748913068],[126.52682694478217,37.67425169516482],[126.53347818138157,37.685477251673746],[126.53346756937933,37.693959244382526],[126.53028674754852,37.70609654178834],[126.52420666772085,37.709919180704944],[126.5216802701242,37.71655799504872],[126.53099546444615,37.74823708336193],[126.51834032568658,37.762790305313196],[126.52450030878242,37.76845534528168],[126.52282119464004,37.769035339289985],[126.51704958391872,37.77102869494381],[126.51799769191251,37.77706894216043],[126.52278316980669,37.790098156239445],[126.5546803143187,37.777619185381745],[126.56762956084698,37.768279667818604],[126.57534517971641,37.76270390335868],[126.57967780468235,37.76234031923524],[126.59377256441306,37.761156392686445],[126.60812238381435,37.76656583293574],[126.62550255877017,37.77913677718746],[126.66262238602789,37.78069984670119],[126.67135243884475,37.834779306861],[126.6600778423038,37.83895061966175],[126.66011600468258,37.84261080627989],[126.67957466062737,37.846030346938406],[126.67987979076099,37.851748209530896],[126.69212941184276,37.868506423360046],[126.68342150670144,37.874060027785156],[126.68011451383447,37.87040224810102],[126.67258824854227,37.87012469460371],[126.67520234073315,37.874489128544674],[126.67204489132081,37.87805114546498],[126.6820398178514,37.87978343570072],[126.67872002628503,37.88157906370801],[126.67971274352355,37.884667487739755],[126.67252099701604,37.88221367657375],[126.67445050700397,37.88595737024307],[126.67013629944194,37.88802590733014],[126.6773493947986,37.89779185011105],[126.6768376784522,37.90768183866636],[126.68277668516195,37.91286057255232],[126.67251761009742,37.91418555337468],[126.66599639988087,37.91906089069397],[126.66729143842957,37.93414331043859],[126.67212404960735,37.93963880144203],[126.66911430034772,37.94179706718509],[126.6709902724198,37.95517772428291],[126.6873069631246,37.957197141917284],[126.6911339431661,37.963606116039436],[126.69230149472378,37.96613319208096],[126.70371489550668,37.97484077326549],[126.70884731596516,37.975155462205635],[126.70947982483811,37.9705865431764],[126.71665362464026,37.968862531518084],[126.71939400364988,37.96495208927644],[126.72777827047165,37.96867807289348],[126.73687780283203,37.96603553777628],[126.74068991852896,37.9733713849686],[126.75818431536963,37.98373286861144],[126.7658108779583,37.98385455919603],[126.7728018025267,37.978352739887676],[126.7753464271472,37.98041907958122],[126.7724575836739,37.98387698145668],[126.78365351740578,37.98219859596887],[126.79011853669685,37.98813852080412],[126.78680157120655,37.98801772367911],[126.78633774864778,37.989549171593865],[126.7900832491932,37.99895347235099],[126.81121875521755,37.999449407162196],[126.8120383391504,37.99974031129026],[126.81684470438886,38.00258632582081],[126.82323570799963,38.00871270793633],[126.82089367621141,38.01158600134622],[126.82621321358583,38.01776305676455],[126.82600180541336,38.024237093044114],[126.82944696703149,38.0241532372513],[126.82566609734951,38.01988039414815],[126.82769140109329,38.01952683254379],[126.84073039668446,38.03290682424281],[126.85540914150083,38.032088229533244],[126.85237624429742,38.03508967042729],[126.85481404692483,38.04043303962629],[126.85253466024264,38.05310298490963],[126.85836342203935,38.05397430725319],[126.85835401690882,38.058803520102394],[126.85835106692105,38.060317512052],[126.85311876337245,38.06031102306925],[126.86591486447576,38.06803486408654],[126.86956927526155,38.077765470055645],[126.86024290967326,38.08567649186742],[126.85907469877712,38.09182218557873],[126.86323769665543,38.094380095457204],[126.85606957260673,38.099660912676015],[126.86236951234345,38.10832922208059],[126.88322956589275,38.115841867212886],[126.88893157561694,38.12879700389907],[126.90470316264475,38.13789270973891],[126.91705819681057,38.13671821810886],[126.92785158805916,38.12731363124198],[126.94029912262322,38.13393275012143],[126.95753074193966,38.13465407419805],[126.96085832530113,38.13967742158452],[126.96640601006239,38.137390520391676],[126.96944862761511,38.143469592394965],[126.96797936417119,38.147460289790935],[126.95109840163958,38.15813952680185],[126.94943532635206,38.16234160204126],[126.95303971756705,38.16528223064268],[126.9539642467592,38.16231696691356],[126.96559799395567,38.17110254045288],[126.96521030674616,38.17684257221646],[126.96904183295818,38.181914988410135],[126.96711365990579,38.18662606125089],[126.96487509389544,38.188727537783116],[126.96653343371135,38.19895167239523],[126.9749347475875,38.199434835200684],[126.9743956291737,38.20454577799172],[126.9795209266966,38.20513941227625],[126.98365477004367,38.21059852402534],[126.97882512294083,38.22215321660391],[126.9817445199204,38.227345029364606],[126.98907032252099,38.22537539949499],[126.9915906632722,38.22947233193961],[127.00471247421665,38.221510384857694],[127.01390794493877,38.23692056230287],[127.02351361031637,38.24160951215518],[127.02044995046931,38.24582792372504],[127.02812779443623,38.24498716255993],[127.03657199556338,38.24980190747259],[127.04179622781984,38.25911234571381],[127.05471629119636,38.258790122209525],[127.0662072643199,38.263652561478594],[127.0764819398115,38.27217821831872],[127.07506542516532,38.27761129690022],[127.07576990850933,38.27802890574164],[127.07810965210125,38.27897138969517],[127.09272766946485,38.2822605502093],[127.1032114509575,38.28078750603703],[127.10140474272691,38.2736787667951],[127.11077025587981,38.27078653647836],[127.10806931781605,38.25829864351571],[127.11234562207278,38.23814088231419],[127.12304884119511,38.23280388122178],[127.13115662581487,38.23275353341578],[127.14892257276715,38.242343755724704],[127.16329360224775,38.23848137245541],[127.15971372611057,38.21954632207775],[127.17116632752474,38.21349263822819],[127.1751351421328,38.20548403675245],[127.1697001196123,38.19765158635769],[127.17885546449043,38.1877227576874],[127.1805487438906,38.186130717994175],[127.18189584474526,38.18579978487085],[127.18924154515894,38.18822737621733],[127.18585647678947,38.17387970378053],[127.18893153379949,38.161819398698064],[127.21919295895236,38.139064606415666],[127.22260636910411,38.1379368472224],[127.22472795476986,38.14785650713741],[127.23444105561279,38.14713645531202],[127.23939219997008,38.15660391039257],[127.25627954451174,38.16317065931216],[127.25882546544129,38.16953650681467],[127.26448026834602,38.17174441304426],[127.26602121752522,38.18023775559245],[127.283133301216,38.18290231854692],[127.28825310812964,38.17685033783958],[127.29798988547233,38.175202906951874],[127.28899572270024,38.16945678616518],[127.28404713927246,38.15948549945934],[127.28640534135016,38.152639013625155],[127.27484201128131,38.13671239918839],[127.27581333964129,38.12417576454352],[127.28142072411593,38.12493667376903],[127.2863362677531,38.114631624809306],[127.3095282162204,38.118275677397705],[127.32067032822258,38.094683766263884],[127.32871996941917,38.09438105147915],[127.33695825735659,38.089768598866755],[127.33976510816998,38.10129491486426],[127.36594138348423,38.10692987991914],[127.3786137605398,38.11842895581491],[127.3838313376235,38.11513146040279],[127.40345199048305,38.112961105983615],[127.40552360018542,38.10295391495034],[127.4134084954103,38.102012593350175],[127.4309301087153,38.115362075379686],[127.43350201307162,38.1110192113796],[127.44045270625455,38.10883224415776],[127.44516749404623,38.09746966418457],[127.44707594529588,38.080728644749364],[127.44458372859515,38.05726067400586],[127.44623929869148,38.051213651440946],[127.45290597548187,38.04718618190744],[127.45189138015807,38.034586308699154],[127.45685654466928,38.01845566356646],[127.4575290711033,38.01699030720291],[127.46154335528837,38.01285378311718],[127.47155598511036,38.006452565454566],[127.49739961317094,38.00371426012926],[127.50392252858218,37.99795329027402],[127.5089041367723,38.001311061382324],[127.53987715459161,38.00056775586893],[127.54716574745294,37.97828127005206],[127.54424514554783,37.97411087556782],[127.54522524630646,37.967731802538424],[127.559840057193,37.96288258815667],[127.58472254627759,37.961752282332206],[127.60244460645771,37.95499867526469],[127.60252068457574,37.94633332825022],[127.61206564086294,37.940599963529685],[127.61658396724437,37.92826564686397],[127.61207052061,37.922794099812734],[127.61714123499257,37.90636189316774],[127.60740254541747,37.88966028763034],[127.60909529699636,37.883517937921205],[127.6058494131909,37.87649219710205],[127.60365825233937,37.874528142619035],[127.60321197005503,37.87420074305344],[127.58518576303433,37.876151054613416],[127.57788654287324,37.87401436696883],[127.56859548381091,37.86697281218109],[127.56323900949111,37.85587956649487],[127.55745243738917,37.856278112368756],[127.55008811133608,37.85193100546576],[127.54965192502505,37.84653784717995],[127.54582515847756,37.84679237821791],[127.54045866749951,37.84655239919703],[127.52944297718527,37.839723076925566],[127.52480260256758,37.82967186536444],[127.52459197304962,37.82500143161586],[127.52563891018893,37.82287253371344],[127.53494038463239,37.817710623332935],[127.53662814700293,37.814120603548076],[127.53735446085395,37.8105405680152],[127.52081449678576,37.79254312233625],[127.54092423018122,37.77087514067633],[127.54488008759745,37.76007459169183],[127.5340755545933,37.748602163461854],[127.51121495773072,37.736434511305646],[127.50711198164618,37.73135925415095],[127.50706717121838,37.720593878226666],[127.51180037077154,37.715715065647004],[127.52720486762085,37.72685951610406],[127.5425113799381,37.719863899118494],[127.55660217033952,37.729226599501835],[127.5589142754295,37.72884545272428],[127.55991207716663,37.72857664328333],[127.56180383729927,37.720221654973464],[127.55063947771632,37.68704218711414],[127.54904935334551,37.66861422598616],[127.55281588277208,37.661528345330176],[127.54621902315165,37.6578599750636],[127.54385442993905,37.65173022819502],[127.53565507654463,37.650694641827975],[127.53793689950223,37.641478389897614],[127.55940244988096,37.628496603182604],[127.56016238270651,37.62984146019072],[127.56416983587519,37.63257092967889],[127.58065486794565,37.6333983342784],[127.58486111420615,37.6423025261983],[127.59882410173432,37.646884728052434],[127.60219374786334,37.651536582389085],[127.6062161242038,37.65079357913767],[127.62199191028255,37.64242758900251],[127.62731650592653,37.64273310357355],[127.63943278229246,37.632642743156616],[127.64698793012528,37.63273679964063],[127.6515316450604,37.62293864618003],[127.66384545810746,37.623796479944936],[127.66752103210011,37.617250835232525],[127.69618923184268,37.600794198387256],[127.7008356697683,37.596117432528686],[127.69819834308589,37.59088855234198],[127.70789503420052,37.58635311139605],[127.72312539705784,37.590626172752806],[127.74470426122572,37.58787750638437],[127.75410574376909,37.59206487134265],[127.76657085527768,37.58266875109264],[127.784438142112,37.578118573389986],[127.79408022490806,37.58525462817841],[127.809613390897,37.5734472003706],[127.81413011673787,37.56415202449015],[127.83951121227511,37.55921694585943],[127.84811314287151,37.55033388044656],[127.84202294396896,37.53890089572373],[127.80958058399285,37.53786222396168],[127.80647298573057,37.53117146934962],[127.79634376980111,37.528582055095676],[127.7957706556012,37.52416972266626],[127.78549607526816,37.513310812232625],[127.78111919592872,37.51306150627369],[127.77179045254805,37.50518533770737],[127.75990472449419,37.50326630436356],[127.76003488265377,37.492890729799846],[127.77468903981676,37.491746346814345],[127.77606624376713,37.4885445818979],[127.78018809367319,37.48865116550833],[127.78958012801084,37.474797086108936],[127.80048420907093,37.47125094963213],[127.79626623154513,37.46304395338757],[127.79936144164853,37.43929187102793],[127.80400590320484,37.42884928757576],[127.79364356402378,37.42250866251128],[127.78222747917542,37.392421390201584],[127.78409431562005,37.38882957350024],[127.77665843678346,37.383325898903486],[127.77800037882291,37.37104720770095],[127.75948249165366,37.36729107438864],[127.76075790783413,37.352635173973226],[127.75788404137334,37.34640767269544],[127.7627312170997,37.33434933627914],[127.76044316830733,37.33207914504637],[127.75978364104618,37.330098344586915],[127.76831984890372,37.306693221890235],[127.76768239877241,37.30289227962044],[127.74988254881193,37.29715947132416],[127.76048462303898,37.2729006698577],[127.757610838781,37.25825109144678],[127.74688265264656,37.23997330281728],[127.7489349606654,37.21833589403872],[127.73525627927434,37.208066690734334],[127.72640685009502,37.182540475388315],[127.71690409376575,37.18342971891506],[127.70678021139346,37.17033255600971],[127.70427262264467,37.15764769493792],[127.6950056420647,37.15071532166136],[127.69548408717165,37.1404221398366],[127.6867976989576,37.135055538825625],[127.67021247363107,37.13610802196792],[127.65994331027174,37.1399151352914],[127.64808854970684,37.1506049676535],[127.62831456020353,37.15528638334722],[127.62745486015002,37.15172401077431],[127.63776772876031,37.14119002747767],[127.63310214958348,37.12015765934091],[127.63616698158324,37.11393311079663],[127.63453072898369,37.099831506138266],[127.61194320691297,37.08725417607546],[127.59510786536946,37.08799279085322],[127.59575155676487,37.08778693453106],[127.59954897808575,37.08583058972509],[127.60493825719264,37.076153052882894],[127.60471837154523,37.06877941656073],[127.5962714239507,37.073709929120696],[127.57797674986166,37.07534104061421],[127.56495797046883,37.06059029273048],[127.56954254944225,37.048169912319274],[127.5568343676105,37.04124688111264],[127.53199224134585,37.055642308166085],[127.51826138848236,37.0583970716717],[127.51157537641147,37.055560643521815],[127.50889250411296,37.04941792459703],[127.49984264488819,37.04763614213389],[127.48621913338643,37.05485599891652],[127.46821171106188,37.053486509061656],[127.46838361685965,37.05035014612014],[127.45685722418374,37.04221331402422],[127.45969900945757,37.03812957595844],[127.45686316212094,37.030030929622804],[127.45974415436409,37.02506399237513],[127.45836811122781,37.02047387023627],[127.45093335548697,37.01930384217046],[127.44708882769706,37.01088548935746],[127.44083467586184,37.0121060912773],[127.4365391104545,37.005598194295224],[127.42882398774603,37.0021931495161],[127.42123908386327,37.00395927831053],[127.41495965310446,36.99997155619987],[127.39270053401272,36.99701039510258],[127.38497189028011,36.983636680844256],[127.40153405186581,36.96767809036466],[127.3974655280307,36.96464553178095],[127.38726751027095,36.96446340443082],[127.3848177650277,36.9596235503702],[127.37872344912914,36.95789497642193],[127.37565790229313,36.94865962098825],[127.35761192990743,36.94768787149091],[127.35399746057655,36.95267260878437],[127.34963056009016,36.952793619444],[127.34060573708182,36.943115109430465],[127.32681216168231,36.93593603502141],[127.31621082601762,36.93472110302448],[127.30899432828627,36.92938757584333],[127.29563385310286,36.93128665183335],[127.3033647694211,36.91639036553203],[127.29029766647567,36.89432820017983],[127.27915665903954,36.90041006302245],[127.27884119920783,36.906249844281994],[127.2734513384474,36.91145256271781],[127.25860908868587,36.91587389865044],[127.25313196243815,36.92243637145256],[127.24404860847719,36.917598612583696],[127.2203278160527,36.93044904750983],[127.21045076177465,36.93053896556822],[127.21155931403528,36.937808997640815],[127.20214401440397,36.951710660282956],[127.18040847166375,36.95674640023145],[127.17776073856774,36.96252628548069],[127.1554024793254,36.96442721715155],[127.15918128314767,36.96975513136955],[127.14425896331541,36.971140550252976],[127.12950591440246,36.9664267161978],[127.11309804986487,36.973074036232994],[127.0965056882425,36.95933971540935],[127.09641482656085,36.955691543705754],[127.10299942362198,36.953160237751284],[127.095763942814,36.94237432102614],[127.08621207346903,36.94773788678802],[127.07408249271465,36.93862504214018],[127.06548667290369,36.94192650443207],[127.03178032980381,36.92832194600542],[127.02579674103629,36.928746832820785],[127.01556787608057,36.93539117885392],[126.99518162898288,36.93535940924524],[126.973745480765,36.92586288596516],[126.93962571458218,36.91733135319493],[126.90965825608983,36.90159560650918],[126.90717809066088,36.912409470829665],[126.90358458861756,36.915415747716466],[126.90364879458375,36.9246996311898],[126.89923074135189,36.92990166365746],[126.8870853066804,36.936267097825535],[126.8674263979993,36.93327022411506],[126.86550978955674,36.93931247098872],[126.8562576798269,36.94373222362254],[126.8571630167159,36.94465180250594],[126.85384581792695,36.948279606756955],[126.84960857592937,36.94646786643313],[126.84525742758613,36.95263845039364],[126.84662174903985,36.954845129388815],[126.82484359368745,36.98235623911977],[126.82819059158031,36.98301532591819],[126.82603013886131,36.98598678316501],[126.81295444503263,36.987315651211574],[126.82053583690083,36.98554911879111],[126.82267088518282,36.98977335527679],[126.82339799511139,36.99126918133854],[126.812108450969,36.99497032640499],[126.80972496002242,36.98844404541514],[126.80413591990778,36.990258323219216],[126.80918042832575,36.99545951085749],[126.80614456184384,36.997013823128675],[126.78894740002147,36.99518895448125],[126.7788556807069,37.00742952010132],[126.78714631483373,37.01296209232512],[126.79763318883117,37.014131035981464],[126.79459718403604,37.02647538505247],[126.78937119953338,37.02971642462349],[126.75057714000597,37.0297115074032],[126.74879831961238,37.03516607163476],[126.74268438427553,37.03800103568134]],[[126.75678547319193,37.056012243803906],[126.77002391992598,37.06007142620522],[126.77089097652767,37.06438743987105],[126.76317848086546,37.06303815885414],[126.76312481422133,37.06306677708945],[126.76163737389663,37.068125024277705],[126.76376503842579,37.06859457162487],[126.76450525982325,37.068757918804586],[126.76465365462363,37.08657265007641],[126.77090215291504,37.10134779483747],[126.75828664342404,37.11142173728889],[126.76040941200154,37.11792680342004],[126.77765039706566,37.132707269438356],[126.78261675368506,37.13489269439575],[126.78722263906347,37.12961081619134],[126.79339442659602,37.128930557695156],[126.79500285291697,37.12875322433076],[126.79624718588627,37.134439555286605],[126.80709399205516,37.13869739144641],[126.80049948273316,37.15377749292982],[126.79105727059532,37.14988807441068],[126.78174275698836,37.152253873288764],[126.79459860128073,37.15739499298182],[126.7978136140144,37.16233234857672],[126.79230047335868,37.17323645540557],[126.80064985169015,37.19616550815033],[126.79474997905557,37.18153434802027],[126.77750148902473,37.16520457014024],[126.74716770692736,37.167582301863035],[126.74154898235548,37.15289399789604],[126.73081660020074,37.14934229182086],[126.72744276633443,37.13956527540713],[126.72908866350751,37.136655025889446],[126.7251558063003,37.132801978198],[126.70326183599045,37.1182095385253],[126.68404696231326,37.11461019065495],[126.75678547319193,37.056012243803906]],[[126.85594927775304,37.26991854894827],[126.85743774379921,37.272665912708455],[126.86473041829699,37.27241356746409],[126.8753084060711,37.27739911704853],[126.84391413194966,37.267484992348066],[126.84535249915697,37.26008620640661],[126.84793120789969,37.259942945655794],[126.84885725816828,37.260766664533456],[126.85142212568458,37.264326042977984],[126.8498421261499,37.265998158603836],[126.85594927775304,37.26991854894827]],[[126.78610023628941,37.39293281342511],[126.78788567621329,37.39440881237489],[126.78951074663661,37.39547130151105],[126.79156678640004,37.39311429299957],[126.78886747944895,37.403805251787084],[126.79198955866744,37.40529618790164],[126.78601476387107,37.402888759440614],[126.78784693928738,37.40776413404268],[126.7859163662533,37.403042706584664],[126.78904380848373,37.39635206071859],[126.78462502082392,37.3921641203792],[126.78079115205131,37.394248342799635],[126.78426997585841,37.39159448804818],[126.78610023628941,37.39293281342511]]]]}},{"type":"Feature","properties":{"name":"강원특별자치도","sido":null},"geometry":{"type":"MultiPolygon","coordinates":[[[[129.1114858158398,37.58162009197247],[129.11185325635122,37.58196637803295],[129.112093947208,37.582192144243265],[129.11221805437907,37.58223883395817],[129.11268955974208,37.582377137829624],[129.1130675331833,37.58248753541345],[129.1142488928769,37.58251070571723],[129.1114858158398,37.58162009197247]]],[[[128.8772165194582,37.840957264571905],[128.87722457319165,37.8409886960169],[128.87722459737358,37.840981930965974],[128.87722345659546,37.84097082109331],[128.87722193174054,37.84096545846873],[128.87721892014986,37.84095996000226],[128.8772165194582,37.840957264571905]]],[[[128.76311364196903,37.972767086861815],[128.76311293593673,37.97276707732054],[128.7631122417506,37.972767094689274],[128.7631115595496,37.97276714707775],[128.76311088704176,37.97276723360908],[128.76311022661167,37.972767360566706],[128.7631095896732,37.97276752963017],[128.76310896264403,37.9727677454518],[128.76310837036573,37.9727679960486],[128.7631077899182,37.97276827265442],[128.76310721891667,37.97276856898589],[128.76310667083536,37.97276887408372],[128.76310613675324,37.97276919885857],[128.76310562328382,37.97276953062189],[128.7631051192296,37.97276988030892],[128.7631046290047,37.97277023976099],[128.76310416169994,37.97277060797947],[128.7631036947504,37.972770996922506],[128.7631032483827,37.972771391052035],[128.76310281582886,37.97277179404561],[128.76310239256665,37.97277220775437],[128.76310199222465,37.97277263022923],[128.7631015943445,37.97277306349261],[128.76310120586407,37.97277351377861],[128.7631008412877,37.97277396380792],[128.76310047454285,37.97277442016917],[128.7631001205354,37.97277488901101],[128.7630997756033,37.972775355952905],[128.76309912508955,37.97277632726621],[128.7630988146613,37.97277681456608],[128.76309851818593,37.972777318839675],[128.76309822171055,37.972777823113276],[128.76309793429516,37.97277832458587],[128.76309766058554,37.97277882861508],[128.7630973960131,37.97277933434854],[128.7630969146146,37.97278034169767],[128.76309668643654,37.972780845237914],[128.76309646758097,37.972781361295205],[128.76309607727643,37.97278236946864],[128.76309590601278,37.972782872397566],[128.7630957326424,37.97278338526285],[128.76309558415997,37.97278388884827],[128.7630954449537,37.972784402247825],[128.76309531943778,37.972784917302825],[128.76309520298187,37.972785429556794],[128.76309509921697,37.972785951588136],[128.763095018048,37.97278646346315],[128.76309493595693,37.97278698796546],[128.76309487658528,37.972787509520046],[128.7630947350964,37.972789085506605],[128.76309470098332,37.972789619407315],[128.7630946391545,37.972790661905364],[128.76309460258423,37.97279171674944],[128.7630945900523,37.97279224771457],[128.7630945866267,37.97279277858208],[128.7630945842051,37.97279383305933],[128.76309459334698,37.9727943664956],[128.76309461369115,37.972795420728374],[128.76309463416962,37.97279595133909],[128.76309465449364,37.97279647293903],[128.76309467726412,37.97279700442647],[128.7630947091718,37.97279753761807],[128.76309474086332,37.97279805819471],[128.76309481833815,37.972799124431404],[128.76309486158237,37.972799654797626],[128.7630949048266,37.97280018516386],[128.76309505955538,37.97280177329037],[128.76309518006903,37.97280282644749],[128.76309649855392,37.97281399307729],[128.76309660107088,37.97281459400488],[128.76309671247796,37.972815182219726],[128.7630968599397,37.97281574841769],[128.7630970389956,37.97281629805383],[128.7630972528906,37.97281682117997],[128.7630975035925,37.97281729975004],[128.76309780845355,37.97281774980002],[128.76309814801476,37.97281816523022],[128.76309855722337,37.97281852583805],[128.7630990110679,37.97281883369457],[128.76309953360686,37.972819097553796],[128.76310012559244,37.97281929487669],[128.76314633929266,37.97283157004757],[128.76314697394665,37.97283173266476],[128.76314762327485,37.9728318879145],[128.76314826086497,37.972832022561875],[128.76314890859155,37.972832150791504],[128.76314954465732,37.972832262924236],[128.7631501928736,37.972832353296596],[128.76315083164386,37.97283242394302],[128.76315148010278,37.97283246204091],[128.7631521168699,37.97283248223947],[128.76315276581846,37.972832482479824],[128.76315341435009,37.97283245839124],[128.76315406257282,37.97283241628117],[128.76315471253164,37.97283234260903],[128.76315536015207,37.97283226535704],[128.763155999264,37.97283215665301],[128.7631566473896,37.97283204244472],[128.76315729626737,37.97283190569745],[128.76315794717465,37.972831754508334],[128.76315859680463,37.97283159522187],[128.76315925520117,37.97283141601395],[128.7631599065981,37.97283122696767],[128.7631605555949,37.972831030737105],[128.76316120328357,37.97283082460689],[128.7631618540782,37.97283060041867],[128.76316249236712,37.97283037726581],[128.76316314071528,37.97283014319012],[128.76316379121647,37.97282990188147],[128.7631644394411,37.97282966059711],[128.76316574010372,37.97282915815597],[128.76316702824516,37.972828655849376],[128.76316830260356,37.97282814648072],[128.76316955756468,37.97282763461672],[128.7631708100948,37.97282711376642],[128.76317142496922,37.97282685301307],[128.7631726456735,37.97282633520818],[128.76317324916505,37.972826074577064],[128.76317384127367,37.97282581406802],[128.76317444688732,37.97282554440161],[128.76317563095012,37.97282501437294],[128.76317621155223,37.97282474677762],[128.76317737484783,37.97282420074973],[128.76317794515904,37.97282393056121],[128.76317908438062,37.97282337487804],[128.76318020180483,37.97282280951539],[128.76318076154712,37.97282252051433],[128.76318186515738,37.97282194628761],[128.76318294813942,37.972821364171374],[128.7631840216754,37.97282076232909],[128.76318455723555,37.972820457365394],[128.7631856078667,37.97281984765803],[128.7631866433603,37.972819218285935],[128.76318767059246,37.972818571879],[128.76318867278223,37.972817925741104],[128.7631896767698,37.972817251645246],[128.76319065783716,37.97281656878332],[128.7631911482318,37.97281621924255],[128.76319162721268,37.97281586802197],[128.76319210833114,37.972815508667274],[128.76319258717305,37.97281514933701],[128.76319306584506,37.97281478009502],[128.76319400276157,37.97281404543512],[128.76319492549356,37.97281328028547],[128.76319538105997,37.972812891464244],[128.76319583881033,37.972812497212125],[128.76319629425322,37.97281210118239],[128.7631967404662,37.97281169804168],[128.76319719560018,37.97281128399045],[128.76319807628806,37.97281045710665],[128.76319895423606,37.97280960321524],[128.76319981252422,37.972808731509986],[128.7632006566587,37.972807831117215],[128.76320107917925,37.97280737415652],[128.7632014331708,37.97280690441331],[128.7632017312935,37.97280642986269],[128.76320198368387,37.97280594408712],[128.76320220060197,37.97280544787765],[128.7632024061526,37.97280495269148],[128.7632026137945,37.97280444666807],[128.76320281920613,37.97280394337215],[128.76320302655458,37.97280342022823],[128.76320321118357,37.97280290003205],[128.763203370554,37.97280236748985],[128.76320350948154,37.972801837870776],[128.7632036142141,37.97280130591531],[128.76320366203217,37.972800774571105],[128.7632036507828,37.972800251071305],[128.7631929679299,37.97279591457892],[128.7631232833551,37.9727700439321],[128.76312272751264,37.97276976330704],[128.7631215907854,37.97276920232588],[128.76312102372995,37.97276893173488],[128.7631204203419,37.97276866694152],[128.7631198059416,37.972768423896184],[128.76311915753166,37.97276818932725],[128.76311851169172,37.972767971854275],[128.76311782855075,37.97276777010299],[128.76311714593484,37.97276759898832],[128.7631164533832,37.97276744600498],[128.76311575898737,37.97276731827635],[128.76311505479478,37.97276721678881],[128.7631143486499,37.9727671342482],[128.76311364196903,37.972767086861815]]],[[[128.72544003301806,38.023781998798405],[128.72542091680245,38.02381407950952],[128.72544112574477,38.02380718168623],[128.72544662107518,38.02379873389942],[128.7254435401138,38.02378571970765],[128.72544003301806,38.023781998798405]]],[[[128.72544003301806,38.023781998798405],[128.73618141411063,38.0220456610075],[128.72927270900502,38.01162027172876],[128.73060178340035,38.00709728122534],[128.75517283643651,37.983168815111824],[128.76412186261794,37.979964284763135],[128.76417840620002,37.97793409651583],[128.7603328772218,37.979355210114],[128.7598898941089,37.97624052683484],[128.7614398624459,37.97243665040208],[128.7659297797319,37.97152667921617],[128.76309989090637,37.97047703518835],[128.7631946027418,37.96631343055438],[128.77674217417774,37.95123988504596],[128.78915139368894,37.945382081425436],[128.78555326130515,37.94345011680392],[128.79033084483197,37.933648680664255],[128.83171195303964,37.90412863813612],[128.82934472557395,37.90352767058668],[128.83431404015178,37.899454437151114],[128.83264587725463,37.891205276721756],[128.83500488667784,37.88591947884309],[128.83165530689703,37.89440415625326],[128.8302357639377,37.88417293385249],[128.8513380103581,37.86170417472764],[128.8772165194582,37.840957264571905],[128.87943454496363,37.834234274879485],[128.87593135429128,37.83745325142275],[128.8754649706597,37.834389524819194],[128.87918486490926,37.829443597571064],[128.9466812071684,37.77358167097326],[128.95713785317332,37.77125302698691],[128.95194192582545,37.772813023992406],[128.95140737335294,37.76737906899562],[128.98862211300101,37.73992104495483],[128.99591551712643,37.72560702118428],[129.0109903853331,37.71340204092631],[129.01650554539282,37.705073793652964],[129.0554065016605,37.67542211003582],[129.0567542328651,37.66938555065611],[129.0540728857696,37.66471866941465],[129.056975844698,37.658749970882596],[129.04425051145984,37.64318746285082],[129.0459405227424,37.6353848214257],[129.0515244809505,37.626955527950905],[129.0637691451643,37.62329908983254],[129.05418027561277,37.62575172156116],[129.05418820622208,37.621366394655915],[129.05877743070167,37.62046525675009],[129.05953194981868,37.62033795494941],[129.07260919519746,37.60650750562059],[129.1157951386035,37.578256214245236],[129.12175003229154,37.55777927599373],[129.1177846915656,37.54951727054074],[129.12061686451787,37.53922606920608],[129.11708145703517,37.55169692671049],[129.11221111239178,37.54939077516911],[129.114730627222,37.536184931722794],[129.12585412039192,37.52525947051361],[129.1229266772955,37.51912071077056],[129.1351004883592,37.504918697170126],[129.14898245923268,37.49751273617532],[129.13558899823408,37.50406731800438],[129.13488821795744,37.50368711215617],[129.13122457865822,37.5013980365337],[129.13618221208395,37.49642367680468],[129.12440957295757,37.49068833031976],[129.12677106031273,37.48762167415236],[129.14488972089293,37.49678966989247],[129.14133862649268,37.49288495630438],[129.14266605236858,37.491775909774596],[129.14720236022407,37.491632963662504],[129.15974944441226,37.47574091411798],[129.18751535790722,37.455913837375626],[129.19438924825295,37.43654167329218],[129.18725299217323,37.437489258089634],[129.19764969892603,37.41581828574664],[129.2221640109605,37.39621347457832],[129.2512980783116,37.38038692940528],[129.25730597170667,37.37984311165702],[129.25108418968185,37.37324996892403],[129.25082049550866,37.363023231190304],[129.2623170519179,37.34553628645065],[129.26699385573008,37.34333358005452],[129.26660060149135,37.33110046682837],[129.27200290279092,37.32645157973726],[129.26861113690646,37.326602809012996],[129.27034122725564,37.32159289916803],[129.28865329342233,37.30952251434833],[129.2972920995652,37.311092882287646],[129.30214688100506,37.30209108552368],[129.30042607917525,37.292866313416404],[129.3111621169524,37.2861235428592],[129.3170520201632,37.286771885674],[129.318547131815,37.28974516106069],[129.3204147306734,37.28242510439858],[129.32911818914945,37.28039539444476],[129.32772956080748,37.26343704566859],[129.34071370506246,37.254643375870145],[129.34861223100856,37.246919738106826],[129.35006336681383,37.23887808410513],[129.3566546259863,37.2356524200317],[129.34137176078093,37.22594532999146],[129.3410217535185,37.22163420809558],[129.3474842689938,37.21210630471662],[129.34276647158364,37.19594347716454],[129.34532293112883,37.194390049563104],[129.34756109678474,37.1768417807692],[129.34324567408632,37.174871930505894],[129.34415892519576,37.17230683378186],[129.34509613363974,37.17136531922718],[129.34976164627528,37.17395055694667],[129.35845369270322,37.1665853187596],[129.3518928059797,37.16421461181544],[129.3639236255451,37.146269966386484],[129.3410023816332,37.14460969570304],[129.33950600608344,37.14682968621108],[129.33324133311172,37.140707349780556],[129.324829858595,37.14228621870722],[129.31814725676776,37.13295232383333],[129.3011289019726,37.12658402509674],[129.29523056961082,37.12029795447027],[129.2945916255965,37.114365113753216],[129.27673882604756,37.11855351122022],[129.2712382725534,37.11638056866473],[129.26599270733723,37.10232401287424],[129.2490301642425,37.09615137051058],[129.24045943332843,37.08503513449034],[129.2253777087869,37.07372011242804],[129.23307499378663,37.063881938402915],[129.22852082647904,37.057234708379774],[129.23266707189748,37.04421926698704],[129.23801243963706,37.038665310276635],[129.2253141352719,37.044559994136],[129.1854094884593,37.04171907970782],[129.18368124909105,37.048861213841754],[129.17039764480907,37.060356123955366],[129.16613638892406,37.06915779921468],[129.15480057111867,37.071720056982606],[129.13947183993272,37.08227321987847],[129.12718829940073,37.084443566164516],[129.12633187314157,37.08916593078658],[129.1077794889021,37.09349737677156],[129.09625112738053,37.10041465326578],[129.07042034421676,37.088222446742265],[129.07080695243405,37.084013309528736],[129.06560493537643,37.07875215458232],[129.06736532429076,37.07445375361857],[129.06394500324754,37.06844036358781],[129.05740397125209,37.06505100384967],[129.0542761751547,37.06981684462429],[129.04186617379048,37.07106244285558],[129.03666830901352,37.076171012712784],[129.02038261021892,37.07655893086426],[128.9886138667955,37.08437443480673],[128.95927438515383,37.0775766403682],[128.9548153934477,37.079588288537344],[128.95330078727244,37.08125487635136],[128.95342646873536,37.0849223387594],[128.94566317865986,37.093777900998205],[128.92331552812914,37.09211695111876],[128.91506275235844,37.083712692522894],[128.91693017828672,37.07869537162785],[128.91019266538888,37.07022215020571],[128.91032076594294,37.0683213485478],[128.91041654347217,37.0661347892951],[128.8980744566733,37.057604068946034],[128.89641982636505,37.04451557405747],[128.87854418471443,37.05325513129981],[128.87684218720912,37.04607807901288],[128.8756637582937,37.04474590265535],[128.87247945200198,37.04394525963456],[128.86365421290583,37.048695077199355],[128.8468747628974,37.05160661247033],[128.8359526914796,37.0659427402746],[128.8329626341822,37.06731465526663],[128.8316659888112,37.06740405735492],[128.82938357544597,37.078459056546244],[128.81256962781674,37.07871178609368],[128.8078711305881,37.07600464067162],[128.7999655824417,37.07897491936574],[128.79942335898886,37.086944257340534],[128.78575466519558,37.08790791540811],[128.78028227597443,37.092342720473766],[128.77359135857216,37.08750805253876],[128.77784025110924,37.08328033562166],[128.7778073077227,37.07970522830088],[128.7774059049662,37.07883956758234],[128.77046155602883,37.075307579374936],[128.76535607776222,37.06403452749525],[128.75655208563518,37.068631834189745],[128.75232021345988,37.05593439675426],[128.761420368027,37.044438884670384],[128.76254456251914,37.03785656588135],[128.75455013500667,37.03196272534546],[128.75376494600684,37.027832488141826],[128.7346183658539,37.040227798374154],[128.71866888891478,37.04375141650346],[128.7090990016336,37.03935578371335],[128.7004035640083,37.04082755559636],[128.68907346431666,37.053054553024865],[128.68538974498557,37.05215386006084],[128.680614959958,37.05383116922342],[128.67565092555228,37.0588476176381],[128.65785687982142,37.060830115933335],[128.6548396891369,37.065146998459944],[128.62984589795727,37.07411688546124],[128.62827849928996,37.08133259158328],[128.6226423202794,37.0874018177725],[128.60640456038803,37.076670231285455],[128.60101475958547,37.078871740532],[128.6016230258909,37.08305668350636],[128.59184743693183,37.07815524123353],[128.57440621796331,37.08131707388302],[128.56170213994548,37.09023626790009],[128.553848951701,37.08658977215651],[128.5381309554226,37.08962700495367],[128.53116570055911,37.1000143465044],[128.5141702587984,37.10372558662355],[128.51003250344968,37.11400319078513],[128.49655392047495,37.125790690868605],[128.49099653957603,37.12381778072451],[128.47780577426437,37.11015490772681],[128.4501940870852,37.11199604967706],[128.4450126426594,37.10674501249963],[128.4352355068736,37.11127014259691],[128.43012317254104,37.10367086425344],[128.4247004499144,37.102464003779055],[128.4235605808128,37.11224428502534],[128.41847330692525,37.11981445427566],[128.4057515092807,37.12698772959577],[128.39600246987968,37.128594066909216],[128.40366341169855,37.139618480645105],[128.4008742866781,37.14687632016125],[128.38435166557764,37.15812161404999],[128.37801529497943,37.15171332822004],[128.36443373614784,37.15643056014147],[128.35971534682918,37.15022081738679],[128.35151373381893,37.15741261965455],[128.33709310321547,37.15785242740713],[128.33067274228532,37.15034315983219],[128.32746560232437,37.15293574393134],[128.324732947537,37.14807344493591],[128.3115633083581,37.14537782962717],[128.3063609202491,37.137525924937705],[128.29623430074358,37.13410767463129],[128.29267395013247,37.139298501190794],[128.27993154092493,37.14246283158713],[128.27758806512972,37.144155767604076],[128.27328634383088,37.14762916016909],[128.2644415416554,37.160415061611936],[128.26964426311508,37.16170394562171],[128.2700483872012,37.16487702452518],[128.2707173180012,37.16635789970449],[128.28111416066727,37.17340246322438],[128.28967575315505,37.17014835074831],[128.2980728005293,37.17165939943386],[128.29562354750138,37.18328833564383],[128.31048786774176,37.187337134497554],[128.3133922378433,37.19677574288146],[128.32638747509242,37.19729108033423],[128.3325557152218,37.21425323924598],[128.31658564104697,37.22339073667948],[128.3091408618413,37.21745688149768],[128.28818052739635,37.21507332589635],[128.28404074843672,37.210701444149436],[128.26839360281005,37.207923349418515],[128.2509333289929,37.229582357553426],[128.2447731201677,37.22683894005626],[128.23742368346595,37.22931839316372],[128.22924385688603,37.22756659777153],[128.2203134356206,37.24029824908822],[128.21748742453852,37.2410945504534],[128.21478521713783,37.24184024103747],[128.21464566170766,37.246074599944016],[128.20779919323564,37.24882300920076],[128.20117549670465,37.24897027039393],[128.17409861161016,37.23260505723365],[128.17306865599747,37.219064650189196],[128.16448012477557,37.21345670859734],[128.15416065055388,37.215858493397526],[128.15086130620625,37.220737616626245],[128.14232308041733,37.22433601613282],[128.1405515373339,37.22954560170398],[128.13289671200792,37.22979551445411],[128.12532224022166,37.234537316271066],[128.1245896609617,37.2338169997242],[128.12150830130366,37.22933106881169],[128.12236201612953,37.22520432171365],[128.1155119543889,37.22027322124411],[128.10869886804747,37.20566886915108],[128.07431051147657,37.19308520452279],[128.06047463856217,37.19409295351363],[128.04107353272124,37.188990521378386],[128.03390698296187,37.19140903931591],[128.02829804695384,37.20232335709623],[128.03875482030026,37.21603704060337],[128.03121538219992,37.22382413461498],[128.0230152225171,37.22563352067039],[128.01825682904155,37.24571385682166],[128.0079652873011,37.25212229564625],[127.99423445328495,37.253573948341106],[127.9869424542404,37.25784140961404],[127.97191483799661,37.25637836101048],[127.95268360896448,37.24792363684418],[127.94519120308146,37.240562112366035],[127.94249954998708,37.240422199100855],[127.93888116713936,37.24074296067864],[127.92172424791684,37.225382306966445],[127.92709700957161,37.220154054144935],[127.9324727593625,37.20698953939389],[127.9309210240302,37.201130788972186],[127.93625929917755,37.188766866077735],[127.93259705758244,37.18237287402719],[127.9336255339558,37.17580286086402],[127.92632699206982,37.16552734914249],[127.91504522166171,37.16888160958791],[127.90863336348237,37.16712432211557],[127.898894252274,37.149804538588626],[127.89056717177597,37.159209211074746],[127.872050040207,37.164343972174294],[127.86196495655739,37.16104554839239],[127.86129919662994,37.155348305318945],[127.85322522169402,37.16028171333369],[127.84739138698598,37.15293593816646],[127.82537022667347,37.15226271962062],[127.816850634264,37.14700327001124],[127.78952364487677,37.14340827721042],[127.76548936312228,37.15914134305045],[127.75707415615062,37.16920178678526],[127.74425812169943,37.20754685678798],[127.7489349606654,37.21833589403872],[127.74688265264656,37.23997330281728],[127.757610838781,37.25825109144678],[127.76048462303898,37.2729006698577],[127.74988254881193,37.29715947132416],[127.76768239877241,37.30289227962044],[127.76831984890372,37.306693221890235],[127.75978364104618,37.330098344586915],[127.76044316830733,37.33207914504637],[127.7627312170997,37.33434933627914],[127.75788404137334,37.34640767269544],[127.76075790783413,37.352635173973226],[127.75948249165366,37.36729107438864],[127.77800037882291,37.37104720770095],[127.77665843678346,37.383325898903486],[127.78409431562005,37.38882957350024],[127.78222747917542,37.392421390201584],[127.79364356402378,37.42250866251128],[127.80400590320484,37.42884928757576],[127.79936144164853,37.43929187102793],[127.79626623154513,37.46304395338757],[127.80048420907093,37.47125094963213],[127.78958012801084,37.474797086108936],[127.78018809367319,37.48865116550833],[127.77606624376713,37.4885445818979],[127.77468903981676,37.491746346814345],[127.76003488265377,37.492890729799846],[127.75990472449419,37.50326630436356],[127.77179045254805,37.50518533770737],[127.78111919592872,37.51306150627369],[127.78549607526816,37.513310812232625],[127.7957706556012,37.52416972266626],[127.79634376980111,37.528582055095676],[127.80647298573057,37.53117146934962],[127.80958058399285,37.53786222396168],[127.84202294396896,37.53890089572373],[127.84807617157503,37.552302021277065],[127.8363626793121,37.56040853621687],[127.81413011673787,37.56415202449015],[127.809613390897,37.5734472003706],[127.79408022490806,37.58525462817841],[127.784438142112,37.578118573389986],[127.76657085527768,37.58266875109264],[127.75410574376909,37.59206487134265],[127.74470426122572,37.58787750638437],[127.72312539705784,37.590626172752806],[127.70789503420052,37.58635311139605],[127.69819834308589,37.59088855234198],[127.7008356697683,37.596117432528686],[127.69618923184268,37.600794198387256],[127.66752103210011,37.617250835232525],[127.66384545810746,37.623796479944936],[127.6515316450604,37.62293864618003],[127.64698793012528,37.63273679964063],[127.63943278229246,37.632642743156616],[127.62731650592653,37.64273310357355],[127.62199191028255,37.64242758900251],[127.6062161242038,37.65079357913767],[127.60219374786334,37.651536582389085],[127.59882410173432,37.646884728052434],[127.58486111420615,37.6423025261983],[127.58348630149776,37.635590364048],[127.57934949325917,37.632978179910566],[127.56416983587519,37.63257092967889],[127.56016238270651,37.62984146019072],[127.55940244988096,37.628496603182604],[127.54866881704524,37.632998871248],[127.54717004205467,37.637357195357524],[127.53793689950223,37.641478389897614],[127.53565507654463,37.650694641827975],[127.54385442993905,37.65173022819502],[127.54621902315165,37.6578599750636],[127.55281588277208,37.661528345330176],[127.54904935334551,37.66861422598616],[127.55063947771632,37.68704218711414],[127.56181149323253,37.71962510380399],[127.55991207716663,37.72857664328333],[127.55374855606586,37.72879430811674],[127.5401719710255,37.719457920841336],[127.52470484576988,37.726468302587044],[127.51180037077154,37.715715065647004],[127.50614812734113,37.72415265410948],[127.51121495773072,37.736434511305646],[127.5340755545933,37.748602163461854],[127.54488008759745,37.76007459169183],[127.54092423018122,37.77087514067633],[127.52081449678576,37.79254312233625],[127.53735446085395,37.8105405680152],[127.53662814700293,37.814120603548076],[127.53494038463239,37.817710623332935],[127.52459197304962,37.82500143161586],[127.5273168747735,37.83645796873392],[127.53703115241218,37.845019552324224],[127.54965192502505,37.84653784717995],[127.55008811133608,37.85193100546576],[127.55213744016264,37.85329621286633],[127.55610593473044,37.85561523013696],[127.56323900949111,37.85587956649487],[127.56859548381091,37.86697281218109],[127.57788654287324,37.87401436696883],[127.58518576303433,37.876151054613416],[127.60321197005503,37.87420074305344],[127.60365825233937,37.874528142619035],[127.6058494131909,37.87649219710205],[127.60909529699636,37.883517937921205],[127.60740254541747,37.88966028763034],[127.61714123499257,37.90636189316774],[127.61213841354558,37.92092433726611],[127.61658396724437,37.92826564686397],[127.61206564086294,37.940599963529685],[127.60373629117923,37.9444906495277],[127.60041756559234,37.95653680883199],[127.54522524630646,37.967731802538424],[127.54424514554783,37.97411087556782],[127.54716574745294,37.97828127005206],[127.53987715459161,38.00056775586893],[127.5089041367723,38.001311061382324],[127.50392252858218,37.99795329027402],[127.49739961317094,38.00371426012926],[127.47155598511036,38.006452565454566],[127.46154335528837,38.01285378311718],[127.4575290711033,38.01699030720291],[127.45685654466928,38.01845566356646],[127.45189138015807,38.034586308699154],[127.45290597548187,38.04718618190744],[127.44623929869148,38.051213651440946],[127.44458372859515,38.05726067400586],[127.44707594529588,38.080728644749364],[127.44516749404623,38.09746966418457],[127.44045270625455,38.10883224415776],[127.43350201307162,38.1110192113796],[127.4309301087153,38.115362075379686],[127.4134084954103,38.102012593350175],[127.40552360018542,38.10295391495034],[127.40345199048305,38.112961105983615],[127.3838313376235,38.11513146040279],[127.3786137605398,38.11842895581491],[127.36594138348423,38.10692987991914],[127.33976510816998,38.10129491486426],[127.33695825735659,38.089768598866755],[127.32871996941917,38.09438105147915],[127.32067032822258,38.094683766263884],[127.3095282162204,38.118275677397705],[127.2863362677531,38.114631624809306],[127.28142072411593,38.12493667376903],[127.27581333964129,38.12417576454352],[127.27484201128131,38.13671239918839],[127.28640534135016,38.152639013625155],[127.28404713927246,38.15948549945934],[127.28899572270024,38.16945678616518],[127.29798988547233,38.175202906951874],[127.28825310812964,38.17685033783958],[127.283133301216,38.18290231854692],[127.26602121752522,38.18023775559245],[127.26448026834602,38.17174441304426],[127.25882546544129,38.16953650681467],[127.25627954451174,38.16317065931216],[127.23939219997008,38.15660391039257],[127.23444105561279,38.14713645531202],[127.22472795476986,38.14785650713741],[127.22260636910411,38.1379368472224],[127.21919295895236,38.139064606415666],[127.18893153379949,38.161819398698064],[127.18585647678947,38.17387970378053],[127.18924154515894,38.18822737621733],[127.18189584474526,38.18579978487085],[127.1805487438906,38.186130717994175],[127.17885546449043,38.1877227576874],[127.1697001196123,38.19765158635769],[127.1751351421328,38.20548403675245],[127.17116632752474,38.21349263822819],[127.15971372611057,38.21954632207775],[127.16329360224775,38.23848137245541],[127.14892257276715,38.242343755724704],[127.13115662581487,38.23275353341578],[127.11356975732228,38.23681805936118],[127.10806931781605,38.25829864351571],[127.11072945835217,38.27097526391386],[127.10140474272691,38.2736787667951],[127.10364071828718,38.28058945359358],[127.09503732094342,38.28108076551536],[127.11106521547296,38.295661275247014],[127.12746915734344,38.29898165495552],[127.13215357139792,38.31363757093013],[127.14001048137224,38.31567446185984],[127.15547243881407,38.304026151883306],[127.21122870104406,38.3191448288713],[127.21730523375246,38.32119799913909],[127.21916958340395,38.32640046696948],[127.2423639070716,38.33313456789327],[127.25399766191022,38.3267614567519],[127.2854586025832,38.3264530275197],[127.29800191925453,38.318125618295376],[127.29950249928692,38.31291342620129],[127.30638481568317,38.31736364542444],[127.32842600332008,38.318295177095955],[127.34436017718143,38.328657963095566],[127.36196139424136,38.32406129317501],[127.38135215681729,38.337147102889396],[127.39016835728208,38.33293660429797],[127.40183257263791,38.33356496834803],[127.4275534264914,38.32679950216858],[127.43206054988573,38.32160555431933],[127.44579065771342,38.31673139782767],[127.45391945572538,38.31821251813029],[127.45156065209764,38.32653996571821],[127.45821855276733,38.326650406665074],[127.46534659030276,38.31691870325143],[127.47509035532453,38.31644030371236],[127.48162291422646,38.306797146604154],[127.48829094728859,38.30654633505344],[127.49696568645984,38.299559309487],[127.51461471458403,38.303887841330166],[127.54977190215206,38.32666438991759],[127.57088099360601,38.331497682362894],[127.57791918220236,38.33638373201813],[127.59161327253753,38.33687789286113],[127.59544627227875,38.33424518906285],[127.6090451528467,38.33674558562586],[127.6119194289007,38.33569793760249],[127.6150708268761,38.33388217542233],[127.61609371879129,38.32640142977758],[127.6335151201551,38.322785900577195],[127.63422348726417,38.325362316411635],[127.65820654520651,38.32353122378264],[127.66361967932838,38.32703973201126],[127.6706345657912,38.32338038576099],[127.6840227875236,38.32401100731333],[127.69240111411334,38.326134066394964],[127.70040611147101,38.33615796827666],[127.71400698514297,38.334309906431436],[127.71507552499244,38.32931630915846],[127.74516543593842,38.34272566364397],[127.74395878620395,38.339630608038114],[127.75104470179144,38.33387223380763],[127.76087169871313,38.33816428471654],[127.76934001229,38.33523809164174],[127.78242003262824,38.34899909556067],[127.79733693139843,38.32305549653604],[127.82173878253168,38.303787651968356],[127.83946653514604,38.30769777347738],[127.84960338754043,38.314246931145526],[127.8579526299325,38.31173191387329],[127.87486417163207,38.31689279071475],[127.88846800263568,38.30876522153833],[127.89490504715741,38.31291466829577],[127.90398369722698,38.309725942200025],[127.92679169981693,38.30938097349137],[127.9582243125188,38.300219580242654],[127.96314023961702,38.293641232960816],[127.97639454375594,38.286681452028674],[127.9858041405149,38.27347666643897],[127.99175713782408,38.27874843408154],[128.00256365294152,38.275510591101636],[128.01596565579197,38.28988672679767],[128.0159621762553,38.29149968635756],[128.0129720850307,38.29417448898809],[128.01821175887014,38.31418619668915],[128.02278072785643,38.314363903793584],[128.03055627092158,38.31514193203108],[128.0311291196919,38.311214540122485],[128.04300056959002,38.311564299306525],[128.04617333834503,38.307269091336934],[128.0687632666865,38.30996315509599],[128.08437086186703,38.31572570281791],[128.11533793426008,38.336623842701954],[128.12416254163554,38.33236238713825],[128.13585204841024,38.333007366891565],[128.14546761899746,38.342765972186584],[128.15775393390027,38.342547605510944],[128.15862528085526,38.34690937328038],[128.17500315229907,38.36425220451559],[128.1842817823257,38.360603667039214],[128.1919820856681,38.372885846285534],[128.20709959325515,38.375052968577165],[128.21245122373585,38.37014583183852],[128.21766214452282,38.38252460290801],[128.22527767211386,38.38852204195588],[128.2306158760243,38.398636229746984],[128.24574614983723,38.40560269503089],[128.2432491003446,38.410876943960545],[128.24577781640454,38.41451096187247],[128.28355338267102,38.43724106850877],[128.29908693146896,38.47158562622889],[128.30672467925982,38.478581567675626],[128.3012462457174,38.490679953692876],[128.30574726710663,38.49852438444977],[128.30439288837124,38.50261009758346],[128.31319907895258,38.51236282610683],[128.31068900976678,38.53714054073795],[128.31212190733794,38.5700850826606],[128.314918132284,38.57477257250271],[128.31225817417274,38.58089214155859],[128.31443357134708,38.58475584784671],[128.3095036322157,38.59355795525657],[128.33708707523053,38.601689149195856],[128.34242575390604,38.61016396839955],[128.3567769524556,38.613709302575934],[128.3600995464755,38.60489280783651],[128.37204703314748,38.59062611901777],[128.38960940093526,38.573806548156774],[128.3944729517329,38.57286204820962],[128.39395223727362,38.56876711737131],[128.40194520150658,38.56473183373664],[128.4047798307269,38.55535782487752],[128.41084011739503,38.55588125727614],[128.4105056840676,38.547157742534814],[128.40768849071773,38.54571608999944],[128.4050645481988,38.544521435039094],[128.41234293189737,38.534978811123636],[128.41186778878662,38.53115809235952],[128.41857999622948,38.52360034305918],[128.42352464451875,38.522687053240716],[128.41843452389014,38.512845698738275],[128.42099312250173,38.50644656822299],[128.42663091365705,38.50373990877903],[128.42453063943682,38.500167459402526],[128.43013147865165,38.49067509026823],[128.43850115925463,38.48729805426833],[128.43740952886756,38.48095478819178],[128.43801831221825,38.47966546663574],[128.44032637797721,38.47566799457242],[128.44962169419568,38.4712783057873],[128.45004801465407,38.46649929334999],[128.46696729187008,38.450087147000396],[128.45916852881203,38.44328748056835],[128.46329765881075,38.44697810973037],[128.46150285629065,38.448784269324875],[128.45504161312292,38.445205220561306],[128.45669107698862,38.43156784344665],[128.47679647189935,38.402059079319685],[128.5106873102701,38.373167205456575],[128.51282296125964,38.36863177748243],[128.50701672939127,38.36357240753513],[128.51280247466724,38.35625119523215],[128.51275330362753,38.34725070026261],[128.52871483956307,38.33249305639618],[128.53100154995673,38.32487006387952],[128.52850135998727,38.32677694179925],[128.5285782539739,38.321288056471786],[128.54339921454093,38.30691533575388],[128.55120445418348,38.30353376967247],[128.54704812076378,38.30009037240022],[128.54708611825166,38.29124932726745],[128.55394965709928,38.280717401636544],[128.55387933512378,38.275094017998505],[128.56012678072454,38.27130661661947],[128.5564444664048,38.27397803944183],[128.55583397466654,38.273790428783116],[128.55544648419217,38.27129109421477],[128.56025628991904,38.25785289052552],[128.5861927341354,38.23017666017092],[128.59027066061307,38.22114507407105],[128.60206816237306,38.21463785895266],[128.6019275780557,38.21127810170873],[128.59450785520212,38.210673001558234],[128.5903119690375,38.20123522467124],[128.58349137681992,38.199397527073664],[128.58213479970232,38.19331850717017],[128.593495392961,38.19155317787921],[128.59341897938936,38.20059426382616],[128.6002324418192,38.20204975083711],[128.59710453009194,38.20069982692927],[128.59799604209243,38.19735016258357],[128.60938945811222,38.1834598518713],[128.61480591751013,38.18111097211357],[128.61104802364028,38.179077017373885],[128.61070052869698,38.176665714260295],[128.61046823406872,38.17364520863829],[128.60610552385663,38.1737562208591],[128.61095759401564,38.14610556036916],[128.62434383973908,38.12947446966125],[128.62998666950614,38.12695228718767],[128.6353969943702,38.11657931308431],[128.66270951444335,38.09184135591972],[128.6684928181596,38.08975487462406],[128.6649068234743,38.09043109230447],[128.6773318472005,38.07439411114037],[128.67609701559203,38.06700270451865],[128.68404296724518,38.05798853692591],[128.72544003301806,38.023781998798405]]]]}},{"type":"Feature","properties":{"name":"충청북도","sido":null},"geometry":{"type":"MultiPolygon","coordinates":[[[[127.31048173563909,36.72428717034983],[127.31801274320357,36.72490811825916],[127.32830309867373,36.73455516377549],[127.33920284096399,36.729725185495546],[127.34316620560215,36.73569529158061],[127.33339965755714,36.74673928670729],[127.33534700233706,36.75240716767693],[127.35225261730044,36.75408190281082],[127.35881943964225,36.76057540792909],[127.37230186824871,36.75792657831875],[127.38559323666385,36.75953963435458],[127.39602076440009,36.74793304975469],[127.40443929004309,36.74601731088188],[127.4120544194732,36.757114033956974],[127.41969848812015,36.75766218570076],[127.42041706268643,36.760837709330985],[127.4139087985478,36.770320365979124],[127.40331759711907,36.77447497472346],[127.39549717683487,36.782477535948445],[127.3967385278312,36.79027893567765],[127.4017175085319,36.79514850156894],[127.40102717422684,36.798409993930825],[127.40078711825892,36.79909224610099],[127.3821569880318,36.813752555563866],[127.36661372211871,36.81696949073342],[127.35810968161636,36.822463232535384],[127.35444506079659,36.82947489473828],[127.33453840918658,36.83066656654854],[127.33692436874748,36.8536994601664],[127.33479610262634,36.85618092012245],[127.30729677124656,36.85970293986429],[127.30577902821533,36.86335371882794],[127.31079914558524,36.871081424280156],[127.30788411688526,36.885386754197704],[127.28782872966805,36.8937788809292],[127.29736906575104,36.90396145215949],[127.3033647694211,36.91639036553203],[127.29496924498255,36.930666542595745],[127.30899432828627,36.92938757584333],[127.31621082601762,36.93472110302448],[127.32681216168234,36.935936035021506],[127.34060573708183,36.943115109430465],[127.34963056009016,36.952793619444094],[127.35399746057655,36.95267260878437],[127.35761192990743,36.947687871491006],[127.37565790229313,36.94865962098825],[127.37872344912914,36.95789497642193],[127.3848177650277,36.9596235503702],[127.38726751027096,36.96446340443082],[127.39746552803072,36.96464553178095],[127.40153405186581,36.96767809036466],[127.38497189028011,36.983636680844256],[127.39270053401272,36.99701039510258],[127.41495965310446,36.999971556199945],[127.42123908386328,37.00395927831053],[127.42882398774603,37.0021931495161],[127.4365391104545,37.005598194295224],[127.44083467586184,37.0121060912773],[127.44708882769706,37.01088548935746],[127.45093335548697,37.01930384217037],[127.45836811122781,37.02047387023627],[127.45974415436412,37.02506399237513],[127.45686316212094,37.030030929622804],[127.45969900945758,37.03812957595844],[127.45685722418374,37.04221331402422],[127.46838361685968,37.05035014612014],[127.46821171106188,37.053486509061656],[127.48621913338646,37.05485599891652],[127.49984264488819,37.04763614213389],[127.50889250411296,37.04941792459713],[127.51157537641147,37.055560643521815],[127.51826138848236,37.0583970716717],[127.53199224134585,37.055642308166085],[127.5568343676105,37.04124688111264],[127.56954254944225,37.048169912319274],[127.56495797046883,37.06059029273048],[127.57797674986166,37.07534104061421],[127.5962714239507,37.073709929120696],[127.60471837154523,37.06877941656073],[127.60493825719264,37.076153052882894],[127.59954897808575,37.08583058972509],[127.59575155676487,37.08778693453115],[127.59510786536946,37.08799279085322],[127.61194320691297,37.08725417607546],[127.63453072898369,37.099831506138266],[127.63616698158324,37.11393311079663],[127.63310214958348,37.12015765934091],[127.63776772876031,37.14119002747767],[127.62745486015002,37.15172401077431],[127.62831456020353,37.15528638334722],[127.64808854970684,37.15060496765359],[127.65994331027174,37.1399151352914],[127.67021247363107,37.13610802196792],[127.6885925986582,37.13554068471886],[127.69372573515355,37.139097794317564],[127.69548408717165,37.1404221398366],[127.6950056420647,37.15071532166136],[127.70427262264467,37.15764769493792],[127.70678021139346,37.17033255600971],[127.71690409376575,37.18342971891498],[127.72640685009502,37.182540475388315],[127.73525627927434,37.208066690734334],[127.74412975351183,37.214860822432485],[127.75599702716121,37.17085274100532],[127.76548936312228,37.15914134305045],[127.78952364487677,37.14340827721042],[127.816850634264,37.14700327001124],[127.82537022667347,37.15226271962062],[127.84739138698598,37.15293593816646],[127.85322522169402,37.1602817133336],[127.86129919662994,37.155348305318945],[127.86196495655739,37.16104554839239],[127.872050040207,37.164343972174294],[127.89056717177597,37.159209211074746],[127.898894252274,37.149804538588626],[127.90863336348237,37.16712432211557],[127.91504522166171,37.16888160958791],[127.92464122792492,37.164529939236395],[127.9336255339558,37.17580286086402],[127.93259705758244,37.18237287402719],[127.93625929917755,37.188766866077735],[127.9309210240302,37.201130788972186],[127.9324727593625,37.20698953939398],[127.92709700957161,37.220154054144935],[127.92172424791684,37.225382306966445],[127.93888116713936,37.24074296067873],[127.94249954998708,37.240422199100855],[127.94519120308146,37.240562112366035],[127.95268360896448,37.24792363684418],[127.96454758030116,37.25101025373176],[127.96973771311617,37.25569959238594],[127.9869424542404,37.25784140961395],[127.99423445328495,37.253573948341106],[128.0079652873011,37.25212229564625],[128.01825682904155,37.24571385682166],[128.0230152225171,37.22563352067039],[128.03121538219992,37.22382413461498],[128.03875482030026,37.21603704060337],[128.02829804695384,37.20232335709623],[128.03390698296187,37.19140903931599],[128.04107353272124,37.188990521378386],[128.06047463856217,37.19409295351363],[128.07431051147657,37.19308520452279],[128.10869886804747,37.20566886915108],[128.1155119543889,37.22027322124411],[128.12236201612953,37.22520432171365],[128.12150830130366,37.22933106881169],[128.1245896609617,37.2338169997242],[128.12532224022178,37.234537316271066],[128.13289671200792,37.22979551445411],[128.1405515373339,37.22954560170398],[128.14232308041733,37.22433601613282],[128.15086130620625,37.220737616626245],[128.15416065055388,37.215858493397526],[128.16448012477557,37.21345670859734],[128.17306865599747,37.219064650189196],[128.17409861161016,37.23260505723365],[128.20117549670465,37.24897027039393],[128.20779919323564,37.24882300920085],[128.21464566170766,37.246074599944016],[128.21478521713783,37.24184024103747],[128.21748742453852,37.2410945504534],[128.2203134356206,37.24029824908822],[128.22924385688603,37.22756659777153],[128.23742368346595,37.22931839316372],[128.2447731201677,37.22683894005626],[128.2509333289929,37.229582357553426],[128.26839360281005,37.20792334941861],[128.28404074843672,37.210701444149436],[128.28818052739635,37.21507332589635],[128.3091408618413,37.21745688149768],[128.31658564104697,37.22339073667956],[128.3325557152218,37.21425323924598],[128.32638747509242,37.19729108033423],[128.3133922378433,37.19677574288146],[128.31048786774176,37.187337134497554],[128.29562354750138,37.18328833564383],[128.2980728005293,37.17165939943386],[128.28967575315505,37.17014835074831],[128.28111416066727,37.17340246322438],[128.2707173180012,37.16635789970449],[128.2700483872012,37.16487702452518],[128.26964426311508,37.16170394562171],[128.2644415416554,37.160415061611936],[128.27328634383088,37.14762916016909],[128.27758806512972,37.144155767604076],[128.27993154092493,37.14246283158713],[128.29267395013247,37.139298501190794],[128.29623430074358,37.13410767463129],[128.3063609202491,37.1375259249378],[128.3115633083581,37.14537782962717],[128.324732947537,37.14807344493591],[128.32746560232437,37.15293574393143],[128.33067274228532,37.15034315983219],[128.33709310321547,37.15785242740713],[128.35151373381893,37.15741261965455],[128.35971534682918,37.150220817386874],[128.36443373614784,37.15643056014147],[128.37801529497943,37.15171332822004],[128.38435166557764,37.15812161404999],[128.40087428667812,37.14687632016135],[128.40366341169855,37.139618480645105],[128.39600246987968,37.128594066909216],[128.4057515092807,37.12698772959577],[128.41847330692525,37.11981445427566],[128.42356058081265,37.11224428502534],[128.4247004499144,37.102464003779055],[128.43012317254104,37.10367086425344],[128.4352355068736,37.111270142597],[128.4450126426594,37.10674501249963],[128.4501940870852,37.11199604967706],[128.47780577426437,37.11015490772681],[128.49099653957603,37.12381778072451],[128.49655392047495,37.1257906908687],[128.51003250344968,37.11400319078513],[128.5141702587984,37.10372558662355],[128.53116570055911,37.1000143465044],[128.5381309554226,37.08962700495367],[128.553848951701,37.08658977215651],[128.56170213994548,37.09023626790019],[128.57440621796331,37.08131707388302],[128.59184743693183,37.07815524123353],[128.6016230258909,37.08305668350636],[128.60101475958547,37.0788717405321],[128.60640456038803,37.076670231285455],[128.6226423202794,37.0874018177725],[128.62827849928996,37.08133259158328],[128.628212915108,37.07515610353516],[128.65209649620772,37.0654400160335],[128.6378561120564,37.05155357355323],[128.63292476910715,37.040501868479986],[128.62283197859912,37.04533710531938],[128.62171440600954,37.04907506313043],[128.60843685452434,37.052814516040236],[128.60678837268907,37.043395792324695],[128.58352592410975,37.04373364331013],[128.57773407416056,37.03556709972801],[128.56837213188214,37.03421942806253],[128.5654134767344,37.030717628544906],[128.57260799125456,37.02196670577589],[128.57290594745967,37.02079965290651],[128.5712727748361,37.01593345949359],[128.55682369330378,37.00574639470283],[128.554731214781,36.99828606260342],[128.5355338804241,36.99022499638205],[128.51547479900248,36.98682341786743],[128.5146142265392,36.977581396643345],[128.50672810812583,36.97008244131679],[128.48642048746046,36.96218360809976],[128.48489464156543,36.95747144005622],[128.4770472167835,36.95744047521257],[128.46716959062184,36.95145033302919],[128.46278173472027,36.94738430168631],[128.46039549238358,36.934005030917476],[128.44174577020016,36.927364531882326],[128.44474972888466,36.91369349920638],[128.44028052089865,36.90124958309976],[128.42678632426322,36.88924490985349],[128.42815843586746,36.884767575704416],[128.4239697474439,36.87652844792285],[128.4369292142546,36.87356059724603],[128.44799809695152,36.86438835486536],[128.4466591119964,36.853371696835445],[128.44903106116618,36.84784213823854],[128.44150473786576,36.83760295091388],[128.434113111126,36.83414401313672],[128.43204718652197,36.824065642048716],[128.42114340315777,36.81180665641081],[128.38333908553827,36.813757907602145],[128.36839883589099,36.8020760326298],[128.36408420404223,36.80221565385421],[128.3531810158307,36.81244996932711],[128.33445973458902,36.81696057109043],[128.31645039205114,36.81666164100166],[128.31574933172865,36.82275570050778],[128.29562427482452,36.835341228841976],[128.28655569761665,36.845033640398015],[128.28247575571106,36.855962777124724],[128.24182569712826,36.87232567938043],[128.2394957762324,36.865103042728855],[128.234655855096,36.86283064708445],[128.23440154723613,36.85467889394297],[128.23871417173075,36.85018323556165],[128.23702254343974,36.84534591453256],[128.21254447197532,36.849729082935546],[128.2112515578665,36.84690115964483],[128.21731623301875,36.81937377834476],[128.21536954518095,36.81200227230616],[128.18479999127328,36.81663261594189],[128.17131939730785,36.8221013467103],[128.15312522031007,36.822435238133714],[128.14178117678247,36.833336630344235],[128.13633210851364,36.83289149766824],[128.13357110689387,36.83279533263537],[128.13397559906278,36.82844080780639],[128.12987849537254,36.82514924914012],[128.10987767687905,36.821470445543405],[128.1070808249486,36.807309072799484],[128.09413887733663,36.80362396735444],[128.0934961035789,36.79677674476355],[128.09006779370617,36.796637529055076],[128.0838334144308,36.7992990587095],[128.08537347763772,36.804203975456275],[128.074427823889,36.81281543546366],[128.05963656530042,36.81677269144138],[128.0579495871728,36.807012568649824],[128.05397497247912,36.80520413976835],[128.05497794899568,36.79266267990304],[128.04556462616802,36.78244121623824],[128.0448049035859,36.7710511668803],[128.0323670586051,36.755170435069616],[128.03229811753386,36.754399255417894],[128.0323246922071,36.74757585663658],[128.0679879712303,36.72223411309197],[128.07272380171236,36.7118862617715],[128.0703838023278,36.70770461768476],[128.0490287140756,36.70800653470709],[128.031909569466,36.71877944040904],[128.02093005989593,36.721925074826316],[128.0148421899525,36.73019132306544],[128.00936206509533,36.728374029533626],[128.00193910696106,36.717256808269],[127.98684825918018,36.717549336083614],[127.95845543998888,36.7368448583653],[127.95360550527538,36.722677070638596],[127.949183622545,36.71987568717345],[127.94952836782595,36.70805016596306],[127.9335691747646,36.70648737200481],[127.92891921415077,36.69083859794564],[127.89389004819242,36.694382491429856],[127.88729198500218,36.69116205565421],[127.88197667868947,36.68344630638359],[127.87429289887376,36.68196095686657],[127.88000995996038,36.678709391302284],[127.89166958321182,36.68243954294054],[127.90856801050121,36.6794827829253],[127.9129692126901,36.6776706376926],[127.91585894757911,36.6718356831008],[127.91770939861071,36.667854465116335],[127.92957195351977,36.66876507717914],[127.93163707405522,36.65539950892671],[127.93908244800517,36.65274760927335],[127.93920944035699,36.64706147299493],[127.9343122185084,36.64108598270613],[127.93595660314138,36.63300174395752],[127.93237731310494,36.61874310165885],[127.92408912396125,36.61545039882891],[127.92524168755992,36.60281420541218],[127.91996219046094,36.60111832547207],[127.9188029598554,36.60868126098749],[127.9118024563058,36.61453868841979],[127.90717998646262,36.62581269593546],[127.88965316372644,36.62934905681407],[127.88923994762179,36.63984259057536],[127.88235415215362,36.64650317636944],[127.87965833491111,36.65676724919281],[127.87393601677738,36.655045526648564],[127.86128966230572,36.6355648269493],[127.84675317587966,36.63398888246736],[127.85056186082998,36.631254916579365],[127.8478429126751,36.62493563551792],[127.84981065464052,36.619579985847835],[127.85830352084466,36.6135328449366],[127.84029027870143,36.608572548275674],[127.82099780342729,36.61330699240643],[127.81810742239247,36.60836988219159],[127.79846686982036,36.60207742209276],[127.79615213431323,36.5952645357483],[127.79847590905904,36.58644225576288],[127.80489661830516,36.58138656864436],[127.81620323068088,36.57808141228118],[127.82447125033164,36.570907423920936],[127.83016048619868,36.57427531253282],[127.83707284250296,36.570100544412576],[127.85236289603468,36.571153314209596],[127.85743613031775,36.56955243249208],[127.86042274730572,36.567950699069264],[127.87032170996757,36.559153699644185],[127.87298859707661,36.55132764419871],[127.87047577799753,36.5428246513657],[127.87609180378865,36.53701518886763],[127.90246327105942,36.528069619723965],[127.90254441152217,36.51323721318918],[127.90633632546135,36.506944132458756],[127.89760696572363,36.49847967229883],[127.88871470471355,36.4931367307916],[127.88046639483825,36.49327056462715],[127.87609469262371,36.48836808108933],[127.87552319666199,36.48567017135835],[127.87527773730254,36.48316542905775],[127.88061861518122,36.48062719767953],[127.88187349092341,36.477490890492255],[127.88238176329008,36.4758715871465],[127.87836729764182,36.46707640016373],[127.88196125455279,36.46183892693147],[127.8721499994265,36.44086256588229],[127.87547225011664,36.429670310770774],[127.87299431607818,36.42428223310627],[127.88272360903932,36.42435229286712],[127.88278603085745,36.42394338488104],[127.88271036942348,36.42217364621846],[127.8756895923332,36.414351554566096],[127.87300959947822,36.40589043258134],[127.8638656087129,36.403042545761],[127.86631172830164,36.394757967206225],[127.86290464612476,36.39296795290724],[127.87572240258908,36.39059321131417],[127.88416671915468,36.380013130055026],[127.87989879959532,36.3714546515963],[127.88367100544488,36.37063777549368],[127.89125968582033,36.35966403564212],[127.88143082701522,36.34513572229343],[127.87014931372528,36.34348660990485],[127.86576412978056,36.33557786139453],[127.85256372174153,36.32963227129464],[127.85039180050398,36.32025380563628],[127.84577220194235,36.31811787861972],[127.84147817163854,36.31000161750022],[127.8468622092236,36.3007632638635],[127.84564986006532,36.29368890494217],[127.85211948746873,36.27392410654412],[127.8537697715831,36.274539256006356],[127.86086183372674,36.277060250272754],[127.88263554865853,36.27374966701354],[127.88991463893176,36.28923549322216],[127.904286809518,36.30145396211863],[127.90810924019617,36.28550954632732],[127.93090725307188,36.27801330453948],[127.93793112855242,36.26906026916303],[127.94735882270237,36.267237336260514],[127.94925124474085,36.25664672616175],[127.95460760085912,36.25721510109243],[127.96016741995938,36.2523712060689],[127.97056216203309,36.250401038150564],[127.97461300513436,36.25294965332657],[127.97832387225331,36.25458767876743],[127.97671867188174,36.25928670591696],[127.98119086545908,36.2636479990029],[127.99052819816764,36.263378275366286],[127.99440806239589,36.267441240016744],[128.0004777711757,36.2664384108459],[128.00907089910558,36.27200845385965],[128.01903432602512,36.267294409605896],[128.02622489212047,36.26789600870723],[128.0331824078619,36.26152990820692],[128.04735242904377,36.256551059425526],[128.04572695511575,36.25211915385011],[128.04026227326858,36.25202501782432],[128.03565501909526,36.24346688852132],[128.02990214142034,36.240012985432124],[128.039338876838,36.228676728131376],[128.04222474738972,36.21754895008008],[128.05009117754005,36.21646281713637],[128.05079104656159,36.20599630572416],[128.05814614875197,36.20124502365803],[128.03863366948505,36.19415805986651],[128.02404753325598,36.20664935403541],[128.00974801608734,36.20936207016257],[127.99845402713137,36.20730123232061],[127.99303853340676,36.20003278677128],[127.97801613111521,36.19811066002706],[127.98119833495852,36.19587597803328],[127.97533187956338,36.18771063191686],[127.9841335608234,36.178169770811685],[127.98259750993563,36.170559113661035],[127.98984358248772,36.16515506131522],[127.99048049390075,36.15887630627284],[127.99719738427115,36.15546719320243],[127.98748203925277,36.14738360026855],[127.9877840252107,36.12881849348912],[127.966795816452,36.118060538839075],[127.96520087029259,36.11282884277295],[127.96868660431218,36.10312892763821],[127.95847193846208,36.09014250788832],[127.96169421736026,36.08297942213405],[127.96087438285667,36.07033903315799],[127.93629479520992,36.051079054833515],[127.93017777130288,36.04943941708883],[127.91678204502323,36.05423814348913],[127.91042873897597,36.050654729728755],[127.90269388405572,36.039103873099066],[127.88483652733301,36.03588940767797],[127.88345872276436,36.02806229924388],[127.8767739765349,36.02251177144465],[127.86614734276188,36.024290713985415],[127.86059537370133,36.03145847678779],[127.85566396093579,36.032928007945856],[127.85280793645106,36.039106275963775],[127.84855132413276,36.03972171112072],[127.8189476196319,36.02895056759357],[127.79944095259329,36.02606604547464],[127.7876189612977,36.014504022340795],[127.78153398408058,36.016508924432145],[127.76426780374364,36.012429964629646],[127.75928382564628,36.01521162683863],[127.7616050131119,36.02517885660318],[127.75385829420343,36.024056146809485],[127.74730505467409,36.02970113866615],[127.74148546171284,36.02480142579504],[127.73483525800965,36.032319429157305],[127.70192550944628,36.03527103081306],[127.69501887095417,36.04590818434387],[127.69504210598792,36.05875548637418],[127.69073604560487,36.058034579590284],[127.68808985547084,36.062744729680794],[127.66977609684736,36.05137454095395],[127.67273573157892,36.04163009500981],[127.66905901856441,36.038655249061954],[127.66022890726883,36.038541309162866],[127.65442685390353,36.05590288922421],[127.64905046691032,36.057992701485915],[127.64455041046882,36.06681377089999],[127.63820316232088,36.06822896951553],[127.63214695305341,36.08236453280506],[127.61727468819024,36.09357814586655],[127.61909578361264,36.10888516826498],[127.58948065411238,36.13429690915705],[127.59094903205299,36.14483392256717],[127.60166451197549,36.160024040523844],[127.60147835682848,36.169046425717674],[127.59306102719725,36.177377213394344],[127.59770656637599,36.18487720963907],[127.59245808303716,36.195196664096315],[127.5996578176901,36.20509080186628],[127.59777893770057,36.217500140426154],[127.57954880598932,36.23279643763328],[127.5702695246418,36.233518967585496],[127.5638513157878,36.22774775457913],[127.54533116568325,36.225513817466656],[127.54986145587235,36.23842436370702],[127.53791797779873,36.24277768986866],[127.53624268931073,36.25123064960048],[127.52384706362507,36.24648973637131],[127.51812955894293,36.240641128556746],[127.49257720413041,36.237953950299875],[127.48760758009983,36.25143928748908],[127.4899837358851,36.257335423323134],[127.48604835520894,36.26124847325972],[127.49069763043697,36.27392910441646],[127.49880955926436,36.28281446317237],[127.49117725643971,36.29702312505435],[127.4989768477866,36.305672870788925],[127.49501880599752,36.31172656057656],[127.49782766938671,36.31641256152517],[127.49684242567892,36.318622253496315],[127.49597571196723,36.31988241241083],[127.50295938205734,36.32561572795307],[127.50055861058905,36.33929422527076],[127.52239552132666,36.35432483542389],[127.52651866546316,36.36946235347045],[127.52566886342167,36.38732230268195],[127.5339209847633,36.3936175306279],[127.53915878169504,36.39719164557486],[127.55402424017963,36.39487093327432],[127.55967899339585,36.39821888813311],[127.54557394211203,36.40881874284657],[127.54228045776404,36.419279191291],[127.52938113313316,36.41921976903534],[127.52431923951693,36.42343183673047],[127.51993041038426,36.419818007489184],[127.51451271735819,36.422473523068305],[127.51046555293688,36.40963925925994],[127.50155457806459,36.40865381324259],[127.48972147985461,36.43412517805062],[127.50445580078694,36.451896932982194],[127.500590919062,36.45620346847202],[127.48690152379623,36.45278373995707],[127.47827845553712,36.457280588795385],[127.48403267431559,36.47661749351169],[127.47028654409672,36.47366357861616],[127.46378070890309,36.46451414484615],[127.46255822486442,36.45612720196152],[127.4513305830261,36.44925315003435],[127.44716182823227,36.44919472025801],[127.44410330206041,36.4503984318284],[127.43586139805853,36.45644501886907],[127.40208526629618,36.456040446293486],[127.39967661818756,36.461836668122174],[127.40414412627455,36.48111425887269],[127.39612055447934,36.49172146872055],[127.41056225519547,36.496278408173104],[127.4078833771592,36.50014738634858],[127.40904397230108,36.50974842731094],[127.39763502206318,36.52057828158982],[127.40860113014064,36.523691182765],[127.40501266680238,36.53731100617717],[127.40019353837823,36.54178371750018],[127.38388437672093,36.54153273963075],[127.38318603309382,36.547864639161766],[127.37852492001346,36.549806192670964],[127.37809665808167,36.55516676902767],[127.37254698357043,36.55972424069874],[127.37796910468984,36.56289447772897],[127.37712515520323,36.56787334044247],[127.3576450568622,36.56181133689437],[127.34712793018296,36.564453394452656],[127.33808518698198,36.56234327315666],[127.33576446865037,36.5710639891038],[127.32658586966238,36.57652432041999],[127.32143937118236,36.58377967826596],[127.30576774522712,36.582995702639316],[127.2998209205659,36.58595324670471],[127.30484332412594,36.59138980456069],[127.30653405468377,36.601384196653925],[127.30089424505329,36.607723679906286],[127.30180732935541,36.61281373928857],[127.2959129913371,36.6196999188762],[127.2963025473952,36.62424020954778],[127.29175946260028,36.62562298220584],[127.29215894559715,36.635640195427335],[127.27939744914842,36.633518022310994],[127.27565045666323,36.63980367246589],[127.28277801573628,36.642293804158484],[127.28220632720637,36.64320373045433],[127.28161959068909,36.64514288663135],[127.28868824377221,36.65889821451179],[127.29592742553466,36.6595700183224],[127.3050904698948,36.66756985084987],[127.30762518399236,36.68202247188077],[127.28529006668742,36.69067145232302],[127.29158525036841,36.69703465120085],[127.30839798743851,36.70480547925522],[127.30610066727878,36.70826969389349],[127.31048173563909,36.72428717034983]]]]}},{"type":"Feature","properties":{"name":"충청남도","sido":null},"geometry":{"type":"MultiPolygon","coordinates":[[[[126.64449911017886,36.05144346552586],[126.64443441268095,36.05138015114515],[126.64434911266265,36.05129867102115],[126.64417501710847,36.051143603102474],[126.64407572324632,36.051062235629324],[126.64396289259484,36.05097790628219],[126.64381438400193,36.05087290541052],[126.64367774637329,36.05078162067972],[126.6435694411669,36.05072276517358],[126.64344959897596,36.050664712483126],[126.64336229975824,36.050633675651056],[126.64095551357337,36.04987404418327],[126.64015249790428,36.049624793482074],[126.63934553933738,36.04939391705446],[126.63869728997359,36.049230016127275],[126.63208185350284,36.04764613490964],[126.63200290699473,36.047762457161994],[126.6330969704558,36.04801887264861],[126.6336439442383,36.0481231318456],[126.6341810598258,36.04822791597844],[126.63541320450304,36.04851486953382],[126.63882434654664,36.04933459875203],[126.63954125962071,36.04951569406167],[126.6401749562856,36.049708168122656],[126.64328384588322,36.05066849023642],[126.643463938168,36.050736257804346],[126.64360994286189,36.05080525655332],[126.64371975715851,36.05087178601013],[126.64449911017886,36.05144346552586]]],[[[126.64449911017886,36.05144346552586],[126.64453178033631,36.05147543720368],[126.64465188361147,36.05159142823539],[126.64476902698368,36.05170191476991],[126.64487563750157,36.051800436362214],[126.64535923602935,36.052241429653975],[126.64543507313647,36.05230516211483],[126.64548775941915,36.0523442774874],[126.64554735102946,36.05238014242086],[126.64561100205295,36.052408989656215],[126.64610847759076,36.052623944296705],[126.64449911017886,36.05144346552586]]],[[[126.37484214917744,36.596558970223114],[126.37509947266852,36.59667906170336],[126.37508327898783,36.59665699874081],[126.37489178731013,36.59656546573217],[126.37484214917744,36.596558970223114]]],[[[126.37509947266852,36.59667906170336],[126.3802000094171,36.60640861342921],[126.38101398578591,36.602491461909885],[126.38573521019327,36.60428155060429],[126.38084969581814,36.59155065032807],[126.37876701081926,36.59696157898177],[126.37741127134638,36.59775792437574],[126.37509947266852,36.59667906170336]]],[[[126.37484214917744,36.596558970223114],[126.37148952244408,36.5903026537418],[126.3738780832259,36.589266492535785],[126.37577024405245,36.587261854031084],[126.3751383667861,36.578791309271466],[126.36367307439403,36.577346286504834],[126.35881991738765,36.57215022436257],[126.36283004910649,36.56742375273111],[126.37516634656909,36.56452071811603],[126.37426287216512,36.558021240652224],[126.37899443143593,36.54932682479941],[126.37494223149227,36.542015058924584],[126.3866024904349,36.524287582384936],[126.38547691474854,36.5206890442535],[126.37809708703597,36.51920204137433],[126.38137341660679,36.51439928579569],[126.39441473003366,36.51455833789013],[126.39098766631237,36.509417550091094],[126.39737888386202,36.51122732051361],[126.39805117612984,36.50665319408234],[126.40175939564159,36.50546577238108],[126.40340498475719,36.49870396763959],[126.3994137762203,36.496527875898344],[126.39895313970017,36.48824075221318],[126.40317583851308,36.49012936796219],[126.40564305431509,36.48775392516681],[126.41028678379003,36.4916600475779],[126.40872364600392,36.47455734351198],[126.41745979054832,36.46461983120681],[126.40648787437082,36.4531152540272],[126.42174893338465,36.44603068706681],[126.42136261894787,36.44045343389398],[126.4318963445682,36.437365386236735],[126.42784428041836,36.4319993759883],[126.43457168602117,36.41961806796692],[126.42222571686673,36.410073355425716],[126.42746836242137,36.399289542675916],[126.42129304420101,36.39994733861109],[126.41806423502145,36.40597468515704],[126.41228426038188,36.404967795667005],[126.41046794353782,36.413418354215715],[126.40044297126633,36.412368859103],[126.39721115270144,36.41910675505116],[126.38999291147915,36.421918044609676],[126.37970500165972,36.420568650908386],[126.38059077702695,36.41557729121948],[126.37644259597451,36.412016126094144],[126.37173390902122,36.41111866773221],[126.3623471273995,36.41552088643153],[126.35736078373748,36.42444558296422],[126.35101624978509,36.42535152881892],[126.35754492353236,36.43936658400578],[126.36500775508857,36.43720869538574],[126.36401663231968,36.44058589651502],[126.35370662461824,36.44180348259401],[126.34491093647222,36.438950623316316],[126.33030892025882,36.4413036939262],[126.33302252336426,36.445743345160814],[126.32903845891128,36.45785640813969],[126.33085633625097,36.464974852219626],[126.32417638318687,36.46819593258064],[126.33166642940941,36.48367317471366],[126.33021264279911,36.49998685428952],[126.3387336179814,36.5051124226768],[126.3334097529033,36.50392120572609],[126.33210497654301,36.51025270125071],[126.32786711850535,36.51233350754404],[126.33082565504228,36.52943110381701],[126.32774055558835,36.554851947877715],[126.31423073888188,36.57106662922044],[126.31162203068062,36.58542421523119],[126.31866910800389,36.58642335967453],[126.32324193745913,36.5834312305442],[126.32251054721652,36.59852544094175],[126.34021875383762,36.60826700845361],[126.3477663511685,36.60456618735134],[126.34856246441156,36.61020131141912],[126.3591751843078,36.612450858926714],[126.36586384451165,36.60972512474273],[126.36804215853563,36.600058869032374],[126.37484214917744,36.596558970223114]]],[[[126.14195365649898,36.72295879162272],[126.14211127035256,36.722560296963515],[126.14212919545143,36.72248333696656],[126.14222812039529,36.72193713884696],[126.14195370893762,36.722958562074616],[126.14195365649898,36.72295879162272]]],[[[126.15820747589736,36.75355768438349],[126.15809089264236,36.753224066144284],[126.1583091542223,36.752256324213896],[126.15833919159063,36.75224058722649],[126.15841956089298,36.752189999577],[126.15843393359208,36.75217837840501],[126.1584802829302,36.75213524577347],[126.15851016733552,36.75210358630712],[126.16011191254775,36.74965052270559],[126.16013085705256,36.74961983032809],[126.16013823591202,36.7496075009801],[126.16014133940266,36.749602181570935],[126.1601565111763,36.749575355161326],[126.16016343280334,36.74956303871534],[126.16016918052556,36.74955175290739],[126.1601764734348,36.749536765232904],[126.16018249162245,36.74952409426966],[126.16020069427127,36.74948543046651],[126.16020217621201,36.74948201638691],[126.1602076700887,36.749467935121714],[126.16047035818531,36.74873353195294],[126.16047189885704,36.74872893045694],[126.16047338601791,36.74872366855833],[126.16047688513783,36.74871027692129],[126.16047988203837,36.74869678049479],[126.16048257532582,36.748683221161976],[126.16048769177755,36.7486545039063],[126.1604890760639,36.74864446517228],[126.16048923666392,36.748641025380394],[126.16048922263724,36.748637194234554],[126.16048870758766,36.74862700069884],[126.16048837543924,36.74862355539377],[126.16047739770917,36.74853041342025],[126.16047611274755,36.74852520503852],[126.16047470541075,36.74852187922386],[126.15936871093761,36.74731318365387],[126.1593677849079,36.74730975324822],[126.15936568211957,36.747304557268194],[126.15936402585956,36.747301381859955],[126.15936086954653,36.74729596487266],[126.15935886596576,36.74729292079134],[126.15906639000764,36.746895192795904],[126.15906230522604,36.74688996546367],[126.15903839859277,36.74686120423082],[126.15903570794895,36.74685850932807],[126.15902763946845,36.746850999799975],[126.15902372114586,36.746847791671165],[126.1590203769678,36.74684557799423],[126.1590159046019,36.74684369952037],[126.15889178050492,36.74679803762433],[126.15888643664529,36.74679616194208],[126.15888239316587,36.74679512480778],[126.15887780812699,36.74679444214145],[126.15887358400245,36.746794261144245],[126.1588692333789,36.74679452577452],[126.1588650379431,36.74679527173665],[126.15886114956241,36.74679677834135],[126.15828155480983,36.74711006963127],[126.15806992025998,36.74726357822538],[126.15805293683273,36.74727658690609],[126.15804726606297,36.74728126076401],[126.15804490429768,36.74728425205482],[126.15745466336885,36.74834135490634],[126.15744665082168,36.748358147917244],[126.15743936792964,36.748375109606386],[126.15743255074389,36.748393370979485],[126.15742698434904,36.74841004734191],[126.15741008988398,36.74846601276725],[126.15740534304987,36.74848232518465],[126.15736154672375,36.74865172518314],[126.15799056416371,36.753405853917684],[126.15820747589736,36.75355768438349]]],[[[126.15820747589736,36.75355768438349],[126.15890123729451,36.75554291385606],[126.15889543950986,36.755512249360244],[126.15861590097447,36.75407906765698],[126.15860588696628,36.754032321219185],[126.15859507433906,36.75399683160749],[126.15854629953883,36.75387979610735],[126.15851700932286,36.75382390115565],[126.15848067472533,36.75377768720991],[126.1583859666916,36.753682944778774],[126.15836107336959,36.75366519653314],[126.15820747589736,36.75355768438349]]],[[[126.39523155138811,36.887538617475],[126.39518850353934,36.88747415955522],[126.39516687673266,36.88744285431129],[126.39511741721016,36.887401603666945],[126.39510735631379,36.887397046304265],[126.39501560907216,36.8873669602886],[126.39500355181679,36.88736668410129],[126.39474370407687,36.88759117267495],[126.3947247396575,36.887607557020665],[126.39442446308745,36.887794712667706],[126.393262718895,36.888490598245525],[126.39523155138811,36.887538617475]]],[[[126.39051023883137,36.88947794743994],[126.3904150698529,36.88946415335868],[126.3898526336742,36.88939158571444],[126.38981098601077,36.88939081258327],[126.38977340962836,36.8893905119491],[126.38966782817154,36.889389977821416],[126.38956167669707,36.889389441917395],[126.38948791683097,36.889389522343016],[126.38945833260468,36.88938970374934],[126.38817601167555,36.88949168034063],[126.38807230567538,36.8895039246889],[126.39051023883137,36.88947794743994]]],[[[126.393262718895,36.888490598245525],[126.39184839106348,36.889174426650484],[126.39143029331753,36.88936531804157],[126.39117734261377,36.88945369743877],[126.39108636993794,36.889466982567285],[126.39101326185254,36.88947258126217],[126.39051023883137,36.88947794743994],[126.39081522756707,36.889522152849004],[126.39110485363649,36.889532404678356],[126.39115972067087,36.88952839705608],[126.39117685516685,36.88952510638131],[126.39124260442343,36.88950798014474],[126.3913062765753,36.88948983395594],[126.39195452282415,36.889204418492575],[126.39278982971446,36.888773852183306],[126.393262718895,36.888490598245525]]],[[[126.69484001914682,37.000436992555315],[126.6948288793482,37.00050612946452],[126.69483278698992,37.0012522813423],[126.69537509595622,37.00149068916838],[126.69551448742327,37.00151959151221],[126.69555322748475,37.00152197603682],[126.69484001914682,37.000436992555315]]],[[[126.69484001914682,37.000436992555315],[126.70010214482785,36.99595376522754],[126.70466892182046,36.99936992464023],[126.71926968027802,36.99169550274565],[126.73734784217586,36.98841697642079],[126.74165919206864,36.985001327413684],[126.74676576335801,36.9882022538232],[126.74461962346011,36.986548817869796],[126.75000000616461,36.98710000223849],[126.78278102193967,36.975124796526806],[126.77971178908611,36.966753088529266],[126.79441261095334,36.942537609035206],[126.79163325099003,36.93699960371821],[126.80246828160465,36.924588350152],[126.80637923024278,36.93127215665355],[126.81159920587297,36.92623552393007],[126.81728396801458,36.89647496755452],[126.82679971173144,36.88852050707332],[126.86251629642855,36.880014976867706],[126.88266223532126,36.88680414046674],[126.90588880584895,36.888689216694864],[126.91126161676908,36.89287470802909],[126.90965825608983,36.90159560650918],[126.91032129068758,36.90168308319523],[126.91674272489315,36.9062085221801],[126.93160746585754,36.913434774522166],[126.93962571458218,36.91733135319493],[126.973745480765,36.92586288596516],[126.99518162898288,36.93535940924524],[127.01556787608057,36.93539117885392],[127.02579674103629,36.928746832820785],[127.03178032980381,36.92832194600542],[127.06548667290369,36.94192650443207],[127.07408249271465,36.93862504214018],[127.08621207346903,36.94773788678802],[127.095763942814,36.94237432102614],[127.10299942362198,36.953160237751284],[127.09641482656085,36.955691543705754],[127.0965056882425,36.95933971540935],[127.11309804986487,36.973074036232994],[127.12950591440246,36.9664267161978],[127.14425896331541,36.971140550252976],[127.15918128314767,36.96975513136955],[127.1554024793254,36.96442721715155],[127.17776073856774,36.96252628548069],[127.18040847166375,36.95674640023145],[127.20214401440397,36.951710660282956],[127.21155931403528,36.937808997640815],[127.21045076177465,36.93053896556822],[127.2203278160527,36.93044904750983],[127.24404860847719,36.917598612583696],[127.25313196243815,36.92243637145256],[127.25860908868587,36.91587389865044],[127.2734513384474,36.91145256271781],[127.28454607119525,36.89532422694874],[127.30788411688523,36.885386754197704],[127.31079914558524,36.871081424280156],[127.30577902821531,36.86335371882794],[127.30729677124656,36.85970293986429],[127.32813079528069,36.85816267395675],[127.33649470373204,36.85468680971902],[127.33453840918658,36.83066656654854],[127.35444506079656,36.82947489473828],[127.35810968161633,36.822463232535384],[127.36661372211871,36.81696949073342],[127.3821569880318,36.813752555563866],[127.40078711825892,36.79909224610108],[127.40102717422684,36.798409993930825],[127.4017175085319,36.79514850156894],[127.39673852783119,36.79027893567765],[127.39549717683484,36.782477535948445],[127.40331759711904,36.77447497472346],[127.4139087985478,36.770320365979124],[127.41969848812012,36.75766218570076],[127.41220773266929,36.75725092326218],[127.40443929004306,36.74601731088188],[127.39602076440006,36.7479330497546],[127.38501699423196,36.75964258851885],[127.37230186824868,36.75792657831875],[127.35881943964222,36.76057540792909],[127.35225261730044,36.75408190281082],[127.33550795195384,36.75264184526871],[127.33339965755714,36.74673928670729],[127.34253027870801,36.733785624359875],[127.3375501253596,36.729303808409],[127.32830309867373,36.73455516377549],[127.31801274319037,36.72490811825851],[127.3104817356182,36.72428717032663],[127.30610066728013,36.70826969390125],[127.30839798744196,36.704805479260365],[127.29158525033793,36.69703465119142],[127.28526315066124,36.69060604319601],[127.2777087427047,36.69134921403604],[127.27347689368654,36.69526586625956],[127.265229644869,36.69220428535983],[127.25121750074696,36.697012957426914],[127.24571086145181,36.69589150467606],[127.23640450687414,36.707451876670675],[127.22511658385685,36.71037268169164],[127.22362997069844,36.71571993239513],[127.20785027249697,36.71903620448299],[127.20312237353798,36.72614912287082],[127.17412880022212,36.72857393001672],[127.16464307582996,36.7338084320355],[127.16135282109437,36.733129453647386],[127.15964389349436,36.73284394484881],[127.1592726760251,36.73138181762241],[127.15752563754212,36.72745609425155],[127.15201214515201,36.728442879323495],[127.14824581112697,36.719886682568514],[127.12776572768941,36.7088320484252],[127.13614355551283,36.70503957688325],[127.14174893421526,36.68998382582597],[127.1562234547545,36.69076423387663],[127.15711394407536,36.69565728257804],[127.16144490245092,36.690218628544635],[127.16412363870309,36.67849759015287],[127.15485840404561,36.66427464964171],[127.16056872893083,36.65611900292528],[127.1546968432672,36.65285588767566],[127.15399383113022,36.64966173310617],[127.153166435875,36.6452055825949],[127.15794001434097,36.63519192193584],[127.15705244188479,36.62723259664056],[127.16049734624848,36.62445088063456],[127.15432140028773,36.62389067990566],[127.15005332395289,36.61900800467903],[127.1556163173322,36.61599228187896],[127.15588376716912,36.60601104494011],[127.16607555914335,36.60255055054789],[127.17272367204389,36.59545122212478],[127.18168373659977,36.59551010461835],[127.18432198268597,36.59120287689823],[127.1913508532256,36.59393753873711],[127.1892554108905,36.586839053600755],[127.19295596963887,36.58081722622915],[127.2003992895293,36.58256761234202],[127.20775131493622,36.577959503982335],[127.20310001671984,36.56744371505398],[127.19378771707413,36.56481251857634],[127.18611433322542,36.552320872850586],[127.19182685607674,36.5460253769674],[127.17870779901136,36.54541147997746],[127.17424055723838,36.54218950774706],[127.17301836237029,36.533456889588344],[127.18234872866988,36.521438079628616],[127.16998970228386,36.509037912931994],[127.17757211998993,36.502412054719905],[127.17324009037723,36.4974410745337],[127.17687683368503,36.49252958310585],[127.18544634476726,36.493208942289954],[127.1946755005009,36.48959359738962],[127.19482169143448,36.48438603427387],[127.19416295818415,36.484333545427404],[127.19048196572056,36.47947099480057],[127.19201739961557,36.4746665146885],[127.19790786542202,36.46596748005091],[127.20327671292098,36.46497771766123],[127.20412650876897,36.462518321194594],[127.2047335150071,36.45929023803429],[127.19839946463105,36.45220667838542],[127.20163997573341,36.44658632682693],[127.19893362671037,36.43988438444793],[127.21720513308486,36.433765848636035],[127.22693294104769,36.42122130298477],[127.23078689815033,36.42239696116407],[127.24304449898302,36.417400633444856],[127.25079570977361,36.406758398648705],[127.25911630045093,36.40910798846331],[127.25864550727435,36.41424307079722],[127.26261276411111,36.41668149687644],[127.28210044268859,36.41499937703304],[127.27805747721503,36.386715313292555],[127.28103693044847,36.374863604983915],[127.27767543040659,36.36529030715247],[127.27083577050931,36.35870067084195],[127.27911807605079,36.34482237189794],[127.2686460368203,36.34100217678524],[127.26542478078316,36.33722861738651],[127.2681201917639,36.33141116359534],[127.25976633568759,36.327248148703355],[127.25984859494818,36.29565432082378],[127.25405889347742,36.29686905119059],[127.2466529963442,36.29095962656299],[127.25877186388966,36.27605058026208],[127.281245003927,36.265185359506205],[127.29175087732862,36.264688170307444],[127.28259788603393,36.25847286863107],[127.2796655892649,36.252119884110336],[127.28183982260059,36.23580303794993],[127.29229943542478,36.229796998142454],[127.29350444212515,36.223938582580566],[127.29429533681858,36.22303291878187],[127.29732325481983,36.22152470849191],[127.30324401349786,36.2226349990533],[127.30356654282008,36.22973526039224],[127.31526122251074,36.22128808483046],[127.32153078749154,36.21342970975265],[127.32303533485789,36.20372913189526],[127.33355037535674,36.20067129616871],[127.33169763055693,36.184055520001365],[127.3355119619498,36.18337220769049],[127.3475865964847,36.19756663247146],[127.34686698464725,36.204126850659314],[127.34954516564619,36.20803646287581],[127.35296769326354,36.2118390560481],[127.36419690249099,36.21890129287099],[127.36011116194875,36.22668016513923],[127.36513683529009,36.24363406238265],[127.36415655146337,36.251559580604706],[127.35959886581526,36.254715063325726],[127.36020024486278,36.26221278934528],[127.36292220040013,36.26911512706055],[127.37246035212631,36.2721785169441],[127.39025770211794,36.26227094549578],[127.38655710623703,36.25250874279163],[127.39088563642014,36.24294979031627],[127.38734289736438,36.23415245932524],[127.40024913674034,36.232879190429955],[127.40457029211981,36.222433475615624],[127.41062692231414,36.217551850926796],[127.40799902221741,36.21289294126246],[127.4293707112984,36.2052056224434],[127.43353062710403,36.19857569243144],[127.44110182557908,36.1947867786821],[127.45559156022878,36.20080079396568],[127.45416106756312,36.206999072310104],[127.46028392547333,36.21291880630966],[127.4691377026951,36.21476547221766],[127.46730233173689,36.22234681341141],[127.47782220151495,36.22668093720308],[127.47785717248279,36.22966878920997],[127.4884694404105,36.23253356170511],[127.49257720413041,36.23795395029979],[127.51812955894293,36.240641128556746],[127.53257275792942,36.2508893372811],[127.53681104698254,36.2508572064241],[127.53508890940437,36.24732384128724],[127.53791797779873,36.242777689868575],[127.54943689154486,36.239331714889246],[127.54533116568325,36.225513817466656],[127.5638513157878,36.22774775457903],[127.5702695246418,36.233518967585496],[127.57954880598932,36.23279643763328],[127.59777893770057,36.217500140426154],[127.5996578176901,36.20509080186628],[127.59245808303716,36.195196664096315],[127.59770656637599,36.18487720963907],[127.59306102719725,36.177377213394344],[127.60147835682848,36.169046425717674],[127.60166451197549,36.160024040523844],[127.59094903205299,36.14483392256717],[127.58943705015871,36.13445511022912],[127.59897022305779,36.12352349690498],[127.60552936419992,36.11820256849355],[127.60892190037639,36.11855856130945],[127.6100781763818,36.118571763780494],[127.61307558136814,36.11180748093014],[127.61909578361264,36.10888516826498],[127.61727468819024,36.09357814586655],[127.63214695305341,36.08236453280506],[127.6382954336342,36.06793986866626],[127.62392426211676,36.067271575987284],[127.62055096133476,36.06420524989332],[127.6184910500157,36.04193586543497],[127.63053477696101,36.042152379886595],[127.63268307210483,36.03544823735116],[127.63974825614638,36.0322523938926],[127.63497049371199,36.02951412217915],[127.62844963137947,36.0319560227905],[127.62290524234844,36.02463524938847],[127.61073511316984,36.025348538732175],[127.61644151908887,36.01905629373085],[127.6186629489878,36.007981977874685],[127.61459364423048,36.00119898189673],[127.61056942294651,36.00104459388282],[127.60659338009965,36.01190994558683],[127.60006508390956,36.01194129744063],[127.58977046777981,36.02604632406777],[127.58256054083968,36.027226568426435],[127.57453298454138,36.02330241593595],[127.56633109603273,36.0312209924094],[127.55291364726985,36.0328585937752],[127.54777931381896,36.03820880029015],[127.53369144164131,36.04093579360358],[127.53081761440254,36.03893853325371],[127.5320029877293,36.034568906837045],[127.53687858230506,36.03259048523952],[127.53884194488941,36.025879223150206],[127.53612809334379,36.01994054194632],[127.53987265534872,36.01193622125424],[127.53210425900738,36.00796748268672],[127.53586845398829,35.99490426615003],[127.5244245523666,35.98507734921445],[127.50888925196074,35.97978123568661],[127.49933641462195,35.9873796744887],[127.49496051407947,35.986392329644495],[127.49440945722726,35.98618393546581],[127.48772768849757,35.97826412295894],[127.47593058318553,35.98058608586491],[127.468369381175,35.988087303472554],[127.46392569523957,35.983939314442],[127.45582516710107,35.983817958904325],[127.44860553169441,35.993151252132215],[127.44499028057957,36.00661931820414],[127.43724345116627,36.00933249483719],[127.4345571650601,36.029495125577085],[127.41958962138241,36.0227040652581],[127.41340585917457,36.01515636212122],[127.40732369898329,36.01422011167198],[127.40122304294712,36.00873585884555],[127.39751325603936,36.0102503683408],[127.39201794889951,36.01693036933684],[127.37648712532975,36.02292395962218],[127.37821345577697,36.03062290429846],[127.37354011729944,36.034520611475564],[127.37364002333263,36.041088764963135],[127.36037151360541,36.0545181714636],[127.36056160069599,36.06150876594276],[127.36434074259525,36.0657682867982],[127.35945860599463,36.06924643190246],[127.36173108917369,36.07616881092406],[127.35695043501725,36.08154642208773],[127.36005792171936,36.08938077277667],[127.34776463782518,36.09833946159316],[127.35492077412935,36.1083380089048],[127.35305503574801,36.11360991701618],[127.35050690809334,36.11639505292162],[127.34363522781081,36.11887629076281],[127.3384770403595,36.13049701507263],[127.32280461826898,36.1306316427728],[127.31854735094011,36.11973386947725],[127.31532194772473,36.11909858023923],[127.30540435256748,36.12579916125418],[127.30169054532945,36.125203647021124],[127.30031634244146,36.124563881133874],[127.29706803117656,36.12273067400932],[127.29393504399341,36.11307207364997],[127.27452164568146,36.10742506527819],[127.25213029146595,36.113131334143546],[127.24558596713713,36.10097317865837],[127.24605266450989,36.09641013798849],[127.24657873727732,36.09485333877705],[127.25471727133556,36.087443668238464],[127.25264579055793,36.08485873671905],[127.24870235029775,36.08306647726075],[127.24269309035397,36.084987605949046],[127.2287012174616,36.098078570929694],[127.21953306143878,36.09671398226823],[127.20591316645174,36.100590042039435],[127.2007969145759,36.09162261326441],[127.20222993055556,36.088462041919975],[127.19904616995545,36.08635483436937],[127.19804232749901,36.085791610966176],[127.18244088256607,36.09469044996759],[127.1687391112857,36.0839663069532],[127.15371078924989,36.08474983735953],[127.15120390141915,36.09004002216174],[127.13964962022516,36.087867299318226],[127.13377437136613,36.08149249475089],[127.13211595034065,36.06686306230017],[127.12269403193196,36.063581833957336],[127.10203119356855,36.075776114652214],[127.09038039137103,36.07180053379425],[127.07485066755237,36.084828822067934],[127.06114886270191,36.088998487021016],[127.06313245463444,36.091568904030375],[127.06309450196548,36.091852809688525],[127.06038793081761,36.09413789932022],[127.0569656125862,36.115087068183456],[127.06105961670886,36.11719111693091],[127.06300879441423,36.12522328591197],[127.0561063178369,36.12678487511014],[127.04533354123456,36.13525897182987],[127.04483886552484,36.146086020176064],[127.04253849706825,36.146479418586324],[127.0425152241934,36.14648336869159],[127.03968720111375,36.13827234326224],[127.02406041748371,36.136503464153],[127.01543703051968,36.148763160777335],[127.01187775487618,36.14583572748584],[127.006182505707,36.14714253970527],[127.00637876666468,36.150127227875934],[127.00534068967302,36.15061673335437],[126.99803174897937,36.14684604855567],[126.98080533150814,36.14795871137817],[126.9566265015672,36.15657043452599],[126.94134866168497,36.15211431395291],[126.91969152097948,36.136299422622386],[126.91108945377613,36.136570074450766],[126.89775647388403,36.142684102177654],[126.8877544450458,36.13795141511523],[126.87381158316555,36.110438284494805],[126.87081790532913,36.06740411681447],[126.86552969633337,36.060924964517106],[126.82109757050709,36.0499185243493],[126.80582172264695,36.03436092435996],[126.7480473697967,36.02575058674233],[126.7364827168359,36.00043190677997],[126.73021196228723,36.003216656891944],[126.72313538240309,36.00021116241309],[126.70773192415483,36.00540527739465],[126.67638087823369,36.00922894008641],[126.66797003689874,36.004249674073876],[126.66119089577381,36.005705525152386],[126.66077704935043,36.008288153113156],[126.66317208248591,36.00635352017938],[126.66100139391872,36.01131815784838],[126.6642966254533,36.02012253308241],[126.66170687767006,36.02890031799899],[126.66872538311453,36.03123550114162],[126.658532497975,36.044445606510386],[126.64963558262049,36.047640959168525],[126.64463367608776,36.05677742917652],[126.63116636773557,36.05468257689864],[126.63069586218892,36.07730614990708],[126.62421421711859,36.08063575885069],[126.61890764469224,36.07753592620039],[126.62415205805165,36.08446292639756],[126.63259519586394,36.081614131900636],[126.64671862687018,36.08839618474069],[126.64454565629308,36.09394295322703],[126.6401585512162,36.09070914524145],[126.63644193956019,36.093176249224946],[126.63066954816269,36.09150479683757],[126.63177910576445,36.09940497885754],[126.62003008115519,36.10229323773551],[126.61168213868633,36.09551183350778],[126.61206105428799,36.096457919379446],[126.60762312724178,36.10058103447762],[126.60736076168132,36.11049579138805],[126.60406616321104,36.11085780539095],[126.60249685560754,36.11210541621086],[126.59316339579146,36.12682771297445],[126.57003126134168,36.14026293884445],[126.55599322130533,36.12843703310777],[126.55355633829375,36.1366959135877],[126.53902724825149,36.14788647977321],[126.51550370476497,36.151981361299704],[126.50652220469625,36.14997305021405],[126.5010291236336,36.14105631525589],[126.50403239923257,36.129303051316946],[126.50890119833916,36.129427417736224],[126.50287265179122,36.128611166005605],[126.49420147838106,36.13335805464145],[126.49276584574886,36.15893434777178],[126.49973866036707,36.15931704315643],[126.50073563234618,36.15650271054641],[126.5080391977178,36.16028748069162],[126.51699981156446,36.15896183241711],[126.52618076764264,36.169413656954866],[126.52366201742949,36.18526764283113],[126.53784266267976,36.20149439997753],[126.53049069717662,36.21935173378544],[126.5290204547519,36.23833458916065],[126.54039990031981,36.24885071582931],[126.53719529812379,36.251501584752376],[126.54005162934556,36.260793908621096],[126.54628128461424,36.260915103273085],[126.54813185038232,36.26510704268232],[126.54047287002295,36.27787554981922],[126.53832130801682,36.27508352595862],[126.53472919679243,36.276556999495924],[126.53739474440974,36.28237221853382],[126.52818149288898,36.29713326046809],[126.52230279651128,36.300299454149034],[126.51694938744183,36.299038200873866],[126.51503264836629,36.30785928630514],[126.5034182497667,36.324708283894246],[126.50430626936675,36.329843230232214],[126.51506749788844,36.327522973188195],[126.51983647948546,36.33529546085564],[126.54326790474113,36.338947796999705],[126.55045718703579,36.346931085916594],[126.56012537211342,36.351022570974386],[126.54575517511554,36.35503878888494],[126.50967397251988,36.381059725092705],[126.5010790308171,36.37985367533796],[126.50802963954735,36.3864987663008],[126.48594816660385,36.38234636408369],[126.48194153198486,36.382812556825975],[126.4798437693598,36.384765491557516],[126.48942723998674,36.41497830079431],[126.50022169339351,36.42179204187918],[126.49524835903537,36.42574460400844],[126.50591798164152,36.42764697245795],[126.51705193176534,36.43836727718689],[126.53160701829519,36.44096476252528],[126.52562125509837,36.44581137149894],[126.49807831679715,36.43270167422159],[126.49636046934219,36.43861982217095],[126.50024499266807,36.444856219875426],[126.48670789363648,36.45479661882698],[126.48896163653342,36.460165623688304],[126.48554340552839,36.464682423045936],[126.48995687089291,36.46841847685567],[126.48105849307872,36.477648523161555],[126.47932447462455,36.491560252932445],[126.48321122298736,36.507150610996945],[126.4820749211364,36.51609259115365],[126.4880967300394,36.52654899131319],[126.47468121660104,36.538309274732065],[126.4720847405307,36.53800729769324],[126.47678256838705,36.535852861973645],[126.46887380230427,36.53891279961749],[126.46681312971332,36.53647105595464],[126.47030695737422,36.533319354144524],[126.46625468686324,36.53480670843947],[126.46903507037756,36.53946932288501],[126.4643802683208,36.54841093103126],[126.47141665354079,36.55961569541845],[126.46739611481617,36.56468955656482],[126.46410839833833,36.58349149521332],[126.45527679617581,36.59538661750367],[126.42336957911974,36.60613296940917],[126.41085779830689,36.60355082972316],[126.41040987210147,36.60629371850346],[126.41612257042767,36.60873190586286],[126.41421567641403,36.614969146777405],[126.38591140162644,36.61939998868551],[126.375698216535,36.623898620754545],[126.37333422335028,36.62019925340989],[126.37091826959659,36.62259172103405],[126.3740941032192,36.62567223051023],[126.3684699245191,36.62420571187877],[126.36572937208064,36.62685334217744],[126.35614959820958,36.62347348148749],[126.35369539392985,36.61869181065359],[126.34015012171241,36.61578461777266],[126.33540575946017,36.61867239331714],[126.33269917451459,36.616195037015125],[126.33528553351275,36.61162061187299],[126.32147502522572,36.60039848572516],[126.31396999832451,36.58838993862916],[126.30688945128132,36.59544586660341],[126.30295903196183,36.59325357652104],[126.30278149386926,36.58876556587385],[126.29220760991731,36.5848119188456],[126.28313598014559,36.59388978599039],[126.2888023938988,36.60230543988742],[126.28732397021714,36.61865799468601],[126.28309196964035,36.62219383201073],[126.28505508047566,36.62385172884317],[126.28598663270613,36.62406564502017],[126.2888072817368,36.6151147343718],[126.29783884033804,36.62035875032979],[126.30115148623646,36.626625060420004],[126.30097210332967,36.638439926440746],[126.29314116016799,36.656889126520824],[126.29601536241402,36.65707564854982],[126.28427993680921,36.67171124170487],[126.26556617753275,36.67156449990044],[126.26639234245192,36.682091494732354],[126.26129907716087,36.69386136806183],[126.2731323422993,36.70353387670199],[126.27090819531006,36.71388236064266],[126.27368212773061,36.71994554994374],[126.27060661203694,36.72681567776429],[126.2794203633272,36.72989536850845],[126.2762926982291,36.73260055435484],[126.26989759353701,36.73024164740846],[126.25762417844469,36.71779809231721],[126.25253684842353,36.717972155654024],[126.25147575352443,36.71374958636799],[126.2480835610795,36.718367914237675],[126.23502542772222,36.7180985865312],[126.23397305749278,36.70760427879411],[126.24025330444469,36.705521813131234],[126.23907596828211,36.70291560687252],[126.23237459215736,36.70167059336138],[126.22915317345775,36.69589547791159],[126.22143852382547,36.69289061999041],[126.2092352494969,36.6930786695685],[126.20805314121243,36.687927622606765],[126.1987162274518,36.68457776269086],[126.19624839282976,36.67431971431637],[126.18072460264968,36.67842967179926],[126.17603679617652,36.67615606339972],[126.17118757344699,36.6797821922722],[126.15557816112502,36.67778576328054],[126.15224657414294,36.67971490017163],[126.15146219410254,36.69770735614824],[126.14683708699596,36.702821209068325],[126.16320412698249,36.707959917851134],[126.15982073200473,36.71101778280493],[126.16614398610585,36.71660236815927],[126.18316693705613,36.71394812566106],[126.19454945094806,36.70642241748105],[126.20725532620636,36.7051942255481],[126.21771277325622,36.71081205044928],[126.22290879079229,36.72195755143103],[126.21494815705196,36.72726581994055],[126.19920203437474,36.72157495752613],[126.20219507712055,36.72146729178612],[126.20334516566663,36.72631237227394],[126.20994862610218,36.73093200195311],[126.21150536358428,36.74101267132575],[126.20583693783715,36.73657737096748],[126.19633831207227,36.73834064287891],[126.18251062705444,36.74650169788922],[126.1822165047998,36.74690113254419],[126.18573269519038,36.74845927911176],[126.18496730858638,36.75326461873775],[126.16639299322102,36.758316992985264],[126.16003361199576,36.75500774798946],[126.1408193077138,36.75404073837754],[126.14992304600818,36.74799790512466],[126.15048827272634,36.73052097112676],[126.1430709497374,36.728972807666985],[126.14195365649898,36.72295879162272],[126.12892504935141,36.71584439435254],[126.12364126233382,36.70761185836917],[126.12012159500973,36.707845118179584],[126.12073191624438,36.7141089735337],[126.12700307552832,36.71792311608022],[126.12171416376223,36.72578530750436],[126.1255045159825,36.726585230855854],[126.12593124700668,36.73155508361639],[126.13352556559838,36.73911234471568],[126.13148790711423,36.746617252532936],[126.13408744495847,36.74845420366843],[126.13069753870415,36.75248629520441],[126.12208320458097,36.753146857668085],[126.12392347246538,36.7584506736703],[126.11984841445884,36.760913628628074],[126.1218627766728,36.76445014385987],[126.11159933899836,36.772811561756605],[126.11661400923059,36.77291030371605],[126.1163571473184,36.76933078489102],[126.12040728597563,36.77394863966719],[126.13116054707324,36.774302211933296],[126.129185492331,36.77785033589753],[126.13528818916744,36.77553732260697],[126.1306619838308,36.78709850942497],[126.13868039723012,36.78361873039994],[126.14582780226047,36.791100166841346],[126.14602104067312,36.79428481795379],[126.1424639228437,36.79562663035007],[126.14714372396867,36.795762633490874],[126.14973518272014,36.80355419650986],[126.14301029292635,36.808724398175926],[126.15402585719681,36.81093198997055],[126.15475066093809,36.81361035989778],[126.14935370979019,36.81697054091992],[126.15580357758523,36.81653212062332],[126.1606858314646,36.826441199160975],[126.15951144793338,36.82983612399326],[126.14549106084787,36.83770812006522],[126.15490750625739,36.83802922917399],[126.15493621236385,36.84182890391764],[126.14985027755874,36.84627225114786],[126.15555596605931,36.84342256077205],[126.15860154559205,36.848648502707455],[126.1604067425246,36.84165996744205],[126.17106751324388,36.84069854028838],[126.1663165735737,36.83056297302762],[126.1707352996599,36.824490643364896],[126.17452084920365,36.824706544234274],[126.17087858975648,36.81899463051775],[126.17193976589601,36.81171979888665],[126.17694171591643,36.81022544062516],[126.18572203294721,36.814453314208336],[126.18165993381885,36.819771966714235],[126.18808543187444,36.823995331094174],[126.18716446660204,36.82766115155858],[126.1754485531036,36.83241587986742],[126.19120899704924,36.84265698354491],[126.19851936779062,36.85570105620445],[126.19563732706699,36.85956307542806],[126.1918575838627,36.858427234385054],[126.19031564818557,36.86744757775907],[126.18379018847668,36.86702831079521],[126.19097550064936,36.871599430574015],[126.1915454775563,36.87718171823545],[126.18635192511803,36.882472454377194],[126.17685822737316,36.88454369513585],[126.17824057411005,36.88604217869691],[126.1813016966951,36.88795660151119],[126.19218583283097,36.88630712509449],[126.19749544663523,36.888555870078314],[126.20272048376204,36.90485966615287],[126.2080712422486,36.902704224667566],[126.20630014608284,36.90044583344048],[126.21234350729986,36.89951077339111],[126.22130731043971,36.90557888802818],[126.24936641294882,36.913979925291024],[126.25193303118189,36.91315308808744],[126.24797873856897,36.909454847837374],[126.27652123961442,36.89779876039419],[126.28072804571221,36.90176775215485],[126.28379469379121,36.89906159990097],[126.29248286901876,36.90108893400732],[126.28512229138863,36.90373179003089],[126.28419219812835,36.90708514115266],[126.29417823351672,36.92927632443126],[126.29234316111307,36.93538388349789],[126.28919714263628,36.93620732169019],[126.2904375146165,36.95245461683642],[126.28469536417526,36.96326384781105],[126.28593678703481,36.96951824369653],[126.29472200267215,36.969538378733326],[126.30171089070377,36.97789730020814],[126.3047505958671,36.97843329255506],[126.30418981386721,36.96681141811623],[126.29203417591452,36.962856170329125],[126.30519756417603,36.962087012455726],[126.3102281221455,36.956153302033776],[126.30166356510769,36.94235301087884],[126.30959724944525,36.92963583032825],[126.30034439672055,36.91926874174224],[126.30844885752072,36.91342919302796],[126.30835764546644,36.90951221986582],[126.31342234777424,36.905029072523234],[126.31932462798775,36.90330495475599],[126.3193612081753,36.891980454540594],[126.330727939801,36.891116465843176],[126.32949547954209,36.88729621297536],[126.32594850013598,36.885049426189006],[126.31801337331052,36.88703939640934],[126.313199019714,36.883513010044965],[126.31182224351795,36.87341671517799],[126.30250459859359,36.86416143067335],[126.30421262072022,36.859604484080116],[126.29560134329726,36.852796581764245],[126.29460813628582,36.842027522059276],[126.31699047126122,36.83735734087664],[126.31461008997799,36.832299615191296],[126.29564195015091,36.824433441073445],[126.28280071594986,36.82505218276525],[126.28078153993431,36.81777304333457],[126.28896792845167,36.81365379374083],[126.28729796558261,36.79951044112914],[126.29316420470933,36.798210812475496],[126.29735914365901,36.80326282427093],[126.2961418731283,36.80804389793341],[126.30480625122232,36.81468010790553],[126.31836888105417,36.814122020483794],[126.32244288086774,36.81982368150215],[126.32981097832455,36.814289934005565],[126.33741165053442,36.816230422450474],[126.32570981651757,36.8301498443185],[126.32776650298352,36.83628712064445],[126.32120577118216,36.83775504837094],[126.31793572014868,36.84311315712251],[126.32470238018941,36.84776674296027],[126.325375209322,36.856552964529705],[126.33249932959211,36.863451857862785],[126.33740544361392,36.860523549174324],[126.34771245933709,36.860839018606306],[126.34320712323381,36.846271606432616],[126.3481879890872,36.84415019242129],[126.35434232092331,36.83292143268493],[126.36510601829978,36.829548300176434],[126.3659296670878,36.83406824854489],[126.35924226710783,36.84071385949125],[126.35830491848385,36.84558193713048],[126.35833870321957,36.84912184254776],[126.37041151176147,36.85756977080909],[126.37190700202824,36.86797554227127],[126.36449375596834,36.87652913524172],[126.37838624977731,36.88220759168845],[126.39787167356734,36.880639281591776],[126.39974623807827,36.883899225413764],[126.39523155138811,36.887538617475],[126.39604089357782,36.89293310576542],[126.40535036964087,36.8911134078407],[126.41003396836398,36.89706484880068],[126.40704103906592,36.901666744181455],[126.41346022714126,36.893600217080305],[126.43237775515715,36.90109263816129],[126.42692392326207,36.90682900904512],[126.41066928492162,36.908163659834905],[126.41207119785027,36.91396182643476],[126.40468120224173,36.91918272695809],[126.40531290655935,36.921592615091846],[126.41348335730174,36.91958595266966],[126.41779560365121,36.923440509482724],[126.420594284448,36.931435100683686],[126.4200649552171,36.934086286386936],[126.41889641460139,36.93740537755234],[126.41615297300312,36.93133054372117],[126.40858523355612,36.93604088959041],[126.40496980150185,36.93240220663981],[126.39602708248167,36.93546443670642],[126.39018840827511,36.92802124970924],[126.3822723494178,36.93654538831957],[126.3800652840447,36.94514878451326],[126.36822144748375,36.94700322583533],[126.3596803245755,36.93880851559872],[126.35779284728092,36.944628021338644],[126.36197176073523,36.94973656379762],[126.35863680690596,36.95297751233098],[126.350989636504,36.952525345658444],[126.35017913466326,36.96144522701497],[126.3331473577423,36.96114931669672],[126.33675537741343,36.96839381562108],[126.33482747254511,36.97355741573661],[126.33735899829489,36.968349113307816],[126.34350466166455,36.96673726868572],[126.34354269099848,36.96672882889762],[126.36347905318632,36.96831567931191],[126.37039365810381,36.96026154384799],[126.37689415583426,36.96851659422449],[126.38651879530477,36.96744857195817],[126.38867101682978,36.969803912832816],[126.38646782686025,36.973640839293445],[126.37596855538493,36.97404980072164],[126.3797780821574,36.98014821841953],[126.3746407595373,36.982588487899406],[126.3746262311702,36.98259309695504],[126.36517905786367,36.97900319026354],[126.36224405056842,36.982873504377416],[126.35043780133933,36.981037332510326],[126.33054486881555,36.98543876514556],[126.32761117957999,36.99963743303146],[126.33248355387708,36.996733498000694],[126.3485081499537,37.00312300430847],[126.35683199180933,37.01151627726075],[126.36011172660317,37.011288717560674],[126.36149297282722,37.006544577191946],[126.38344867276741,37.01216890061348],[126.41183702890754,37.01426989534687],[126.41768909091101,37.01219043563969],[126.41749420608676,37.017290781387345],[126.42080424581113,37.019822759957236],[126.41834746568428,37.01495393036406],[126.43105227531498,37.013698977412716],[126.437582932435,37.01045691205935],[126.43652345312242,37.00774957928494],[126.45210415184673,37.0068222780961],[126.45440176669372,36.998955162064306],[126.47018204923806,37.00675603472534],[126.46021972496179,37.02016552614216],[126.47107440570755,37.02849662419007],[126.46885556330537,37.03057288365237],[126.4890590376413,37.0595249690325],[126.49505821294493,37.059717467471785],[126.49833338680422,37.064942673743374],[126.51914796020326,37.05943491097374],[126.52753353769249,37.04849540138877],[126.52746836989262,37.04362882140124],[126.54194720231015,37.03505456917425],[126.56124479132798,37.03703411477265],[126.5631203251572,37.03593956014589],[126.558190197044,37.03393251936191],[126.56235757785132,37.028940466910875],[126.63154103062284,37.002152833229225],[126.68387826995391,36.99800118981529],[126.69484001914682,37.000436992555315]],[[126.4879588678626,36.50851578381786],[126.49139160845667,36.50837100712906],[126.49940649568492,36.522861179101916],[126.50554139145817,36.523983383466394],[126.51121229265678,36.519366539748454],[126.52402440599923,36.51958844573351],[126.54044803272693,36.50388166573958],[126.56311329711038,36.50590100272669],[126.55913874553733,36.52425696615194],[126.56052706335105,36.510905256874366],[126.5532418060433,36.50645267128427],[126.54240933474027,36.5094032357954],[126.52858069244868,36.520951574006475],[126.51276480560766,36.523126396395256],[126.51322642549911,36.52765652430353],[126.50215324081888,36.53186699652959],[126.48353690131577,36.51686464344272],[126.48436829150974,36.50973231208891],[126.4879588678626,36.50851578381786]],[[126.6152162645381,36.488278856555766],[126.59941634760709,36.47670696927451],[126.58935817188717,36.475240175478525],[126.57379505979154,36.4834634323251],[126.57117195008558,36.483874837397636],[126.56855201518668,36.47900306967781],[126.56671150881215,36.484328085397614],[126.56144408875112,36.484047256569994],[126.56109428352525,36.478106454284415],[126.54626948338864,36.4723798035025],[126.53927097802851,36.46715283195508],[126.53491493675395,36.45858503039947],[126.52696660792034,36.456352488060496],[126.52615855378052,36.447322916743744],[126.52793577635956,36.44511314984382],[126.53315447598408,36.44036781618037],[126.53883503370787,36.44349564850048],[126.53861232442566,36.44919401536388],[126.54903824902372,36.45002106049679],[126.55116457708209,36.45289705650775],[126.55176334330201,36.454718377135706],[126.54990719118693,36.46549566569529],[126.55580435779565,36.467584110957425],[126.55749849477347,36.46078919280095],[126.55256815667903,36.45282646629796],[126.56554059239593,36.45207462969563],[126.56949499242033,36.46458425656595],[126.56837719103147,36.471865741953444],[126.5734490730657,36.474611699064646],[126.57537793811153,36.4752878747969],[126.57909150212669,36.47168883002431],[126.59170666572803,36.4692386718819],[126.6111707070063,36.47950263151956],[126.6152162645381,36.488278856555766]],[[126.51955510823859,36.334906097369334],[126.51630225397123,36.33221124401903],[126.52141292245396,36.33225711369418],[126.52831621625418,36.33548774912969],[126.51955510823859,36.334906097369334]]]]}},{"type":"Feature","properties":{"name":"전북특별자치도","sido":null},"geometry":{"type":"MultiPolygon","coordinates":[[[[126.42947138341772,35.44963933480236],[126.42917774709433,35.44963051076734],[126.42831178939701,35.44969310132617],[126.42827401315327,35.44969690711788],[126.42826554188287,35.449700487983435],[126.42826149917248,35.44970330753703],[126.42795477260681,35.450012380901335],[126.42947138341772,35.44963933480236]]],[[[126.42795477260681,35.450012380901335],[126.42639748720367,35.45039540824472],[126.42578159626586,35.45039475990088],[126.42548229249452,35.45039147934593],[126.42536839749432,35.45038537848348],[126.42523003060772,35.45036827892479],[126.42509416565089,35.45034317971618],[126.42501201652354,35.45032161613268],[126.42499998837128,35.45031830646581],[126.42496422710818,35.45030843798083],[126.42488117712388,35.45028055040152],[126.42479965756827,35.45025093267765],[126.42467505400649,35.45019254887332],[126.42455825873164,35.45012388111564],[126.42442130598633,35.45003649538195],[126.42437229525635,35.45000002165707],[126.42429256457123,35.44994067762398],[126.42419293202077,35.44984358369135],[126.42411665771438,35.44974578720772],[126.42404251719293,35.44962362348544],[126.42394258652027,35.449431449465344],[126.42390168748453,35.449326343145685],[126.42384890001695,35.4491155920729],[126.42381597315807,35.44893675340222],[126.42381663121402,35.448930859932545],[126.42381878336185,35.448927283441],[126.42386779627563,35.448918178490985],[126.42387769084242,35.448914710675744],[126.42388513007799,35.448907962529006],[126.42389895778078,35.44885950986553],[126.42390260771974,35.44882801711296],[126.42390415140949,35.44881071876802],[126.42390468820442,35.44877718671547],[126.42386798310655,35.448467170353595],[126.42386152291878,35.44844474164012],[126.42383170662092,35.448398245932665],[126.4237743412505,35.44834302663325],[126.42371453268834,35.448313576502066],[126.42367211102224,35.448300369039735],[126.42364668689162,35.4482929266417],[126.42360960354523,35.44828775877697],[126.42358657347323,35.44828653910062],[126.42354428236717,35.44828851792393],[126.42347004815602,35.44829740143952],[126.4234068314284,35.44831330583715],[126.42333300120036,35.448341074696486],[126.42326631578771,35.44838485606014],[126.42324017690392,35.44842362268861],[126.42323089576158,35.44844456940732],[126.42322550532238,35.448460711799825],[126.42322138908483,35.44848475838494],[126.42322078084666,35.44851304683983],[126.42322568930653,35.44857849445545],[126.42330245624953,35.44893560583799],[126.42337478316564,35.44925616534683],[126.42342104005613,35.44946077512831],[126.42347019695114,35.4495797032128],[126.42375726311336,35.45001852749762],[126.4238247744965,35.4501094225716],[126.42390399270506,35.450179102146265],[126.42401825818695,35.450265937344696],[126.42421907183528,35.45040775302673],[126.4243967953891,35.45051775618322],[126.42453929695753,35.45058103871078],[126.42474561427639,35.450655333000604],[126.42499999170784,35.45071752959576],[126.42514898292119,35.45074643884201],[126.42761881767672,35.45117859524812],[126.42764529739244,35.45118032450402],[126.42855154264585,35.451187935436614],[126.42856907279263,35.45118551239421],[126.42858034017988,35.45118089688116],[126.42858498351401,35.45117690873878],[126.4285887945883,35.45117236503358],[126.42859249910623,35.45116704768109],[126.4285881823832,35.45081159063385],[126.42858507869272,35.45079884838878],[126.42857913754762,35.450788692033335],[126.42856985118631,35.45078251645965],[126.42855118483037,35.4507772286468],[126.42812343998804,35.450770083434726],[126.42811094533539,35.45077036021304],[126.4281080844893,35.45077155198786],[126.42810819357346,35.4507734625944],[126.42811047577509,35.45081831346878],[126.42811003100866,35.45082484628545],[126.42810688723664,35.45082876026085],[126.4277211382139,35.45081572209363],[126.42740047256804,35.45059666088644],[126.42739802594602,35.45059370435375],[126.42739796829156,35.45059240459847],[126.4274053652615,35.45057770442385],[126.42747149922612,35.4505059519793],[126.42779297335993,35.45017541673299],[126.42795477260681,35.450012380901335]]],[[[126.69981801643878,35.99574796080682],[126.70024673198488,35.99334549542723],[126.68426890134415,35.98603581807757],[126.65586463571906,35.987297387532124],[126.6579427336197,35.990541937367354],[126.69981801643878,35.99574796080682]]],[[[126.42947138341772,35.44963933480236],[126.4391323308695,35.45029965246344],[126.46210809746098,35.48038404547738],[126.47401843667174,35.506537351835355],[126.4852978656194,35.52247893710312],[126.4911159886579,35.511781425643164],[126.49601504085872,35.50995057737701],[126.49682093688514,35.50992179243469],[126.49361752701229,35.516300175821776],[126.49782559372012,35.51728070326871],[126.50251697726927,35.52527125294192],[126.51790096046332,35.53296641815203],[126.52542537257706,35.53218604829075],[126.52638691603417,35.53481741375101],[126.54114105339505,35.53399559090677],[126.54120143249833,35.53396452678261],[126.54327362010265,35.53262077331898],[126.5416543211619,35.52759899800431],[126.54426169597615,35.52733170244588],[126.5475244698295,35.53455439133647],[126.54973858238735,35.533632795557665],[126.5487707890951,35.53756578887972],[126.55570329068661,35.536656344147836],[126.55986307581837,35.54326294200242],[126.58116220433028,35.54459249041503],[126.59454923351778,35.54097611065776],[126.59233944890052,35.53373418616854],[126.5953854742862,35.52974888618781],[126.59393452069199,35.534597374823214],[126.59975205591164,35.54330877465401],[126.59774786840673,35.544334692210036],[126.61084294369358,35.557571072366045],[126.61400729469158,35.57040935890343],[126.62405221787498,35.568257462150626],[126.62598461466905,35.57344334982939],[126.62603579131125,35.5734696479976],[126.63319495482152,35.57473496664327],[126.64916299769115,35.570892077537565],[126.67312865360213,35.55081847295226],[126.67419931628064,35.5464569311113],[126.67632689929492,35.54761175104345],[126.66472768500792,35.56039240185827],[126.66423044348122,35.56605608554546],[126.67317157213073,35.56996794201517],[126.66479305816269,35.575939399192684],[126.65754248620048,35.5868782141835],[126.65442876180082,35.58388448601499],[126.6511922404813,35.58061225649493],[126.62063340858619,35.588381061585885],[126.6047315808835,35.58587384678067],[126.5935658270302,35.59010238377109],[126.58583598039952,35.58790865247978],[126.575196159934,35.59041514638444],[126.55755384727036,35.584920696797084],[126.54607453907116,35.58605995957349],[126.52921868690012,35.57931454351242],[126.5166829237299,35.58068028107119],[126.51512425158347,35.587687018121336],[126.51054376431159,35.582896367064976],[126.51221837536396,35.57923190156064],[126.50870373392684,35.579203136902514],[126.49873277261685,35.585911294598155],[126.49184427559855,35.58590220614706],[126.48773753194268,35.589782354302855],[126.48716295946268,35.59572385428789],[126.47803321826457,35.60233990388185],[126.46917475491269,35.60262940020546],[126.46652057382339,35.59864691435566],[126.4673287557884,35.60600669891127],[126.45996961755759,35.61022290876439],[126.46297565184061,35.618521384519454],[126.46988986772517,35.618774466972674],[126.46931063154905,35.62344071068391],[126.46365638111095,35.62337429354179],[126.46927959631624,35.62823401769525],[126.467034824765,35.634728952579174],[126.46193615493239,35.63349702662727],[126.45811966992287,35.63779975150393],[126.46543564316435,35.63981558816403],[126.46599841496393,35.64348311079921],[126.48102861975971,35.64538758048482],[126.49211555284087,35.6553641787975],[126.51337984947946,35.66637639384793],[126.52248375178652,35.67721716572937],[126.52642565413265,35.67774016061587],[126.52625459124627,35.67489088982561],[126.53326755940716,35.690043820056296],[126.55637036234401,35.6978030017417],[126.5323721634529,35.72578842862747],[126.52952497251982,35.72771111379456],[126.52891576292446,35.727629201541134],[126.53012342710637,35.724618118584665],[126.52632970635257,35.73042937456325],[126.52021809498632,35.731682437922466],[126.4830140821199,35.81045786146715],[126.47962418212043,35.812444558422],[126.48224146879946,35.81517253038695],[126.48668221144786,35.8158559276836],[126.48333220698294,35.81360692651414],[126.51952672832552,35.73804090638871],[126.52730750151404,35.730893326399254],[126.5318601981272,35.730638638504765],[126.55817033337635,35.69822964420881],[126.56690231966829,35.694232916943655],[126.56937428191831,35.686425347785836],[126.57247366024282,35.69071535853127],[126.56902832829851,35.6928055027208],[126.5805185737823,35.7008835231637],[126.58423271509831,35.707191543688666],[126.59739569220716,35.714632203952036],[126.61115375495255,35.73601831635337],[126.61926985491355,35.74145543876856],[126.57371443229388,35.77628873458064],[126.60335451928533,35.806019662458034],[126.61630252832316,35.81195514459245],[126.6456711466596,35.81728666254487],[126.69283383997278,35.79738528869928],[126.70676187519238,35.79651550172573],[126.6915538404634,35.825317335051565],[126.69001492993515,35.84144932052751],[126.68344849096846,35.84201771829861],[126.67455092412231,35.889154831269785],[126.66750165958976,35.883590044625414],[126.6302727075201,35.8858936636982],[126.62970691667023,35.89188853039589],[126.62879283277108,35.886637715536196],[126.62038080369878,35.88855215749534],[126.61236288623677,35.88628404472375],[126.61478939000136,35.89118486856346],[126.61086793971768,35.91291563568699],[126.61169947216383,35.92901186453456],[126.61748310072464,35.939876046440595],[126.61602974238605,35.94252327744218],[126.59359601625107,35.948341487527614],[126.58803653797014,35.94780780264149],[126.58827056422197,35.902722179066274],[126.56616817830373,35.904149608651814],[126.5546656658227,35.91521376336614],[126.54252675345697,35.915113994090504],[126.54380270684129,35.921734825812074],[126.53910496027684,35.92539190210757],[126.54001450269676,35.93254538696951],[126.53441233541906,35.93400158946084],[126.49890547588723,35.847638106239],[126.50094929813908,35.8431207606468],[126.49835252824926,35.835441751080324],[126.4728429539095,35.81095331460453],[126.46280331609297,35.812745218715946],[126.46506823342044,35.81830608392728],[126.461894846016,35.81914453666225],[126.4546796249302,35.81469818388579],[126.45704851220044,35.810169944733374],[126.45449843020755,35.80674627673463],[126.44938922741467,35.80672647375798],[126.44918711269116,35.8125489814367],[126.44321757854271,35.81367441698008],[126.44975737977472,35.81581309935821],[126.44606280780171,35.819555037942386],[126.45328087728234,35.81845499089214],[126.44479380340907,35.82337346436139],[126.4421245662667,35.828908429312534],[126.45367230751665,35.831526755580526],[126.46096155174507,35.82447055164507],[126.47529648253918,35.82232525776826],[126.49073798828573,35.838170894074594],[126.48540970904173,35.84554482342645],[126.49654616208542,35.847085288485104],[126.53128437808107,35.93189140677955],[126.53230465640132,35.93791736189203],[126.52918722540511,35.938375078571326],[126.52756345984538,35.93320903501406],[126.52487116132134,35.93569175521154],[126.5297845482093,35.94366934345027],[126.52182222420134,35.94803726034544],[126.52129292490157,35.97222012599567],[126.51266136735002,35.97473020369437],[126.52225042424479,35.97306680548736],[126.52331887662706,35.96630489166963],[126.52436454172705,35.966358375219635],[126.52591853683737,35.966492452882676],[126.5258399790653,35.97363193850284],[126.61316561986658,35.978849940980815],[126.61785601892306,35.97644940254408],[126.61830306261231,35.970702745765365],[126.6215293582471,35.970867110621846],[126.62437600449006,35.97101414245134],[126.62233116522691,35.977947612554075],[126.6408872858136,35.978877893514344],[126.65820231994401,35.98373869147257],[126.68341187734347,35.98416104344055],[126.70600860642676,35.99470918658345],[126.72843152266255,35.9843963495606],[126.73913695657848,35.98673400571564],[126.74753034717203,35.99230560129635],[126.75593195592248,36.01054240102503],[126.74166067263282,36.01220594533541],[126.74804736976576,36.02575058671925],[126.80582172264695,36.03436092435996],[126.82109757050709,36.0499185243493],[126.84054121532851,36.052964155822565],[126.86803651391386,36.06241113086192],[126.87332080747922,36.0856487943146],[126.87381158316555,36.110438284494805],[126.88220543404746,36.131292737173425],[126.89524781685459,36.142448698738534],[126.91969152097948,36.136299422622386],[126.94134866168497,36.15211431395291],[126.9566265015672,36.15657043452599],[126.98080533150814,36.14795871137817],[126.99803174897937,36.14684604855567],[127.00534068967302,36.15061673335437],[127.00637876666468,36.150127227875934],[127.006182505707,36.14714253970527],[127.01187775487618,36.14583572748584],[127.01543703051968,36.148763160777335],[127.02406041748371,36.136503464153],[127.03968720111375,36.13827234326224],[127.0425152241934,36.14648336869159],[127.04253849706825,36.146479418586324],[127.04483886552484,36.146086020176064],[127.04533354123456,36.13525897182987],[127.0561063178369,36.12678487511014],[127.06300879441423,36.12522328591197],[127.06105961670886,36.11719111693091],[127.0569656125862,36.115087068183456],[127.06038793081761,36.09413789932022],[127.06309450196548,36.091852809688525],[127.06313245463444,36.091568904030375],[127.06114886270191,36.088998487021016],[127.07485066755237,36.084828822067934],[127.09038039137103,36.07180053379425],[127.10203119356855,36.075776114652214],[127.12269403193196,36.063581833957336],[127.13211595034065,36.06686306230017],[127.13377437136613,36.08149249475089],[127.13964962022516,36.087867299318226],[127.15120390141915,36.09004002216174],[127.15371078924989,36.08474983735953],[127.1687391112857,36.0839663069532],[127.18244088256607,36.09469044996759],[127.19804232749901,36.085791610966176],[127.19904616995545,36.08635483436937],[127.20222993055556,36.088462041919975],[127.2007969145759,36.09162261326441],[127.20591316645174,36.100590042039435],[127.21953306143878,36.09671398226823],[127.2287012174616,36.098078570929694],[127.24269309035397,36.084987605949046],[127.24870235029775,36.08306647726075],[127.25264579055793,36.08485873671905],[127.25471727133556,36.087443668238464],[127.24657873727732,36.09485333877705],[127.24605266450989,36.09641013798849],[127.24558596713713,36.10097317865837],[127.25213029146595,36.113131334143546],[127.27452164568146,36.10742506527819],[127.29393504399341,36.11307207364997],[127.29706803117656,36.12273067400932],[127.30031634244146,36.124563881133874],[127.30169054532945,36.125203647021124],[127.30540435256748,36.12579916125418],[127.31532194772473,36.11909858023923],[127.31854735094011,36.11973386947725],[127.32280461826898,36.1306316427728],[127.3384770403595,36.13049701507263],[127.34363522781081,36.11887629076281],[127.35050690809334,36.11639505292162],[127.35305503574801,36.11360991701618],[127.35492077412935,36.1083380089048],[127.34776463782518,36.09833946159316],[127.36005792171936,36.08938077277667],[127.35695043501725,36.08154642208773],[127.36173108917369,36.07616881092406],[127.35945860599463,36.06924643190246],[127.36434074259525,36.0657682867982],[127.36056160069599,36.06150876594276],[127.36037151360541,36.0545181714636],[127.37364002333263,36.041088764963135],[127.37354011729944,36.034520611475564],[127.37821345577697,36.03062290429846],[127.37648712532975,36.02292395962218],[127.39201794889951,36.01693036933684],[127.40122304294712,36.00873585884555],[127.40732369898329,36.01422011167198],[127.41340585917457,36.01515636212122],[127.41958962138241,36.0227040652581],[127.4345571650601,36.029495125577085],[127.43724345116627,36.00933249483719],[127.44499028057957,36.00661931820414],[127.44860553169441,35.993151252132215],[127.45582516710107,35.983817958904325],[127.46392569523957,35.983939314442],[127.468369381175,35.988087303472554],[127.47593058318553,35.98058608586491],[127.48772768849757,35.97826412295894],[127.49440945722726,35.98618393546581],[127.49496051407947,35.986392329644495],[127.49933641462195,35.9873796744887],[127.5067130498498,35.97961412363146],[127.5244245523666,35.98507734921445],[127.53586845398829,35.99490426615003],[127.53210425900738,36.00796748268672],[127.53987046528817,36.0117168446745],[127.53612809334379,36.01994054194632],[127.53884194488941,36.025879223150206],[127.53687858230506,36.03259048523952],[127.5320029877293,36.034568906837045],[127.53142107084085,36.040842775605896],[127.56633109603273,36.0312209924094],[127.57453298454138,36.02330241593595],[127.58256054083968,36.027226568426435],[127.58977046777981,36.02604632406777],[127.60006508390956,36.01194129744063],[127.60659338009965,36.01190994558683],[127.61056942294651,36.00104459388282],[127.61415302389489,36.000804141518],[127.6186629489878,36.007981977874685],[127.61644151908887,36.01905629373085],[127.61073511316984,36.025348538732175],[127.62290524234844,36.02463524938847],[127.62844963137947,36.0319560227905],[127.63497049371199,36.02951412217915],[127.63974825614638,36.0322523938926],[127.63268307210483,36.03544823735116],[127.63053477696101,36.042152379886595],[127.6184910500157,36.04193586543497],[127.62055096133476,36.06420524989332],[127.62392426211676,36.067271575987284],[127.64455041046882,36.06681377089999],[127.64905046691032,36.057992701485915],[127.65442685390353,36.05590288922421],[127.65942157886184,36.039634791883486],[127.66441318397464,36.03751058667524],[127.66905901856441,36.038655249061954],[127.67273573157892,36.04163009500981],[127.66977609684736,36.05137454095395],[127.68901549881691,36.062671554565064],[127.69073604560487,36.058034579590284],[127.69504210598792,36.05875548637409],[127.69501887095417,36.04590818434387],[127.70192550944631,36.03527103081314],[127.73483525800965,36.032319429157305],[127.74148546171284,36.02480142579504],[127.74730505467409,36.02970113866615],[127.75385829420343,36.024056146809485],[127.7616050131119,36.02517885660309],[127.75928382564628,36.01521162683863],[127.76505269472761,36.012297675332974],[127.78153398408058,36.016508924432145],[127.7876189612977,36.014504022340795],[127.8007349330615,36.026559278788625],[127.81603810571393,36.02818041306521],[127.83039572373173,36.035228775786344],[127.85280793645106,36.039106275963775],[127.85566396093579,36.03292800794577],[127.86059537370133,36.03145847678779],[127.86614734276188,36.02429071398532],[127.8767739765349,36.02251177144465],[127.87569712942162,36.00894456715589],[127.87864160073124,36.00249587336403],[127.87559740967893,35.99691275563826],[127.8932182741188,35.98678448860245],[127.88960534745112,35.97966085622071],[127.89634611518056,35.9776608975777],[127.90227391309477,35.95690494193945],[127.91133470243692,35.949291591511354],[127.90610371670789,35.94063228418175],[127.8822368138415,35.9288840283074],[127.88240115205238,35.919474515120065],[127.8881570905698,35.914816559117945],[127.88505877287724,35.90960563727295],[127.87951079689292,35.909850229248136],[127.86927132073293,35.90401048231206],[127.85954023763226,35.9064905873092],[127.85827499193087,35.89701690236845],[127.85074569981379,35.89005219114792],[127.85367520444268,35.88134317362534],[127.84487712394406,35.87561186939515],[127.84175147410822,35.86624703368412],[127.82656192206609,35.86834682564019],[127.81392291683079,35.853616904273615],[127.80435552936186,35.85868918418854],[127.7837832872214,35.85084639833484],[127.7688498558785,35.83831313344726],[127.75776160211831,35.836764316553854],[127.74445289885988,35.84442172484589],[127.73804597996696,35.83518626398536],[127.73859043854617,35.82707889602147],[127.72965298031514,35.8130043106391],[127.72457255777256,35.812500006783935],[127.7189082710329,35.79685457813025],[127.70027737037124,35.78912563746375],[127.68481112284094,35.777679390936925],[127.67943626734181,35.76849873632307],[127.66951338111456,35.771373663796375],[127.66582075317848,35.76883416997662],[127.66228754879057,35.7608297408704],[127.66095634141604,35.709905930774845],[127.64561600354138,35.69879740663287],[127.6403027312026,35.68673832451424],[127.640214340445,35.67216038350307],[127.62894522104038,35.664024492047204],[127.62948135925707,35.656640228065676],[127.62009822461556,35.64613879930226],[127.62425700665966,35.631785702133634],[127.63533522704105,35.61848399398878],[127.6213970795958,35.615118125381365],[127.61301734955374,35.608248071520975],[127.61208464893225,35.59890338776555],[127.6074560439605,35.594912563877166],[127.61119353243018,35.58389254743753],[127.59607493952446,35.57368719740715],[127.58486106607525,35.553905550849336],[127.59146494321583,35.55336264341005],[127.61272386712409,35.53564363148167],[127.62472791190558,35.5336876797353],[127.62869350043499,35.53598477885515],[127.62533023783232,35.531402630229586],[127.62574920753954,35.525320468488246],[127.63423430478609,35.520458914964465],[127.63427949929051,35.5120441453268],[127.64402182171385,35.50051979155469],[127.64708125286016,35.498019849179286],[127.6503853438204,35.49787985511472],[127.65157236446579,35.48607961806445],[127.63660851582213,35.47820839673024],[127.63668809300245,35.459352015868205],[127.64518633810502,35.44912735756104],[127.65114398425612,35.45150031893769],[127.66115708640098,35.44754357066568],[127.6704461295268,35.448723844777966],[127.6740693394465,35.44572001799655],[127.66517661691533,35.43564884506982],[127.66577433201053,35.42742631924263],[127.6604737977261,35.41443375230985],[127.64644684683576,35.40266417158733],[127.63633563696109,35.39919900695811],[127.62528707937038,35.384701669649274],[127.62565372325611,35.37691081917043],[127.61019737905944,35.36591811559604],[127.61223659009552,35.355850365976345],[127.62333075156677,35.342166013843475],[127.6207376287392,35.3325627228515],[127.61470330436327,35.33022364556784],[127.60768544750992,35.32504437757242],[127.60478061886766,35.31837468830947],[127.58566739578814,35.30914400544666],[127.5774809857676,35.30890106468319],[127.56697166929686,35.31899709064721],[127.5422829167443,35.328500199412176],[127.54063332559467,35.33434681944148],[127.53096032301723,35.33604052778927],[127.52447330871568,35.34486559854345],[127.5020154277579,35.358362806287026],[127.48570558183634,35.35834969675091],[127.47076581496475,35.36533557759946],[127.45411053403363,35.36075401263216],[127.43692251608034,35.36271118916192],[127.42140974568032,35.35087002642876],[127.40880104883458,35.32756978901122],[127.39276586145634,35.31272753624549],[127.39269871292036,35.30734642069004],[127.38456734140853,35.30245771361186],[127.38008567607066,35.3036790541498],[127.37551598153453,35.312197809502365],[127.35425602838862,35.322355087538966],[127.33068710230299,35.314896386583975],[127.32346709639322,35.307409182362946],[127.3098877546557,35.30451554354865],[127.28671443263597,35.31402227987881],[127.25716770330287,35.31245992528745],[127.2327727588636,35.3333677399652],[127.22205469294231,35.334885658075954],[127.21656531813339,35.33043426390436],[127.21230217722233,35.31683736076594],[127.20359760435309,35.31566754438654],[127.1847602338499,35.326112697275136],[127.18616259177405,35.33694923896794],[127.16087481189577,35.327738119255805],[127.14678772090465,35.315420129941565],[127.1454725472806,35.30898042687599],[127.13009452769931,35.30846218282435],[127.1259871632199,35.303225771138536],[127.10523541348783,35.29923259967132],[127.07985862272287,35.31052780293117],[127.06805640246658,35.3114175269837],[127.06178389746977,35.317129254453064],[127.05090789305939,35.31671644278625],[127.04309201246303,35.32188538929298],[127.05094608037878,35.32937276504366],[127.05233393564517,35.34026481646813],[127.06238117832852,35.33625118170543],[127.07024925232142,35.33963657320243],[127.06744822280605,35.34546386850361],[127.06990030472912,35.35140449428657],[127.06517043428319,35.35654546295728],[127.07063269062098,35.365211419329164],[127.06359463400543,35.36989715627496],[127.06432265747429,35.376009510053535],[127.0576185962595,35.38265334119912],[127.04885706865697,35.37737495872281],[127.0390975461043,35.38014330525102],[127.0395413487211,35.38401420725723],[127.0274631563775,35.39467943789491],[127.02701553689718,35.399855065307754],[127.04171091508671,35.3987193751336],[127.04692990221594,35.40219371569571],[127.04514174727127,35.40722032302381],[127.0523152098329,35.42651610499993],[127.04461073943646,35.43354548474468],[127.03735355785153,35.43385526041591],[127.03472214855377,35.46657184963474],[127.02393694856767,35.464232662158565],[127.01429200996255,35.457819348457235],[127.00302699582566,35.46446392281302],[127.00001615776777,35.46287478110595],[126.99947841121056,35.46213639536293],[126.99802434096894,35.45730383292517],[127.00019992377601,35.45242710034764],[126.99454552948683,35.43980412816422],[126.98530662642621,35.436731859964574],[126.98162538142476,35.42664641857573],[126.97138061454204,35.427671215865786],[126.97029084287088,35.41979232278772],[126.97610144679403,35.400045634747585],[126.96310274354948,35.39495446500931],[126.93536776653545,35.39455619346999],[126.92999647586741,35.40018506961584],[126.93316210537657,35.4060813190219],[126.9174271576463,35.40213905021065],[126.91977149890165,35.40994604588052],[126.91853534947901,35.41247921825277],[126.91635576217816,35.41562379102054],[126.90882210095886,35.415414135574565],[126.90777325859904,35.42002006583376],[126.90306752900548,35.420626983217204],[126.90431682671053,35.42969572680309],[126.89744675777321,35.434749183180976],[126.90511347777682,35.440817820660826],[126.89964326771108,35.44269980585612],[126.89677488056434,35.44798569483236],[126.88414315276643,35.45131332007735],[126.86953579722483,35.46164021400615],[126.8511357677782,35.46573603293381],[126.83954288038643,35.462321561539284],[126.83791432901283,35.464527010884815],[126.84329985661428,35.47833049968218],[126.83145764643277,35.48037135571019],[126.82785531817571,35.48628047296466],[126.82334269380638,35.48691382569229],[126.81429140512665,35.48311210958135],[126.81397305183935,35.468799038799915],[126.79234780639595,35.46763406717438],[126.78189598111834,35.47062826891296],[126.76490261964278,35.46705829240765],[126.74950001726356,35.451346835551384],[126.74100841959472,35.45297659478984],[126.74074257716586,35.4527241866705],[126.7377153479292,35.44949358288473],[126.74381778123592,35.44068311161194],[126.75172846416643,35.4359049981579],[126.75420029534239,35.416504154919004],[126.74868405582717,35.415587612826904],[126.73620399443905,35.403407991549585],[126.72246863349766,35.39993254564559],[126.7296316829511,35.39461004250244],[126.7312600213305,35.376883031170934],[126.71935200561423,35.364988615332535],[126.70461505162262,35.36513050138112],[126.69934334340597,35.35008794922942],[126.69182010980306,35.35143113528775],[126.68572617954801,35.34423552770127],[126.66644498286493,35.35148689429491],[126.65311761831079,35.328037593161],[126.64427527488944,35.32720412232157],[126.64698462053718,35.32473798065006],[126.64479906350608,35.31977532404676],[126.62641615538764,35.32135438022891],[126.6042156201508,35.33564321435866],[126.5980540734585,35.33011880856943],[126.58496292990517,35.33018239449273],[126.58091496583712,35.317301081022315],[126.589447529989,35.317506490771514],[126.59010755823874,35.31135949629704],[126.58491435356733,35.30078730050834],[126.5767134450288,35.30436213403464],[126.57271014304379,35.31014883239443],[126.56399755645276,35.309527209394204],[126.5510828349386,35.31367524343219],[126.5323236081764,35.30674353724135],[126.52992600495496,35.312306517663146],[126.52367637455835,35.31476220856887],[126.52108661375536,35.32451768367579],[126.51385575727139,35.327472439520335],[126.52052989138022,35.348348141745376],[126.51275773298921,35.36203464205695],[126.50375743422931,35.35866173460578],[126.49694867397339,35.35004565090493],[126.49354740984897,35.350384757796434],[126.49213591673406,35.35411184185513],[126.49600085477603,35.358126292311454],[126.49741423680047,35.373200665282354],[126.48621513268469,35.377579711322525],[126.48288761819214,35.3846348020555],[126.4773810012754,35.38617870843124],[126.49057726225257,35.39514849879723],[126.49162886676379,35.41129916533861],[126.48038498233774,35.421047896842445],[126.47602815068886,35.42932850864324],[126.46417577525374,35.425392475136256],[126.45021545890042,35.4278847683505],[126.44634524654688,35.43528775904793],[126.42985300998373,35.432924807802245],[126.43665043870206,35.44851839884622],[126.42947138341772,35.44963933480236]]]]}},{"type":"Feature","properties":{"name":"전라남도","sido":null},"geometry":{"type":"MultiPolygon","coordinates":[[[[126.55035974720354,34.17716246687602],[126.55521178238122,34.174399360510364],[126.55546838267,34.16774094749709],[126.57011325785824,34.169619244805546],[126.57265013042102,34.16128374233613],[126.57644676078111,34.16803270593813],[126.58344151207534,34.16993568137015],[126.59216648397339,34.1667951922841],[126.597729138417,34.16811693683466],[126.60994770034537,34.16151062331514],[126.62083236329585,34.16459979583568],[126.62065303477567,34.155231264303744],[126.6156371365501,34.14854514545016],[126.60319109588346,34.161133260496534],[126.60414242981938,34.145979014080545],[126.59455451814523,34.161355399739534],[126.58967622297111,34.16234069189237],[126.58774194715241,34.15684642412692],[126.57898139243888,34.157461063782485],[126.58021862729089,34.15216551071645],[126.57377306760095,34.149365320959895],[126.57629325438184,34.14498252889808],[126.56515679255936,34.14370243159067],[126.56378971045942,34.13530713132372],[126.55900297379634,34.135349154177106],[126.54309086540812,34.12563758923362],[126.53584170841462,34.12612610665281],[126.52594938002161,34.12166122406192],[126.51919147690587,34.12550842459363],[126.51187438052916,34.122057965126245],[126.51441060206064,34.128830934299934],[126.50460171494818,34.138646995969296],[126.50931880502083,34.144505879258034],[126.50370128923299,34.148408400221555],[126.50956485584398,34.152972712513105],[126.50449038142452,34.15968372222591],[126.51635720368665,34.165655565159966],[126.51633194385323,34.170177173059216],[126.5318568759581,34.17557010208689],[126.5393266240442,34.18195386841878],[126.55035974720354,34.17716246687602]]],[[[126.65436297747293,34.19835731703908],[126.66798449159748,34.193922406870016],[126.67031311457042,34.18939880250955],[126.68470904309812,34.18158887622397],[126.67902440837105,34.17555242703127],[126.65598966123444,34.17168096363924],[126.65746251315188,34.163970456469954],[126.66839420147089,34.161658935725214],[126.66666515643671,34.15828686235453],[126.67006636847938,34.14751162116469],[126.67882470796073,34.151322225402524],[126.6828640754317,34.1485620805593],[126.68026519030654,34.13949864184727],[126.67657334221452,34.13910955592842],[126.67668860473493,34.142576092306776],[126.67194543489639,34.145201502569634],[126.66866780378082,34.143223264566934],[126.67240812570594,34.13100150305949],[126.66632916477782,34.12698575402963],[126.66954034623573,34.121034146784744],[126.66304182687206,34.11717872517145],[126.66343962418051,34.112004542816194],[126.65992782461977,34.11098973372845],[126.65843270400727,34.11461487929274],[126.65005605530641,34.115021361740666],[126.65319128238059,34.1182224861043],[126.65012188543473,34.121601688957256],[126.6524249370055,34.127623911337366],[126.64975289824848,34.13036191212906],[126.64447908575977,34.13024817644918],[126.63756383308657,34.12249484175424],[126.63695833375361,34.13111248647069],[126.631170701545,34.13776169353995],[126.6334896665408,34.14224343288653],[126.62781071547008,34.14562264369687],[126.6304410398908,34.14950347988038],[126.6361699686375,34.15042913599271],[126.6405791941189,34.16093143037104],[126.6521476555198,34.170088967666196],[126.63542310445243,34.17970971962682],[126.64151778977056,34.184216407257736],[126.63325524529051,34.18802958103591],[126.64293527988407,34.18652516471176],[126.64823704314861,34.19254732310059],[126.64553156658673,34.19344738800816],[126.64620387541326,34.19813509988507],[126.65436297747293,34.19835731703908]]],[[[126.89689822482215,34.21208688991565],[126.91044746560611,34.212654206252985],[126.91182952445973,34.20627484005278],[126.90361972388354,34.20201114738787],[126.91174254734162,34.19456959253934],[126.9083435291771,34.18333689774417],[126.92484458738743,34.190988986325756],[126.92847150230953,34.189573722000375],[126.92087652019104,34.18548966513891],[126.92479556125943,34.1750855217316],[126.91977021356605,34.16913916402317],[126.91531400781852,34.154128059548434],[126.90865460166715,34.15135394074984],[126.90593998286823,34.15217487904462],[126.90482231013678,34.15480047033093],[126.89489433282401,34.15451551916452],[126.88100012106197,34.149767663819304],[126.87844449050385,34.151783817965935],[126.88123924968615,34.15522092058906],[126.86875504906551,34.16621188416909],[126.8596921159713,34.1618707058213],[126.86044356881555,34.15678823528834],[126.85645601793347,34.15051500481011],[126.85228735883001,34.1612932578685],[126.84835914023348,34.162815257864224],[126.85952376338741,34.17060213759633],[126.85541578477448,34.17317657266167],[126.85081006871975,34.168635317708635],[126.84705521468737,34.17425626769743],[126.8531748466817,34.17904928635208],[126.85419443454842,34.176298029614465],[126.8575637299444,34.17773411653804],[126.85292949765247,34.18560670804277],[126.86147444681981,34.19454441078175],[126.86125819545953,34.19833660167001],[126.85728674122728,34.1992864666299],[126.87044003979122,34.20360690003973],[126.8758278734274,34.21290341964101],[126.88400488269507,34.212808384212224],[126.88468305343359,34.21682240571662],[126.89136904027033,34.21724446208003],[126.89178744240921,34.213718708683956],[126.89689822482215,34.21208688991565]]],[[[126.56791349312415,34.233808719242234],[126.56534808181632,34.229949614922866],[126.57122600864763,34.22976302914493],[126.57364137138877,34.22212047088861],[126.57914451328313,34.22825709204558],[126.58899386543527,34.222718031058406],[126.59457355683404,34.22699410595069],[126.60663819446567,34.22444827477956],[126.60759764330774,34.21912762132216],[126.61385883877311,34.21623607216581],[126.61723153304713,34.209226803709285],[126.62528626525457,34.20318453997224],[126.61083246439581,34.196399768802664],[126.60628089380046,34.200736821442945],[126.60285005678787,34.19984491447764],[126.61644275118937,34.18319152795239],[126.60092939634589,34.18190941341533],[126.59644341858275,34.18357321859075],[126.59834538932715,34.19084672196746],[126.58673657337394,34.19101261851354],[126.58367661487335,34.18095746555353],[126.59076942103847,34.1736845297272],[126.58769769767748,34.17271747980189],[126.5612650269523,34.178877007685756],[126.56225726310302,34.18918255008156],[126.54846662787776,34.189259504528984],[126.5469938287112,34.192695092250105],[126.55660371170679,34.194947329490596],[126.55510612683449,34.2001461768168],[126.55860597271788,34.20285910288983],[126.55333935619404,34.20612144791959],[126.55991823482823,34.20624219111006],[126.56487622418028,34.21188876941508],[126.55931837984643,34.21498057369705],[126.55700254708506,34.210392753004754],[126.55618027182778,34.210742308195215],[126.55454638949841,34.21193820752331],[126.55655381861249,34.21819534585875],[126.56539054291173,34.21802310629861],[126.56734537764413,34.22345288027271],[126.56445828745063,34.22666309438412],[126.56127630252439,34.225577078481486],[126.56170098596452,34.2329539926346],[126.55771021532144,34.230668438169545],[126.55315791004688,34.23347777291266],[126.56791349312415,34.233808719242234]]],[[[126.83928891398051,34.31239317255826],[126.83910201471005,34.312366355196744],[126.83910871125885,34.3123819513912],[126.83911089073057,34.312383983227626],[126.83928891398051,34.31239317255826]]],[[[126.83928891398051,34.31239317255826],[126.82879971950749,34.32575393356052],[126.80485025078943,34.32626585323693],[126.79810886061682,34.32300878057672],[126.79396111183122,34.31537605532895],[126.79052230344352,34.32176318245445],[126.78016791542946,34.32806927610692],[126.75168045157055,34.33531816308508],[126.76213871205249,34.33838159551486],[126.77805610939927,34.332303236362975],[126.78701727362522,34.34610483824357],[126.80167425827412,34.33364378816516],[126.81572693576084,34.33643328541011],[126.82044002126403,34.339217387515106],[126.81865167983487,34.347629156798696],[126.83480681106546,34.35869169946474],[126.84796281338816,34.34427896024486],[126.85608534807074,34.351284975727296],[126.85908964990453,34.343785460027526],[126.86567679323832,34.34951121635116],[126.87202651469175,34.3493334860999],[126.8806537036673,34.336336366782874],[126.89641219224934,34.3448874624709],[126.89924729826292,34.34218277352904],[126.89716060668545,34.33258720613047],[126.89293496576101,34.33025334330945],[126.88820208641756,34.334324082472165],[126.88014643311867,34.328914514359944],[126.88001617826198,34.328509080192546],[126.87937062725123,34.32622057275372],[126.88623624587545,34.32264365946651],[126.88255239581396,34.31086400715748],[126.87183078509861,34.30958982655921],[126.87480977234995,34.313681499442744],[126.87021882317953,34.321297504687735],[126.86585613997318,34.32233636114085],[126.8618502172851,34.31963701453284],[126.86652446968769,34.31376127839018],[126.85632255882983,34.31052701984889],[126.85492835650054,34.30669154227471],[126.84209114498437,34.2989456107547],[126.83680114813494,34.30611188789145],[126.83928891398051,34.31239317255826]]],[[[127.02977203398694,34.38084814506283],[127.03184300130071,34.37498476001028],[127.04027614462758,34.36801200560342],[127.04515129131535,34.36821348877665],[127.04181117278009,34.362735522269254],[127.04535976232154,34.35957849844661],[127.04272973222243,34.35709261774279],[127.04493879742681,34.35106241930465],[127.05935527517228,34.35381438203492],[127.066185782387,34.36061536567048],[127.07612049042183,34.36158196979626],[127.07600688613321,34.35796253427386],[127.08551671022222,34.35730984669255],[127.08284188496857,34.35108022196488],[127.08883577255963,34.3493781820031],[127.08984678229282,34.34628920084949],[127.0906023809589,34.344393229319664],[127.10099722368648,34.33804502794416],[127.09383123222891,34.33558717737105],[127.0866744831465,34.3431856721957],[127.06760319794385,34.3473568834018],[127.06201235226061,34.34067807799516],[127.07860402314465,34.33740672247173],[127.07903869696746,34.3368692855069],[127.07714535809733,34.332415145069916],[127.0694240665433,34.33430889255114],[127.05661371835288,34.33026256519748],[127.05594260526044,34.32334231471765],[127.05049167030255,34.3246064447651],[127.04260220855858,34.31666433213135],[127.04145797294305,34.30839815015344],[127.0367673816262,34.32536391908416],[127.05133549203524,34.32907583645642],[127.05399862589806,34.334729391326825],[127.05083056636062,34.340952611832684],[127.03701267820001,34.339740152323806],[127.03551865176247,34.333156254504345],[127.03074233357239,34.332228812131234],[127.02879654811609,34.333528951477945],[127.03135234723086,34.339374279800964],[127.02617035984046,34.3364866818472],[127.01788811063935,34.33891585275443],[127.03236056428379,34.340872504451156],[127.0324109553022,34.344395398654754],[127.02510942205727,34.350109999029335],[127.01290886318762,34.35552586376611],[127.00728274534663,34.34931946226843],[126.98510109150449,34.35994144984129],[126.98926942706056,34.36173970430489],[126.99612683338069,34.356541285971886],[127.0068708331768,34.35692742147074],[127.01144524985585,34.36386920961047],[127.00774931674428,34.36666333972791],[127.01078602347735,34.368913801314754],[127.01463988030233,34.36604861444713],[127.01713913505182,34.36865727208094],[127.01173519190625,34.37286430964629],[127.01403769618987,34.37725895998312],[127.02868356447156,34.3724286586864],[127.02977203398694,34.38084814506283]]],[[[126.69443676653151,34.39847394476797],[126.69442480117503,34.39847685212361],[126.6944118959962,34.398481407838766],[126.6943995983458,34.39848977942147],[126.6943878950174,34.3985083290726],[126.69438755847999,34.39852029013836],[126.69442315376973,34.398762280167865],[126.69483813953022,34.40042985785653],[126.69443676653151,34.39847394476797]]],[[[126.69443676653151,34.39847394476797],[126.70142357091419,34.39841450350885],[126.70989730548104,34.39419080258234],[126.71418287146118,34.387652162027365],[126.720000435785,34.387357850003454],[126.71958457697757,34.384390166563094],[126.72716536582212,34.38291124061051],[126.73336683125838,34.36771953118125],[126.7295995041013,34.361987582466305],[126.73238962328557,34.35845227118242],[126.73171774675798,34.35135776634115],[126.73826772246512,34.34833961144931],[126.73569362461208,34.34291043530187],[126.74409134346713,34.33585371157136],[126.74338522434738,34.330679664870516],[126.75064175277484,34.32635135239079],[126.74839645557664,34.32139016048068],[126.75478001604971,34.315359684506326],[126.77266737179872,34.31980814418173],[126.76851734665684,34.31685354993832],[126.77165089647046,34.311208786481735],[126.76158840388047,34.300447088894195],[126.7777218455268,34.28757464125199],[126.77134729487985,34.286979018343565],[126.76018490075674,34.29270420180901],[126.74824698715268,34.29151764465167],[126.73447416538066,34.30466651790349],[126.73191003973798,34.30149132609131],[126.73797724870543,34.28664689823993],[126.73176714013992,34.287028132892246],[126.71732041148985,34.297064477043136],[126.70267610791184,34.2972352620512],[126.69479121225892,34.29249610328638],[126.68607424780598,34.30172133548449],[126.67899518723355,34.304182398442165],[126.6826702884638,34.306736916202276],[126.6761887216321,34.31613618668347],[126.67027500324826,34.31604678748023],[126.66945841555916,34.32320309289616],[126.65774307946592,34.328459891052184],[126.6532180751504,34.32664943615751],[126.65335315684617,34.33132967234524],[126.64556341584066,34.32813133003965],[126.64910658119501,34.33389716996286],[126.64476481859322,34.34018484739511],[126.64501469787551,34.352953398797794],[126.64137318838165,34.36173411423097],[126.64575919174364,34.367346798145945],[126.63898074456652,34.38214324146411],[126.6461037549713,34.38777935787286],[126.64859321081985,34.39407863930357],[126.6575660563834,34.39373897711966],[126.6648835551414,34.39908673656184],[126.66797287377356,34.39558128512106],[126.67228163254316,34.39690220441415],[126.67107945063971,34.400865007545534],[126.68640744726343,34.40241247388024],[126.69443676653151,34.39847394476797]]],[[[126.94316324987018,34.392946791928544],[126.94195471422002,34.38654323622058],[126.9349851836188,34.383667328517525],[126.94774090307345,34.37740047167139],[126.94788962584974,34.3677693434296],[126.93833169301094,34.36604830748075],[126.9287539382782,34.370358837555244],[126.92356556953735,34.36636216393857],[126.92405755044608,34.36051251284434],[126.91742326153916,34.35581665383416],[126.90813920523698,34.35843829965707],[126.90742897997514,34.35346602124157],[126.89444400349068,34.36025806891419],[126.88908266730671,34.358653476114654],[126.88851797773255,34.36531563805729],[126.86990548171201,34.368296356355366],[126.86370303626849,34.37338078226229],[126.8719894198253,34.39759456824574],[126.86175161502351,34.40671289857099],[126.86664587994687,34.41123749059882],[126.87408879482939,34.407016761222394],[126.87107765571672,34.40191066997511],[126.87774813321921,34.399416384474144],[126.88215994769976,34.40697761987067],[126.89390729045232,34.39590102757244],[126.89667777138008,34.39734386066418],[126.89390962004721,34.40103554323656],[126.89595654787709,34.4042710602446],[126.90005216806284,34.397855726472976],[126.90400931650949,34.402356967291325],[126.90820541700367,34.402269861401905],[126.9061492706291,34.39989923317602],[126.91321167026729,34.3947885003606],[126.91199522315084,34.39183481070321],[126.92095375990601,34.39473399812972],[126.92248759736934,34.39187223455752],[126.93072730834187,34.39063567668036],[126.93496601919176,34.39174654470671],[126.94298628404636,34.40278123401117],[126.94337455276302,34.41290465358632],[126.95112627493391,34.40384037910345],[126.94316324987018,34.392946791928544]]],[[[126.65710790969291,34.42047520430747],[126.65711030211054,34.42046672429588],[126.65718822201168,34.42008870774505],[126.65720836625025,34.419971645727216],[126.65726155006408,34.41910494739256],[126.65716521804883,34.419450758526374],[126.65716217715696,34.419489630186284],[126.65710790969291,34.42047520430747]]],[[[126.70222425993195,34.43562264774958],[126.71562689279487,34.434995263793525],[126.70732769814742,34.43287518138036],[126.70222425993195,34.43562264774958]]],[[[126.70222425993195,34.43562264774958],[126.70156624629476,34.440103489560045],[126.70164587160843,34.439959676390046],[126.70165454145385,34.43994146261302],[126.70172302654836,34.43957057744835],[126.70180855372669,34.43909763541716],[126.70188223801227,34.438664933482585],[126.70196544391176,34.43817377606821],[126.70204114531965,34.43771831676944],[126.70205934540814,34.437606192608015],[126.70206252603626,34.437574567570834],[126.70222425993195,34.43562264774958]]],[[[126.83319147583023,34.4370818763899],[126.83433840239444,34.43136476156466],[126.83853525872217,34.4344677945362],[126.84501041438158,34.4306141092106],[126.84168387962525,34.42324035513071],[126.84352284488703,34.42063423440627],[126.8276214936857,34.422518919982984],[126.82405102237709,34.41927639482762],[126.84014770878126,34.41059068823328],[126.85015723831586,34.418259778992265],[126.85324176658666,34.41278375943635],[126.84870417508827,34.40653888846593],[126.85737701742966,34.40742066762842],[126.85886609040163,34.39652133777595],[126.8641903363237,34.396477774244765],[126.8656489484148,34.38983157451741],[126.85495206526258,34.392512556916046],[126.84713796701644,34.39013927514922],[126.83339897135194,34.38423257773158],[126.83014203117328,34.378079452755514],[126.82335181176866,34.386997194905696],[126.81786869613552,34.38258687773232],[126.804596215682,34.38551715981281],[126.79330438599399,34.38232826246211],[126.78462910742353,34.370338372487616],[126.78041580910094,34.36903574677495],[126.78187760508223,34.36261255508801],[126.7763281057969,34.35734242977336],[126.78075695675882,34.353090964450296],[126.7676831267749,34.3574092647725],[126.76657841336288,34.363562617903156],[126.77929748882065,34.38198264790955],[126.75665988248832,34.38339068105949],[126.7497663361818,34.38009945997741],[126.75818534626457,34.39365881952151],[126.76819592685037,34.39893128573871],[126.76386993579507,34.408768479937535],[126.77002856154813,34.41296031996608],[126.77492853763884,34.42261432315703],[126.78890310263239,34.43286285539127],[126.81687201338586,34.43372457478117],[126.81508759175699,34.43564223866204],[126.81932897046096,34.438619462485256],[126.83437684737045,34.44371946931176],[126.83319147583023,34.4370818763899]]],[[[126.89043205516636,34.45614377770824],[126.89148462190506,34.45478540822658],[126.89029147978691,34.45559584010136],[126.89028537539255,34.45560259484297],[126.89028612105263,34.45561593806779],[126.89043205516636,34.45614377770824]]],[[[127.47850308820489,34.46412427105286],[127.48971757511492,34.46595929467091],[127.4828527751164,34.46006836693676],[127.49357606085037,34.45867700556984],[127.49819943592597,34.46752343392469],[127.5022957142262,34.461880142027475],[127.50687871155858,34.46836360034731],[127.5049079519851,34.47389875790455],[127.51340180868674,34.462573741403475],[127.52124852606718,34.457653035725805],[127.5204565356336,34.45367790149572],[127.53713457368265,34.447953354836024],[127.53436590638923,34.443628009810595],[127.53836068509783,34.431222015617806],[127.53014405314812,34.42229989613393],[127.52046497619995,34.426708207689074],[127.50148557288932,34.415358322116155],[127.4920296571247,34.4117518373115],[127.48727860584944,34.41346322664838],[127.4867398222796,34.41769187756447],[127.49413042033486,34.4253836562142],[127.49299357973297,34.43148238399665],[127.48634245482393,34.43312663343591],[127.48312431203487,34.43746180447815],[127.47908974928316,34.43252923569446],[127.47525083562991,34.43274438517998],[127.46280151165183,34.4436414432916],[127.46409883636844,34.44692090512532],[127.47346196792661,34.44239989105768],[127.48241071831166,34.44235497057971],[127.48533944084686,34.44769718875701],[127.47096902604287,34.45281670958595],[127.46041918858263,34.45164467351071],[127.4517861257702,34.44645730226235],[127.44966983144498,34.44898807870543],[127.45835994598256,34.45256499759004],[127.45212199799923,34.46878443087153],[127.45482140406371,34.4757940428557],[127.46686746033782,34.4711738409885],[127.47258692478786,34.46442992036414],[127.47850308820489,34.46412427105286]]],[[[127.21737144270607,34.49521123396761],[127.23101517947488,34.485494192671865],[127.22963678602578,34.48204985296357],[127.23501508083004,34.475752084832294],[127.2298980061512,34.4716183876868],[127.22983401549526,34.46446249481071],[127.2220362929425,34.45522716846595],[127.21792389224564,34.43724619436971],[127.21169599706192,34.43540970851558],[127.20850835417754,34.42941544678559],[127.1672021363909,34.43518289451789],[127.16105667106356,34.433710582852484],[127.16277629387594,34.42943520299732],[127.16160249323646,34.427967402638515],[127.15763159111637,34.4265443338717],[127.15437833197521,34.43120505882368],[127.14430208304435,34.42889961208069],[127.14146645220427,34.420487506314856],[127.13711061482056,34.42828471958392],[127.12471863631339,34.431341147814294],[127.12398135486728,34.43619996384949],[127.11559922883616,34.43925875336765],[127.11627641390218,34.44773861162019],[127.10879987580638,34.44790859516266],[127.1074548415684,34.44184195074711],[127.09925933036979,34.44319102413965],[127.1000947398666,34.44969545060653],[127.10640636925916,34.454778714660556],[127.09294405822575,34.47073248082767],[127.09603660988806,34.473604372471],[127.10121105363854,34.46876041406666],[127.10505973704308,34.46991657193586],[127.10706690595694,34.47519731947721],[127.11301947950717,34.47576638030607],[127.11690749050548,34.48021152752671],[127.11641939041628,34.484005815093205],[127.11065609410797,34.48528860846829],[127.12111227223116,34.49022562868694],[127.12446295728296,34.489924653411016],[127.12347035264206,34.486195902571275],[127.12847253562451,34.47814616892046],[127.13646728869661,34.479182800610445],[127.13633646437678,34.47288015267275],[127.14164048083583,34.472771752220694],[127.14662764247349,34.47506274538921],[127.14881637807488,34.480448486097345],[127.15718115429318,34.478198410800616],[127.16313451570906,34.48010905924351],[127.17870226484541,34.49093846555479],[127.18268701871328,34.48999018915237],[127.18914161308258,34.49417852802078],[127.1956040816743,34.49256737553642],[127.19889953461288,34.487948849086806],[127.21737144270607,34.49521123396761]]],[[[127.76967029678326,34.5304581543455],[127.76969095848816,34.53046510182568],[127.76969712978158,34.53046557700698],[127.76970650907762,34.53046469774129],[127.76971031396008,34.53046258452798],[127.76971344396752,34.53046069734239],[127.76971787732558,34.53045613790725],[127.76967029678326,34.5304581543455]]],[[[126.78221082782214,34.53089215259462],[126.77868022387604,34.53238203244346],[126.77712356490633,34.538057796329134],[126.78462687584435,34.53508619868339],[126.78221082782214,34.53089215259462]]],[[[127.46627967947701,34.543640531943396],[127.47283050739165,34.544105454753264],[127.47881114969506,34.5361713103978],[127.47305766355511,34.5296650211366],[127.46043577970204,34.5296459282791],[127.45857301163525,34.52570505730407],[127.47072104425312,34.523292465793304],[127.47566540839527,34.51504879484417],[127.46711470565124,34.517946867924294],[127.4576706315283,34.51378452392756],[127.4648823423553,34.50820047686687],[127.46537529271936,34.51298337368638],[127.472123687631,34.5089224753234],[127.4794851885556,34.50972765055011],[127.4845363011395,34.50465118292482],[127.48650723569112,34.50930593908602],[127.4911086477281,34.50815539496957],[127.49924916406401,34.50276482591466],[127.50176413715627,34.49494044505553],[127.5064371685925,34.49201611207246],[127.49310702099297,34.48394910602833],[127.48912431605524,34.48474637766754],[127.49143056456819,34.48772235015046],[127.48865472252646,34.48994729265347],[127.48438618499276,34.48404050424535],[127.4770182524408,34.48313538635272],[127.46958713521462,34.48656681165156],[127.46012452000424,34.48351750544263],[127.4625345017309,34.47973440749274],[127.45256252342607,34.47862484372442],[127.44877543574553,34.48776644957795],[127.44089077051302,34.492803551388015],[127.45847178641898,34.50243833594175],[127.45809479354374,34.50608572225174],[127.45173304449649,34.506781720240966],[127.45608398730386,34.51090271358006],[127.44833215820263,34.5173024916986],[127.44129917790777,34.516058235771325],[127.43387112485736,34.51999408902993],[127.44302281079433,34.52709038655021],[127.44841263493967,34.53827093642278],[127.45499971189567,34.54186267677618],[127.45325221611739,34.54376066083577],[127.46627967947701,34.543640531943396]]],[[[126.79425036184408,34.54721869163153],[126.79355167823432,34.54708034280778],[126.79287471011281,34.54715753267037],[126.79425036184408,34.54721869163153]]],[[[127.76967029678326,34.5304581543455],[127.78015223379231,34.52007960340938],[127.78215788423506,34.51203339570515],[127.76690438083197,34.51031305831546],[127.77760799927134,34.505337945446584],[127.7864767752771,34.5077661889383],[127.79322265976411,34.501936186432125],[127.79203155039583,34.49662821199891],[127.79865612922707,34.496018307990944],[127.78991543348391,34.48690382286396],[127.77349055980297,34.48795131717719],[127.76263612306529,34.491018783099875],[127.76945071155609,34.492489650706304],[127.7730158373621,34.50005380520349],[127.76618652523563,34.49629782436328],[127.75377925407092,34.49933526513347],[127.75409467481154,34.50469574912229],[127.7472702635765,34.501631942208675],[127.73478461834719,34.503152294565346],[127.73393678169559,34.50609038364292],[127.74069801275098,34.510446928109076],[127.72551591494229,34.51586587533869],[127.73173719493525,34.52728935767846],[127.71986201097997,34.52311251595977],[127.71272116169361,34.52965463179154],[127.70283252839661,34.531483651311035],[127.69630344232306,34.53887067501221],[127.71168427070837,34.53800483974668],[127.72563467901404,34.54852545884247],[127.74041589891841,34.55314353474536],[127.75783231038167,34.55154587750883],[127.76407118050106,34.539981590183054],[127.7623960254294,34.53484047939988],[127.76967029678326,34.5304581543455]]],[[[126.2522072996146,34.584216345906256],[126.25759777270854,34.58739206661464],[126.25898411509968,34.58556480939189],[126.26011210366154,34.5845594128661],[126.27853625826658,34.583946411775685],[126.28125707922926,34.58041383686357],[126.27912820984412,34.578019010402826],[126.2907495034756,34.57758288552672],[126.29144040646321,34.57226629928959],[126.30362734995933,34.57096960922362],[126.30976150770054,34.56279598853787],[126.30088449132154,34.556824827322686],[126.31061938664045,34.55085586523958],[126.31463294363073,34.543594423067155],[126.32528200362786,34.540312220212364],[126.32713753281942,34.547132628582105],[126.33898390238915,34.55160144483171],[126.33691793640385,34.54337705255188],[126.34487330682616,34.54244873135792],[126.3452440274449,34.53769142786278],[126.35375478562366,34.53242902406528],[126.35115355643777,34.52755605989975],[126.36164945998638,34.52507738563561],[126.36803443699286,34.5154305409625],[126.37737926167016,34.51240894787711],[126.37695027940224,34.50821688255876],[126.38318745380822,34.503688493911824],[126.3727306552685,34.500727834829284],[126.37310863350797,34.49632346250887],[126.37312271452844,34.496205257671804],[126.37996093908731,34.49145247851809],[126.37884420598377,34.48629311076048],[126.38501585921864,34.48072602576468],[126.37886291051271,34.47825192876366],[126.37575193751144,34.485349798975115],[126.37032173206806,34.482936225805425],[126.36403030784187,34.48451384091699],[126.35824180901159,34.48085331417636],[126.36057756817607,34.472982807086],[126.37221620424737,34.47067828132242],[126.37046159406188,34.464446740917815],[126.36661227461826,34.46479023784625],[126.35839937448992,34.45700518999974],[126.36566518942074,34.44329478499658],[126.3530626659156,34.432930114735214],[126.35204005284893,34.42686127082386],[126.34305969937432,34.419718060251924],[126.34223449904921,34.415321085023855],[126.33550636515058,34.41446113778889],[126.33759833007034,34.40269348939979],[126.32876802413178,34.3993612272738],[126.32918366787766,34.39423086501396],[126.32594832556424,34.39454295041637],[126.32713267464935,34.39735801982551],[126.32056028685645,34.4048170850135],[126.3277001249576,34.40596232011342],[126.32202248595188,34.41167734813279],[126.32157114990194,34.41388972027243],[126.32691295292815,34.41512583363426],[126.3226418593812,34.41645915169764],[126.32499273364525,34.42090993451753],[126.32022802777679,34.42450849629604],[126.31919004114715,34.41899828373362],[126.31108866801542,34.41590422276841],[126.31425121639496,34.40006315107161],[126.31249373400354,34.40554727036762],[126.3030171357704,34.41428046810269],[126.30099969876719,34.41295899452711],[126.3064432719356,34.40199284557667],[126.29933434195019,34.403648232563],[126.29799370585174,34.4090564970444],[126.29261477657936,34.40889658161082],[126.29175201320595,34.40285608865024],[126.2971234916014,34.39747745547225],[126.28949286647511,34.39402681408661],[126.29692194214074,34.39068325110816],[126.30165362812062,34.39518429443451],[126.30442566839929,34.388823206885654],[126.29665224004333,34.38457847396291],[126.30333855281793,34.382363007243626],[126.30757214711694,34.38552109027893],[126.31028276811973,34.38168497164491],[126.30605042541515,34.38054900252268],[126.30866247280382,34.37383525251477],[126.30458426886831,34.374075361253354],[126.30216373832519,34.37005482701374],[126.29816034673865,34.368974359165634],[126.29185309744116,34.37390717446298],[126.28907023104941,34.37022918148492],[126.29214142266625,34.366374671103046],[126.28854558664587,34.36421392699962],[126.2796458178535,34.37196987605706],[126.2846087244663,34.38147762517171],[126.28416749608787,34.38832622650443],[126.2901349957732,34.38817640290056],[126.29187610161337,34.39131826700124],[126.28588914856061,34.393963407751045],[126.2765963665551,34.39054745086971],[126.27677156862975,34.396059432460234],[126.26548841209414,34.397307714487376],[126.25957350208182,34.38702253652239],[126.2663842186551,34.38446508108136],[126.26727292876859,34.37789964388141],[126.25524596019382,34.381311190927285],[126.25206806425531,34.3780709893975],[126.24606366618396,34.37939518731091],[126.2392910179566,34.370491132400716],[126.23472942437967,34.368928599221526],[126.23024697233238,34.37448455649526],[126.22926709803217,34.370920677984934],[126.21974643652278,34.36712888799827],[126.20839634737332,34.37188790758624],[126.20224617254192,34.37108918157136],[126.19855494150188,34.36769136413854],[126.20913761487856,34.3679684809778],[126.21417992749119,34.36032814206732],[126.20981734449194,34.36178066640907],[126.20324872396512,34.35797234702124],[126.18751010468775,34.35656215596596],[126.18004151165898,34.3489488718891],[126.18128129869076,34.359320015227745],[126.17401126179377,34.3523791942309],[126.16388520240733,34.352441173275984],[126.15640621885333,34.356734674722816],[126.15713723103708,34.360525445824926],[126.16374963880627,34.364059814490986],[126.16111954629702,34.365248181072495],[126.15599135096147,34.3618164367411],[126.15512173821031,34.36581678055343],[126.14591200276323,34.36565543697259],[126.1436633519938,34.363619646432],[126.14584970233419,34.35907636065116],[126.14176009208975,34.357388589340005],[126.12999639939042,34.35927319948505],[126.13224613985277,34.36377055931194],[126.13619316667602,34.36426189610951],[126.1366288873213,34.36646819499676],[126.13002554644102,34.365643124982405],[126.13730199910238,34.36914217054366],[126.1341134864643,34.37414473216251],[126.13570698500403,34.37583397842711],[126.14196842522944,34.37829690664748],[126.14302275616922,34.38515348746646],[126.13353900154137,34.38539791241245],[126.13004943727977,34.38329957718095],[126.1309485867429,34.37975161531627],[126.12917811083075,34.38361190018255],[126.12644164332089,34.378502217559195],[126.1145396191867,34.38127684143085],[126.10930805821386,34.39515173034707],[126.09711113581774,34.40459647017241],[126.09664918676074,34.409541428276924],[126.08922881481355,34.41852617737012],[126.09350032631058,34.42340059631591],[126.09760170895193,34.422153813609],[126.09254191839722,34.426171391397794],[126.10050109220768,34.430872733083],[126.09608097829457,34.435704827752616],[126.11765690211328,34.44930719732583],[126.12267464758396,34.44369739363431],[126.1255814352227,34.44240481321764],[126.1282675678164,34.44337563169666],[126.12500659749942,34.45061854694884],[126.11707392206257,34.455408958977415],[126.11661431097035,34.459628751147996],[126.14000187884768,34.46869239219431],[126.1447825923589,34.47531183992878],[126.15934578841335,34.48240919574874],[126.1724183431086,34.48472786553773],[126.17575343500593,34.49154456499835],[126.17386082530939,34.49541677577734],[126.19067408600218,34.51431559039335],[126.19454328088433,34.51075320014847],[126.19038454247291,34.507739201365986],[126.18833648624442,34.49619275817613],[126.19163847654404,34.49401051790273],[126.20489536115937,34.49570401369165],[126.20783844941307,34.50157654866939],[126.20363418188568,34.506609098362766],[126.20002949569657,34.50503619078779],[126.19830901309584,34.50997714406831],[126.2115424528729,34.516709571726935],[126.22335453512997,34.51640258726137],[126.22391555246682,34.518991531312494],[126.21179788004815,34.52686692566472],[126.22002864411371,34.53126354558886],[126.22491628606953,34.53007442419781],[126.22566244426139,34.54130789264563],[126.22804129129851,34.53584149584126],[126.235969834099,34.53654641975668],[126.25090637085678,34.56301674253377],[126.24435562990492,34.56893818051461],[126.2397505648139,34.564894764586356],[126.2419992364664,34.57357236739442],[126.23989527287948,34.57558882617483],[126.24469701707432,34.58062781549221],[126.23839428937444,34.583832843930665],[126.24982560607307,34.589081025826715],[126.2522072996146,34.584216345906256]]],[[[126.05819394550429,34.62848636174488],[126.07461229116898,34.62558442222291],[126.08908309994762,34.607667433208704],[126.10006914833052,34.60815802210508],[126.10285736596362,34.60505646041179],[126.09847509018472,34.5968758373368],[126.11142482402963,34.58861067485271],[126.1026811509443,34.58331753386962],[126.10477907513413,34.578977525802756],[126.0988859569792,34.58023769042948],[126.10348159595391,34.575661733335785],[126.10199479607444,34.57397968673382],[126.0960705813345,34.57444570134047],[126.09192244439014,34.56876395602015],[126.09759104649919,34.56647670686428],[126.10198313283622,34.55797621732436],[126.09940996674479,34.55227958344814],[126.09854597488646,34.55496227229321],[126.08337522186658,34.55615580392665],[126.08634363244069,34.54638556445186],[126.07668435322728,34.54034242807355],[126.06630538523763,34.537467184812],[126.06256202955971,34.54015907370073],[126.06314850288939,34.53473043249826],[126.05563542634161,34.53041154132245],[126.0420940678737,34.53082724543814],[126.04031207312272,34.53424976896921],[126.03123070848446,34.5309853100756],[126.02647885598863,34.53677862551289],[126.02938119277226,34.54381916888018],[126.04470751495512,34.53760476546973],[126.0480027589569,34.540602130748475],[126.044692242703,34.54330636571348],[126.0457800290561,34.54628832095492],[126.06093691795442,34.54871959317137],[126.0570762566895,34.551902397654],[126.06033517509478,34.554868477195896],[126.053489836281,34.55690213380497],[126.04842656655738,34.55471339234983],[126.03864410978487,34.55814093189761],[126.03430807663533,34.55179938250369],[126.02768158541515,34.55260980111945],[126.02621857955803,34.555365122064764],[126.03082939090928,34.56117831601491],[126.04357179319588,34.56527012985895],[126.06394171614072,34.55933044440611],[126.07267500392324,34.57079104154432],[126.07116614872268,34.572282749929045],[126.07656092429362,34.57337544372697],[126.08123378012283,34.58105272594252],[126.08533129828031,34.58010212619048],[126.08701815620539,34.584461239716],[126.07462401672014,34.58414057132628],[126.06524759534234,34.608110634729286],[126.05975876628109,34.61216864504774],[126.04732138107074,34.610119545729795],[126.04962632850783,34.62802340508497],[126.05819394550429,34.62848636174488]]],[[[126.0166713965807,34.63516840620369],[126.03008100453563,34.634578394482936],[126.0394060255253,34.6302698983532],[126.03857981851361,34.61757816195845],[126.03322948618045,34.61109766230032],[126.04553892524069,34.601901005965246],[126.0550171868718,34.604367807979436],[126.06118315554635,34.59207219210877],[126.06045474313868,34.586695768705255],[126.06442968055222,34.58320732508133],[126.05594925592466,34.56821722810597],[126.05024668858447,34.57124184176452],[126.04152527270979,34.56798438031929],[126.04092239212771,34.571841368589766],[126.03369580383105,34.57234096760114],[126.02935465525928,34.56536149699582],[126.01917251661715,34.564169582380906],[126.01795057945745,34.57193866128041],[126.02204387169552,34.5742888419828],[126.01806576263658,34.575859050054206],[126.01943308151203,34.57703077337245],[126.01921493918228,34.57904103375242],[126.01453315440378,34.58546823336188],[126.01930657468277,34.59060156545373],[126.02043797849194,34.58804689764131],[126.02674680661868,34.59224074105304],[126.01960652158562,34.60036148071866],[126.01108076241218,34.596433101127246],[126.0154404090772,34.60223431239093],[126.01099365706162,34.60787681525636],[126.0167536979876,34.61808212297254],[126.00996538263631,34.63099048106851],[126.0166713965807,34.63516840620369]]],[[[127.30551867427289,34.66749253269102],[127.30497360725778,34.66914171040327],[127.30438103148715,34.672308699377766],[127.30551867427289,34.66749253269102]]],[[[126.16036351703198,34.6690361141037],[126.17024291278474,34.6619002092221],[126.17488220689407,34.66356829734097],[126.17713537723318,34.659735176365444],[126.17421873112474,34.65602097329129],[126.18140256495113,34.658078100782646],[126.18265412700822,34.6539667306074],[126.18721256309004,34.65236809582419],[126.1825277283983,34.644263451766875],[126.18768781810475,34.64158867341623],[126.18525782418882,34.637820187768185],[126.20026245202482,34.64243058859368],[126.20122529504133,34.63537862247406],[126.18096651275467,34.630418580665875],[126.17388577092736,34.62190852308177],[126.16960894416314,34.621717589954564],[126.16761246711472,34.62704219413902],[126.16263759544658,34.6281190334396],[126.15298336452048,34.62444179845234],[126.15157377832087,34.619662401447435],[126.13795318122995,34.61855101753825],[126.13033000013266,34.61325939936469],[126.12203016355832,34.615440385135145],[126.12914882089228,34.620537302429554],[126.12197043568423,34.62925818306851],[126.1294631509701,34.63456025386983],[126.13219980829467,34.64167417576555],[126.12375627196103,34.6456594368136],[126.1216744089523,34.64237158940392],[126.1140190854578,34.646379723340985],[126.1102750492597,34.64483773358004],[126.10968090318568,34.648674242867834],[126.1140686714369,34.64649428024052],[126.1175133664226,34.65345226602211],[126.12746617508269,34.65211383873843],[126.13020356324652,34.66025116637317],[126.13410113381214,34.65785677652978],[126.14979214064088,34.67201371183098],[126.16036351703198,34.6690361141037]]],[[[126.14265225699322,34.69896291064789],[126.14725691221018,34.69353990564161],[126.14326534436054,34.68698582776502],[126.13715366473033,34.69120357189182],[126.13787958243302,34.69619359278457],[126.14265225699322,34.69896291064789]]],[[[126.14265225699322,34.69896291064789],[126.14283739345615,34.69916340915847],[126.1431762878645,34.699511746204486],[126.14362032700713,34.69994086748842],[126.14375890626977,34.70006046417325],[126.1443984636582,34.70060272557371],[126.14470443285414,34.70083202489464],[126.14556542000818,34.70145568049651],[126.14265225699322,34.69896291064789]]],[[[125.42513933629552,34.696656503731774],[125.43183408015516,34.69599220822395],[125.42720735214479,34.690240364261705],[125.42929579460906,34.68490405026471],[125.44099852980834,34.68354032699122],[125.44476018216291,34.685195044933366],[125.4451615899729,34.68596970273225],[125.44412743413967,34.69461750453947],[125.45169242329044,34.68942349542206],[125.45433286939866,34.690276998325324],[125.45420111299012,34.69548324685153],[125.46152448591155,34.69341135259983],[125.46409029215013,34.68734574087012],[125.46006324331701,34.686951232739105],[125.45794860759501,34.680932410009625],[125.45420880930446,34.68610752861397],[125.44386166810386,34.681214877967044],[125.44445986932746,34.671503744437075],[125.43929480048935,34.671825416458866],[125.44268393770486,34.667025465240336],[125.43605472812172,34.664845022199955],[125.43800055096186,34.661255563976546],[125.42258939587289,34.66033064508331],[125.42755501916791,34.645681303905825],[125.41147415222991,34.643208597170315],[125.40864149228251,34.63663606806722],[125.41166977050112,34.62467677380392],[125.40126150562394,34.62509791571455],[125.38461894369024,34.64340987495986],[125.39756125583075,34.64579235751926],[125.39912783125791,34.64863873612461],[125.3973114604439,34.652494863685895],[125.3919647578309,34.6514930493913],[125.38670810960342,34.65726987400101],[125.38834078233609,34.66077470718903],[125.39731000370674,34.6618796378802],[125.397541802368,34.6743691185605],[125.40917760674542,34.682629514023766],[125.4066624904156,34.69036575868977],[125.41205771347893,34.69687616866455],[125.42513933629552,34.696656503731774]]],[[[127.77784709048365,34.72092804295006],[127.78699163716774,34.71574209551839],[127.79097627862394,34.70289235868635],[127.78896234830512,34.69953702893133],[127.78403692739494,34.702812379902],[127.77586893532687,34.70225861698373],[127.78059836498915,34.70776087330739],[127.77851413410002,34.71198401336282],[127.77353498449918,34.70418185151838],[127.77136117736121,34.71065273150018],[127.76376230327593,34.70950863807437],[127.77052565839053,34.70242334221996],[127.76310122219265,34.70625391216574],[127.75918643248318,34.70380271752076],[127.76595900211811,34.694264359332735],[127.77436209939107,34.698856516283094],[127.7791724556142,34.69698963178373],[127.78232849925772,34.689444233085354],[127.77627269296562,34.681354187591175],[127.78299701955495,34.67161968547548],[127.78967198374428,34.66985623675769],[127.79301460300817,34.67241654849796],[127.79548491560298,34.66739516227358],[127.80069469019348,34.66754225531544],[127.79388081148569,34.66515952200176],[127.79491360547527,34.660637791496185],[127.8065417302453,34.66080680125033],[127.80627043896611,34.65794349665918],[127.79790860248758,34.654832347291766],[127.79827691304536,34.645501096299604],[127.79362017698877,34.64368346519263],[127.79713092935239,34.64224210869389],[127.80006357211086,34.630136776875005],[127.79572207438741,34.62816612745465],[127.79223955610885,34.63022981806368],[127.79386662223249,34.62353138887684],[127.79057900048774,34.62230881535208],[127.78969082929237,34.617304914770614],[127.79211588725097,34.61063364712315],[127.78795163613638,34.60709914874451],[127.80236777780318,34.60168328471803],[127.80212795828378,34.59607069983235],[127.80789368544954,34.59654774382363],[127.80369342941879,34.587848723994114],[127.7919850226954,34.584879212451035],[127.77847673287253,34.58969268531232],[127.77257619937676,34.58728526660797],[127.7636413863868,34.59347814138807],[127.74926352533339,34.59289768263222],[127.73808930370708,34.605045919559785],[127.73766392272654,34.61055942107057],[127.71933331133593,34.6137685921824],[127.7117070375121,34.62146508389129],[127.72143911519514,34.63038159534839],[127.72460154548533,34.63756721269475],[127.717391591418,34.643437074657385],[127.71220057042372,34.643387969751586],[127.71927959204959,34.645940701483944],[127.72363355021596,34.65579603208981],[127.72949154533029,34.65629738192735],[127.74495801851239,34.66661363191402],[127.75226552717359,34.68034125206625],[127.76304227619427,34.68758917601797],[127.75415297205024,34.69762693323808],[127.75626498551914,34.70789343618857],[127.7467323487496,34.715778130744816],[127.73691293999413,34.73130841549717],[127.7382824990461,34.73291014280333],[127.74001830204597,34.733874136702],[127.74984153008229,34.732341369523034],[127.75605180034461,34.73136716000156],[127.77784709048365,34.72092804295006]]],[[[127.67397361393668,34.742581650323174],[127.66973881005046,34.74540727089208],[127.67341934766293,34.74562535042679],[127.67397361393668,34.742581650323174]]],[[[125.97001748142593,34.725566985253444],[125.97237075046799,34.7259951983755],[125.97635860586999,34.7186764043972],[125.97998107599328,34.71833371917526],[125.98202155652234,34.722111323285084],[125.99061999373704,34.719301760412016],[125.99285526029809,34.71391510317685],[125.99074070299638,34.71135417768595],[125.99983407644693,34.70292235612538],[126.0135894459044,34.70308102654853],[126.00774599804026,34.68515263424954],[125.98765288025047,34.67855215120229],[125.98763800500831,34.673505494826905],[125.97863839845407,34.67187783422531],[125.97845880108922,34.66258805838119],[125.96518227379649,34.65633891580725],[125.95370154442202,34.65861065908734],[125.95730214809404,34.668714599456834],[125.95481238575817,34.672536396682304],[125.9493326032296,34.67204604381931],[125.94891470808156,34.66763344025099],[125.93926408405814,34.66548487420187],[125.93795688994695,34.668058726149276],[125.93402790190727,34.671419302271076],[125.93286396371587,34.67924829868248],[125.92708296978017,34.67868802584334],[125.92447008485692,34.67025348179897],[125.92062848781582,34.67147278964707],[125.9206124665319,34.67148013983941],[125.92252810012249,34.67937697545421],[125.91774108718245,34.67710252567531],[125.91530801057084,34.68113640697757],[125.92023512267052,34.686116943265915],[125.91904842847423,34.688663090701596],[125.91402246063356,34.687619401350915],[125.91573593268502,34.71097040727033],[125.93360284542108,34.71550900501024],[125.94662132245708,34.71466463338991],[125.9477752336302,34.72228721132169],[125.96138108542911,34.737391960366175],[125.97001748142593,34.725566985253444]]],[[[126.14556542000818,34.70145568049651],[126.14979462142017,34.71414803285709],[126.13924632805313,34.72119503255258],[126.13828480820484,34.72431514968742],[126.14232233782677,34.72731128411328],[126.13723896037641,34.7285564376249],[126.1241934451479,34.72439761667496],[126.12273557107734,34.718459078658114],[126.11781222266136,34.714755060947574],[126.1101029119531,34.71829318355751],[126.11025406861147,34.721893794638405],[126.09769325245223,34.720736012725936],[126.08293567783032,34.716361408517606],[126.08047348680614,34.70620524072718],[126.07478743477462,34.708889678442986],[126.07427445301592,34.71327815957341],[126.08127413336886,34.72019834030087],[126.07062257324779,34.735014143041205],[126.07111160662471,34.74162541622306],[126.07593020636303,34.743498626014876],[126.07413781698556,34.74691461936505],[126.08189265727482,34.75069359639563],[126.07681232715831,34.76378015432185],[126.06738459375433,34.764738215512246],[126.06483818206267,34.76917481559531],[126.06904133094328,34.76588680980757],[126.07866376104872,34.76775518926273],[126.07881847183015,34.76394695993934],[126.08223070492876,34.76344100756291],[126.08853226878045,34.76711260677798],[126.08868877249859,34.774855076244826],[126.10464754455467,34.766521178646315],[126.12478301125483,34.77097727404283],[126.13523590536846,34.7556384239006],[126.14386464826073,34.7519370181681],[126.15660323404151,34.75803121185449],[126.16286154886731,34.75725386821888],[126.16828204321152,34.752012044284015],[126.17366759509734,34.75333417609503],[126.17244650493562,34.749074220844506],[126.16739236692274,34.74710908806634],[126.17583279011996,34.74184347032368],[126.1795413950753,34.72537737679539],[126.18283032408428,34.72370340644003],[126.17646579696282,34.71633737493021],[126.17797500413428,34.70643936253828],[126.17457914070245,34.70084010780733],[126.16649731213784,34.700010690647],[126.15767949903936,34.70352415234821],[126.14556542000818,34.70145568049651]]],[[[126.35780150604201,34.77966965163043],[126.3756712612434,34.77052797040756],[126.3710553240669,34.76408021284215],[126.37282875824442,34.75927486639635],[126.3641420522988,34.75828183896265],[126.36238947776815,34.752971088718176],[126.35863989477308,34.75218180375983],[126.36029935610817,34.7447759297877],[126.35044740156059,34.75058552878325],[126.35036991919685,34.76183176424257],[126.35446527702544,34.76175149100915],[126.35223283499855,34.76554055980774],[126.35855908605959,34.765764995576255],[126.35840693593455,34.770962593497416],[126.35270921692025,34.771833046413064],[126.35850862068983,34.771308779462345],[126.35510947765214,34.78513406774642],[126.35780150604201,34.77966965163043]]],[[[125.99344292966394,34.80695170915733],[125.99723586312561,34.804714180217665],[126.00086837856526,34.789622257205764],[125.99693707215688,34.78682163159891],[125.99694451040483,34.78218720755679],[125.99606492630717,34.780801300840324],[125.98507336606018,34.77454262800983],[125.99881615620855,34.773580788088374],[125.99832771420617,34.7616729077678],[125.98440572157948,34.76100272981378],[125.97708212186363,34.75389614567434],[125.96827672074619,34.75883357105645],[125.96102373500759,34.74723441844172],[125.95748400622358,34.756069800284266],[125.95876759170592,34.76132878350973],[125.96268745074683,34.762207943741785],[125.95427542071675,34.766874603030416],[125.95260590092404,34.76507518254671],[125.95748227617386,34.75991035469485],[125.95614282424697,34.75353052740061],[125.948731553216,34.757477743939596],[125.93897528536539,34.75462262513473],[125.93895319549097,34.75461252822334],[125.93696710602845,34.7484468627781],[125.93072208842226,34.75408158070644],[125.92950894981605,34.75179731654464],[125.94978045760564,34.733610843685696],[125.94346875993922,34.734495189532794],[125.94160935812941,34.72841142512641],[125.93934176068069,34.731531882006706],[125.93807397522103,34.72777310619358],[125.94189801202651,34.72598497512374],[125.93626900860092,34.72021566427037],[125.91757086738758,34.71690529076243],[125.90528905243826,34.721310576383964],[125.90191188305475,34.727592949639735],[125.8928430503977,34.727774200010664],[125.89669508528264,34.7293361534363],[125.89667850661941,34.729382183093904],[125.89554827565685,34.731591013203456],[125.8890516063536,34.73311556879982],[125.88637685406137,34.7400532056469],[125.89026884043354,34.74686499293135],[125.89586109352825,34.748228964833345],[125.89108487345038,34.75189074534285],[125.8908608854522,34.75898445368151],[125.89792554635417,34.76040477609617],[125.88950561017413,34.76662232821774],[125.9024267828602,34.77164310357183],[125.90266061201179,34.77440453521308],[125.89765275365836,34.77479761637083],[125.90001169483011,34.78025489700275],[125.90349999822037,34.77913945334619],[125.90729791359233,34.78237524048347],[125.90776412371986,34.776846021945154],[125.91120046136471,34.77596987265296],[125.93753370916649,34.777006132876444],[125.95320757511,34.784024743944805],[125.95195507251326,34.78897477266535],[125.96438000871828,34.787416758895475],[125.97349980655596,34.80207165730924],[125.99084729202639,34.803669567772474],[125.99344292966394,34.80695170915733]]],[[[126.14070395679403,34.834768248401154],[126.14069169232793,34.83476559579277],[126.14067946363987,34.83476415712077],[126.1406678753659,34.83476407449234],[126.14066075668195,34.83476537629102],[126.14070395679403,34.834768248401154]]],[[[126.3440278664033,34.83784228796459],[126.34350805907543,34.83797614561266],[126.34380662240734,34.837921603249185],[126.34388335485482,34.83789560429286],[126.3440278664033,34.83784228796459]]],[[[126.14070395679403,34.834768248401154],[126.14074252006094,34.83477658905155],[126.14243371572695,34.835565237768904],[126.14245444632884,34.83557971567985],[126.14296191803687,34.83639155276436],[126.14296571696921,34.83641528588286],[126.14297195212653,34.83648861154047],[126.14296985580663,34.83654331110444],[126.14295589422811,34.836624515714604],[126.14293828454403,34.83670984174877],[126.14291042274755,34.83680320638953],[126.14285991262393,34.83694067013551],[126.14285686697568,34.83694966378388],[126.1428582933443,34.83695977128057],[126.14286089839835,34.836961499115795],[126.14286526105249,34.8369626117781],[126.14286777312259,34.83696280931374],[126.14286952865403,34.83696219054047],[126.14287315128003,34.83696068546569],[126.14297248440666,34.83673270582463],[126.1430216238753,34.83654800036101],[126.14302548161261,34.8364923231598],[126.14302416182974,34.83641921287269],[126.1430166738238,34.83635065574253],[126.14250702465928,34.83558017628572],[126.14248447351865,34.835551624468245],[126.14244018500528,34.835521297185686],[126.14223620491364,34.83542521307773],[126.14082003589137,34.83477596573205],[126.14070395679403,34.834768248401154]]],[[[126.29446632107721,34.849963389182726],[126.29438628297784,34.849786120562264],[126.2943083002972,34.84962745854641],[126.2942409467895,34.849500468474105],[126.29417178163649,34.84937861451597],[126.29412540250796,34.84929738425877],[126.29397098453119,34.84906410247827],[126.29302373095194,34.84776775641663],[126.29446632107721,34.849963389182726]]],[[[126.11586742845093,34.88197815029132],[126.12408508695938,34.87911063568544],[126.13072245049167,34.88051609474244],[126.13070584434348,34.87588097243739],[126.1379358299937,34.87513330109435],[126.14007502478053,34.88068148594836],[126.14383607819197,34.880986463290654],[126.1479059185102,34.87192477234627],[126.15713059206458,34.86633496236214],[126.15698844392749,34.86057080841203],[126.13578027358017,34.86219698862217],[126.13273753371232,34.859896922540585],[126.1347250218202,34.85288255606095],[126.14905420113203,34.84669545609794],[126.1490098762242,34.83977441141801],[126.13973976082828,34.835587093743115],[126.14166591393736,34.82715289747646],[126.1367079215594,34.827136021841746],[126.13315025245502,34.832150568235136],[126.1243403227091,34.8358610596591],[126.12064431077403,34.834317299585535],[126.12023174549338,34.83408059150497],[126.1146065356875,34.8260957262754],[126.1172787832837,34.81689608699979],[126.1229349135955,34.81251620260736],[126.11838637269096,34.80591826092807],[126.11852648685128,34.80027152980303],[126.09404164072915,34.79713548066815],[126.09128640482669,34.80157718904226],[126.09564580028987,34.802620646178426],[126.09615936503872,34.80506645960363],[126.09636042243845,34.80602926640683],[126.0906043612674,34.815094560604045],[126.0801078523809,34.81893653150807],[126.07132775203472,34.81333407010278],[126.07955627982545,34.79832169974493],[126.07533860616948,34.79444969950614],[126.06478746762922,34.80907042871485],[126.05769586192137,34.809117941016154],[126.05549438881387,34.81414943622009],[126.04723972214732,34.81546867787127],[126.04299807367576,34.82582426378267],[126.04809348919235,34.828040045848724],[126.05037318145601,34.822371144414525],[126.0585753559654,34.82184115924445],[126.06643011090429,34.81314074516393],[126.0799242005372,34.818958938610685],[126.0738141245771,34.823058874507005],[126.07603304333283,34.828602577768564],[126.05964693864746,34.84768393394984],[126.07440367051886,34.85100436106444],[126.08246584369125,34.85935928190782],[126.10830696462675,34.85007634422961],[126.11518912390243,34.850741243816],[126.120182601541,34.85774406344243],[126.11040375389165,34.864743000468835],[126.11113270141534,34.8750109678952],[126.10851493915173,34.87926940175566],[126.11586742845093,34.88197815029132]]],[[[126.3440278664033,34.83784228796459],[126.34381063299784,34.84208898740236],[126.33656709110268,34.83976710578847],[126.3370139865215,34.84446880665284],[126.3317284868376,34.850157589762844],[126.32057000862268,34.85049975028509],[126.31615372613967,34.846289352309405],[126.31246825542523,34.853241846041605],[126.30213825577263,34.85394440579185],[126.29446632107721,34.849963389182726],[126.29137917793544,34.854930858559555],[126.27653940067322,34.85569480137908],[126.27271296622088,34.84814159817992],[126.26309677410491,34.84003672938458],[126.25175674520267,34.8413325774903],[126.24050342077368,34.847994285334124],[126.22673986236187,34.84748878697292],[126.226011369694,34.85032506728477],[126.2330203818037,34.86471414624746],[126.24184084422802,34.859087184047155],[126.25981716960605,34.85802108904196],[126.26411324381881,34.8595090187543],[126.26496198691007,34.86031448366058],[126.27005663724016,34.872883876651116],[126.27384504520934,34.86413547179964],[126.27942044969848,34.863407569007094],[126.28107642741567,34.88707189724758],[126.28687463920522,34.8868063406939],[126.292596633571,34.88133709501389],[126.30365654372278,34.88768985756895],[126.29512930172984,34.90148178049667],[126.29105039657455,34.90133078195637],[126.28053889428412,34.90988830249979],[126.2840006492839,34.9145865971438],[126.29875879868405,34.92188282275765],[126.30542127966855,34.920312948584815],[126.30408982357837,34.91391748339235],[126.30868070825994,34.91080640201202],[126.31312649094122,34.90786803609565],[126.31812452529165,34.90644722060729],[126.32451857340972,34.91173920529066],[126.33632156739412,34.90901285682149],[126.34066083096525,34.90162764698927],[126.35148038023245,34.89744528730948],[126.34945582472916,34.887262403341374],[126.345182632188,34.894494121559426],[126.33696708988123,34.893473484834125],[126.33531416495201,34.88683346333643],[126.32638192487026,34.89166951513264],[126.32556611727588,34.88455201546442],[126.3294006728282,34.87939615497986],[126.31919328202993,34.88357680611196],[126.31287586009773,34.878984797021594],[126.32571509573555,34.87315525779741],[126.32100969705073,34.86808874916075],[126.31448333599525,34.86862223596895],[126.32034718384124,34.86222163316515],[126.35453458066218,34.864124771586845],[126.36273901179644,34.856278711016735],[126.3677803578108,34.857255910934896],[126.37148470770954,34.843214957705776],[126.36543393701109,34.839977214302465],[126.36531937084712,34.836474679445324],[126.37124370750887,34.838704518633506],[126.37305124234337,34.83304726559311],[126.36567328328324,34.83147076225838],[126.36730102176274,34.82409534958],[126.36199761954065,34.82327326918047],[126.35008558041628,34.81367486510778],[126.34309232496166,34.81858662849986],[126.33950092449494,34.81627904340987],[126.33344042356731,34.81816333926845],[126.3268170205008,34.82448788100525],[126.33490110345828,34.82550601247898],[126.33550545334269,34.83186356678199],[126.34372289047579,34.832919351123415],[126.34591775875258,34.83536381000947],[126.3440278664033,34.83784228796459]]],[[[127.66406633082289,34.91480299999604],[127.67300664445776,34.93035362093364],[127.6801896600854,34.928744296846666],[127.69342848659346,34.916773379261535],[127.67317918472274,34.90440608035755],[127.66363658786747,34.91152494308986],[127.66406633082289,34.91480299999604]]],[[[126.06307682658048,34.93279281017683],[126.0684132431499,34.93677879553988],[126.07551360309873,34.93369975344882],[126.0755619181594,34.933666410489664],[126.07875807935051,34.93134618182121],[126.0745178159771,34.92445267247874],[126.0762752853382,34.92136212334665],[126.08156347044428,34.91920346231325],[126.09145650100909,34.92140422533583],[126.08296230421092,34.9155456897807],[126.08380285822385,34.91156244720636],[126.09861639475568,34.90977722262317],[126.08553423787086,34.90031104486143],[126.08365233728426,34.895613682494506],[126.08364914032462,34.895596170994246],[126.0839226546511,34.894146325151176],[126.09003750930844,34.890211310675895],[126.09900082125597,34.889458292896045],[126.09349548622335,34.88350110071041],[126.09717532153539,34.879814963403106],[126.09528189846223,34.876537862684245],[126.08583282359034,34.87573023772594],[126.07883240105402,34.88118781481139],[126.07877275421231,34.872730835318315],[126.0843690459426,34.86423900518625],[126.06848917020719,34.86417220218225],[126.06892515246652,34.85843025682198],[126.05000699291489,34.854972786944444],[126.0465880351149,34.85115814877955],[126.04417959657543,34.84845426520089],[126.04730555284043,34.84535989715887],[126.04242815083062,34.844460255260124],[126.03230897129671,34.85837576755269],[126.02021467574264,34.86176068904923],[126.02511936345583,34.872245404882555],[126.01754216155574,34.86378457700632],[126.00803815083091,34.859171066581474],[125.99832219690568,34.865295287569246],[125.99299144903338,34.86295178669272],[125.98817476787751,34.86540098406312],[125.98290429489053,34.86263146834703],[125.97737570564821,34.86421879566131],[125.98241521833185,34.86725325388894],[125.9794585833586,34.87331664651239],[125.97161915058167,34.87048239820578],[125.96747779118854,34.87286506416288],[125.96896184392669,34.87627120903225],[125.98556492336229,34.874309177497786],[125.99016166063602,34.87673550397235],[125.99566262272266,34.88416405794271],[125.99471972813096,34.887022397206124],[126.00013167142505,34.88710048846194],[126.00843499327732,34.89775704931467],[126.01571454041031,34.90890933603497],[126.0136454199246,34.91190541041952],[126.02279586901993,34.90703470567738],[126.03190449613095,34.90912167844843],[126.03747201247111,34.91480737731509],[126.03470013088713,34.919633848087024],[126.04016682766716,34.918894420460674],[126.04096637961396,34.91085562554128],[126.05460201315128,34.91218191071402],[126.06147998316665,34.92132654886506],[126.0584012428204,34.92391737498625],[126.06057495851039,34.93121658727825],[126.0563866059613,34.93864650106201],[126.06307682658048,34.93279281017683]]],[[[127.73795412489577,34.94011421555184],[127.73703130911497,34.932902797480516],[127.76520808266373,34.93166736435706],[127.7844950160688,34.91551574631283],[127.78424059468435,34.886530630237075],[127.76267915790481,34.8918089893187],[127.7619952046499,34.901989617551806],[127.74215421573133,34.905588049250426],[127.76028776411306,34.9026775794843],[127.76099775785103,34.90848095029503],[127.73712989775943,34.90649840086582],[127.70462769349338,34.91329003212739],[127.70391965571302,34.92944382908817],[127.71483547397341,34.93257563115835],[127.71513746754839,34.937929642753204],[127.72427371010463,34.947674665836],[127.73151898566567,34.951913033061444],[127.73982152143499,34.94584349440447],[127.73795412489577,34.94011421555184]],[[127.76834967062854,34.91186202873783],[127.76723553138244,34.89646306638849],[127.7816735088144,34.89637387598098],[127.78172455997318,34.89638922368554],[127.78143576849304,34.9125102628331],[127.77195608081428,34.911378895092746],[127.77198607470875,34.914588909289456],[127.76837524130582,34.91461175004176],[127.76834967062854,34.91186202873783]]],[[[126.16231903504409,34.961331883310834],[126.16356390251916,34.94990254347871],[126.16855039004379,34.94524858019201],[126.16034884747882,34.94264243904737],[126.15705733137594,34.93816842832731],[126.16136805207195,34.94654318451351],[126.15664486331089,34.955166124796285],[126.15990546287485,34.954493053534165],[126.1609974075443,34.95967024040878],[126.16231903504409,34.961331883310834]]],[[[126.16231903504409,34.961331883310834],[126.16351324748867,34.96292689935565],[126.16262197558329,34.96171275016381],[126.16231903504409,34.961331883310834]]],[[[126.16351324748867,34.96292689935565],[126.16690204971611,34.968404411739556],[126.1622905946962,34.971575570143706],[126.14414118534566,34.968774989464244],[126.14386966095078,34.956387558858474],[126.13471667117649,34.9488772586757],[126.12365661086679,34.947196917981366],[126.13642736985467,34.96638986017584],[126.1347372206022,34.991353924919615],[126.14144077731447,34.98707685699997],[126.14515877586796,34.98864906206905],[126.13289652499424,35.00159054569848],[126.12218322058719,35.00069829276386],[126.11973988479994,34.99664065512637],[126.10604347760837,34.99665350450837],[126.09812287579894,35.002121333122325],[126.10045733906766,35.00770292465915],[126.10845603924956,35.00559375508613],[126.11511857416984,35.01111268412882],[126.11478796714489,35.01789162735951],[126.12036229703956,35.01669425227498],[126.12765117439301,35.021026898540754],[126.12460685479019,35.02386943876652],[126.1277217177582,35.0265573309489],[126.13076466904279,35.023103585490645],[126.1335970207711,35.023708452784476],[126.1329188411987,35.02688814664673],[126.13910411753257,35.022383639511155],[126.14256748954251,35.0246807207621],[126.14789149337743,35.021194862518364],[126.15419345156397,35.02280386844408],[126.16028179873169,35.01804539304241],[126.165528067932,35.020552805334425],[126.16627004703058,35.015458891530514],[126.16187180161884,35.01038690350765],[126.1657180518122,35.00820149202537],[126.16567671691323,35.00354384444085],[126.178026647176,34.99650706564366],[126.17991119132758,34.974915896343965],[126.16351324748867,34.96292689935565]]],[[[126.05561274347562,35.07519102341441],[126.05557401633062,35.075147982461196],[126.05500021452085,35.07451636703596],[126.05561274347562,35.07519102341441]]],[[[126.05561274347562,35.07519102341441],[126.05684494705483,35.07715245544832],[126.04825860728224,35.0812075090414],[126.04470829574488,35.07981023205687],[126.04218514544958,35.08460787451849],[126.05604540462964,35.095785864007205],[126.04895761530759,35.10275144381303],[126.07034936766749,35.10326402348615],[126.0807507848173,35.10753839360979],[126.11180111022978,35.13356643907652],[126.11551843102231,35.13918753049549],[126.11403068797563,35.143266517301136],[126.11764627923515,35.14051366300388],[126.13802532581212,35.14355964425236],[126.14293561227127,35.140687420635885],[126.14708703066083,35.146177859507674],[126.16387073125196,35.14577026692494],[126.14795355538321,35.1438769181857],[126.14061588962807,35.13589376985728],[126.12440995348591,35.13473768359408],[126.1171943478538,35.115899792375785],[126.11933164461182,35.11152423829979],[126.11638573695477,35.09667005040897],[126.12232843476784,35.09169422319349],[126.1226630477651,35.08697067958884],[126.11960923572073,35.0850654784202],[126.12353298395065,35.08149306866077],[126.10214536463617,35.08800595792691],[126.1223795848459,35.07714326518965],[126.10894439434635,35.06963153891328],[126.11746838590935,35.0609423326408],[126.10242291716834,35.05685694383916],[126.10396538795625,35.05156118135957],[126.1013070239743,35.047994392477904],[126.09583731368737,35.04802369257829],[126.09468693312658,35.05141955527444],[126.0741143149035,35.05950166774871],[126.07726443217399,35.06964891282593],[126.0697394722424,35.06671004611634],[126.06720954881028,35.069296909343954],[126.06037964792287,35.06826543163753],[126.0628865888938,35.05549410260445],[126.05779457087506,35.05665658468509],[126.06049604215441,35.0610737014033],[126.05721575567911,35.063683923850114],[126.04955728287491,35.06154036388068],[126.042953114974,35.06730625363829],[126.0378291950949,35.06540284450651],[126.03862691961348,35.07063958672671],[126.05493741817895,35.067686493886825],[126.0578868736942,35.076213318726836],[126.05561274347562,35.07519102341441]]],[[[127.66409760307631,34.9148811567153],[127.66299282334815,34.91086017691845],[127.67099375100817,34.90309224134337],[127.63933849051858,34.883784955275],[127.6243593166537,34.902178584017896],[127.6563772256301,34.90925983743103],[127.6201956075228,34.90377303546303],[127.6078516750383,34.9222786152588],[127.60769306910635,34.922448453623154],[127.60190868258005,34.92500014460358],[127.57974861562315,34.921606094700536],[127.5792202532206,34.91647785144428],[127.57985184556483,34.91877330645472],[127.59069648606243,34.91869849588988],[127.61353014995304,34.89478099144314],[127.58960615254828,34.874847299890305],[127.6042982482611,34.85433601689009],[127.61228407094471,34.85795924071272],[127.60443754664826,34.85361837979215],[127.6062721290265,34.851777014876596],[127.6107199846071,34.8495049601196],[127.60994247076863,34.853271237817204],[127.61335199916596,34.85437093623133],[127.62389589399146,34.84421724014404],[127.63618042537594,34.84661773235041],[127.63562878495388,34.83941458062795],[127.62690139193221,34.84059386532111],[127.62680847073369,34.83534918153651],[127.63621028562447,34.82808077858423],[127.66163850830615,34.84460859417467],[127.67036452086887,34.83714449309019],[127.68018103463405,34.84497127524114],[127.6949968235535,34.86473728278664],[127.6986452164453,34.859235945097225],[127.71997468985612,34.8589251421248],[127.72827751915675,34.86180704724281],[127.74340948229892,34.85080291628999],[127.73978088509271,34.86148089602485],[127.76407871029842,34.86338239162774],[127.77274892718941,34.861568351388144],[127.77615556161085,34.856068401801195],[127.77488022901767,34.837487888725086],[127.76780248777621,34.8314891178256],[127.7673823156014,34.82517639869848],[127.77448289739534,34.820981357333004],[127.76700147210362,34.81831211179371],[127.76876362056218,34.802480633086766],[127.75888203704861,34.80051905653625],[127.75504975035838,34.79297531525449],[127.75686129807222,34.78681350267663],[127.74519837656922,34.777514028541766],[127.7543634805462,34.76185974321127],[127.76041379332341,34.75917528250119],[127.75556691176652,34.76092250859866],[127.7518047581533,34.75466735499762],[127.7574105563908,34.75200549321306],[127.75280840573697,34.753819560584446],[127.74839202418501,34.748045946590665],[127.75694257042473,34.74303328423784],[127.75364766617068,34.737773180013384],[127.73297000015245,34.7389711560846],[127.73167345288785,34.72934053869296],[127.70459600759382,34.7204673230202],[127.6983976278695,34.72100817057156],[127.70007607358731,34.72386584946407],[127.69606580377084,34.7273181791753],[127.68437938246906,34.73400382523411],[127.68234475295577,34.73244788423922],[127.67265106405591,34.74168318802856],[127.6735852576485,34.745722956349596],[127.66240176147349,34.75115534035637],[127.66253699722445,34.756761566947674],[127.6588061634336,34.755694900806894],[127.65727673285355,34.75379320953411],[127.65542709775993,34.749964166016476],[127.65846784082062,34.74634943484637],[127.65254517666875,34.74441397226498],[127.64013232298173,34.724163142298295],[127.63938105272611,34.71469723393451],[127.64279270665772,34.706211523433005],[127.62625872815292,34.71196053421558],[127.62829197290269,34.717308551970106],[127.62503704999098,34.71837414340496],[127.62072416374596,34.71304309900191],[127.62193830738703,34.70822191993507],[127.61673965908402,34.709737634063124],[127.61378840686095,34.706863739246856],[127.61493769177156,34.70336329831365],[127.62789151679081,34.69585339431435],[127.62174028231935,34.690576844635466],[127.62334186464923,34.68723128114877],[127.63169760606306,34.683170646522974],[127.63418115401687,34.68555350922342],[127.63945840529057,34.683421493558754],[127.62843671420694,34.67998180977863],[127.61893122349154,34.68466404787652],[127.61734472359869,34.68297612442567],[127.63311792178354,34.67014622778701],[127.63363645427451,34.65872925794675],[127.62985517836175,34.64944654988726],[127.63733252090647,34.64877147874399],[127.64084185176569,34.65224735819118],[127.64266807283622,34.6503455860993],[127.64020719664347,34.64591380532304],[127.63349557074828,34.64552203627742],[127.64031573461861,34.64395734243487],[127.63493787896286,34.641564075947244],[127.63315891555133,34.636187355532286],[127.64074263756137,34.636952624372796],[127.64620457170582,34.62891363162827],[127.6443818542805,34.62739861540676],[127.63599918689972,34.62620099637247],[127.63402421481058,34.632720783472266],[127.62546333765972,34.62968429660449],[127.6252881050384,34.634511572494894],[127.61534005163146,34.643081330771125],[127.58843071650529,34.65192181248936],[127.57469310156607,34.6479876641977],[127.57622247968976,34.63955408829274],[127.58264034920612,34.631315745371666],[127.58060300732342,34.63068966788226],[127.57473380423171,34.63571346050723],[127.56465018612352,34.65480765912574],[127.55882714547575,34.65927409196379],[127.5535921872143,34.65859622927333],[127.55253070787982,34.66910128590215],[127.56013798693608,34.67065455130454],[127.5635556490013,34.6753332181483],[127.55047316696637,34.681976643339304],[127.55286165567267,34.69350415202868],[127.5585965226918,34.69408850984848],[127.55644002933799,34.69618452663109],[127.55954312768324,34.70026586104893],[127.57362523355982,34.69891211487693],[127.58139641657681,34.69373862464777],[127.57220436758784,34.70381749114943],[127.56428779329171,34.70143103283783],[127.5632255598012,34.70889258112416],[127.55782356342083,34.70757099235702],[127.5591154109171,34.7031328371874],[127.55316848612887,34.70079706228762],[127.55686243639748,34.71370938391088],[127.54922578231701,34.71090693781497],[127.54850387314019,34.71295599686826],[127.55227494931455,34.719616269121744],[127.5639736070906,34.72404732186415],[127.56126740816217,34.73190269682866],[127.5672621382399,34.727954308235226],[127.57622093272778,34.731489225393865],[127.5798946211294,34.735594139619735],[127.57797014855922,34.738857571065836],[127.58415142598152,34.73961101604097],[127.58177031211069,34.745164522614196],[127.59203078990214,34.74422511195098],[127.59411449060775,34.74845560332379],[127.584776110378,34.75038391554276],[127.58999162057651,34.75673612529215],[127.58507211558862,34.76736292858325],[127.58163783846456,34.768784119644785],[127.5791697233359,34.76088042820111],[127.57234201314729,34.76020033442936],[127.57516056215404,34.7692472919231],[127.5716928947908,34.774493783022926],[127.56007368598658,34.777488810499484],[127.57138203176203,34.78197719971093],[127.56505252447798,34.792062408666325],[127.55854032887649,34.79618719816918],[127.56063909231143,34.802453765599786],[127.55743106197001,34.80674046072847],[127.54619051888923,34.81028145978466],[127.54293745149792,34.80890001669389],[127.54346742158738,34.80600171054426],[127.53842945737934,34.80556386082782],[127.53318530884859,34.80707292374354],[127.52746201304167,34.81109777564645],[127.52326507952365,34.81009415091814],[127.52604401781936,34.822450135519745],[127.53808749285656,34.83166792304763],[127.54298340564101,34.843568730527686],[127.53406048795404,34.84104076554485],[127.52585113357026,34.84515411460079],[127.51665439566048,34.871368170990465],[127.51785100496814,34.87867681524417],[127.51279718593624,34.87319020689244],[127.49022396787325,34.874408167570365],[127.49029801297601,34.867268911088935],[127.49349015098296,34.86703823263463],[127.49442833034026,34.863295674586496],[127.49221090142082,34.847464802150405],[127.48452220130024,34.84090413151388],[127.46740521567234,34.84455263527766],[127.43989206090174,34.83645184100577],[127.43640269632068,34.84187435037037],[127.43916928552947,34.84612618907588],[127.43604852276506,34.845468641265036],[127.43249245080324,34.83598100518481],[127.42588188377468,34.83235593867962],[127.41702192936941,34.832670275734074],[127.41161977032677,34.838511524506934],[127.41799888064514,34.82896303448483],[127.40077585925245,34.825098425056545],[127.39034259719818,34.82841210486988],[127.38186406007013,34.8365513726575],[127.36774989640583,34.83516082098829],[127.35351590609072,34.839442911617994],[127.3667014830478,34.83111233668524],[127.38304520433542,34.826708889719185],[127.39205382853179,34.81455162995454],[127.39988500549714,34.816784530936225],[127.4185257492134,34.81128137155547],[127.42615834451199,34.81517304246272],[127.42707904215374,34.81168454219594],[127.42320778658666,34.81063316013035],[127.41823704421456,34.80937032566636],[127.41280164522317,34.802571747741204],[127.39485942050514,34.79640544498871],[127.39481739959783,34.790583954009506],[127.38918814538401,34.78848994568145],[127.39339352269425,34.783463167921646],[127.38708027866795,34.783974503098506],[127.38565577758268,34.774628348358284],[127.39323724526432,34.77613929406711],[127.40257606485069,34.76703174779466],[127.39966126059556,34.75987837910276],[127.39683648174825,34.75679162959096],[127.37996586706605,34.750871593338466],[127.37292751350894,34.741546287303805],[127.37930750252077,34.733107228167945],[127.37880715045968,34.727192771753785],[127.39317779545738,34.71877911148936],[127.38878041999678,34.71776404787423],[127.39069873009478,34.71110093602527],[127.40729657162764,34.704328705494625],[127.40168026405593,34.703209748837345],[127.40248609371201,34.70098493696667],[127.42139749997446,34.69204819472984],[127.42835616288424,34.68028659653811],[127.43299351372839,34.679744716904175],[127.42621473029368,34.67700956190049],[127.42815757784875,34.67403220587501],[127.43959356930158,34.677459200652294],[127.44906782951135,34.671560791210986],[127.44530428602005,34.662019943023054],[127.45688984205836,34.66843059034973],[127.46451508564326,34.662456243961074],[127.47044790314348,34.66484770326496],[127.47536353778266,34.658254839831585],[127.47419290179768,34.65448392876358],[127.48950146365083,34.64934586138223],[127.49104090758547,34.642564773925784],[127.47701167437384,34.64868109717808],[127.47322967247949,34.6410110734359],[127.46903990519479,34.64128856585107],[127.46360046196818,34.64944844344883],[127.45836613390073,34.64700359865881],[127.46236541018156,34.64199227668318],[127.46000885208548,34.64099296201535],[127.47427544725971,34.63522346958706],[127.49662121489311,34.63178829183576],[127.49577434239276,34.62970001278982],[127.49462067592016,34.62598653769807],[127.49720074053918,34.61506651080692],[127.50561992082713,34.60505669741298],[127.50572036388913,34.59484713211843],[127.50835975620838,34.59282552383489],[127.50193984162104,34.5934986067857],[127.49653760259513,34.58990419026566],[127.4860518191263,34.57801160185032],[127.48746790763134,34.57360135589893],[127.48022166189004,34.5785592608074],[127.47555716466785,34.57804166615493],[127.47571675388595,34.57429441918165],[127.46180538515107,34.58065027526213],[127.46181163940385,34.590828050583376],[127.45793186636755,34.591629613749944],[127.45289821305856,34.58769093794008],[127.457015291461,34.58431548432288],[127.4451215680189,34.57695470382312],[127.43349910487562,34.5828612194675],[127.43330231234188,34.588567284233825],[127.41980610117331,34.58274399831096],[127.41106737008965,34.59005106689526],[127.39540468309247,34.58681340390683],[127.39404676391199,34.58094622213363],[127.3990352875505,34.5759324039494],[127.40598848795635,34.58025377527545],[127.40872263132977,34.57873798815784],[127.40389961913111,34.57310157286211],[127.40423383782758,34.568962799350984],[127.3962635084007,34.56357552269431],[127.3963332858243,34.559603104703314],[127.40949295103833,34.55567252709905],[127.41427991993622,34.55848517980752],[127.41770711506051,34.558448965765],[127.41499514833582,34.55649601220091],[127.4174018775809,34.55495769227409],[127.42279752561743,34.55707581200791],[127.41706234321202,34.55345177940858],[127.41968437823641,34.550792097992],[127.43126466810986,34.55593679778875],[127.42650363021538,34.54915654864412],[127.43319916584358,34.55226954241913],[127.43846566188539,34.54869717182769],[127.42678488252214,34.54243837127011],[127.43521759812367,34.54036414725336],[127.43619799908531,34.53738296861849],[127.43507658958083,34.535091650504015],[127.42840318825615,34.53702573584489],[127.42343608762832,34.52879113255978],[127.426303609229,34.521023177461636],[127.4313537785549,34.520103408020475],[127.42228416176653,34.51769096369901],[127.43078205664524,34.51363167548196],[127.42532886058831,34.51171348252375],[127.41354927020957,34.521169988274586],[127.40411297447152,34.51546085272351],[127.40727528234342,34.512485236515076],[127.40463970381214,34.50627438315043],[127.39375057476339,34.50535449862714],[127.3924993815031,34.50935174367742],[127.38900886538721,34.50991733662852],[127.385299128976,34.50514585962892],[127.37610773652173,34.50372909635411],[127.39129290533099,34.48863379226679],[127.38684712735355,34.48345534561797],[127.37823889981601,34.48757463455971],[127.37065153317167,34.480244043633334],[127.3586618616698,34.49202260865655],[127.35363365915853,34.49013370118489],[127.35347026645799,34.48357439740953],[127.34859138693754,34.47754182389043],[127.3466118120078,34.479131562710045],[127.34994076532215,34.48116525962551],[127.34868646264546,34.48385527636074],[127.3440720954797,34.48342614029388],[127.34366467115744,34.487820635935634],[127.34009227961431,34.488439094639666],[127.3411808865738,34.484595163104196],[127.33820676055686,34.48289404847024],[127.34101774645643,34.48059952554576],[127.33142755308516,34.475785823646504],[127.32512390076471,34.476531987260756],[127.3255079262753,34.47338938945406],[127.3308279905748,34.473518356477044],[127.33726219701774,34.46764123267876],[127.33251858005697,34.46366416246094],[127.32375162291491,34.47033981221431],[127.31752027217748,34.46346996777756],[127.33733549414227,34.45695683005328],[127.34018912768937,34.44945305860585],[127.33791195253175,34.44546112033798],[127.32764268666777,34.441601971017924],[127.32620991914291,34.44622666222448],[127.32158449662124,34.44151380926117],[127.3116894927425,34.450308201191724],[127.30614978707763,34.44866536823624],[127.3047521831638,34.45389562621719],[127.31602249578627,34.4551357361987],[127.31019490277377,34.462064120280026],[127.30228431509335,34.45758370161078],[127.30427884411033,34.46467856109806],[127.2977725005082,34.463365429999385],[127.30092001257319,34.47068400507173],[127.29270062491425,34.471541091818885],[127.280848176054,34.480909414324714],[127.27666453552277,34.47829202833472],[127.26881494217295,34.48176992355307],[127.27378684593764,34.49236098159404],[127.2826399321657,34.49095060953314],[127.27855274831212,34.49528206389619],[127.28345829331653,34.497422733802594],[127.28142703600219,34.50208820640365],[127.27446813661518,34.5021013610947],[127.26938178496165,34.50989043631674],[127.25934136023422,34.51409035180405],[127.2552668980122,34.52075073624421],[127.24426642414299,34.52147299854389],[127.24409930990814,34.515424743084615],[127.25019549228608,34.51526048877116],[127.23243947871042,34.51827106327861],[127.23378960402776,34.52458270420118],[127.22525081660596,34.526264242963485],[127.22087664575336,34.53466846126396],[127.21481221660888,34.52505319060068],[127.21011581184948,34.52774807070286],[127.20891157572467,34.52589143299646],[127.21215412194653,34.51695612232889],[127.2083078105824,34.51691013237219],[127.20795665405493,34.52078516482942],[127.19480270763233,34.532377626128344],[127.17840778919431,34.53115434549929],[127.17073343303028,34.51887004364748],[127.16678209998666,34.52613659614307],[127.15365673664988,34.52425303012053],[127.15152142442753,34.52637310031704],[127.15107587228425,34.521054998947015],[127.14581871408005,34.52101585065251],[127.12851914925348,34.52872451426707],[127.12350362914022,34.52813707349085],[127.1218696523509,34.54051071713061],[127.11297710030902,34.54756349993947],[127.11395133787522,34.5526405519833],[127.1144933047277,34.55969332889147],[127.1291561730924,34.573063112752656],[127.136022026251,34.57355606538657],[127.1332478570173,34.578286234452015],[127.14442726365755,34.584484273609135],[127.14286377732749,34.59045911464561],[127.14895503349078,34.600442833975634],[127.15062983197906,34.594040647661764],[127.15933722915784,34.59099322282868],[127.17143333476834,34.59443892696929],[127.16768310348449,34.60257036510777],[127.17280404535906,34.61137064425763],[127.17289592652156,34.627071841959484],[127.18251329585593,34.63255066418146],[127.18933465225557,34.64338249002853],[127.19440992153356,34.64456704648384],[127.19607554849979,34.65139077582304],[127.19995727779663,34.64839206572124],[127.22779707458962,34.65470372791598],[127.23261614157782,34.67981124392574],[127.24325545732916,34.68321696514891],[127.24353158612665,34.68669514756231],[127.23675555631188,34.69283981344024],[127.24092693532032,34.69198559621729],[127.24030304607932,34.70017363982386],[127.24764393660554,34.702200085635994],[127.25217743237191,34.70808509404298],[127.25137887148895,34.71173652497154],[127.25934784322538,34.71205324105209],[127.2627421294634,34.71557324620774],[127.26929346486267,34.71222492157778],[127.27508857438214,34.71947310999364],[127.28099051165992,34.718325979508556],[127.27701426104636,34.71121951107395],[127.28151289315649,34.70580087834936],[127.27953373692331,34.69937942813606],[127.28652608655602,34.69648266994466],[127.27995802538618,34.686844767698325],[127.27757410846371,34.674477060615786],[127.28522451508054,34.67005331780211],[127.2848155767951,34.6667319058263],[127.30551867427289,34.66749253269102],[127.3142159422626,34.664408864357206],[127.31971944395595,34.67005167257183],[127.31921707014284,34.680749273981476],[127.327269801755,34.68937713846661],[127.32605050502063,34.692922551827145],[127.33217827547935,34.70629438436657],[127.3444844189072,34.70963736262525],[127.34271124953162,34.715715908409045],[127.33287251270086,34.714830065738134],[127.32725096015487,34.734962977121405],[127.3268721577212,34.75183442519191],[127.31601736191452,34.752985239276235],[127.30377165652742,34.74973248058646],[127.29679424978943,34.742560452333976],[127.29269760428404,34.73094614295329],[127.28588778671315,34.73620465272941],[127.27792950879034,34.73417109924004],[127.27912554604009,34.73787149225661],[127.27212745138354,34.74170968457752],[127.26429401864014,34.7316738754039],[127.25231164760419,34.74178517772653],[127.25240295997705,34.74778006900804],[127.24369142539628,34.75936772603123],[127.22986253878287,34.75786539587086],[127.20965655458997,34.738056847586535],[127.21132322559659,34.73084623339912],[127.20591987588789,34.718659351824286],[127.20046613551622,34.714085177165494],[127.19768652961089,34.70627126656808],[127.19067296110741,34.703866073887085],[127.1846477852802,34.694541604227204],[127.1777417282654,34.691758302400395],[127.14328215179941,34.693161957054045],[127.13529783197019,34.70163875068839],[127.12425770143977,34.70135510951768],[127.11435928930513,34.69342674731713],[127.10679809726294,34.67742230783878],[127.08309317391402,34.66536583702047],[127.06668240068213,34.66324190911579],[127.06176277838927,34.65611569201344],[127.06308545153861,34.65139695270977],[127.04614022510029,34.63496735644746],[127.03848352559515,34.636256942868826],[127.02752842932328,34.627768233987496],[127.01378863157173,34.6249047890455],[126.98433590145495,34.627900495589174],[126.96732672823164,34.6251909426731],[126.95698606870658,34.630561299467956],[126.9671272992027,34.62292322768627],[126.99413167854631,34.623278179440085],[126.9941752171984,34.61456860837915],[127.00905676640281,34.60760367002405],[126.99719653613846,34.6039664464826],[126.99961529402823,34.597963681579124],[126.99294929121484,34.59392573316355],[126.99261224564516,34.58276528913146],[126.97897745379278,34.57411658108246],[126.98525147191654,34.568859451095335],[126.99797118486748,34.56577710430291],[127.00679723221168,34.56965647291604],[127.00461148454583,34.569434910131186],[127.00318529304563,34.55493991692748],[126.9980663976659,34.5622023220175],[126.98912962058806,34.56166125563996],[126.98597169380994,34.54673662238972],[126.98932823447969,34.539690858720476],[126.98532491922043,34.53969999855703],[126.97748183095155,34.51208105687693],[126.96811919654468,34.508907585043076],[126.96940819721254,34.5053554552447],[126.96446621010028,34.49793853345815],[126.96967384647448,34.49833010542661],[126.96374941023143,34.49654782276697],[126.97098701295918,34.489446515136116],[126.9771695205526,34.48853300576664],[126.97874160257581,34.47128411376152],[126.97605993590415,34.46971005282862],[126.975079612519,34.47467618908933],[126.96772748476143,34.477597817105334],[126.96209900738239,34.47151593443631],[126.96335997393787,34.46811798711211],[126.95607552367768,34.468354037431126],[126.94622092228079,34.482079707158796],[126.9415499578573,34.48235399714097],[126.94112460208626,34.47719604295589],[126.93773822259685,34.47647112952108],[126.941331345312,34.462330158616865],[126.9470262453163,34.45692486240134],[126.93887238081642,34.450887629178155],[126.93870496781038,34.447226425881865],[126.92887202499693,34.44704847007699],[126.92548877929438,34.452731814464094],[126.8707824139501,34.45575932483014],[126.87863084521133,34.449370239683354],[126.88681837740715,34.433479554193745],[126.88501972531046,34.422113163396375],[126.87469514091953,34.43575583629719],[126.86807712818823,34.43876554128816],[126.86517521192052,34.433934934976975],[126.86254860939766,34.43926731932928],[126.8442296249663,34.451646425796504],[126.84292044560372,34.44806714714807],[126.83808798452856,34.45267920302535],[126.82942511115847,34.447741702562546],[126.81795818424008,34.44911022844338],[126.81470695879074,34.45322124598266],[126.8072885756193,34.45443351314306],[126.80470829995724,34.45654551208696],[126.80810762830382,34.468214541058444],[126.79215664166398,34.46746922123559],[126.78828152695647,34.46100497459763],[126.79160631880353,34.46662127177896],[126.78617366105958,34.468470140205625],[126.78662502177794,34.47572037648235],[126.79748007029306,34.48007355560757],[126.79036288915071,34.496268132457814],[126.79196591755938,34.509368365050605],[126.7865901747799,34.512730852409526],[126.79189064287459,34.52914966791598],[126.79101291643028,34.5411043750285],[126.79689210243315,34.547336094891165],[126.79173028483171,34.548054418493244],[126.79050401611127,34.552992615967526],[126.79245532487305,34.55727043097156],[126.79014883148483,34.56054090379196],[126.79456333333971,34.56760745667114],[126.78609177419087,34.57739873032851],[126.79020814518272,34.58152529145124],[126.7889104424797,34.58633225344051],[126.78331426923887,34.58764837883861],[126.77776923152416,34.59478747151855],[126.7821314797866,34.59783408996996],[126.77889089260823,34.613103971873706],[126.77260428186113,34.60431880010403],[126.77447676589058,34.592402167161346],[126.7694222673692,34.58633800675411],[126.76539376129648,34.56306495013811],[126.76798402095888,34.554016986035975],[126.76416445861187,34.53325388212582],[126.77301515303144,34.528292102635845],[126.77170763150953,34.525543594712175],[126.75842967943454,34.52591523507008],[126.7614461490782,34.50284442569404],[126.76577302507471,34.499193702615564],[126.7582712263731,34.495359625098814],[126.7593635652633,34.49111940929233],[126.75326487540168,34.49236607161136],[126.73862690713877,34.48632931887177],[126.74911049636734,34.473091844738086],[126.75450357817522,34.471953445738414],[126.7514443390118,34.46938100921115],[126.75161447399722,34.471902219437276],[126.74785260044561,34.472145987143456],[126.72456659105185,34.44327363953422],[126.71876371408926,34.44551928309228],[126.70945391641038,34.4395951842316],[126.69886014470494,34.440601487209555],[126.68087414348905,34.426575575472945],[126.6733549001376,34.42737198414544],[126.67832813210671,34.420839132612635],[126.67714087743389,34.41632499612197],[126.67378335966718,34.41624964873788],[126.66441791830763,34.42698495411457],[126.65710790969291,34.42047520430747],[126.650628381972,34.42325251928656],[126.64961146528077,34.41804667113839],[126.64612247916878,34.41832892546934],[126.64770202666725,34.41313776357193],[126.6439381492957,34.41195191393588],[126.64767288363126,34.4094755437603],[126.6348792517767,34.412021199079916],[126.62810772688418,34.402037518482814],[126.62250769600493,34.406353827749044],[126.61607311574319,34.40201024145183],[126.62073199408577,34.39933025936398],[126.6220117831494,34.3927801828454],[126.61115899963883,34.38611998207159],[126.61396766664022,34.37930781419945],[126.62080161656758,34.3785019378732],[126.61800790657463,34.364754796904435],[126.62033783696074,34.359161965199014],[126.60200609228286,34.34906471091932],[126.60941323297011,34.342768610129944],[126.5998592378637,34.33525943527834],[126.60409401596642,34.331100753278214],[126.60108467059194,34.318871270466516],[126.60563099140873,34.315103993383644],[126.59666974608258,34.312568435937855],[126.58596930162963,34.31979973048517],[126.55889518170076,34.32193860019149],[126.55217752783392,34.31643950632797],[126.54454605411352,34.30308666216714],[126.52910232049634,34.30063630652386],[126.52833582712144,34.29351882277062],[126.5239648515904,34.29226259784311],[126.51698027373982,34.29639665933875],[126.51609032519792,34.30888028377662],[126.51972645131008,34.311600242297885],[126.51231376856909,34.31914553298086],[126.52101031064126,34.32424482206135],[126.5269153006339,34.33444084744294],[126.5223782430398,34.34148263280319],[126.51579053536393,34.33915245094644],[126.52223532496079,34.34156452326831],[126.51988791625247,34.36084434983579],[126.51051471255364,34.36515687164913],[126.50211878380964,34.36474676693487],[126.49855469349703,34.35696390088054],[126.4907170557744,34.35956849858488],[126.4752204002514,34.348108994426056],[126.47466796120021,34.350736102630705],[126.47113609297612,34.34889419362325],[126.47136600250559,34.35325006656336],[126.46469134974338,34.36214143888911],[126.46860982316912,34.36335269064666],[126.47619465196125,34.35544548429885],[126.48127127051217,34.35861601828064],[126.47614811566243,34.364844249640925],[126.48695093212831,34.36454721542867],[126.47556803057562,34.372760704097246],[126.48108499533087,34.37605691674915],[126.47344320407616,34.37830794941773],[126.48097663134143,34.38272002004765],[126.47501441871317,34.38171418457785],[126.47183884291151,34.38469689636278],[126.48369085008645,34.38740141275276],[126.49735028518106,34.385561049521364],[126.49405066267468,34.39431584670543],[126.48911522766824,34.39633097143435],[126.49192291017495,34.40506104691286],[126.48734624310212,34.40846847763685],[126.50499655792555,34.40533455859661],[126.51679101854141,34.41423705864684],[126.50823199330766,34.42668393915897],[126.51377568489897,34.43440265562306],[126.50698265284619,34.44070752757624],[126.50004868609119,34.4370623513273],[126.4975676320328,34.431747220591184],[126.48436531948506,34.43415802688243],[126.48109200284912,34.430464931408174],[126.48194527649949,34.42574819734795],[126.4798926479646,34.42618565144251],[126.47643819266928,34.42702024385613],[126.46602781929589,34.441325097411045],[126.45589397961592,34.44792906595013],[126.46472082784997,34.454053362310454],[126.4688314914587,34.4478790001265],[126.47297660010072,34.44685293075948],[126.47758776818496,34.45011996510186],[126.46781386380354,34.45686905213081],[126.47203491796935,34.4684530803161],[126.4670753765959,34.471110500100174],[126.46288738607144,34.469502725169534],[126.45564627881835,34.47724548386894],[126.45593391662896,34.48196987212339],[126.46400341961699,34.48172922613737],[126.4662564908707,34.48531439352288],[126.46025820607707,34.49023490631005],[126.46464146465871,34.49653566575587],[126.45896013640112,34.49686346076989],[126.45636147467988,34.50163358744964],[126.47121739810585,34.50688282346201],[126.45729317365597,34.523349814466734],[126.44206533183447,34.522497061069394],[126.44318928526091,34.52715653341153],[126.46045504246945,34.53200944600145],[126.4433074344703,34.53934994925478],[126.43437165279313,34.53527297857398],[126.438412509525,34.53850019986462],[126.43395617702592,34.544017504399925],[126.4356891816757,34.54978191061644],[126.42911672725171,34.55537697866317],[126.41983573649202,34.554459424388874],[126.41499903767946,34.558164445847815],[126.41765957659712,34.54715998530552],[126.402250050977,34.546748746413094],[126.40223322511908,34.54674037115339],[126.4002048914866,34.545604174151656],[126.40314627102153,34.53902009092826],[126.38646205699244,34.53249341659291],[126.37846715191895,34.53907771260665],[126.38493905537713,34.54274379884203],[126.38926065209307,34.55074418969874],[126.38460066098901,34.5530630376601],[126.38335220413731,34.56183081166209],[126.36388999198863,34.56060948292965],[126.35454892781128,34.56997568234225],[126.35096558405485,34.5673061286465],[126.33420743748847,34.573316453212406],[126.32760407644791,34.56914172586276],[126.31358435996262,34.567628716074026],[126.30644634835153,34.57374680365471],[126.30922338006467,34.57655128609676],[126.30477790898351,34.575207055666276],[126.30376726962078,34.57744090713009],[126.31269868434566,34.58777085747621],[126.2992433301031,34.59024989829951],[126.29880088247084,34.59858026056901],[126.29877966548052,34.59861695148689],[126.29533618401118,34.60071162752332],[126.2915665311966,34.59201598709786],[126.28014740343721,34.59542171862071],[126.28040678168757,34.599628696038536],[126.28787646603452,34.604922302393796],[126.28025004355887,34.61162235523354],[126.26343363123931,34.608826475538606],[126.2590047802515,34.612151107699766],[126.26414534589007,34.61110814003402],[126.26986531777935,34.61508308744551],[126.2798943904684,34.61193822597049],[126.28428020941885,34.61788880096767],[126.28055518944642,34.6218133359329],[126.28950219044734,34.62071694766396],[126.28961627372155,34.62719163452884],[126.29416818450365,34.62941663717086],[126.28997940650942,34.63552332415609],[126.28582948993069,34.63433743247562],[126.28462913908994,34.630294225037204],[126.27771559446487,34.6303861128471],[126.26055717222923,34.640664753469174],[126.25994977399255,34.64523682191213],[126.26714769342257,34.64323816895892],[126.26843172540904,34.64766955346885],[126.25974206246399,34.653223116404696],[126.26318604864416,34.65848361400856],[126.25534301031725,34.66422635034777],[126.26036158411867,34.67258450516801],[126.26014575542031,34.67637849699243],[126.25508341641039,34.67946218060265],[126.26083785679263,34.68396924792624],[126.25899998169677,34.70068659003902],[126.26201182508082,34.707803302557686],[126.26489700171143,34.70270707956621],[126.27148476479478,34.703164050400694],[126.2745266166503,34.71743876774478],[126.28090194904475,34.71796383379305],[126.27461410449484,34.72727047787844],[126.28581254118923,34.757796954621185],[126.29880219364713,34.762115043409295],[126.31069088117073,34.753367632008775],[126.3076374273461,34.74783257769996],[126.3138466343827,34.74610938190565],[126.31748838163632,34.75077474051237],[126.3246545217313,34.74284498553503],[126.33248499451648,34.74039418692815],[126.33393947462645,34.736087710893486],[126.3289548669764,34.73563221105423],[126.33054057826124,34.72083807028587],[126.33936694177476,34.718034014352895],[126.34769085456568,34.710481136610525],[126.349959798508,34.70549102042147],[126.3470651195642,34.69993552140625],[126.3584154005247,34.69354790869135],[126.36892306961508,34.69883921076966],[126.37000063972718,34.70623843588995],[126.37638403452272,34.714672331599395],[126.38529826204064,34.71979500419463],[126.3893553525986,34.730384819678314],[126.36056177968523,34.74200264019524],[126.3652368427864,34.749166637217094],[126.36926578656697,34.74881987517074],[126.36568124844541,34.75121108083219],[126.37545927085118,34.75000001547147],[126.38044995665967,34.75264489009503],[126.38017711763018,34.757866040018534],[126.37175590665333,34.75401717059854],[126.37177082375399,34.75403743969485],[126.38035525112258,34.76016173305692],[126.38111850280296,34.768591449867436],[126.4497694631826,34.78276561753083],[126.44098252918945,34.79927905295868],[126.425724807878,34.79162986902735],[126.41126590909117,34.79310227126457],[126.41425174302016,34.78834206303473],[126.40954788148998,34.786104805606925],[126.4015722056981,34.7833897588168],[126.3877158614598,34.78090501564477],[126.39322331855878,34.78707868291755],[126.39309382029576,34.7871761929032],[126.39133987234376,34.788050258635806],[126.38198439671265,34.77927354620069],[126.36873033179917,34.78085843227296],[126.36703136964836,34.787706031184904],[126.36065054465983,34.793682254939355],[126.35000005023488,34.79635703842852],[126.35799699211631,34.8038419363657],[126.35994679884551,34.799626385847134],[126.36459172065213,34.80334841321771],[126.36533770784062,34.803984190655065],[126.35970104570764,34.80543060456957],[126.36831091380192,34.81134547115529],[126.38034787005078,34.82767757419395],[126.38544323123105,34.829106795868285],[126.38223978763946,34.83021784852049],[126.38662471885853,34.829497441668444],[126.38822618007052,34.83381779041462],[126.38834730193535,34.83674512044688],[126.39674636296307,34.838049369527454],[126.40076712963895,34.84194603084822],[126.4124373417229,34.84275093691012],[126.39504409293835,34.86940980247004],[126.40146034510313,34.880385755156205],[126.39211168376723,34.88267944325522],[126.38667554604748,34.87813086297865],[126.39382394019235,34.8949515241091],[126.3913036817875,34.89979922932425],[126.3969803533317,34.898044891715394],[126.40061752634796,34.90047897059988],[126.40502192588943,34.91139969053674],[126.39148381073045,34.921651452737485],[126.38906029307317,34.92814886434564],[126.39852315444818,34.93523921622053],[126.39166893721716,34.93568347643712],[126.38782593251884,34.94695140684721],[126.39352232052092,34.96489532818208],[126.37950059425383,34.971210279313176],[126.38051123648805,34.98752587017062],[126.37389208143978,34.99119891200294],[126.37366448301621,34.998905846376175],[126.36701125626827,34.99316984142256],[126.36592818888363,34.98204881186037],[126.37008150439742,34.97478762148399],[126.3612196326545,34.97213500388728],[126.35919908597866,34.968520589231474],[126.36034251142554,34.96370656326688],[126.36825166566338,34.9629199193771],[126.37319828808164,34.95753498161778],[126.36556659809412,34.94346977071442],[126.37339793095548,34.94149963541515],[126.36632635896507,34.93260158681525],[126.36968301999258,34.923626377652674],[126.36753601555506,34.92004928801596],[126.3530303875556,34.9223048699151],[126.35031095190064,34.91671192739405],[126.3297237226438,34.91641064926008],[126.32956565624347,34.92829406356817],[126.32637064596592,34.93064498996917],[126.32180070514566,34.928582861676155],[126.31926267380796,34.932140218592856],[126.31139449996797,34.92650743134597],[126.30682500294125,34.92819035915432],[126.30554853372597,34.93253118713629],[126.30573669187763,34.93420071081987],[126.31015950952028,34.93365084071793],[126.32091027236518,34.94345235840335],[126.30929972884144,34.948658103746865],[126.30663609055709,34.95596807307311],[126.30121018494435,34.95757846921742],[126.2950686975023,34.9655780806397],[126.29798318691354,34.97435979474093],[126.30385188809753,34.97710481284774],[126.30489490857804,34.985436807228375],[126.31343468752361,34.988400856591305],[126.31271672656618,34.98476984540093],[126.31917557070207,34.98032086657146],[126.32116212891187,34.972992550761575],[126.32474374127692,34.97238396163291],[126.32725661431218,34.96693807256188],[126.34535099788293,34.973419741831414],[126.35171006873199,34.98318011017546],[126.35829971092015,34.98462416717146],[126.35863409859152,34.99289504355485],[126.34072089366472,34.997420432278865],[126.33432961000861,34.9912673977232],[126.33238643960009,34.99337765418838],[126.39023135555395,35.02429549754435],[126.388682776993,35.037239987544424],[126.3807432487002,35.04943957718086],[126.35768200011829,35.042545519048375],[126.35706833349593,35.03838024780165],[126.35260601474504,35.038846409934884],[126.34774330962976,35.04652318210277],[126.3473722812281,35.049888013280835],[126.3526948335615,35.05281143410819],[126.35269462372366,35.052917370732246],[126.34944915727384,35.05647930921813],[126.33138774869336,35.061836940855876],[126.34018792202164,35.063674026140816],[126.34406570223784,35.072071579821056],[126.333620345801,35.08755856762034],[126.32170975593807,35.0892908955723],[126.31637964844013,35.08712044033351],[126.31615890660065,35.07774347883426],[126.31133629068404,35.07584328476389],[126.31645978916852,35.07053771623022],[126.30046467093179,35.06201537236992],[126.31292339355409,35.05838090676862],[126.31443089601996,35.05507245836485],[126.3048234055187,35.04548299879714],[126.29593525800139,35.04158954089218],[126.3020017033873,35.04683522881547],[126.2947084275886,35.050131578698235],[126.29585386981307,35.05477193970586],[126.28553645752545,35.062075486490656],[126.28168690656005,35.061806933899405],[126.27720045913124,35.054443995691386],[126.26066548525314,35.053425302466],[126.26414270180324,35.04244475451058],[126.27404723096478,35.03816988815883],[126.27454743620297,35.034451293350145],[126.27454513280489,35.03444168893206],[126.26622808613733,35.028709754485746],[126.26576543696743,35.0224267693282],[126.2560626831205,35.01304106219644],[126.24977897303276,35.01178287799695],[126.24402651316161,35.02720053164279],[126.2389201520688,35.01826719412864],[126.22730572142554,35.01978497814212],[126.22688950798432,35.023285251552515],[126.23180567829274,35.02605540948287],[126.22883417518725,35.0276135682179],[126.23049348153036,35.03543471069403],[126.22767607780821,35.038091313817255],[126.23517824513367,35.04435934919059],[126.23273412281321,35.052968740171345],[126.2225619393897,35.057867412834845],[126.20909566396342,35.056078382044745],[126.20908741654706,35.05352668297627],[126.19881013051398,35.06295706780562],[126.18246983002979,35.05780411745716],[126.17920305131554,35.06657501480675],[126.172675374419,35.063556310144456],[126.16821746307765,35.07230396694957],[126.16163841097988,35.066662632220975],[126.15957541076627,35.07200812672366],[126.16330799499629,35.07385387628469],[126.16541888426215,35.083140000215884],[126.15829501221872,35.08709935168629],[126.15738279022504,35.09071550682406],[126.15951746090617,35.09877190950855],[126.1727963737781,35.10623742955136],[126.17810186020509,35.10395572934961],[126.18167169872963,35.1089454302131],[126.1904095998455,35.11259880983816],[126.2097285964764,35.10294431863204],[126.21785553951734,35.106571978987766],[126.23154603219217,35.099182266501025],[126.23609452750671,35.101377367136166],[126.25086811936119,35.09669118105441],[126.2563306212188,35.10177683631479],[126.25894696971322,35.10074369302821],[126.25939046674306,35.09366455017711],[126.26242363941927,35.09587510750142],[126.25989549472953,35.10440172677079],[126.24334279195065,35.111448436767326],[126.25313949116136,35.13042951228495],[126.25198602640538,35.133305471778755],[126.25925722331885,35.13517579253253],[126.25639243958031,35.138898815024056],[126.25905679846453,35.14288769663867],[126.2713270064562,35.145208047228344],[126.270754583492,35.14986064737357],[126.27297471757817,35.150129104072825],[126.27896684597496,35.13569576062228],[126.30740540679645,35.13770385982153],[126.30791889484284,35.127543380298626],[126.32061668600775,35.127481590306836],[126.33091102728379,35.141533922327504],[126.32573297720232,35.146143232598256],[126.3260004300176,35.149585830956035],[126.33434722204737,35.14943914819129],[126.34581107768088,35.159724435980905],[126.34462818663546,35.140831884469016],[126.3467472802748,35.13856500331155],[126.34093520044597,35.13043676746496],[126.34025730153252,35.12022985997723],[126.32962533316974,35.1091456362648],[126.33512419286465,35.10261441135026],[126.33194354645204,35.09324819884414],[126.34346390817953,35.09174945693856],[126.35308631288538,35.099699090333964],[126.35113501066733,35.08702851088517],[126.34245472863743,35.08640105722179],[126.34455119733192,35.0766605092636],[126.34863706691229,35.0754495271234],[126.3502798009518,35.07886065450207],[126.36091879855003,35.074936398431596],[126.36270731439973,35.079219025336776],[126.36629734244822,35.078417994856935],[126.36777395735587,35.07698165225262],[126.36386430271203,35.074940680647686],[126.36752812174748,35.07127141260531],[126.36512494597272,35.065037655629915],[126.36712112789436,35.0626495449801],[126.37013263586854,35.061778719429576],[126.3829478426915,35.07759644737835],[126.38066556455261,35.0820465586213],[126.39161632757599,35.08580544513275],[126.38439471413747,35.066718732141446],[126.39072539107491,35.06464475030711],[126.39683847701475,35.076023211745245],[126.4040929830172,35.070947224676814],[126.40275245671879,35.065852355629296],[126.40883506491372,35.0624978007965],[126.39845054500347,35.05265905418915],[126.40236976005649,35.05021647905137],[126.39470601854063,35.048097436002266],[126.3904968518268,35.04301943911123],[126.40090251732826,35.04192364770237],[126.3991239824974,35.03246297340073],[126.40353036135006,35.026990911857716],[126.41111146009666,35.02934393443027],[126.41661942148514,35.02660578505538],[126.42749616338804,35.027415614408035],[126.4178440278768,35.03856551340391],[126.4197945160881,35.04427634494417],[126.44370359739453,35.05845077671161],[126.45189142236224,35.0716284423456],[126.45756267503947,35.07398568029861],[126.4359449849659,35.08632330413166],[126.45741500978693,35.089873254060954],[126.46505079832474,35.09996519548265],[126.44570048213221,35.106221133573456],[126.42167555259691,35.1070692674815],[126.40295441846276,35.136806555616616],[126.39647124574957,35.134435637975294],[126.38881865385889,35.141699526758366],[126.38326573132434,35.15017328272672],[126.38329268795384,35.158711063865155],[126.3720218735297,35.158459738318236],[126.3658446596142,35.1684595635638],[126.35911677518345,35.16889683519403],[126.36035613846447,35.17693786422407],[126.35430476290044,35.18407423621471],[126.37247300702224,35.190069887424464],[126.36869410147013,35.19476326350236],[126.37889692747551,35.20866767327892],[126.37679743716247,35.211896334381606],[126.35383940707321,35.20166863045704],[126.35413645973944,35.19615572471277],[126.3419603787264,35.19433339163766],[126.33840980962027,35.19094057683661],[126.33669344458059,35.19572179633587],[126.34225126985808,35.21395411503204],[126.3422250558775,35.21395000706906],[126.33791101459072,35.21255521574793],[126.33956066572833,35.20744728211365],[126.33546203339677,35.204591681126075],[126.32133432967372,35.20388382867544],[126.31498369964555,35.20755380075575],[126.3183400181838,35.215239945748],[126.31676723271251,35.21670019325199],[126.31590263269821,35.217496042268785],[126.31720894286279,35.21400057833776],[126.31425996530959,35.21000506170715],[126.29955380436608,35.21080357573552],[126.29902943497055,35.222749108799086],[126.29723240391343,35.22230978310812],[126.2968419461239,35.22309963775208],[126.30805141669725,35.25090485654127],[126.312647606338,35.25319736449244],[126.3205509893702,35.24529076227823],[126.3284464432209,35.243983652741804],[126.32398451363399,35.25254491929628],[126.32649043344573,35.25695352532836],[126.32235475997973,35.26305574014585],[126.34724553187714,35.27379936151621],[126.33256005320136,35.26808804145573],[126.3249248077212,35.271141090740045],[126.32958446219743,35.27998491054193],[126.33940768750165,35.28603835251106],[126.3502400881398,35.28648940770046],[126.35264890576772,35.2829622183736],[126.37150704201892,35.284309188094404],[126.3704247871649,35.28731397727386],[126.36568402511736,35.287112514333785],[126.3658570919908,35.292326594789955],[126.37080945784031,35.29360260990073],[126.37806837334654,35.305872522777825],[126.37568287793958,35.31168033000381],[126.37919410261782,35.31965298630133],[126.37848354931137,35.32763990263814],[126.38763405045549,35.34377276578022],[126.38733395818993,35.35314953729096],[126.39185340831045,35.356002740026],[126.39718543426652,35.36922747374363],[126.40354120970976,35.368989240733654],[126.40436847807581,35.36288305298352],[126.4069266612329,35.36542483482307],[126.42168302751921,35.3653635906276],[126.42872422019445,35.357933168314176],[126.4431477927537,35.3574182459006],[126.44798659079846,35.3485889689103],[126.44417880510296,35.35773700913731],[126.42932386129054,35.35899088455226],[126.42350665959798,35.36516932833167],[126.42964428315274,35.367931477602625],[126.42333203412534,35.36535258099343],[126.40937306216591,35.377506324513554],[126.40702091572021,35.392570808357085],[126.40200381622917,35.396147445582955],[126.40305246848742,35.40015607804674],[126.4111003822734,35.405611195482905],[126.40287232838745,35.404626646744454],[126.40950283893905,35.41322609006401],[126.40686839577678,35.417180871543636],[126.41972551131278,35.425899556153674],[126.40996192665058,35.432675476228304],[126.41943488613975,35.426504724787065],[126.42315541849725,35.43020476634071],[126.4271555740491,35.42639897902607],[126.43886798241192,35.43000989070298],[126.46855114550124,35.42515007035544],[126.47602815068167,35.429328508639394],[126.49287527642532,35.409238140879594],[126.49057726225257,35.39514849879723],[126.4773810012754,35.38617870843124],[126.48288761819214,35.3846348020555],[126.48621513268469,35.377579711322525],[126.49741423680047,35.373200665282354],[126.49600085477603,35.358126292311454],[126.49213591673406,35.35411184185513],[126.49354740984897,35.350384757796434],[126.49694867397339,35.35004565090493],[126.50375743422931,35.35866173460578],[126.51275773298921,35.36203464205695],[126.52052989138022,35.348348141745376],[126.51385575727139,35.327472439520335],[126.52108661375536,35.32451768367579],[126.5243509766232,35.31394304658044],[126.52992600495496,35.312306517663146],[126.5323236081764,35.30674353724135],[126.54813061792343,35.31347147612594],[126.56399755645276,35.309527209394204],[126.56834431183016,35.31124942884273],[126.58491435356733,35.30078730050834],[126.59010755823874,35.31135949629704],[126.589447529989,35.317506490771514],[126.58091496583712,35.317301081022315],[126.58496292990517,35.33018239449273],[126.5980540734585,35.33011880856943],[126.6042156201508,35.33564321435866],[126.62641615538764,35.32135438022891],[126.64479906350608,35.31977532404676],[126.64698462053718,35.32473798065006],[126.64427527488944,35.32720412232157],[126.65311761831079,35.328037593161],[126.66644498286493,35.35148689429491],[126.68572617954801,35.34423552770127],[126.69182010980306,35.35143113528775],[126.69934334340597,35.35008794922942],[126.70461505162262,35.36513050138112],[126.7225001664586,35.36685980696723],[126.7312600213305,35.376883031170934],[126.73218542384033,35.38318734703193],[126.7296316829511,35.39461004250244],[126.72246863349766,35.39993254564559],[126.73620399443905,35.403407991549585],[126.74868405582717,35.415587612826904],[126.75420029534239,35.416504154919004],[126.75172846416643,35.4359049981579],[126.74381778123592,35.44068311161194],[126.7377153479292,35.44949358288473],[126.74074257716586,35.4527241866705],[126.74100841959472,35.45297659478984],[126.74950001726356,35.451346835551384],[126.76490261964278,35.46705829240765],[126.78189598111834,35.47062826891296],[126.79234780639595,35.46763406717438],[126.81397305183935,35.468799038799915],[126.81429140512665,35.48311210958135],[126.81612739803818,35.484890939605485],[126.81791964811924,35.48609522953728],[126.82785531817571,35.48628047296466],[126.83047760423302,35.48079710690712],[126.84329985661428,35.47833049968218],[126.83791432901283,35.464527010884815],[126.83949307495418,35.462348814745006],[126.8511357677782,35.46573603293381],[126.86953579719814,35.461640214013215],[126.88414315276631,35.451313320067506],[126.89677488053752,35.44798569481735],[126.89964326768437,35.4426998058431],[126.90511347775433,35.44081782065846],[126.89744675774733,35.43474918318518],[126.90431682669447,35.429695726802834],[126.90187455285809,35.423015120031835],[126.90873064371135,35.41912104991762],[126.90882210096021,35.41541413557952],[126.91635576214915,35.41562379100832],[126.918535349478,35.41247921823897],[126.91977149891062,35.40994604588234],[126.91742715762126,35.40213905021874],[126.93316210536055,35.406081319007036],[126.93063836578374,35.39875552474386],[126.93308605854392,35.39583935587388],[126.93536776650626,35.394556193466165],[126.94174051301681,35.39427516214239],[126.96310274352294,35.394954465016134],[126.97610144678241,35.40004563474691],[126.97029084284563,35.41979232277507],[126.97138061451881,35.427671215866845],[126.98162538143187,35.42664641856639],[126.985306626412,35.43673185996623],[126.9945455294638,35.43980412816205],[127.00019992378486,35.45242710032496],[126.998024340945,35.45730383291651],[126.99947841118235,35.462136395363174],[127.00001615773768,35.46287478108491],[127.00302699582566,35.46446392281302],[127.01429200996255,35.457819348457235],[127.02393694856767,35.464232662158565],[127.03472214855377,35.46657184963474],[127.03735355785153,35.43385526041591],[127.04461073943646,35.43354548474468],[127.0523152098329,35.42651610499993],[127.04514174727127,35.40722032302381],[127.04692990221594,35.40219371569571],[127.04171091508671,35.3987193751336],[127.02701553689718,35.399855065307754],[127.0274631563775,35.39467943789491],[127.0395413487211,35.38401420725723],[127.0390975461043,35.38014330525102],[127.04885706865697,35.37737495872281],[127.0576185962595,35.38265334119912],[127.06432265747429,35.376009510053535],[127.06359463400543,35.36989715627496],[127.07063269062098,35.365211419329164],[127.06517043428319,35.35654546295728],[127.06990030472912,35.35140449428657],[127.06744822280605,35.34546386850361],[127.07024925232142,35.33963657320243],[127.06238117832852,35.33625118170543],[127.05233393564517,35.34026481646813],[127.05094608037878,35.32937276504366],[127.04309201246303,35.32188538929298],[127.05090789305939,35.31671644278625],[127.06178389746977,35.317129254453064],[127.06805640246658,35.3114175269837],[127.07985862272287,35.31052780293117],[127.10523541348783,35.29923259967132],[127.1259871632199,35.303225771138536],[127.13009452769931,35.30846218282435],[127.1454725472806,35.30898042687599],[127.14678772090465,35.315420129941565],[127.16087481189577,35.327738119255805],[127.18616259177405,35.33694923896794],[127.1847602338499,35.326112697275136],[127.20359760435309,35.31566754438654],[127.21230217722233,35.31683736076594],[127.21656531813339,35.33043426390436],[127.22205469294231,35.334885658075954],[127.2327727588636,35.3333677399652],[127.25716770330287,35.31245992528745],[127.28671443263597,35.31402227987881],[127.3098877546557,35.30451554354865],[127.32346709639322,35.307409182362946],[127.33068710230299,35.314896386583975],[127.35425602838862,35.322355087538966],[127.37551598153453,35.312197809502365],[127.38008567607066,35.3036790541498],[127.38456734140853,35.30245771361186],[127.39269871292036,35.30734642069004],[127.39276586145634,35.31272753624549],[127.40880104883458,35.32756978901122],[127.42140974568032,35.35087002642876],[127.43692251608034,35.36271118916192],[127.45411053403363,35.36075401263216],[127.47076581496475,35.36533557759946],[127.48570558183634,35.35834969675091],[127.5020154277579,35.358362806287026],[127.52447330871568,35.34486559854345],[127.53096032301723,35.33604052778927],[127.54063332559467,35.33434681944148],[127.5422829167443,35.328500199412176],[127.56783121802303,35.31851551500635],[127.5774809857676,35.30890106468319],[127.5773679187553,35.295156858830104],[127.58407158183978,35.291104755954365],[127.59569677666146,35.26813330968074],[127.61015829952397,35.26204555974694],[127.61525043372974,35.25039003517142],[127.61282043642527,35.241616659021204],[127.61918351927191,35.23544612956205],[127.62114181296836,35.22464708527676],[127.62072789696754,35.21265682851163],[127.6168837829018,35.206906587015496],[127.62148923422642,35.191788138815554],[127.61814409584665,35.190898126476725],[127.6483717607085,35.160391728938976],[127.65933574746947,35.15896477025253],[127.6886838655788,35.13517112176219],[127.69462885513039,35.12499807628511],[127.6972629065871,35.10177829831104],[127.7161209389042,35.08347125161798],[127.73635453462832,35.073600477426794],[127.74326140326018,35.06095584223001],[127.76532151881314,35.053628036305625],[127.7716250087763,35.033722564325636],[127.78626487083821,35.01761030159786],[127.78003573026373,34.9891910329971],[127.76403108024711,34.97671535090695],[127.75939184960534,34.96677638954108],[127.75271827665767,34.96199410491837],[127.75292198622702,34.96022908120004],[127.75396148814696,34.95781674743492],[127.76093676603247,34.9602202957028],[127.76772667742574,34.95382504694866],[127.7685401915223,34.93379405209109],[127.74475952938403,34.93483896437503],[127.73977188442684,34.94887147343331],[127.75356249724243,34.957738230864265],[127.75091805281971,34.96186448349774],[127.72809706247297,34.9529845407991],[127.71069400439337,34.93556130316847],[127.70110666804574,34.931897787471854],[127.69586246568781,34.918952810691216],[127.68160732316251,34.92977267813106],[127.67232074841269,34.93149288569999],[127.66409760307631,34.9148811567153]],[[126.80948678857561,35.05228792488528],[126.81858369826404,35.052769135680165],[126.82595704690304,35.06197115885207],[126.84408498048997,35.065426296064544],[126.8556092497065,35.07835953004833],[126.87167670200598,35.074337827005166],[126.88540282353836,35.081590268758085],[126.89198856880344,35.077953084364935],[126.90580723104989,35.082048200568714],[126.91802841499741,35.09152323668522],[126.9246693537327,35.08799582542157],[126.9324688352914,35.07443024996851],[126.95389907699939,35.07410032885289],[126.9630457272526,35.08733069741938],[126.98895069267478,35.09498758886055],[126.986351739274,35.10594533095642],[126.98920533086262,35.10987742697412],[126.99993185442423,35.11405020481727],[127.00458699250781,35.12176117263225],[127.01060803896131,35.1243139728604],[127.00774348228929,35.15592869091736],[127.0111198829386,35.15892970050471],[127.01135845842816,35.16616909438462],[127.02087241602342,35.167257316455846],[127.02141648221551,35.17303799967413],[126.99996890894806,35.18881609459895],[126.99111147281893,35.18639061830839],[126.98580414337589,35.18863201410463],[126.98198937920387,35.183925007127264],[126.97397336312719,35.186133034170574],[126.97169473282602,35.179837255046046],[126.96814715545867,35.181142731245735],[126.95862425238711,35.19308868614333],[126.96609974293672,35.20199050845385],[126.95027468276024,35.21642724511493],[126.94895758756263,35.22090481655236],[126.95184100380541,35.22459112495444],[126.9487931569662,35.2291588067548],[126.93262980954435,35.241559087061965],[126.93374341083421,35.246934953122945],[126.92937210399253,35.252414834241165],[126.92139807702151,35.25322694140462],[126.91460842803785,35.258209775590736],[126.90409045684359,35.257804897682554],[126.88726999836895,35.24629486906589],[126.8792101014013,35.24804292933653],[126.87958128670058,35.25152155856985],[126.86342378266494,35.24572063445266],[126.86002039662264,35.240343587312196],[126.84807442014309,35.23574092938361],[126.8442992186312,35.23699247798588],[126.83504183044184,35.22877060527939],[126.82505053757457,35.23183450760789],[126.8239432293601,35.225781082992654],[126.81565942463253,35.22470197073363],[126.80539043365069,35.21827497831209],[126.8043959450506,35.22131581190571],[126.79527046640952,35.219798618261166],[126.77487566289221,35.23047856151783],[126.7552591091003,35.23436123626919],[126.75522130364484,35.24113331144798],[126.76384865113194,35.25402871497251],[126.76028936540675,35.258703976040856],[126.74187319577467,35.25099532972174],[126.73724023396662,35.25288538713964],[126.71987952200573,35.22676623315832],[126.72072177077632,35.21883004739477],[126.71773631741483,35.212415816129415],[126.71069933278683,35.212272797605934],[126.70255613471133,35.207564449175436],[126.68705342670984,35.21519405274945],[126.67758378927982,35.20254059093104],[126.67711746996912,35.19104678653688],[126.67206102073546,35.19425713672875],[126.65320393285542,35.19251802600431],[126.67211672990634,35.17308975692665],[126.67072280281248,35.16984067365113],[126.65422288010394,35.16455177901105],[126.65462546776958,35.15835278212945],[126.65141745012265,35.15481843555452],[126.65350500817418,35.15278063731054],[126.65015252456695,35.14765242407931],[126.64497760948929,35.14655554934113],[126.65331605511638,35.14395995871628],[126.65192960203883,35.119650425662435],[126.65709319752477,35.11327826412146],[126.66338878833635,35.114800957691294],[126.66910870162008,35.111257966329916],[126.66697398241453,35.10656926885713],[126.66942088935161,35.104602446118584],[126.68443742987812,35.10763655487172],[126.68489984690298,35.112017226427014],[126.69597435922107,35.10748618280053],[126.70540377472577,35.113014312613174],[126.708827068362,35.109470295778095],[126.72838657367419,35.10741098204374],[126.7326560392427,35.11285542649616],[126.74983521163186,35.099287821696564],[126.75428200646783,35.091677651838886],[126.76187234813972,35.09103305331999],[126.76480207384475,35.07875464897035],[126.77134636422336,35.07018331257128],[126.75413845420827,35.066851558167386],[126.75673721829561,35.05824441396825],[126.76510877534547,35.06436185452008],[126.7684318647988,35.061412783846826],[126.768340524842,35.05455645100074],[126.77441725228601,35.052719603555474],[126.79522767715166,35.06112215160897],[126.8012048570589,35.05820258513586],[126.8048770615861,35.05158240779164],[126.80948678857561,35.05228792488528]],[[126.39145245597062,34.732582225088684],[126.38828116032683,34.725777679442714],[126.46285940172785,34.70945303356288],[126.46999201184443,34.71731061817752],[126.42244324428854,34.725890755203075],[126.42790499271773,34.73267074115446],[126.42132585490032,34.738646166640144],[126.41979524963713,34.73442837220333],[126.42546891052379,34.730432913075354],[126.42381181860122,34.72804879037126],[126.40074710403775,34.73160991955879],[126.39817573655182,34.73327093267349],[126.4037602748329,34.731475016664014],[126.40461819505742,34.73468793847811],[126.40355045140653,34.73814200598116],[126.40092311347755,34.739188891712296],[126.3960605050315,34.74035337456935],[126.3969043869137,34.73478177665336],[126.39145245597062,34.732582225088684]]]]}},{"type":"Feature","properties":{"name":"경상북도","sido":null},"geometry":{"type":"MultiPolygon","coordinates":[[[[129.47619521097724,35.69276852844337],[129.47624200651197,35.692740136962726],[129.47623102158607,35.692739213985675],[129.47621429021945,35.692750284720425],[129.47619521097724,35.69276852844337]]],[[[129.40119199446846,36.03898945273146],[129.4011633444592,36.03898027137069],[129.40117368557458,36.03898411154194],[129.40119199446846,36.03898945273146]]],[[[129.41159114609448,36.072450571842616],[129.41160396290087,36.07167232141387],[129.4113420094666,36.07199119626189],[129.41159114609448,36.072450571842616]]],[[[129.44832639764658,36.827566441194655],[129.45162971249587,36.82500014196808],[129.45208606045324,36.824215776084095],[129.44832639764658,36.827566441194655]]],[[[129.44832639764658,36.827566441194655],[129.44803125029097,36.82779572450204],[129.44803270485758,36.82779578359331],[129.44803875651237,36.82779594038799],[129.44805162682167,36.827791835746915],[129.44825281363336,36.827654380138554],[129.44826808498786,36.82764017736291],[129.44828591261512,36.827621728920334],[129.44830795145475,36.82759515001465],[129.44832639764658,36.827566441194655]]],[[[129.41914680585808,36.8925422418396],[129.4197193858605,36.89151582717542],[129.41962581425625,36.891509479905466],[129.41959978534706,36.89150894155337],[129.41958139089516,36.891509637207015],[129.4195568482638,36.89151431867536],[129.41953357915224,36.89152638658317],[129.41950891119967,36.891549271274826],[129.41925168598672,36.89208515600502],[129.41923832802516,36.89212485135009],[129.41914680585808,36.8925422418396]]],[[[129.4251214449379,37.05394453623353],[129.424121641076,37.0522522146844],[129.42490359520286,37.05382301460933],[129.4251214449379,37.05394453623353]]],[[[129.4251214449379,37.05394453623353],[129.42185582765222,37.05813315451196],[129.41492911592422,37.05302301235399],[129.41323448791866,37.04384507501288],[129.4157871082771,37.03551772371327],[129.40944240783008,37.02786408409443],[129.4178322933561,36.99926652267275],[129.4174655543301,36.99472121760889],[129.41651412075024,36.990996661075975],[129.4080394382169,36.97967329957834],[129.4210239388091,36.94080026419697],[129.41732846369806,36.931372086624656],[129.41936559588197,36.92009702762253],[129.4154969460299,36.91591951541725],[129.4205366689182,36.89756727254165],[129.4153213031852,36.88961193592454],[129.4220429902915,36.87373589071374],[129.42007269565883,36.86808995951297],[129.42772284894568,36.850859143887966],[129.44556032304186,36.832226052847254],[129.44725580961526,36.82456267485818],[129.45705256197098,36.814294401582245],[129.4623386240417,36.788639119406696],[129.4780367371635,36.7682680607489],[129.46804303419108,36.757364797471816],[129.46931147542904,36.74634800310608],[129.47625372203362,36.73384050539261],[129.47701854362325,36.72782593703593],[129.4717489328278,36.720705699420115],[129.47583209425238,36.700103577079446],[129.46871218531678,36.69435174271393],[129.4629022104089,36.67741831875561],[129.45694884306556,36.67280588771586],[129.46185129245228,36.67776946766184],[129.459017333259,36.68177582254782],[129.45671837492267,36.68146804566272],[129.43778255979154,36.670469982987875],[129.4282695154351,36.6487921114666],[129.4176370418982,36.6393536315756],[129.41708461072037,36.630305653582234],[129.41210463854517,36.62235974824789],[129.41627562968253,36.60341393990794],[129.41019990253503,36.59592501120278],[129.41216414578045,36.58604744931165],[129.4216929770561,36.57067006017233],[129.4368368665149,36.55865084151378],[129.43177200073643,36.55729132809667],[129.44031422892104,36.55227435748355],[129.4392228874881,36.537136175464305],[129.44393077318546,36.512480251715346],[129.45300105807405,36.51076352851114],[129.4487154060118,36.51122849726452],[129.44739674885005,36.50777375932621],[129.4532975924651,36.5081857486195],[129.44669984560028,36.504322140045055],[129.44446796723554,36.48896868428405],[129.43292102443706,36.48118877014487],[129.43752242629353,36.46562085455734],[129.4368364842252,36.44721723229896],[129.43301407938122,36.43746853050659],[129.43595240266677,36.425463665013396],[129.42942261571574,36.40901600923346],[129.41398051075916,36.39153162489532],[129.40754863186407,36.38878479945617],[129.4061047556879,36.381771654192285],[129.39477402037014,36.36747339694869],[129.3929519321097,36.357560872236924],[129.38802693209854,36.355539925761235],[129.3883918655167,36.3490086690532],[129.37932529328103,36.33302135615574],[129.3817733862918,36.322206450118415],[129.3773705886435,36.30684501286845],[129.37967576864335,36.29418015748144],[129.37457566055411,36.28817487131939],[129.38137576248306,36.27484307082937],[129.37579672197248,36.26959716847629],[129.37290401922732,36.25507896462986],[129.3822409454908,36.24132814166802],[129.38639479573985,36.239855670007685],[129.38093770251766,36.230273607394984],[129.38656318684608,36.21748266436871],[129.3814569024405,36.2096674641067],[129.3725563424845,36.20701641660292],[129.37269619570793,36.196807513102456],[129.3816301534916,36.18604433587042],[129.39121398769944,36.18437157495711],[129.3939228188679,36.180390961609504],[129.40002418375158,36.16450276833715],[129.39776688882068,36.160859562010835],[129.40036085298235,36.1540377746382],[129.39499706788428,36.14162779192413],[129.3979532144329,36.134591027798606],[129.42577637861126,36.11379264120442],[129.43990117889822,36.11248478229662],[129.43124110291765,36.11244236835055],[129.43973165487907,36.11064531714265],[129.43957946232518,36.09727292989658],[129.43639316130097,36.097280773329636],[129.43637537761825,36.09726144409292],[129.43633002936153,36.09276649184197],[129.42882373093036,36.09279972656877],[129.42860416628625,36.09280441376306],[129.4273935665115,36.096253602803735],[129.419533625393,36.0887633559231],[129.41791275093368,36.07367222246692],[129.4015748749051,36.069711624382826],[129.3960415739943,36.06307277239869],[129.3828631315431,36.06281630249483],[129.37816183652052,36.05247755095906],[129.38319965502143,36.04780349213335],[129.37621145416395,36.05189400211429],[129.37259383502663,36.049867027937466],[129.37620447464622,36.04996252770472],[129.37726251213041,36.041504779729685],[129.38579008202075,36.028493418634625],[129.40138099111778,36.038727291179384],[129.41182115866008,36.035723987604236],[129.4015040016408,36.039089439974745],[129.4315411603077,36.030376278650664],[129.4318302443488,36.0272763861403],[129.41837078567795,36.026422877376],[129.40747458573398,36.02930600485801],[129.39556447808957,36.017941550596916],[129.39996640872724,36.013923744118266],[129.4026386314324,36.012581388800925],[129.4067668133808,36.01386783598405],[129.40387444358606,36.011338769434985],[129.4070199359138,36.00890185791404],[129.41009985106163,36.01604925575212],[129.41264650725296,36.01630683126359],[129.41275162743383,36.016298809930205],[129.41256426618074,36.0138725483006],[129.41240337435957,36.01181947970221],[129.41280714211575,36.011860846511816],[129.41569551765397,36.01215671138791],[129.41605934780918,36.0166518347525],[129.4181485524733,36.01686681095741],[129.418288717586,36.016856952149794],[129.41808451115284,36.014340365402205],[129.41796210602044,36.01283880905824],[129.42124094157188,36.013164848500516],[129.42247568208495,36.013458450060185],[129.42394591582877,36.02238582817455],[129.42314721159192,36.01117102931434],[129.41414439225542,36.00457800774927],[129.42358907609636,36.01012359721232],[129.41767808971144,36.006269780606495],[129.422633754575,36.00036525586276],[129.4514905221923,35.991578337737685],[129.45581145554053,35.99315221211131],[129.4587684147698,36.003389312373145],[129.5032344922682,36.025687452304645],[129.50482397196856,36.0370744217426],[129.51532886195557,36.04328634073647],[129.5257356349077,36.058143010210806],[129.53347611780111,36.057891529978136],[129.5406239561014,36.072740672196225],[129.5454479777911,36.07603265628858],[129.54718035366594,36.08489283524973],[129.55560601132328,36.08608277687625],[129.56194506098416,36.078326803042565],[129.57028518469093,36.07785518892324],[129.56862319732718,36.068824680275036],[129.57415364772052,36.06356985810175],[129.57867298686807,36.04881810051414],[129.58360685229368,36.04628971647137],[129.5787725063529,36.03979350535137],[129.58130417146313,36.03705049354897],[129.57712737815262,36.033879830098755],[129.5822692118665,36.031687551077475],[129.58203558724878,36.028495501343905],[129.57720859837374,36.02457232018138],[129.58441896576508,36.01653784275313],[129.56661875603507,35.997290967832946],[129.56726856831358,35.98995613922654],[129.55763184325923,35.98660297358416],[129.56028777022132,35.989520579819946],[129.55642957873738,35.990676555351435],[129.55254469328813,35.987294197448655],[129.55373867637493,35.98284208833815],[129.55852792420507,35.984149904498445],[129.55167942498136,35.978754862928746],[129.55435152642144,35.96821765978824],[129.5473616282248,35.96425533130517],[129.55046750164936,35.96067308011157],[129.5464336334832,35.95344077984947],[129.53527630018888,35.94413765332609],[129.52939736314588,35.934636635242654],[129.53101743240717,35.9318922580546],[129.5233511468599,35.933461776518975],[129.5190555730517,35.92903386525533],[129.51860862055693,35.92013232820891],[129.52802351147173,35.90423983191095],[129.53414001625507,35.900299886553285],[129.52532016034786,35.89590560300654],[129.525276639054,35.88938416641722],[129.52926538997872,35.88353744301936],[129.52040832474498,35.881761856899],[129.5188365818139,35.87366641612316],[129.53296531477426,35.87157397628916],[129.53433639579745,35.86841300037059],[129.52727208577969,35.86373423404748],[129.52508638117752,35.85436321844151],[129.51965260672523,35.85087694691276],[129.51729960063363,35.84187603041862],[129.52057504228355,35.83769431377615],[129.51012747250937,35.82604056085532],[129.51213228758886,35.80639999888129],[129.50361244197157,35.80743639791594],[129.50578180784623,35.803375849749294],[129.49928940783488,35.79975566799484],[129.50133749524164,35.793663294273706],[129.49170703104818,35.78809893114658],[129.4966281723328,35.77156037021913],[129.4940757373498,35.76954868427167],[129.49380696566286,35.75924460224128],[129.49125173629224,35.75839052992649],[129.4940707563313,35.75266161634909],[129.48380404804985,35.7431402765427],[129.48633245336774,35.72975484289346],[129.47898520652933,35.716901080418545],[129.48184882570143,35.70710082600795],[129.4788826397933,35.712405918693406],[129.47660381073345,35.71057691838218],[129.47944808353807,35.707944572377414],[129.47366507277596,35.706329120035576],[129.47619521097724,35.69276852844337],[129.47158275682878,35.680264769607966],[129.46449994416295,35.67662929764832],[129.46524292803056,35.66681635538031],[129.45395582168547,35.66463008745958],[129.44978703999243,35.6510692756382],[129.43926909407566,35.655244661874235],[129.43507942707961,35.65244604606454],[129.43280123345764,35.656646620519226],[129.42839884513194,35.65558032989855],[129.41096979113084,35.66382738031151],[129.40341715971397,35.66296848765853],[129.39994251801033,35.667562607787616],[129.38184939152615,35.67118480258907],[129.37265443089166,35.66922678551079],[129.36407366604428,35.67893449183427],[129.35537502925538,35.679369208111616],[129.34005786438206,35.66963692578568],[129.3340887556224,35.66976050632769],[129.3278206975757,35.65883635466431],[129.31114249868187,35.66052443940686],[129.30448938156707,35.657174304061165],[129.30300448416205,35.650239740098534],[129.2964229141523,35.64351251618273],[129.28289855441895,35.65173312690872],[129.2696896564738,35.65113968260191],[129.26044484168756,35.65463755891594],[129.25550370450804,35.660455675384235],[129.25500833979007,35.6641047850763],[129.25474504977652,35.66641176930528],[129.2597199067672,35.67228420298596],[129.25864286897757,35.683111537143226],[129.26259307324955,35.69112711237144],[129.25685043723482,35.70070336483352],[129.2340076190304,35.70387465498962],[129.2317641409673,35.708437153213296],[129.22436614731103,35.70956100894684],[129.20863037303158,35.72116913018594],[129.19806779587202,35.714514411078106],[129.1812927911842,35.72378892377388],[129.17645727193784,35.715655384955426],[129.16031495925608,35.714810104132205],[129.15316862196022,35.7220034838747],[129.14453259112275,35.72482706099712],[129.1375346830852,35.7206993282362],[129.13949888980412,35.71826280871766],[129.13951493674645,35.718242949569095],[129.13677827026845,35.712864580897744],[129.127364131799,35.71412047011282],[129.12282490797892,35.70780565006894],[129.11274623578518,35.708383639259516],[129.09029098958646,35.70267500756379],[129.0772210758803,35.69293562088215],[129.0698768326555,35.682372236038276],[129.07302827590752,35.677379382334145],[129.06715348963468,35.6713464674668],[129.0672733613254,35.66199195074722],[129.08068856443447,35.64795307299263],[129.08085479939388,35.64325313464272],[129.07554602328358,35.64035588933741],[129.0693022667875,35.645413512502756],[129.04690107944504,35.65051760673839],[129.03696705912049,35.63246172899352],[129.02661073056515,35.63639548250795],[129.0209092157313,35.63508310672691],[129.01802318103333,35.62964776019799],[128.98674971767372,35.60912019401165],[128.96087683163,35.61558127225942],[128.96126135061547,35.62056227797708],[128.94114515481056,35.635073437324685],[128.91505369692797,35.640618744641074],[128.89191615112998,35.62930966621636],[128.8887731409936,35.628856972317166],[128.8872448622162,35.629107753599634],[128.8814606995724,35.635477864072115],[128.8788934790835,35.63446725988195],[128.87707838360706,35.63370493820768],[128.87196571278403,35.61825125343718],[128.84569629465645,35.58961936042963],[128.84263871514244,35.588993799425076],[128.83364828421514,35.597354136077854],[128.80264546091107,35.589146947066226],[128.7950134931309,35.57334351525149],[128.78552868997556,35.5668881612366],[128.76751571603657,35.56989134040111],[128.7571786506114,35.56770647867804],[128.7374182728337,35.57715399621074],[128.73197270852117,35.575953087665525],[128.72400854876662,35.581560053810094],[128.7149574087903,35.57759788180099],[128.70325409000117,35.578052489273475],[128.694940279109,35.58341755222324],[128.6931929422895,35.59087547000151],[128.68760366287069,35.59502512740582],[128.6644187579349,35.59375282460233],[128.6552885240198,35.59788848975152],[128.64409080413313,35.593052529229176],[128.63653240174023,35.584697923637755],[128.6307467095567,35.58742018227662],[128.60579639410625,35.5802438139707],[128.58475257502855,35.58646475467137],[128.5729571525454,35.59321600992745],[128.56903355446053,35.60245405888472],[128.5605797438452,35.60344883330306],[128.55873261199267,35.61480002880998],[128.53662565731068,35.62426142818636],[128.5381628399246,35.632593190572],[128.53476820511932,35.64370158505379],[128.53743417691462,35.659760798395645],[128.53078473121005,35.66273640344939],[128.52680844520177,35.673504438772135],[128.53519694994037,35.694013801306454],[128.53420744526645,35.69481642238542],[128.5318641155306,35.696616250763],[128.53261812950137,35.70071139682046],[128.53388666631687,35.703260184913475],[128.527904868456,35.71274079438789],[128.56098706571547,35.72971367195151],[128.5647671864274,35.73676248955084],[128.5717289627282,35.73457289616348],[128.58051590615418,35.73866660275882],[128.5896008773114,35.73150376337253],[128.59424461952784,35.7370750315291],[128.61243466563596,35.73851890496496],[128.6149324648871,35.73031845025112],[128.6099344755844,35.72487576242902],[128.61616613686928,35.71957464165423],[128.61384272169602,35.7101568677418],[128.61977671214157,35.70285006033683],[128.64349426277485,35.70699735889681],[128.66352370411957,35.72050251421485],[128.68323971027579,35.72145444396979],[128.68313748799775,35.72557828617557],[128.69199971549367,35.73326344313596],[128.68912569829013,35.7397727962266],[128.69365712388992,35.74365342916829],[128.69548563586073,35.75574218295239],[128.6863501604357,35.76872367382629],[128.68645836512292,35.77741896481481],[128.6815623648505,35.78396282105003],[128.68250196854558,35.790131299111366],[128.6933067296136,35.79678831913451],[128.6998085484022,35.79504904784983],[128.71752061510884,35.80684707509812],[128.7086373459836,35.82656793585933],[128.71918888966863,35.835856894507444],[128.72507972732518,35.83615856613812],[128.72687157132017,35.84721243031517],[128.72187409315262,35.85694779054145],[128.73857236861934,35.85129822490043],[128.75979529649288,35.866074944441515],[128.75824356580145,35.87023437082094],[128.7612536394689,35.874404181904616],[128.7574896187144,35.878005258882524],[128.76133221545783,35.88752144180028],[128.75655587005906,35.90356554728411],[128.75980136950042,35.90683331752009],[128.75529582540207,35.915005190726845],[128.74283057321887,35.92028369616541],[128.73670880072493,35.929574028182856],[128.74408670302057,35.94395801898517],[128.7379605758887,35.95594339223936],[128.7429946339339,35.95994538757501],[128.7462102565022,35.97286862707397],[128.73097394802565,35.98536143457367],[128.7348557093484,35.99295603729282],[128.7268779389866,36.003227890900206],[128.70102121639732,36.0111205670535],[128.69559643890753,36.016165093923675],[128.66952329239777,36.01326554123638],[128.65101082019478,36.00730678067078],[128.6407105031127,36.01053053476325],[128.61740833383016,36.006449237976305],[128.60287361638635,35.98590060810125],[128.59292518373104,35.98336182922896],[128.59304156543857,35.9808416496385],[128.59015554300254,35.97923535466443],[128.57283763746938,35.978312520067995],[128.56470740490354,35.972937427237085],[128.55706575222436,35.972230001392944],[128.55333081221005,35.96078037845337],[128.54667381224775,35.965665979109744],[128.54348603171553,35.97477489931564],[128.52835385147944,35.98034988429961],[128.5270559971897,35.97516835704624],[128.52774096252224,35.97149537220104],[128.5348108063518,35.958383170113215],[128.5325486627833,35.950542348567524],[128.5343750784499,35.935333869487245],[128.5294657748209,35.92362304601435],[128.5069138561119,35.90610256853382],[128.50458863503076,35.88915168946405],[128.5014940715411,35.886765914919],[128.4906169726928,35.89757917346472],[128.47526956390152,35.89445753925506],[128.4683790453155,35.899470832341436],[128.46539902206604,35.90859046780979],[128.47275537622073,35.914435920758855],[128.47641886946062,35.934439336433265],[128.4541552768009,35.94314943876405],[128.45033818415746,35.93504165712525],[128.44156143247196,35.93520687357705],[128.43874506512938,35.93151925117502],[128.42490149447255,35.92804077040084],[128.42346681059718,35.92279264490128],[128.42058470132253,35.92206276628594],[128.4180927739071,35.921291986929084],[128.41648854811154,35.91370450377597],[128.40712875916233,35.90072483457994],[128.3989766904672,35.89992652434952],[128.3980667729373,35.892708555150946],[128.3842091904513,35.86565605017016],[128.38351015610922,35.852834650409285],[128.45000156088432,35.84665686968668],[128.46888139058515,35.83959529004614],[128.46869457814384,35.83846436397143],[128.4725462123683,35.83360832877341],[128.48108303805122,35.83013312606027],[128.4829523074091,35.81800575079624],[128.4704331576681,35.805922335896284],[128.42082951833595,35.809354573182176],[128.4208160412034,35.80630413580329],[128.41578629152303,35.80609213650445],[128.41578515491867,35.80581583761151],[128.41577209107706,35.80281494193098],[128.40811917168858,35.799208371306044],[128.3975852931454,35.77864607520079],[128.38346927466887,35.76008684758812],[128.39124695187536,35.74835267315258],[128.43181591419375,35.72559809939952],[128.43488936824716,35.71475772237232],[128.43214663068252,35.70489454575812],[128.42222349371337,35.69726914050186],[128.41220175881367,35.69584189950688],[128.35887830112839,35.70870122980656],[128.3517967490796,35.7040156387986],[128.3522931985303,35.69418863388501],[128.3582304261894,35.68079351921087],[128.37251111430112,35.666620636898415],[128.3979116028693,35.648809222189065],[128.40146041542818,35.63901522930773],[128.40125141826357,35.63272869709528],[128.38837581901433,35.617928287634406],[128.37174762505904,35.61088094280851],[128.36463416501152,35.61335696439031],[128.3619311312554,35.62893064253786],[128.35213771604344,35.6445827902012],[128.33785339212957,35.64480892412307],[128.32954157889148,35.648531250577534],[128.3240418169196,35.64661224829332],[128.30598968253634,35.655476190079334],[128.29806523275485,35.656226819290595],[128.2962539097725,35.65072946503714],[128.27947286518295,35.65230900445383],[128.2767935771023,35.64696856545719],[128.26234381190994,35.64273693802158],[128.2586435944673,35.64779676449983],[128.24221305343548,35.65524616673756],[128.24184032617,35.65511722506152],[128.23636066976414,35.651083097054496],[128.2359620570348,35.64067621545724],[128.22973165072068,35.639459294077035],[128.2012309885189,35.64372191926126],[128.19699522247012,35.65080412068873],[128.18523703363462,35.65767256558197],[128.16149826216795,35.65378735995966],[128.15986742838862,35.6661520949226],[128.16367580327085,35.67297466662182],[128.1777472695278,35.67336361803635],[128.184138430325,35.68004740976224],[128.19225955607823,35.68007780388045],[128.20383068568137,35.68592649110262],[128.20460015456803,35.69712288197199],[128.20031303883064,35.70771718405786],[128.2019683613784,35.719174466799366],[128.19663339851925,35.73038327136609],[128.19809293474958,35.73606280787058],[128.19360980394833,35.73813180442118],[128.18927941127257,35.751759720154354],[128.1649997665533,35.76348937003944],[128.16153428368042,35.770011172378],[128.16370998724355,35.77719223488433],[128.15894443245716,35.780072336972964],[128.15903513946188,35.78367170269056],[128.15437040968612,35.78644802136149],[128.13752569970967,35.78426002448738],[128.12885872707557,35.789399960972624],[128.12849762910625,35.793219103456394],[128.12871978821664,35.794289258038205],[128.1219030321095,35.80349350735423],[128.1230559797405,35.82243266257313],[128.11092183088076,35.823882018338026],[128.0965206481178,35.83221180155473],[128.09075098227368,35.830630061539935],[128.08440014527343,35.83700400348266],[128.06978578994065,35.841201898423236],[128.0608944633177,35.83434654887037],[128.054866844477,35.8343618055674],[128.05165366976013,35.82988263595467],[128.02978168978973,35.83564868123505],[128.01121554203087,35.829078866523936],[127.99699369454912,35.837051556314286],[127.98174913182821,35.858735264546034],[127.9739799504788,35.852068136083055],[127.96254846320937,35.855371243199436],[127.9596320130808,35.860304154222526],[127.95118257867757,35.86164477099716],[127.94223971037417,35.85454247066357],[127.92578279354994,35.85562273539645],[127.93133600220115,35.85898681941414],[127.93322082049265,35.86439779506578],[127.9287930282149,35.87034736420655],[127.93022044514348,35.87862944330696],[127.92287398066968,35.88258149366124],[127.9185155984315,35.89038073234102],[127.92022246501284,35.893218884812995],[127.89352074568502,35.886798528092285],[127.884783349338,35.89310653229092],[127.88219221214341,35.90318586936466],[127.8881570905698,35.914816559117945],[127.88240115205238,35.919474515120065],[127.8822368138415,35.9288840283074],[127.90610371670789,35.94063228418175],[127.91136737751349,35.949181508406404],[127.90227391309477,35.95690494193945],[127.89634611518056,35.9776608975777],[127.88960534745112,35.97966085622071],[127.8932182741188,35.98678448860245],[127.87559740967893,35.99691275563826],[127.87864160073124,36.00249587336403],[127.87569712942162,36.00894456715589],[127.87678791485635,36.02270684055462],[127.88345872276436,36.02806229924388],[127.88483652733301,36.03588940767797],[127.90269388405572,36.039103873099066],[127.91042873897597,36.050654729728755],[127.91678204502323,36.05423814348913],[127.93017777130288,36.04943941708883],[127.93629479520992,36.051079054833515],[127.96087438285667,36.07033903315799],[127.96169421736026,36.08297942213405],[127.95847193846208,36.09014250788832],[127.96868660431218,36.10312892763821],[127.96520087029259,36.11282884277295],[127.966795816452,36.118060538839075],[127.9877840252107,36.12881849348912],[127.98748203925277,36.14738360026855],[127.99719738427115,36.15546719320243],[127.99048049390075,36.15887630627275],[127.98984358248772,36.16515506131522],[127.98259750993563,36.170559113661035],[127.9841335608234,36.178169770811685],[127.97533187956338,36.18771063191686],[127.98119833495852,36.19587597803328],[127.97801613111521,36.19811066002706],[127.99303853340676,36.20003278677119],[127.99845402713137,36.20730123232051],[128.00974801608734,36.20936207016257],[128.02404753325598,36.20664935403541],[128.03863366948505,36.19415805986651],[128.05814614875197,36.20124502365803],[128.05079104656159,36.20599630572408],[128.05009117754005,36.21646281713637],[128.04222474738972,36.21754895008008],[128.039338876838,36.228676728131376],[128.02990214142034,36.240012985432124],[128.03565501909526,36.24346688852132],[128.04026227326844,36.25202501782432],[128.04572695511575,36.25211915385011],[128.04735242904377,36.256551059425526],[128.0331824078619,36.26152990820692],[128.02622489212047,36.26789600870723],[128.01903432602512,36.26729440960581],[128.00907089910558,36.27200845385965],[128.0004777711757,36.2664384108459],[127.99440806239589,36.267441240016744],[127.99052819816764,36.263378275366286],[127.98119086545908,36.2636479990029],[127.97671867188174,36.25928670591696],[127.97832387225331,36.25458767876743],[127.97461300513436,36.252949653326475],[127.97056216203309,36.250401038150564],[127.96016741995938,36.2523712060689],[127.95460760085912,36.25721510109243],[127.94925124474085,36.25664672616175],[127.94735882270237,36.267237336260514],[127.93793112855242,36.26906026916303],[127.93090725307188,36.27801330453948],[127.90810924019617,36.28550954632732],[127.904286809518,36.30145396211854],[127.88991463893176,36.28923549322216],[127.88263554865853,36.27374966701354],[127.87045097169224,36.27657524592596],[127.85139974906538,36.275464713069255],[127.84564986006532,36.29368890494217],[127.8468622092236,36.3007632638635],[127.84147817163854,36.31000161750022],[127.84577220194235,36.31811787861972],[127.85039180050398,36.32025380563628],[127.85256372174153,36.32963227129464],[127.86576412978056,36.33557786139445],[127.87014931372528,36.34348660990485],[127.88143082701522,36.34513572229343],[127.8856397424403,36.35470441120237],[127.89108770376814,36.358154551851094],[127.88522262486266,36.36889307989758],[127.88367100544488,36.37063777549368],[127.87989879959532,36.3714546515963],[127.88416671915468,36.380013130055026],[127.87572240258908,36.39059321131417],[127.86290464612476,36.39296795290724],[127.86631172830164,36.394757967206225],[127.8638656087129,36.403042545761],[127.87300959947822,36.40589043258134],[127.8756895923332,36.414351554566096],[127.88271036942348,36.42217364621846],[127.88278603085745,36.42394338488104],[127.88272360903932,36.42435229286712],[127.87299431607818,36.42428223310627],[127.87547225011664,36.429670310770774],[127.8721499994265,36.440862565882206],[127.88196125455279,36.46183892693147],[127.87836729764182,36.46707640016373],[127.88238176329008,36.4758715871465],[127.88187349092341,36.477490890492255],[127.88061861518122,36.48062719767953],[127.87527773730254,36.48316542905775],[127.87552319666199,36.48567017135835],[127.87609469262371,36.48836808108933],[127.88046639483825,36.49327056462715],[127.88871470471355,36.4931367307916],[127.89760696572363,36.49847967229883],[127.90633632546135,36.506944132458756],[127.90254441152217,36.51323721318918],[127.90246327105942,36.528069619723965],[127.87609180378865,36.53701518886755],[127.87047577799753,36.5428246513657],[127.87298859707661,36.55132764419871],[127.87032170996757,36.559153699644185],[127.86042274730572,36.567950699069264],[127.85743613031775,36.56955243249208],[127.85236289603468,36.571153314209596],[127.83707284250296,36.570100544412576],[127.83016048619868,36.57427531253282],[127.82447125033164,36.570907423920936],[127.79847590905904,36.5864422557628],[127.79615213431323,36.5952645357483],[127.79846686982036,36.60207742209285],[127.81810742239247,36.60836988219159],[127.82099780342729,36.61330699240634],[127.84029027870143,36.608572548275674],[127.85830352084466,36.6135328449366],[127.84981065464052,36.619579985847835],[127.8478429126751,36.62493563551792],[127.85056186082998,36.631254916579365],[127.84675317587966,36.63398888246736],[127.86128966230572,36.6355648269493],[127.87393601677738,36.655045526648564],[127.87956569552115,36.6567641890958],[127.88235415215362,36.64650317636944],[127.88923994762179,36.63984259057536],[127.88965316372644,36.62934905681407],[127.90717998646262,36.62581269593546],[127.9118024563058,36.61453868841979],[127.9188029598554,36.60868126098749],[127.91996219046094,36.60111832547207],[127.92524168755992,36.60281420541218],[127.92408912396125,36.61545039882891],[127.93237731310494,36.61874310165885],[127.93595660314138,36.63300174395752],[127.9343122185084,36.64108598270613],[127.93920944035699,36.64706147299493],[127.93908244800517,36.65274760927335],[127.93163707405522,36.65539950892671],[127.92957195351977,36.66876507717914],[127.91770939861071,36.66785446511625],[127.91585894757911,36.6718356831008],[127.9129692126901,36.6776706376926],[127.90856801050121,36.679482782925206],[127.89166958321182,36.68243954294054],[127.88000995996038,36.678709391302284],[127.87466650505222,36.68259685017808],[127.88197667868947,36.68344630638359],[127.88729198500218,36.69116205565421],[127.89389004819242,36.694382491429856],[127.92891921415077,36.69083859794564],[127.9335691747646,36.70648737200481],[127.94952836782595,36.70805016596306],[127.949183622545,36.71987568717345],[127.95360550527538,36.722677070638596],[127.95697269069844,36.73558962302031],[127.96055498527913,36.73718856328147],[127.98684825918018,36.717549336083614],[128.00193910696106,36.717256808269],[128.00936206509533,36.728374029533626],[128.0148421899525,36.73019132306544],[128.02093005989593,36.721925074826316],[128.031909569466,36.71877944040904],[128.0490287140756,36.70800653470709],[128.0703838023278,36.70770461768476],[128.07272380171236,36.7118862617715],[128.0679879712303,36.72223411309197],[128.0323246922071,36.74757585663658],[128.03229811753386,36.754399255417894],[128.0323670586051,36.755170435069616],[128.0448049035859,36.7710511668803],[128.04556462616802,36.78244121623824],[128.05497794899568,36.79266267990304],[128.05397497247912,36.80520413976835],[128.0579495871728,36.807012568649824],[128.05923691159748,36.81639350433233],[128.07179574633614,36.81455426570107],[128.08537347763772,36.804203975456275],[128.0838334144308,36.7992990587095],[128.0934961035789,36.79677674476355],[128.09296030041352,36.80286353699988],[128.1070808249486,36.807309072799484],[128.10987767687905,36.821470445543405],[128.12987849537254,36.82514924914012],[128.13397559906278,36.82844080780639],[128.13357110689387,36.83279533263537],[128.13633210851364,36.83289149766824],[128.14178117678247,36.833336630344235],[128.15312522031007,36.822435238133615],[128.17131939730785,36.8221013467103],[128.18479999127328,36.81663261594189],[128.21536954518095,36.81200227230616],[128.21731623301875,36.81937377834476],[128.2112515578665,36.84690115964473],[128.21254447197532,36.849729082935546],[128.23702254343974,36.84534591453256],[128.23871417173075,36.85018323556157],[128.23440154723613,36.85467889394297],[128.234655855096,36.86283064708445],[128.2394957762324,36.865103042728855],[128.2408831673923,36.87211158746362],[128.28247575571106,36.855962777124724],[128.28655569761665,36.84503364039792],[128.29562427482452,36.835341228841976],[128.31574933172865,36.82275570050778],[128.31645039205114,36.81666164100166],[128.33445973458902,36.81696057109034],[128.3531810158307,36.81244996932702],[128.36408420404223,36.80221565385421],[128.36839883589099,36.8020760326298],[128.38333908553827,36.813757907602145],[128.42114340315777,36.81180665641072],[128.43204718652197,36.824065642048716],[128.434113111126,36.83414401313672],[128.44150473786576,36.83760295091388],[128.44903106116618,36.84784213823854],[128.4466591119964,36.853371696835445],[128.44799809695152,36.86438835486527],[128.4369292142546,36.87356059724603],[128.4239697474439,36.87652844792285],[128.42815843586746,36.884767575704416],[128.42678632426322,36.88924490985349],[128.44028052089865,36.90124958309976],[128.44474972888466,36.91369349920638],[128.44174577020016,36.927364531882226],[128.46039549238358,36.934005030917476],[128.46278173472027,36.94738430168623],[128.46716959062184,36.95145033302919],[128.4770472167835,36.95744047521257],[128.48489464156543,36.95747144005622],[128.48642048746046,36.962183608099664],[128.50672810812583,36.97008244131671],[128.5146142265392,36.97758139664326],[128.51547479900248,36.98682341786743],[128.5355338804241,36.99022499638205],[128.554731214781,36.99828606260342],[128.55682369330378,37.00574639470283],[128.5712727748361,37.01593345949359],[128.57290594745967,37.020799652906426],[128.57260799125456,37.02196670577589],[128.5654134767344,37.030717628544906],[128.56837213188214,37.03421942806244],[128.57773407416056,37.03556709972801],[128.58352592410975,37.04373364331013],[128.60678837268907,37.043395792324695],[128.60843685452434,37.052814516040236],[128.62171440600954,37.04907506313043],[128.62283197859912,37.04533710531938],[128.63292476910715,37.040501868479986],[128.6378561120564,37.05155357355314],[128.65209649620772,37.0654400160335],[128.65785687982142,37.060830115933335],[128.67565092555228,37.0588476176381],[128.680614959958,37.05383116922342],[128.68538974498557,37.05215386006084],[128.68907346431666,37.053054553024865],[128.7004035640083,37.04082755559636],[128.7090990016336,37.03935578371335],[128.71866888891478,37.04375141650346],[128.7346183658539,37.040227798374154],[128.75376494600684,37.027832488141826],[128.75455013500667,37.03196272534546],[128.76254456251914,37.03785656588135],[128.761420368027,37.044438884670384],[128.75232021345988,37.05593439675426],[128.75655208563518,37.068631834189745],[128.76535607776222,37.06403452749525],[128.77046155602883,37.075307579374936],[128.7774059049662,37.07883956758234],[128.7778073077227,37.07970522830088],[128.77784025110924,37.08328033562166],[128.77359135857216,37.08750805253876],[128.78028227597443,37.092342720473766],[128.78575466519558,37.08790791540811],[128.79942335898886,37.086944257340534],[128.7999655824417,37.07897491936574],[128.8078711305881,37.07600464067162],[128.81256962781674,37.07871178609368],[128.82938357544597,37.078459056546244],[128.8316659888112,37.06740405735492],[128.8329626341822,37.06731465526663],[128.8359526914796,37.0659427402746],[128.8468747628974,37.05160661247033],[128.86365421290583,37.048695077199355],[128.87247945200198,37.04394525963456],[128.8756637582937,37.04474590265535],[128.87684218720912,37.04607807901288],[128.87854418471443,37.05325513129981],[128.89641982636505,37.04451557405747],[128.8980744566733,37.057604068946034],[128.91041654347217,37.0661347892951],[128.91032076594294,37.0683213485478],[128.91019266538888,37.07022215020571],[128.91693017828672,37.07869537162785],[128.91506275235844,37.083712692522894],[128.92331552812914,37.09211695111876],[128.94566317865986,37.093777900998205],[128.95342646873536,37.0849223387594],[128.95330078727244,37.08125487635136],[128.9548153934477,37.079588288537344],[128.95927438515383,37.0775766403682],[128.9886138667955,37.08437443480673],[129.02038261021892,37.07655893086426],[129.03666830901352,37.076171012712784],[129.04186617379048,37.07106244285558],[129.0542761751547,37.06981684462429],[129.05740397125209,37.06505100384967],[129.06394500324754,37.06844036358781],[129.06736532429076,37.07445375361857],[129.06560493537643,37.07875215458232],[129.07080695243405,37.084013309528736],[129.07042034421676,37.088222446742265],[129.09625112738053,37.10041465326578],[129.1077794889021,37.09349737677156],[129.12633187314157,37.08916593078658],[129.12718829940073,37.084443566164516],[129.13947183993272,37.08227321987847],[129.15480057111867,37.071720056982606],[129.16613638892406,37.06915779921468],[129.17039764480907,37.060356123955366],[129.18368124909105,37.048861213841754],[129.1854094884593,37.04171907970782],[129.2253141352719,37.044559994136],[129.23801243963706,37.038665310276635],[129.23266707189748,37.04421926698704],[129.22852082647904,37.057234708379774],[129.23307499378663,37.063881938402915],[129.2253777087869,37.07372011242804],[129.24045943332843,37.08503513449034],[129.2490301642425,37.09615137051058],[129.26599270733723,37.10232401287424],[129.27201913223075,37.11700813272797],[129.27673882604756,37.11855351122022],[129.2945916255965,37.114365113753216],[129.29523056961082,37.12029795447027],[129.30229009149292,37.1275362281621],[129.31814725676776,37.13295232383333],[129.324829858595,37.14228621870722],[129.33643534692828,37.14197636463819],[129.33950600608344,37.14682968621108],[129.3410023816332,37.14460969570304],[129.36412969689138,37.14600961519662],[129.36911812052927,37.13799595592977],[129.374949981922,37.135375656150565],[129.37132345127307,37.12735064118001],[129.376199477412,37.11982656919469],[129.38007455691454,37.11928006220241],[129.37442828360722,37.11061740052834],[129.3788109195193,37.1020384458001],[129.38618971471638,37.09994256308532],[129.38192170978616,37.102369699302194],[129.37960345597037,37.09906483922331],[129.38030145293018,37.09845591751609],[129.38263316208958,37.096429703719025],[129.38306491868525,37.10036556469494],[129.39639891956537,37.083256697581675],[129.42700120932153,37.06423892972249],[129.4302170298843,37.05778947256254],[129.4251214449379,37.05394453623353]]],[[[131.87014671033745,37.240962263517645],[131.87023295565203,37.238171358372654],[131.86721300140027,37.23890054311397],[131.87014671033745,37.240962263517645]]],[[[131.8662096204986,37.24317889216661],[131.86672082364652,37.2419379621939],[131.86587117237565,37.24042001732495],[131.8656190211551,37.24016975612553],[131.86548683004906,37.240051429915844],[131.86548342466781,37.240049289529246],[131.865479236798,37.24004787879086],[131.86496182726242,37.23998678822946],[131.86495742571634,37.23998628066191],[131.8649496437544,37.239985975397545],[131.86494615134927,37.23998609176662],[131.86364418280135,37.24029364961586],[131.86331683256137,37.24041488042519],[131.8630834852381,37.240636610176125],[131.86275408889455,37.24226967684478],[131.86329552008226,37.24252855525795],[131.8633941891628,37.24242448866838],[131.86428845010923,37.24253194370724],[131.86429195135207,37.242532641263345],[131.86453178593865,37.24260242688688],[131.86463108939705,37.24264287971401],[131.86466723595618,37.24266027944569],[131.86467449333966,37.24266409701818],[131.86469377836596,37.2426751281817],[131.86492545916389,37.24283021338437],[131.8649295484796,37.24283297703034],[131.8649327332248,37.24283556692233],[131.8649424179801,37.24284477650404],[131.86494573088643,37.242848356037804],[131.8649612897916,37.24286869842283],[131.8650031023654,37.24294776974109],[131.86501731369384,37.24298821062125],[131.8652710090056,37.24411245007135],[131.86538246865192,37.24404315839598],[131.86538918065716,37.24403878346115],[131.8654000065872,37.244029603544604],[131.86599202242792,37.243506472770605],[131.86599503089744,37.24350347758575],[131.86608098615656,37.24340193478165],[131.86608310166991,37.24339939591231],[131.86608542776176,37.24339613410643],[131.8662096204986,37.24317889216661]]],[[[130.91143683687244,37.54132441534795],[130.91954530493675,37.54082179230554],[130.91101567967627,37.536730883516036],[130.9080704294427,37.52833634212442],[130.9175830516177,37.51343584209111],[130.91461286767776,37.498477077857274],[130.9099246839784,37.495374469593806],[130.91311196882924,37.491425246357956],[130.91374564395,37.496700403288],[130.91356541120012,37.48662175735566],[130.92082863520466,37.486338273638054],[130.90886132920755,37.48230050217685],[130.90705897251712,37.476904182666125],[130.884049021872,37.470549427457044],[130.876135417081,37.45953137013913],[130.88285871113646,37.46084232979774],[130.87548655405215,37.45802622935957],[130.8750471795441,37.453587902566966],[130.86772298506267,37.45914629772354],[130.85598772319756,37.45992277275088],[130.84980836269847,37.46385600530533],[130.84662142150498,37.46338500808585],[130.84295642965103,37.4628276846914],[130.83165223480125,37.46663785157106],[130.82779632298352,37.47133825936185],[130.81217489266467,37.47370841340064],[130.80803852432402,37.4812604414116],[130.80208909765136,37.48402110561949],[130.80502713181292,37.49838616218642],[130.8021579136229,37.500614272953065],[130.80489043571873,37.50391355350606],[130.79710123565064,37.5129382474924],[130.79292897930972,37.51373066136218],[130.79368901212158,37.52303186125958],[130.80246822177358,37.51899764414046],[130.8229216715328,37.5289653775691],[130.8296396613165,37.52690825246673],[130.84495730117973,37.535371685142266],[130.86762175619336,37.53716303940595],[130.87554524799782,37.5431712291249],[130.89191440967093,37.5410659355509],[130.9029591441362,37.548995435660565],[130.90765082218005,37.548474960893095],[130.91143683687244,37.54132441534795]]]]}},{"type":"Feature","properties":{"name":"경상남도","sido":null},"geometry":{"type":"MultiPolygon","coordinates":[[[[127.90384840574654,34.86069082776895],[127.90384870968397,34.86069128774467],[127.90385336641033,34.860696336545494],[127.90385880111666,34.86070029887478],[127.90386521177852,34.86070338683479],[127.9038723046244,34.860705922484165],[127.90388098834202,34.860708048829736],[127.90390046520373,34.860710103277576],[127.90391313541274,34.860710874567005],[127.90429697457704,34.86072052116806],[127.90384840574654,34.86069082776895]]],[[[128.03274779605908,34.92002886889151],[128.026355157753,34.90412647249521],[128.01507804935446,34.89246052693426],[128.00998837401377,34.86739110105117],[128.02025634570978,34.863514655565176],[128.0216994724997,34.86432614132614],[128.0245344821337,34.8659378295715],[128.02180870907506,34.88162544515981],[128.03146989505282,34.889251501781445],[128.0299781112614,34.89199237839946],[128.03552528773312,34.8974720565872],[128.03861081096977,34.89660416004323],[128.03638248875424,34.89321205402185],[128.0386821406167,34.89196619312592],[128.04773895375448,34.896974812409205],[128.0475232950203,34.89422908032141],[128.04112683392472,34.89331974185854],[128.04067892196318,34.88879885109451],[128.04762383794645,34.890270111071715],[128.05019279216424,34.887004415495156],[128.0475169881684,34.88218730945228],[128.05850664374495,34.88359468891325],[128.0577220812768,34.8791776388232],[128.0638450837059,34.87840290507511],[128.0628434805332,34.87451938639047],[128.06691539347497,34.874331385561376],[128.0646512039872,34.86127840253476],[128.0574139290321,34.85931721082382],[128.05335173840797,34.852647187754364],[128.06263910291705,34.855215688280694],[128.06069794211186,34.844790205155256],[128.0770450566653,34.843259005178716],[128.07885934569575,34.83851360543182],[128.08503766852596,34.836231475071976],[128.08682742816217,34.82802035261918],[128.07771509891862,34.82815216405584],[128.07805045826012,34.83231159813941],[128.07232702153425,34.835643126419825],[128.06502542099201,34.83051694260299],[128.0547755090563,34.83856481482849],[128.04590741374773,34.83589848763508],[128.02413183766424,34.84729011279129],[128.02200422028633,34.8434606994371],[128.0240928434022,34.839289338127635],[128.0192117688569,34.84327567932105],[128.0172971700195,34.8378930824086],[128.0013829955209,34.83596877105062],[127.98838459439305,34.83636010574361],[127.96929007773706,34.843391759296956],[127.97059926207517,34.84841929834611],[127.96492745501621,34.8525232507276],[127.96526089902778,34.85844246056425],[127.96154026598985,34.86352896161577],[127.96346532127126,34.871355294106394],[127.97736190940773,34.879094863526454],[127.98529490573083,34.89180583476693],[127.99082018473045,34.8951109875852],[127.99046406956782,34.90160908487783],[127.99601228111675,34.90990567478171],[128.00283891129848,34.915263687082955],[128.01725711273008,34.921075378821],[128.03274779605908,34.92002886889151]]],[[[127.83131967295333,34.93949205396538],[127.83107557018266,34.93947788202662],[127.83108023584516,34.939488956301204],[127.83108491237951,34.93949782935689],[127.83109005400918,34.93950527640896],[127.83109636944928,34.93951159668873],[127.8311438425999,34.939533434780685],[127.83114960094116,34.939535739294314],[127.831155365082,34.939537584772225],[127.83115963315258,34.93953855605385],[127.83116356674722,34.93953886276494],[127.83118673388202,34.93953288051486],[127.83131967295333,34.93949205396538]]],[[[127.83131967295333,34.93949205396538],[127.83412083458576,34.93841864525159],[127.83413030039047,34.927713935757744],[127.8284339749255,34.92963758502221],[127.83131967295333,34.93949205396538]]],[[[127.90384840574654,34.86069082776895],[127.9144756506166,34.847841023666824],[127.917181349781,34.83548439398479],[127.92165120719446,34.83500045906801],[127.92449272492277,34.83065793038131],[127.93076155705732,34.83283096625065],[127.92989817133716,34.83472828082668],[127.93667781062472,34.83128196745248],[127.94063022482713,34.82774254449668],[127.94188463307668,34.82549475365638],[127.94364223434518,34.810107376642],[127.95363701682194,34.80501065537986],[127.96579557546406,34.80869550859363],[127.95873694554666,34.81375507903126],[127.97827325474418,34.82032059591221],[127.97512412488345,34.82270471734928],[127.97685942457639,34.825565211223854],[127.98970527534175,34.832286278596804],[128.01923759782093,34.83011979716915],[128.0191801187711,34.832821651887734],[128.0306003846312,34.834315487701396],[128.03397106987967,34.82744978803014],[128.04142662872525,34.82281434966693],[128.05085320569088,34.8260766507884],[128.0666446186468,34.818153974606375],[128.06324747262332,34.815552893232464],[128.0657377439112,34.81270768814468],[128.06138011106418,34.80564666192551],[128.06288813291215,34.79981018094047],[128.0552362637324,34.80192523976155],[128.05091868310643,34.79631979298512],[128.05537324969364,34.792176185818036],[128.05984339794634,34.7956078430234],[128.0490810250462,34.78097192081809],[128.05002752578238,34.77349068841489],[128.0546139844566,34.76941778430897],[128.05644148017143,34.74568871998973],[128.04934711483605,34.74316487975261],[128.0508690144507,34.73986269528166],[128.04165059731415,34.73785164309301],[128.0352558294647,34.731174472581735],[128.03393765930133,34.72380049015468],[128.04531660991765,34.71359632274705],[128.0537368852793,34.71491663854849],[128.060221917048,34.70938064446402],[128.0566740356196,34.708386662426136],[128.05391124722902,34.71186218873304],[128.05317112305823,34.70802190344577],[128.04268949792393,34.70655805529565],[128.04432411165425,34.70227770076512],[128.0362368847056,34.702800964607036],[128.03665601738365,34.70737433811997],[128.02975802061417,34.708550079412966],[128.0260729540585,34.705961974067],[128.02734033739597,34.70280601295699],[128.01950879855647,34.702448900978695],[128.02614956817757,34.71842561497179],[128.01496868678615,34.72416757245157],[128.00746395813567,34.72103185513066],[128.01122765559455,34.716401913622825],[128.0071959935676,34.711128053234866],[127.99897815109526,34.71709227915468],[127.99251435291647,34.71410043655636],[127.99229211570629,34.719484421366886],[127.98907029668818,34.720413221298344],[127.983635914826,34.71828337400531],[127.98789739897232,34.71204318722809],[127.98434128385547,34.70923290545481],[127.9688686902958,34.71300735676393],[127.96559126579257,34.7097260564261],[127.95710633649071,34.70939064587186],[127.9531181290663,34.71596651363065],[127.95897124492134,34.71780979317404],[127.9495778923262,34.726280735831615],[127.95454486759904,34.731147439607405],[127.94751993394554,34.730772310840194],[127.94414497847565,34.74692927260775],[127.94836051997818,34.76574833093763],[127.95451158253233,34.77266366019281],[127.94913699684501,34.777547588616585],[127.92808714136903,34.775713809612085],[127.91791385459378,34.768808161292114],[127.90942800790803,34.76890012952678],[127.90339525149605,34.76500620955026],[127.90515378810143,34.75403701154249],[127.91043011376452,34.74993149279252],[127.90923780279523,34.7444373555077],[127.91301234234189,34.74034514639832],[127.90608496971984,34.72773286196449],[127.89066499373286,34.721735086301614],[127.87497970767663,34.72748862876717],[127.85743168429319,34.72794781052911],[127.86233663260928,34.73319470116452],[127.85874181782101,34.73661037844061],[127.85205598970164,34.736661011978704],[127.85583945562377,34.74146841491008],[127.85344464689848,34.747557524889416],[127.84917346335634,34.7500869411037],[127.84572548884543,34.74729469957963],[127.83770026797049,34.74927309868856],[127.83543969309588,34.75603535231552],[127.8420180980119,34.757532992775985],[127.84373357402441,34.762857910574176],[127.84106021092775,34.76729237094831],[127.85035471030153,34.767920409809946],[127.85237299873346,34.76907711990887],[127.85026581623569,34.77412487853678],[127.85780688568465,34.776152345385874],[127.84903756549677,34.775326355725184],[127.84777157427185,34.77876783268544],[127.85365152896495,34.782446550836646],[127.84453619048661,34.7789422962891],[127.84694074286323,34.78459567508456],[127.83643385383861,34.79166627285773],[127.83561700760332,34.802225237139275],[127.83118304003276,34.807328149561414],[127.83303261966982,34.81098829320776],[127.82799696325188,34.81096646432042],[127.82797130806823,34.81683487188952],[127.81324526270289,34.83391401470792],[127.81256787704942,34.84774394660942],[127.80770630429504,34.85331211191778],[127.81184311663534,34.85404916426579],[127.8102103095954,34.85945529678674],[127.81848186275558,34.86814692270945],[127.81783219117904,34.87455542157233],[127.82106705858254,34.876176177063066],[127.82600774474362,34.87341752956094],[127.82844990397464,34.87577793929128],[127.83009491499008,34.88048104855724],[127.83011592728846,34.880733387795885],[127.82560044616304,34.88267356810802],[127.8330866780865,34.89275089450533],[127.82395087179455,34.89418559709045],[127.83113984378633,34.89556592223041],[127.82571419281287,34.90264805584116],[127.84204307407886,34.898148234675716],[127.8416964697393,34.906745515343935],[127.84450840773312,34.9016312454603],[127.86210691449513,34.90141199320158],[127.86428460337756,34.90379343975065],[127.86391013765403,34.904647202367805],[127.85635121003537,34.91110754295435],[127.85126726286667,34.910261170841125],[127.85684796916092,34.91276826167168],[127.85155187766003,34.91587588711737],[127.85344617869836,34.92169159088778],[127.85931411091956,34.922172733373046],[127.85420769588158,34.92759491674099],[127.86588768794381,34.93128142678602],[127.8651558640194,34.93629803792548],[127.87070980388198,34.94197468618983],[127.89121199677845,34.94685146461107],[127.90271664511543,34.941237333632984],[127.90741158931627,34.943059103596866],[127.90950486288398,34.9385740268753],[127.91362903700059,34.94155234451557],[127.9181457044476,34.93938160150487],[127.91827774302894,34.94250472900405],[127.92545636123172,34.940666111192314],[127.92081276592562,34.933695493702984],[127.93070564067192,34.924575194634336],[127.92368260316192,34.92711496690006],[127.92439541777622,34.92016122330689],[127.9291601889402,34.91526695967262],[127.92472675872803,34.910623681451625],[127.92788119804324,34.90687368470289],[127.92175813274474,34.90058384450182],[127.92540516971567,34.89164877088114],[127.91359607043377,34.88893864502549],[127.90944080188532,34.88364352836569],[127.90125665475745,34.88393163448876],[127.89796360908674,34.87262167806467],[127.90384840574654,34.86069082776895]]],[[[128.02176965735487,35.03066993619647],[128.02179407679336,35.03067520329052],[128.02180286504145,35.03067702489229],[128.0218118585208,35.03067835681314],[128.0218299291619,35.030680053705126],[128.02185828817116,35.030679154488325],[128.02220153188696,35.03061005737094],[128.02238699690798,35.03054445740037],[128.02240815826778,35.03052432993183],[128.02241978173913,35.03050414435242],[128.02242088197636,35.03048719794446],[128.02242013690002,35.03046589335878],[128.02241561669624,35.030438792495765],[128.02176965735487,35.03066993619647]]],[[[128.6736704859228,34.786636844787616],[128.66999382441048,34.78073803847444],[128.6580737724756,34.774229866443086],[128.6513066745864,34.778586796204365],[128.6453704580747,34.77812859535071],[128.6378247710961,34.76389114588808],[128.6495037185745,34.75042077039757],[128.64720157733302,34.746174535793955],[128.65250972865203,34.74229911426628],[128.66773196864668,34.74527542468872],[128.68101504112138,34.74010744474603],[128.6822046301932,34.73655574363955],[128.67767412500137,34.73812778388397],[128.6754230652118,34.73583435840717],[128.67612346436576,34.72895120239594],[128.671610468907,34.731406553159985],[128.67159110455174,34.739069453286234],[128.6669019538079,34.735480146011895],[128.6536981036064,34.739867196265365],[128.65139146780822,34.73409519274742],[128.63971893952683,34.73584974453261],[128.62917345371397,34.73126553854486],[128.63044084918855,34.73532947949275],[128.6273768614371,34.73695310315599],[128.62009636843388,34.730403415886755],[128.626137580975,34.72822328724218],[128.63058795559536,34.71967155646996],[128.6418147172153,34.71488386855075],[128.6381905649679,34.707622689401575],[128.62579171030697,34.71369224321585],[128.6102841698177,34.70183275185033],[128.6017296474063,34.70317071844753],[128.59469430884772,34.70827616123948],[128.57683617397205,34.702551704686186],[128.57895476494812,34.7149715989086],[128.58804571878554,34.71723306859286],[128.58473601953597,34.72264120265496],[128.60263440174236,34.726298426591555],[128.60739368090134,34.731818958251324],[128.60175454520837,34.7367867075474],[128.57567184179504,34.73932733486179],[128.5781520316793,34.75305810932438],[128.58212445555685,34.756466827017135],[128.5796781688292,34.76224658313048],[128.60104525522345,34.76396057482884],[128.60114951841936,34.766964208938],[128.5915684620665,34.77065218870302],[128.59777614979254,34.77703664922199],[128.58238165587488,34.77569078984714],[128.57531421160053,34.77859624590127],[128.56728397701087,34.773188519840424],[128.56375416225498,34.7662057121892],[128.5553988274828,34.766528388660376],[128.55287369222694,34.775989089841566],[128.56085059895983,34.778041106621686],[128.5687303256366,34.78646489010661],[128.55651834750776,34.78939777732432],[128.5544180523058,34.7842258447129],[128.54302431023825,34.77528445516228],[128.54109157607877,34.778506051150764],[128.5446326964345,34.78483118028552],[128.53865120879425,34.78747371802023],[128.54620390907235,34.78783294053161],[128.55181163337963,34.794496410447785],[128.55509322208388,34.790341656328835],[128.56238042316852,34.790541134439756],[128.57798188260384,34.793621857765],[128.58417440326545,34.79783163548726],[128.5865515517088,34.81043107033066],[128.58461413009556,34.817596511113315],[128.5954531865372,34.82766033535536],[128.58686070004129,34.83162308694084],[128.58516877183223,34.83831011566997],[128.57858755013282,34.843181475878644],[128.58731132678335,34.84077095672904],[128.5887750690478,34.84697889681604],[128.57301632164538,34.854289118878086],[128.56249860111595,34.84289997238546],[128.56366861960032,34.832862172043775],[128.54046420000125,34.835923446499486],[128.53670666185278,34.82913739817747],[128.5334866923188,34.83336335017903],[128.52401570197617,34.832482819380296],[128.52769872513494,34.8294155179234],[128.52114305465167,34.82678495148235],[128.52738537484777,34.82515776247747],[128.52829419918592,34.82142722679545],[128.5201856719117,34.82317426782327],[128.52374295404599,34.816583279915264],[128.51631684360467,34.808269184761485],[128.5141399776415,34.808812600857344],[128.51083828507248,34.80898595120736],[128.5092079435474,34.81769298460286],[128.50092395979445,34.823885390197695],[128.5014941242434,34.83310734889042],[128.5047624908949,34.835384175859815],[128.49794852474926,34.83347306765492],[128.48121073063805,34.84140918867216],[128.47822080613003,34.850388419277635],[128.48100642680015,34.85508836539179],[128.47606881218792,34.85507019440858],[128.47591054765144,34.8682662278378],[128.4726246533099,34.87211438477121],[128.4765713658451,34.88385557981093],[128.48008455486658,34.88580473531185],[128.48428853378155,34.8882445010664],[128.49188801087533,34.900630096439876],[128.4971739885864,34.8986203711451],[128.5022866156725,34.90249160551442],[128.49787443257696,34.9032243471377],[128.49686401096258,34.907000760472975],[128.50661765115802,34.905299702001926],[128.5000931861565,34.911027277357014],[128.5071085706301,34.90711575189788],[128.51576519007432,34.90968223669212],[128.5275078409553,34.92358471391482],[128.53278666619198,34.920139020512714],[128.53840337193748,34.92115657821695],[128.53720776936285,34.91873164195444],[128.5438758310185,34.91088602125184],[128.56887673517366,34.89845244897213],[128.57630533687163,34.90154217008244],[128.5721775833886,34.90888636195615],[128.58168918246483,34.91287272405712],[128.57778262756375,34.91379014219206],[128.57771066952054,34.91391821427246],[128.5770264268736,34.917664334041454],[128.57890933946612,34.91327121243213],[128.58825050273364,34.914990806586864],[128.59097751941795,34.905722614330266],[128.59626488553636,34.906435626850886],[128.5952893901578,34.91360471417898],[128.5972014371961,34.90257222163693],[128.60109593582163,34.903057574487505],[128.59936586416748,34.91385504264468],[128.60126667829184,34.90306814084877],[128.60752427004735,34.90678988428412],[128.60641866804934,34.89751000881634],[128.61055248465135,34.90246628414497],[128.6171759195511,34.89228911026666],[128.62177663637843,34.894682710110665],[128.6233818584699,34.89548507360363],[128.62417438358122,34.89230587827739],[128.62571943364026,34.89851449324894],[128.61799342274367,34.906357699355326],[128.61705758460818,34.913745178735006],[128.60819439289887,34.91477249797839],[128.6112063678728,34.92335726868649],[128.60314670999117,34.92532297206847],[128.60031045934105,34.931493735902976],[128.59813111821236,34.92963373029525],[128.58603067076743,34.942964740387616],[128.58803480507703,34.95253872997149],[128.59308289649016,34.94913791552843],[128.59657865310822,34.95079483494886],[128.6004793255452,34.958034790056004],[128.59814450673306,34.96627640210723],[128.6062403834317,34.969984006635556],[128.61056481321253,34.96568538406055],[128.6050967658601,34.95792230586637],[128.61737909135294,34.963204690249654],[128.63242565819672,34.961163602913096],[128.63253528676438,34.966923417249596],[128.64252662288484,34.958913712995404],[128.647244839767,34.96006992190026],[128.64939658642015,34.95730459540786],[128.6513520180816,34.961625300760254],[128.64711674416196,34.96294657582793],[128.64707608925042,34.96321458238874],[128.64717334558344,34.96594426007458],[128.65029113540533,34.97935988991998],[128.659663127735,34.9814287959853],[128.65398678840407,34.982920555430994],[128.65398693401744,34.98879500135452],[128.66371064927873,34.990435092370184],[128.66722060825194,34.98822175167236],[128.65983714576996,34.99396266569772],[128.65953699290105,34.99767479119681],[128.66682514260475,34.99557049020877],[128.67142386488905,34.998664161926804],[128.67425168335114,34.98836369612406],[128.67883660531191,34.9871140966064],[128.68149409123927,34.98980150293614],[128.6785971223275,34.996658822157585],[128.67316992996115,34.99915318381126],[128.68178310512934,35.00141603071101],[128.68178981597666,35.00705258879519],[128.6800219078817,35.00876346090333],[128.67586355067596,35.00435692467518],[128.66744226284854,35.00787201441816],[128.67155333808512,35.012773492803284],[128.67169962796865,35.02085930198144],[128.67222262966726,35.021608802262094],[128.67600505456676,35.0215618931017],[128.67531749889943,35.03179781469808],[128.68473387353137,35.03400467251118],[128.67514783109883,35.03990575287627],[128.67871845315463,35.040751382369706],[128.6860352081305,35.03882452527189],[128.6936546490866,35.03045965014372],[128.6996370055484,35.031602151594065],[128.6989170514838,35.036907289417286],[128.7057259739142,35.03166798935579],[128.71237248510792,35.03154679058602],[128.7199919855778,35.01921559714681],[128.71791059432505,35.009900960796074],[128.70207282661858,35.006154563735166],[128.7013618735263,35.00184982287904],[128.70671023417685,35.00082021946548],[128.70656924883102,34.996201697745384],[128.692912765719,34.995733022559776],[128.69506777927316,34.99056329179527],[128.7009331273917,34.99081078640464],[128.69494478295584,34.980165223296005],[128.69678520294195,34.97293345448109],[128.70414120199788,34.97082920881349],[128.70794576193538,34.964781800953],[128.71651790713446,34.96416190307342],[128.7180219392684,34.96098878696334],[128.714952846619,34.95769693766916],[128.7270777937724,34.946062850159144],[128.7261975885806,34.93740896347665],[128.7198259440768,34.94146336790362],[128.71491532878463,34.936320220973265],[128.7198191246482,34.93320399698941],[128.7170013420131,34.92953303588416],[128.71988429223578,34.9275954462168],[128.7177111816688,34.92185508396946],[128.72387640672096,34.91508835674006],[128.71997093457125,34.90946158088204],[128.713838494564,34.91297254574739],[128.71040480376936,34.91073951241132],[128.71734210742517,34.90057350262482],[128.7071004062213,34.899118704801786],[128.70463164038148,34.89128976958388],[128.69667396023874,34.89130697888587],[128.6979981983097,34.88527554887259],[128.69486976482455,34.878759561666584],[128.70147535068617,34.88634381793944],[128.69644694818618,34.8801848328662],[128.69998214540723,34.8785802894921],[128.69766315466347,34.87493470023116],[128.7075844182268,34.88140783409504],[128.7090504480872,34.87655164945414],[128.70522557086252,34.87269481609514],[128.70984462481516,34.86883766446651],[128.72578119953303,34.88782644897614],[128.7196282298745,34.894624442289306],[128.7259952499807,34.887925331642705],[128.7342645583297,34.890389381215726],[128.73627046567393,34.885513109807896],[128.73995982037636,34.884877243315685],[128.75250525370967,34.89423392789513],[128.7385654498506,34.878421100944415],[128.74384294363196,34.86821292997383],[128.73348461325176,34.86208763915266],[128.73324736982525,34.862066116562914],[128.72882748356756,34.86272932709912],[128.72937849740714,34.86719893966861],[128.72374545828205,34.86486182324922],[128.729127049193,34.85869817439148],[128.72920094969803,34.8536062307081],[128.7343460753777,34.850776035574086],[128.73508166018837,34.843303766854426],[128.72503249015347,34.84150659187379],[128.71756580111108,34.84965064064204],[128.7017912807015,34.83917076300033],[128.70290489723848,34.83257326644549],[128.70993331820156,34.82843739318102],[128.7206460215595,34.83843167074285],[128.7189750148349,34.835645847185376],[128.72614289881102,34.82801033008263],[128.71836898097513,34.824238437243864],[128.72136097807578,34.821778531674056],[128.72178705861796,34.814088341718346],[128.7282937673003,34.81131744171551],[128.7371230586297,34.798720507007246],[128.73989433466073,34.78694222413378],[128.7362035442891,34.786162631222204],[128.72777356500015,34.79336173963527],[128.70952394902002,34.79512928848313],[128.71532617055408,34.800825239364926],[128.7095229488792,34.81236085560968],[128.70576125648955,34.81288821916055],[128.69550063704486,34.8057543322922],[128.69891337612341,34.797847878993664],[128.69046996161163,34.79699874796296],[128.68812716899328,34.79923065584646],[128.69344516288808,34.80523099684519],[128.6922296827103,34.80760281318737],[128.6732349257727,34.81412590679839],[128.66616956358018,34.81055104333419],[128.66931163292753,34.80591932689491],[128.66609429462528,34.801573428319585],[128.66877399933517,34.79839077725062],[128.66616769017494,34.79339368523632],[128.6736704859228,34.786636844787616]]],[[[128.77165846544264,35.06238484119111],[128.77218298724213,35.06157325219024],[128.77249901930549,35.06141784499873],[128.77364516633577,35.06087089082195],[128.77726680200237,35.05915482021139],[128.7779710053095,35.058833060606666],[128.77797703280055,35.05883325138244],[128.77808322220227,35.05884552386023],[128.77816584133336,35.05885901483416],[128.77818041064788,35.058862556306025],[128.77822426625713,35.05886056490033],[128.77824686135264,35.05885573912909],[128.77847933865104,35.058744572259556],[128.77850109605987,35.05872568581066],[128.7785078149776,35.05871325684031],[128.77851241973354,35.05863232234042],[128.77851007313623,35.05860897248688],[128.77839605900854,35.058449130847514],[128.77838370585727,35.0584359489799],[128.77831076233664,35.058412560563994],[128.77829235086347,35.058410994556176],[128.7778729233135,35.058538853191024],[128.77182430205255,35.0613345435461],[128.77173015340202,35.061414489055245],[128.771608004092,35.061529652940834],[128.77159406431298,35.06154394973466],[128.77157998762092,35.06156469121287],[128.77157515662594,35.06158269207774],[128.77144484127345,35.0621070167884],[128.77154331692324,35.06223007790386],[128.77155337065065,35.062225554355145],[128.77159328355577,35.06221513648457],[128.7716082001673,35.062215452580496],[128.7716176502026,35.062223196132024],[128.77162189175965,35.06223563421842],[128.77165846544264,35.06238484119111]]],[[[128.77165846544264,35.06238484119111],[128.77135322830463,35.06285712428082],[128.77168994190328,35.06252870816591],[128.77168807750633,35.06250564702842],[128.77165846544264,35.06238484119111]]],[[[128.4610777011029,35.08964614198843],[128.46108789390004,35.0896631738357],[128.461698344262,35.09014294358374],[128.4610777011029,35.08964614198843]]],[[[128.77135322830463,35.06285712428082],[128.76144825859006,35.0609738904004],[128.76635812584865,35.06689428867053],[128.7634807289142,35.07760274962025],[128.7557754287523,35.07784649496196],[128.75098652774912,35.08225247067427],[128.74172694878422,35.077983214968185],[128.74622891866397,35.08540971999386],[128.74020652068177,35.08297087922562],[128.7357109574019,35.088754974353826],[128.73586676244707,35.09111906006786],[128.74365144792222,35.09986670481816],[128.73866759535747,35.09940954664733],[128.72893365396067,35.08996526162844],[128.7306935349198,35.09387515378211],[128.72477819466738,35.097161951085376],[128.71422505430493,35.09531918569368],[128.71345606360168,35.106829647021826],[128.71199455127945,35.10675736338491],[128.7103540340944,35.103566331270635],[128.70307480960645,35.10581574123126],[128.7003144015229,35.10330109689445],[128.70282694606774,35.1002064327275],[128.69870431000962,35.09802489033951],[128.69613637591675,35.100088655011874],[128.69609212460705,35.09717976900017],[128.68847762424684,35.10264735091886],[128.68896001887717,35.10765035505276],[128.68585548684828,35.107012396735584],[128.69541175227403,35.10979573744364],[128.7008683552165,35.11660457920042],[128.70015837179812,35.12219004913982],[128.69959625784247,35.125658682057534],[128.69338440941095,35.13295322592001],[128.69730158108848,35.134458768903585],[128.69633707052452,35.13843225126714],[128.69073839825032,35.13784551294287],[128.69277633877394,35.134956489149744],[128.68782549238378,35.14152642862891],[128.69093035779483,35.14764059447898],[128.67083690410496,35.14248431619845],[128.67775905613996,35.12628035802379],[128.66626677787812,35.118500763549356],[128.65921865393656,35.13558601095711],[128.64445578356165,35.135617713948704],[128.64214199999986,35.145428392364884],[128.64280628819452,35.147955870696876],[128.64720145983324,35.14641254722492],[128.64716756368347,35.15050271041966],[128.64428738423555,35.150541882382704],[128.63781684980427,35.149534376822224],[128.63703358091053,35.145835483872645],[128.6261685480941,35.148362478993654],[128.61875361854692,35.13587189936627],[128.62871031546152,35.132558730484305],[128.6193144924942,35.1330747719513],[128.6159580964238,35.13977687045463],[128.6070773695213,35.13770011456119],[128.61019254209126,35.143471900065926],[128.6149692702544,35.14468177386108],[128.60915914845685,35.15184436490245],[128.61069835373326,35.16230358732774],[128.60491121809906,35.16045608237581],[128.59314091449758,35.17352185711229],[128.58932861459257,35.199404671187416],[128.608886352282,35.21204071802017],[128.6243937991536,35.212555994036755],[128.6322334370804,35.21980892411378],[128.61712710187788,35.212607864260754],[128.5864774248078,35.210680062769285],[128.58537139927577,35.205254841373716],[128.57128502681468,35.194055178623266],[128.56459034232554,35.184544260449556],[128.57039814201724,35.17499036421089],[128.5797607107607,35.17273189207255],[128.58563024022226,35.16541197634028],[128.58576486327223,35.16523697928682],[128.58273438502897,35.16371999830114],[128.58427173667465,35.16154749328774],[128.59088992561132,35.15790023040639],[128.58443680716175,35.15536583947046],[128.59079408267198,35.15469120265444],[128.5914930180435,35.15184318360933],[128.58537579837446,35.146499680749365],[128.597445125915,35.14227443026513],[128.58720565384934,35.130418363696215],[128.5790124168794,35.13958940256568],[128.57216353407685,35.132639228093325],[128.5823979129232,35.1274248951688],[128.6000627474578,35.13208022863573],[128.59884674367004,35.124288098808115],[128.58590229470545,35.12024440610321],[128.59945041073058,35.11918147780858],[128.60253553193985,35.10192304439785],[128.61749033238084,35.09371808849473],[128.61201840204788,35.09156525694415],[128.6218822868415,35.090024502910815],[128.62796181694043,35.083172300869656],[128.60541930610523,35.08056179743324],[128.60272836492354,35.07474862121144],[128.6111816848408,35.075264060174845],[128.611792688533,35.07239209636231],[128.6076119982206,35.07080508331838],[128.61084953793238,35.06960933223766],[128.6253076238944,35.07392421746015],[128.6354225346134,35.07128721213349],[128.63492126416634,35.068824598430666],[128.60158895552112,35.05629226741942],[128.57362011865794,35.05376960778821],[128.57817081622065,35.06050941237903],[128.59687149687562,35.069675476519656],[128.58704108545192,35.07275906341879],[128.58752492980088,35.06983372544358],[128.58083903930896,35.06456714733615],[128.56969439710318,35.06998334482673],[128.56246763549908,35.06733541491846],[128.56115812406085,35.069754541012806],[128.56612329141004,35.070617152617466],[128.5629366231677,35.07571856116885],[128.56416585974006,35.082396124322244],[128.5809967247277,35.087500275063356],[128.5831595147587,35.091287978255025],[128.550172999974,35.09675916383934],[128.5464155638912,35.092989920180635],[128.5454744768392,35.0982840106988],[128.54797913492249,35.10041701330981],[128.54143173285502,35.10147530379892],[128.54877004761167,35.10730258893307],[128.54358861439582,35.11071027116999],[128.53687958052618,35.10777699459066],[128.53671201174262,35.11046954568935],[128.53850992087447,35.10822676909265],[128.54086742875563,35.10997097772161],[128.53860811462334,35.11445318700917],[128.54107260085894,35.11809366267451],[128.53788600497023,35.12061554677797],[128.5377176047579,35.12069526140734],[128.53023512378812,35.10708856157658],[128.52697548596456,35.10442416545241],[128.51995778442344,35.10516102250384],[128.51783598008646,35.09797283019793],[128.50627988271577,35.098355030598334],[128.49584347732787,35.10675249673723],[128.4843401856873,35.10850784246477],[128.48547563876068,35.10168723352096],[128.4833602734475,35.10039271521318],[128.48132151462983,35.09961479382691],[128.47967633710394,35.10236789367096],[128.470914732328,35.09817477088371],[128.45895495508327,35.1061504392068],[128.4514201929618,35.104272363923116],[128.44847720703584,35.09609241427451],[128.46589197774688,35.08537144402105],[128.47907041447195,35.08170455793341],[128.4762331649219,35.075899636581454],[128.46833538804685,35.081643689524206],[128.46148235821747,35.07166629497628],[128.4530878507597,35.07407401958453],[128.43940029553636,35.07233427611928],[128.43908527294892,35.06698248331327],[128.42785674195122,35.0551226929706],[128.41536469333633,35.0551349734283],[128.41729633417458,35.059985061909806],[128.4122851984729,35.06192230285773],[128.3960737794476,35.05266907809701],[128.38373148056237,35.05052321101371],[128.3831276314361,35.04593921323872],[128.38142077927037,35.048822945321476],[128.3733923521791,35.04953956894388],[128.37161474232695,35.04442650826582],[128.36507665593314,35.0481992976607],[128.3822163570588,35.03591908505645],[128.37480577683775,35.03001862827745],[128.36943058430526,35.03136310176623],[128.3707609429437,35.026136715388546],[128.37512479244577,35.0240280344538],[128.366495023715,35.02182891034778],[128.3677019206207,35.01682305829967],[128.38890082008004,35.01695788840219],[128.3891183879596,35.03258402233578],[128.3836195488713,35.035596484991025],[128.3893207211577,35.03305748036797],[128.409288243982,35.043185695011715],[128.41802797244424,35.042618819297374],[128.43277110855772,35.04735024955086],[128.4381323242051,35.04567164251601],[128.43906631425227,35.049543256122405],[128.45061764265847,35.051804161975895],[128.4424494186991,35.0603022594365],[128.44521539839837,35.06697998065097],[128.45265369752266,35.07126792869786],[128.46025499395827,35.063152856354755],[128.46851212481775,35.06820485584557],[128.468927232861,35.07560603227176],[128.48200036046003,35.06554034340632],[128.47507418055687,35.05488703855872],[128.48209115306864,35.052420639952096],[128.47925149422204,35.04694553613681],[128.4649488772358,35.04978006588748],[128.45909997632705,35.046766482114755],[128.4705162718033,35.04105201020284],[128.47361501237782,35.03458567307681],[128.47647458986017,35.04214222896678],[128.4860415297168,35.03838254811696],[128.48125890948955,35.028606037342286],[128.4997166439399,35.02143874667836],[128.50042816173115,35.020763056208956],[128.50160473094937,35.0157767340138],[128.49515701444676,35.01201362035192],[128.4921687838784,35.00542806803051],[128.48449487274218,35.0119250244565],[128.4806546780489,35.00396291996505],[128.48346332794762,35.001036796598406],[128.47609121442775,34.99828177698927],[128.47813370878777,34.992796528531514],[128.46413365206092,34.99783286994591],[128.47043760911947,34.990214418175015],[128.46663895948322,34.98804791240061],[128.43819494077135,34.9948045404211],[128.42726637785378,34.9931132617533],[128.41460220025664,34.99684326224306],[128.40729847969962,34.994051476990144],[128.40617551652332,34.98610667458055],[128.4095197171747,34.983540195263586],[128.41781174815165,34.98678529176835],[128.43427265627668,34.98508719882898],[128.44368282682396,34.97766066528079],[128.44096518845387,34.97062506701674],[128.44384521909205,34.968461076362594],[128.42908222850446,34.95694867499255],[128.43022704200476,34.94519531449949],[128.42477073780952,34.94029806419055],[128.4359942122629,34.93144799148288],[128.4284674635039,34.928348113161185],[128.42868832770853,34.91410437868112],[128.42554116216675,34.916406261088326],[128.41773702948524,34.910203779171546],[128.42075851175008,34.90445845363583],[128.4258011092851,34.90382985224142],[128.4183700390712,34.89162726289805],[128.42350068394907,34.88382736976861],[128.42137368989108,34.872964035036325],[128.43256183612078,34.877292842559044],[128.4345148914942,34.88427542221739],[128.43094944876998,34.884827305806006],[128.43206502329215,34.88834899621988],[128.4455311793713,34.88849916712898],[128.43887999052203,34.89300479264309],[128.44416668859046,34.899948961547054],[128.45143367448978,34.90285989687564],[128.43821499142365,34.911973378606476],[128.4404198285312,34.913340417844104],[128.45262102254898,34.91476211276349],[128.45236338366365,34.91031651707977],[128.46052998965766,34.90495426939838],[128.4539182386743,34.900709981766546],[128.46404029151654,34.89964538875612],[128.46589898428886,34.891721847688935],[128.47315914787652,34.89396715450039],[128.47538960017116,34.89018898354909],[128.46857147897762,34.88749907082116],[128.4711014710332,34.88441497922925],[128.46639087010306,34.87116517256875],[128.46036915980338,34.87302869923519],[128.4598618904944,34.88110302780898],[128.45520996578094,34.88146366509629],[128.45521958306074,34.874809205981315],[128.4519075213224,34.8737786818052],[128.45653597427903,34.869572432572255],[128.45648221932657,34.86480564747535],[128.45015900614933,34.86808920256617],[128.4468504680531,34.8655712673195],[128.45244983298753,34.8568293855964],[128.45220534455308,34.84656656843549],[128.4412581141756,34.8425593848077],[128.43361785961721,34.84466084881754],[128.43273228563035,34.84113651988611],[128.44004146109117,34.840356014509],[128.43480464119682,34.83815091109389],[128.4275166690295,34.839560267665675],[128.42458637989287,34.844480978515456],[128.42518396091623,34.83955226287368],[128.41821073031875,34.83979392970486],[128.40880672154307,34.83416116696438],[128.42142282929672,34.83566271615229],[128.42187780712555,34.83304584500994],[128.43509003305914,34.82836147052165],[128.43486157359695,34.8253044772778],[128.43976921992964,34.828563893003626],[128.4369517420218,34.829577456401964],[128.44110590739604,34.82659538331475],[128.4391160761526,34.81625786445948],[128.4420641053514,34.80304773619084],[128.4357631139331,34.80264594811457],[128.43353547684455,34.80899884290989],[128.43114848486658,34.80232685404548],[128.4401380398364,34.79467835932475],[128.43764499793824,34.79196691640135],[128.43449291866006,34.78939884634396],[128.41958019270618,34.79244816254516],[128.43581168500904,34.780565133384954],[128.42437879139246,34.7707586798114],[128.42407214328298,34.7634976608038],[128.406408576212,34.762434909327986],[128.40429644894402,34.76427225163318],[128.40663061255736,34.768191656439875],[128.39785153875107,34.76521468318664],[128.3954139669001,34.773249004394415],[128.3973137321806,34.77956226967432],[128.3858171145348,34.77992326577385],[128.3912878537112,34.78632105783243],[128.381750845157,34.79272337233079],[128.38365975675904,34.796882881680006],[128.3773973227254,34.79554588577795],[128.37507025439055,34.78874489976714],[128.3736659901859,34.793956250209284],[128.36456435883693,34.795476354188295],[128.3690616592229,34.800894964911876],[128.37209835262317,34.79998977864477],[128.37226706738818,34.80300770559506],[128.37826735280353,34.79861850144813],[128.38066748464215,34.80604989007332],[128.37594992499132,34.80798932068008],[128.3816898053506,34.81118762349845],[128.37891863602638,34.81540598257117],[128.36731585176008,34.818468805431365],[128.35733790053183,34.82548238061695],[128.3455901173667,34.82540565826599],[128.3365672761882,34.81717403731985],[128.33100044679853,34.82482612697016],[128.32995474839558,34.82983717144983],[128.3371660358929,34.827439783296],[128.3326035968947,34.83428829713376],[128.3402921983354,34.82826182227539],[128.33691700191332,34.841979690898945],[128.34205064494827,34.841556430934844],[128.34447592588884,34.83144551625697],[128.34913287989826,34.835008289807504],[128.34809558503724,34.84197739457074],[128.35355820176778,34.84272373724872],[128.3544537224309,34.83909622983596],[128.35677175350932,34.84094857226571],[128.3590054821383,34.837906112648824],[128.35612035434332,34.83178992084786],[128.36701840399022,34.83167658843986],[128.37033542496704,34.83431721483645],[128.37413515162865,34.829281127062934],[128.37829600379445,34.82947056361824],[128.38604342614536,34.81354373363018],[128.38398216190998,34.829521483253544],[128.3916655385065,34.8261128829339],[128.3911963162457,34.822533940031654],[128.40789989497867,34.83379261207069],[128.39871635751607,34.83530352895542],[128.39585198391626,34.82950710252115],[128.3926967067729,34.82947770140122],[128.39315220735517,34.834319025487716],[128.38344506022565,34.83555839153206],[128.383411966135,34.8380013577098],[128.38890072809295,34.83902995886823],[128.3879056177053,34.8425288334098],[128.3817140107349,34.84391710821292],[128.37691696903804,34.84024494523425],[128.37179554341748,34.84415835439452],[128.37755073779442,34.84583898626496],[128.36960070589737,34.85002063316218],[128.37233621573117,34.85304168078515],[128.37826689524942,34.85160088258466],[128.38506326805742,34.85778893658289],[128.38417982639862,34.861375684837896],[128.38723114545695,34.85953603068975],[128.3886063298715,34.862836246016876],[128.39682896038138,34.862879336195256],[128.39699891881168,34.858250163668565],[128.40082304452585,34.86231814637719],[128.41806463320793,34.85942742579094],[128.42073940413258,34.86276024130229],[128.41519795147622,34.86766592012906],[128.40490580234464,34.8677160305541],[128.40498709358363,34.86542972834114],[128.3855886910133,34.868182766376606],[128.38598014809114,34.87259235285039],[128.390959103431,34.87361410733838],[128.38812685811484,34.876211578613905],[128.38119740428766,34.87315667265606],[128.38521868599926,34.881705529644215],[128.38114372381912,34.88920677183869],[128.37632075461804,34.891131578450555],[128.37889305319837,34.883261064318525],[128.3750710566172,34.881905889641274],[128.36885474688717,34.88528634618898],[128.3760258251648,34.87154254568881],[128.37388066100675,34.8693518991214],[128.36825944347152,34.8725504712276],[128.35600579001408,34.87109820036164],[128.35740309674634,34.88019562498802],[128.35310538434297,34.87912504326263],[128.34910274940214,34.887494188766844],[128.3505002170972,34.8767228175977],[128.3482268779865,34.87307442212247],[128.3421507459846,34.87427004929103],[128.34067731989234,34.882300824491416],[128.33348943664666,34.88285159933199],[128.33213126118665,34.88116643482282],[128.3371861589549,34.87755786781728],[128.32798515904634,34.876002271927625],[128.32514766868601,34.88107141807016],[128.32947431056314,34.884784830114576],[128.32747541871802,34.88670652428074],[128.31954636682138,34.879290972474266],[128.31643888101758,34.88022729542243],[128.30910780422843,34.89351971810558],[128.2979718586164,34.899799294694354],[128.29821494964924,34.902353517788264],[128.30858461629134,34.90876850785663],[128.33895585694543,34.90851950466912],[128.34975245214704,34.90528530221884],[128.35581974415624,34.90893937091345],[128.3509062865318,34.91633755861224],[128.3545660437812,34.91941610049698],[128.3460777160797,34.92143449315232],[128.35064062420517,34.923646826418114],[128.34736911369058,34.92442328122961],[128.34490709038752,34.924864273332055],[128.3366948664011,34.92239308595889],[128.33547586360336,34.921435999614154],[128.33752288438433,34.926810900883574],[128.34086248704813,34.92387911713686],[128.34549429991105,34.92909194773696],[128.34560352730762,34.93694877233482],[128.34419415633866,34.939914258762975],[128.3350915046652,34.93639425419223],[128.34174971406122,34.94039207007248],[128.34049893857159,34.94843690776782],[128.3326395120801,34.94552301282866],[128.33011741307322,34.94783450003767],[128.3297477433883,34.948962915833555],[128.33255573033762,34.956766116993954],[128.32524082368235,34.955890231848535],[128.32027956091423,34.96291717425196],[128.315758062816,34.958877943125025],[128.31818396681254,34.952553211017495],[128.31585454651616,34.95059561801827],[128.31993594977553,34.94446462740552],[128.31377489555234,34.942658103126995],[128.31422157413994,34.93829964580062],[128.30867427917394,34.94176496095866],[128.30762209540276,34.93681920876289],[128.2995442421279,34.93568211191768],[128.29991850375993,34.922043294790264],[128.30492568003095,34.9194345354669],[128.29826610946378,34.916900629635926],[128.30031311849766,34.91266264264658],[128.28925640132238,34.90980422379608],[128.281175654394,34.91608319855379],[128.27999061028723,34.90836428999307],[128.28281040968358,34.90448604076435],[128.27420635696055,34.90342743721133],[128.27286032475945,34.89970914220373],[128.27118786006767,34.90428443599076],[128.27580247249801,34.904681689915584],[128.27601363475824,34.90985034471089],[128.27184259918548,34.914463646129995],[128.26593940844174,34.91221417611891],[128.26783791386455,34.91835624612765],[128.25756604934364,34.930004463216164],[128.26132962711915,34.927148173047875],[128.26856419962098,34.930023038700575],[128.26766550955355,34.93892956565316],[128.26344509711663,34.937341520927504],[128.25887963004416,34.940370643507755],[128.25659443602845,34.93637688378787],[128.2521909814725,34.941158979979036],[128.24810403864296,34.94103036639233],[128.24545004638819,34.93557251035358],[128.24585839150004,34.94332236280901],[128.22668305278265,34.94094010639672],[128.2228044991176,34.94628630620898],[128.2191226649419,34.94452940971925],[128.21770941316842,34.93891797526662],[128.21071944286038,34.9420322261007],[128.209139438377,34.93555517833704],[128.206296042649,34.94049065906566],[128.19698954954868,34.93720623634311],[128.20408835673962,34.931668215343144],[128.1991534590355,34.93266723411817],[128.20361561563743,34.92514463302088],[128.19631309981932,34.91171299537723],[128.19970043068855,34.9019088299165],[128.20340385011983,34.89960547700519],[128.20219330685987,34.89398780682721],[128.18751532192996,34.89362612082147],[128.18678573347938,34.898993201667516],[128.19005499118765,34.900191864992806],[128.1891937239046,34.9051260081835],[128.18587405750873,34.90599969071542],[128.18381835202388,34.89485903980202],[128.17769152004723,34.90029097652349],[128.17893418793858,34.90546246389783],[128.17542338969324,34.90614635714337],[128.17184373380368,34.90294562442255],[128.1765140003661,34.895398845712265],[128.16922542693604,34.896834553181485],[128.16990051901186,34.90090830670292],[128.16603920158911,34.902770738429794],[128.16428050584264,34.899255234047814],[128.1670993144565,34.89693462883951],[128.15625660463695,34.90903421601488],[128.15178895919215,34.90397139279451],[128.1458219610926,34.90510508744728],[128.14859224159804,34.89973257713268],[128.14104912882098,34.9028433501724],[128.14086180027218,34.89383306450298],[128.13318022130989,34.88819015357958],[128.12643156629105,34.896724799047114],[128.12149450013942,34.89662238136036],[128.11629771757362,34.90098288497636],[128.11786991219893,34.90390322105549],[128.11442268247657,34.9061806345663],[128.11421250566292,34.90272582486936],[128.10306934073196,34.900154095012915],[128.11114332975384,34.90267736912412],[128.10089573316557,34.91437994934036],[128.10997417548228,34.916567499045684],[128.10370296187565,34.91580670723948],[128.10346214002945,34.91907283898672],[128.11190835740902,34.922969769481504],[128.11683165214524,34.920716571268315],[128.12158945152197,34.92285281703665],[128.1056449743019,34.922076308787055],[128.10149851471348,34.92516272670527],[128.09782245994273,34.92045158886298],[128.09568810945228,34.926392152655595],[128.08322721628556,34.917002923346246],[128.0880107059477,34.92617337142126],[128.07958781333699,34.92846802503251],[128.0741260492196,34.92255500740404],[128.07204261225655,34.9273617533186],[128.0573609851284,34.92734064031924],[128.04640885086215,34.93514664251707],[128.02982870829777,34.95780640103637],[128.0500798737445,34.96915368424166],[128.05235516644777,34.97696619214629],[128.04411343492671,34.98280207844719],[128.03873736931948,34.99665328595275],[128.03971480993889,35.00297239185644],[128.05049526089115,35.01609459761324],[128.04311839855828,35.02459223419894],[128.0375888428456,35.020942698808824],[128.03962422808314,35.01551893794521],[128.03538383206748,35.02355596648654],[128.04216739799585,35.031334348233386],[128.03876660000805,35.03769229245104],[128.0427484256441,35.04682128836148],[128.0383655847322,35.048831355411224],[128.03947534825653,35.05677267286163],[128.04489117710654,35.06709403840627],[128.061329646149,35.07834860352792],[128.05412447826157,35.08171097809594],[128.04605840784353,35.07590868864059],[128.03457493523544,35.07742865685437],[128.0400810041883,35.07581387432394],[128.04118704507619,35.07246810605369],[128.03254104393181,35.06936493609565],[128.03479048942071,35.06274005754954],[128.02583482184622,35.05655933532289],[128.0257360744258,35.051667379969494],[128.03094717571153,35.049565511103275],[128.02636356785095,35.04248926293012],[128.0257321376569,35.033792198706784],[128.02003456241547,35.02824528742664],[128.00564085652036,35.03340679584019],[128.01946166253416,35.040744013758534],[128.0098910850136,35.04991136644851],[128.0086099227076,35.04745495832982],[128.0141070649602,35.03963155865957],[128.00864136701637,35.0384833767484],[128.0041494607809,35.044648060916565],[128.00265928039406,35.04252599267055],[127.98713866250586,35.0465300868237],[127.98425301357524,35.04511446783152],[127.9826339659466,35.037032676444966],[127.97609941268101,35.03302270125785],[127.98802682673637,35.03321037049693],[127.98817776236685,35.039139636297335],[127.99610802452322,35.03774090698843],[127.99434004657837,35.03200635538333],[128.00900152343115,35.02212162484229],[128.00789865551414,35.012593108324786],[128.0184005603923,35.010049737179834],[128.01987953013312,35.00464428529832],[128.01474908639202,34.99165767188134],[128.00752067047344,34.995877838471145],[128.00806055620842,34.9822992873625],[128.00378093636377,34.98362484721287],[128.00547528060898,34.988162042263895],[127.99985991838909,34.98356430062403],[128.0021926166491,34.9894194406044],[127.9978611461739,34.99601411090351],[127.99341398253351,34.991652159733846],[127.99521329514955,34.9844740188679],[127.99292459093951,34.98814626481807],[127.98843877496812,34.98778371777732],[127.99108257604952,34.98085567933014],[127.98837006106825,34.97686908139942],[127.98269304252342,34.9758286784133],[127.97267727416644,34.98643100201091],[127.9728048027516,34.993031305528646],[127.96740627795549,34.9916822543961],[127.96455456925621,34.99489030095132],[127.96166566815268,34.99451708115787],[127.96189700172337,34.990055802339946],[127.95669503501665,34.98450049412931],[127.9528529607756,34.98659442995401],[127.94719837958002,34.98360963456959],[127.95346607147414,34.9809006024064],[127.94817362375296,34.979932463595155],[127.95270909694501,34.975611411786886],[127.93489332735115,34.98154825812677],[127.93971467135259,34.985079231010836],[127.93162951872321,34.992214476479866],[127.94107446730251,34.99875062077923],[127.93489112251991,34.998380885619284],[127.94115650352671,35.00135578839833],[127.94072073952047,35.00417739005895],[127.92272641274639,35.014200054436415],[127.91865126436775,35.01043314981888],[127.9222004001676,35.00502824115067],[127.91646376514448,34.997138938330004],[127.91970525076731,34.99346654080991],[127.91447191956684,34.992580889343586],[127.91775930169872,34.98926779560363],[127.92319432237962,34.990036553655514],[127.91713684882063,34.98856712513675],[127.9187942890817,34.981400053573196],[127.91410075321406,34.98495795100311],[127.90755178700934,34.98302716493185],[127.9110004796013,34.979984358515836],[127.91188300855711,34.97240691919523],[127.90156482525416,34.97205928551448],[127.89739205646885,34.95651595946729],[127.88887798424199,34.95555200944835],[127.8866144935625,34.951591008074985],[127.88475779628389,34.956197618345115],[127.88134092277163,34.953063749368674],[127.88213085592747,34.9495954029807],[127.8745925504381,34.947656686791305],[127.85553830797087,34.949421013201594],[127.84780668424332,34.946922399604354],[127.84825599690515,34.95005231549402],[127.84410439118413,34.95255302852749],[127.84566559191789,34.958650308060314],[127.84076144252268,34.962880319224205],[127.83990668197497,34.95694044992409],[127.8341893684537,34.958586349315034],[127.83866550641751,34.95591504375596],[127.83882205620968,34.95017064221739],[127.82900124905446,34.950729001529595],[127.82240127828804,34.95565592874598],[127.82910396132489,34.94799820409788],[127.82203939303713,34.945749662568076],[127.81542010057942,34.948963998099266],[127.81890394623107,34.942209856506715],[127.80285417263352,34.93487828641016],[127.80556895382792,34.92413572713651],[127.79855756391062,34.92274591410705],[127.79203417879437,34.94024324579404],[127.78153252379282,34.94379244087465],[127.7700961990207,34.96707696558453],[127.75939184960534,34.96677638954108],[127.76403108024711,34.97671535090695],[127.78003573026373,34.9891910329971],[127.78676760668583,35.01092610249692],[127.78520772907147,35.02042399129242],[127.7716250087763,35.033722564325636],[127.7680703356765,35.05039995331416],[127.7642823714744,35.054485931760205],[127.74326140326018,35.06095584223001],[127.73635453462832,35.073600477426794],[127.7161209389042,35.08347125161798],[127.69533370053352,35.10538457663769],[127.69478390667899,35.1243203476747],[127.6886838655788,35.13517112176219],[127.65933574746947,35.15896477025253],[127.6483717607085,35.160391728938976],[127.62262441108236,35.18494457990766],[127.61814409584665,35.190898126476725],[127.62148923422642,35.191788138815554],[127.6168837829018,35.206906587015496],[127.62072789696754,35.21265682851163],[127.62114181296836,35.22464708527676],[127.61918351927191,35.23544612956205],[127.61282043642527,35.241616659021204],[127.61525043372974,35.25039003517142],[127.61015829952397,35.26204555974694],[127.59569677666146,35.26813330968074],[127.58407158183978,35.291104755954365],[127.57699694569195,35.2969601992944],[127.5774809857676,35.30890106468319],[127.59487115595293,35.31290433503331],[127.6207376287392,35.3325627228515],[127.62333075156677,35.342166013843475],[127.61223659009552,35.355850365976345],[127.61019737905944,35.36591811559604],[127.62565372325611,35.37691081917043],[127.62528707937038,35.384701669649274],[127.63633563696109,35.39919900695811],[127.64644684683576,35.40266417158733],[127.6604737977261,35.41443375230985],[127.66577433201053,35.42742631924263],[127.66517661691533,35.43564884506982],[127.6740693394465,35.44572001799655],[127.6704461295268,35.448723844777966],[127.66115708640098,35.44754357066568],[127.65114398425612,35.45150031893769],[127.64518633810502,35.44912735756104],[127.63668809300245,35.459352015868205],[127.63660851582213,35.47820839673024],[127.65157236446579,35.48607961806445],[127.6503853438204,35.49787985511472],[127.64708125286016,35.498019849179286],[127.64402182171385,35.50051979155469],[127.63427949929051,35.5120441453268],[127.63423430478609,35.520458914964465],[127.62574920753954,35.525320468488246],[127.62533023783232,35.531402630229586],[127.62869350043499,35.53598477885515],[127.62472791190558,35.5336876797353],[127.61272386712409,35.53564363148167],[127.59146494321583,35.55336264341005],[127.58486106607525,35.553905550849336],[127.59607493952446,35.57368719740715],[127.61119353243018,35.58389254743753],[127.6074560439605,35.594912563877166],[127.61208464893225,35.59890338776555],[127.61301734955374,35.608248071520975],[127.6213970795958,35.615118125381365],[127.63533522704105,35.61848399398878],[127.62425700665966,35.631785702133634],[127.62009822461556,35.64613879930226],[127.62948135925707,35.656640228065676],[127.62894522104038,35.664024492047204],[127.640214340445,35.67216038350307],[127.6403027312026,35.68673832451424],[127.64561600354138,35.69879740663287],[127.66095634141604,35.709905930774845],[127.66228754879057,35.7608297408704],[127.66582075317848,35.76883416997662],[127.66951338111456,35.771373663796375],[127.67943626734181,35.76849873632307],[127.68481112284094,35.777679390936925],[127.70027737037124,35.78912563746375],[127.7189082710329,35.79685457813025],[127.72457255777256,35.812500006783935],[127.72965298031514,35.8130043106391],[127.73859043854617,35.82707889602147],[127.73804597996696,35.83518626398536],[127.74445289885988,35.84442172484589],[127.75776160211831,35.836764316553854],[127.7688498558785,35.83831313344726],[127.7837832872214,35.85084639833484],[127.80435552936186,35.85868918418854],[127.81392291683079,35.853616904273615],[127.82656192206609,35.86834682564019],[127.84175147410822,35.86624703368412],[127.84487712394406,35.87561186939515],[127.85367520444268,35.88134317362534],[127.85074569981379,35.89005219114792],[127.85827499193087,35.89701690236845],[127.85954023763226,35.9064905873092],[127.86927132073293,35.90401048231206],[127.88223372286905,35.90993055004043],[127.88505877287724,35.90960563727295],[127.8831291464138,35.905860098537616],[127.88219221214341,35.90318586936466],[127.884783349338,35.89310653229092],[127.89352074568502,35.886798528092285],[127.92022246501284,35.893218884812995],[127.9185155984315,35.89038073234102],[127.92287398066968,35.88258149366124],[127.93022044514348,35.87862944330696],[127.9287930282149,35.87034736420655],[127.93322082049265,35.86439779506578],[127.93133600220115,35.85898681941414],[127.92578279354994,35.85562273539645],[127.94223971037417,35.85454247066357],[127.95118257867757,35.86164477099716],[127.9596320130808,35.860304154222526],[127.96254846320937,35.855371243199436],[127.9739799504788,35.852068136083055],[127.98174913182821,35.858735264546034],[127.99699369454912,35.837051556314286],[128.01121554203087,35.829078866523936],[128.02978168978973,35.83564868123505],[128.05165366976013,35.82988263595467],[128.054866844477,35.8343618055674],[128.0608944633177,35.83434654887037],[128.06978578994065,35.841201898423236],[128.08440014527343,35.83700400348266],[128.09075098227368,35.830630061539935],[128.0965206481178,35.83221180155473],[128.11092183088076,35.823882018338026],[128.1230559797405,35.82243266257313],[128.1219030321095,35.80349350735423],[128.12871978821664,35.794289258038205],[128.12849762910625,35.793219103456394],[128.12885872707557,35.789399960972624],[128.13752569970967,35.78426002448738],[128.15437040968612,35.78644802136149],[128.15903513946188,35.78367170269056],[128.15894443245716,35.780072336972964],[128.16370998724355,35.77719223488433],[128.16153428368042,35.770011172378],[128.1649997665533,35.76348937003944],[128.18927941127257,35.751759720154354],[128.19360980394833,35.73813180442118],[128.19809293474958,35.73606280787058],[128.19663339851925,35.73038327136609],[128.20225510201755,35.71760099935086],[128.20031303883064,35.70771718405786],[128.20460015456803,35.69712288197199],[128.20383068568137,35.68592649110262],[128.19225955607823,35.68007780388045],[128.184138430325,35.68004740976224],[128.1777472695278,35.67336361803635],[128.16367580327085,35.67297466662182],[128.1600947214142,35.66750003566093],[128.16166135117817,35.65978384782652],[128.15932848296617,35.65677039151528],[128.1638931980913,35.65306993949505],[128.18523703363462,35.65767256558197],[128.19699522247012,35.65080412068873],[128.2012309885189,35.64372191926126],[128.22973165072068,35.639459294077035],[128.2359620570348,35.64067621545724],[128.23636066976414,35.651083097054496],[128.24350876366879,35.65545406383178],[128.2586435944673,35.64779676449983],[128.26234381190994,35.64273693802158],[128.2767935771023,35.64696856545719],[128.27947286518295,35.65230900445383],[128.2962539097725,35.65072946503714],[128.29806523275485,35.656226819290595],[128.31791044676166,35.651491950205425],[128.3240418169196,35.64661224829332],[128.3491680625533,35.64644569033411],[128.36013827500048,35.63311141256264],[128.36463416501152,35.61335696439031],[128.38239892383382,35.60653990142742],[128.38440678992302,35.60990886441891],[128.40349343970237,35.61741118022065],[128.40697917227502,35.61458932691957],[128.41299870790712,35.61655807528256],[128.42294426133213,35.62517486908284],[128.43099477120282,35.621645206779306],[128.44647601830508,35.63841360933128],[128.45320116878352,35.63689758386499],[128.46034492132097,35.640583553519924],[128.47069078367255,35.63661533858226],[128.47849424333967,35.64052835635481],[128.48270908598067,35.634990522898],[128.50571026784073,35.63927220373652],[128.51071108652798,35.64569260161596],[128.50681391710015,35.65014840496957],[128.50755118914705,35.672857715041516],[128.52985121653742,35.6830153346512],[128.52680844520177,35.673504438772135],[128.53078473121005,35.66273640344939],[128.53743417691462,35.659760798395645],[128.53476820511932,35.64370158505379],[128.5381628399246,35.632593190572],[128.53662565731068,35.62426142818636],[128.55873261199267,35.61480002880998],[128.5605797438452,35.60344883330306],[128.56903355446053,35.60245405888472],[128.5729571525454,35.59321600992745],[128.58475257502855,35.58646475467137],[128.60579639410625,35.5802438139707],[128.6307467095567,35.58742018227662],[128.63653240174023,35.584697923637755],[128.64409080413313,35.593052529229176],[128.6552885240198,35.59788848975152],[128.6644187579349,35.59375282460233],[128.68760366287069,35.59502512740582],[128.6931929422895,35.59087547000151],[128.694940279109,35.58341755222324],[128.70325409000117,35.578052489273475],[128.7149574087903,35.57759788180099],[128.72462029755525,35.58147667942377],[128.73197270852117,35.575953087665525],[128.7374182728337,35.57715399621074],[128.75813554059258,35.56749337058565],[128.76751571603657,35.56989134040111],[128.7877329028821,35.567496801656034],[128.79878056740552,35.57830630201616],[128.80165566909048,35.58860086772392],[128.81026478305986,35.58919166103469],[128.82629469114346,35.59677529428099],[128.83364828421514,35.597354136077854],[128.84263871514244,35.588993799425076],[128.84569629465645,35.58961936042963],[128.8647903306038,35.60904711997524],[128.87387627607555,35.62163606761023],[128.87487551572298,35.62847238065598],[128.87537847729715,35.63232984068054],[128.8814606995724,35.635477864072115],[128.8887731409936,35.628856972317166],[128.91505369692797,35.640618744641074],[128.94114515481056,35.635073437324685],[128.96126135061547,35.62056227797708],[128.96087683163,35.61558127225942],[128.98264226892425,35.60870517065099],[129.00273978981622,35.62025845464882],[129.00850135334855,35.61593742996729],[129.02245486117405,35.61422335940382],[129.02462285823088,35.59991614891834],[129.01889543494752,35.58381993277533],[129.00793072702265,35.58019162670927],[128.99408020824345,35.56699693197995],[128.97119019674412,35.56030000179729],[128.98092198785093,35.54637321102619],[128.98934785414002,35.551604823692166],[128.99580553417536,35.54532968629158],[128.99834893207927,35.54172069968969],[128.99896117833973,35.54000148933992],[128.99458594639205,35.52813079412152],[129.0075970607222,35.529108878634446],[129.00903250003273,35.523991807204155],[129.01295538544665,35.52314075935814],[129.0555938104178,35.53219009219253],[129.05671993926933,35.52923339845862],[129.05656928613294,35.52710992419921],[129.05105640942406,35.51984009450947],[129.05263026768225,35.51447244757681],[129.09061876817685,35.49830522521971],[129.10526757863332,35.49646513050316],[129.1093749526094,35.48659674594336],[129.10832247234885,35.48107422701488],[129.11732113547106,35.47554176107787],[129.12176606534925,35.463442696512196],[129.14315226571748,35.44565411055116],[129.16564546727238,35.4321201445424],[129.17835874009728,35.43225951397863],[129.19697792139002,35.43888843938835],[129.20211218532353,35.432074232070505],[129.20015745195965,35.42414773843513],[129.21145653801102,35.419062951798274],[129.21888378785923,35.406971481584996],[129.19359479749494,35.38208857968247],[129.1991818487176,35.37597753609588],[129.19876247023828,35.36649641721638],[129.17818671115165,35.35177354267279],[129.15012207760742,35.36393420306278],[129.1181763034671,35.36903460086851],[129.13323102775936,35.356355582319004],[129.1345872911607,35.351450824481645],[129.12714089463887,35.34540193128537],[129.12399436988315,35.33786107007486],[129.12575644782987,35.33206376745568],[129.11366330723274,35.32022304071144],[129.11057694551616,35.306705955073056],[129.08835260041118,35.30261471626435],[129.07426637501635,35.29076153835746],[129.07360693863205,35.29084310639702],[129.0701689584765,35.29434234253554],[129.05836191103714,35.29483552972374],[129.0474985279246,35.27421357517099],[129.0295354452158,35.2768868508226],[129.01348433001664,35.273758609817],[129.01166389111654,35.26340225912506],[128.99429202344726,35.23404133527227],[128.9566962089833,35.225251972615524],[128.9439979812311,35.228325401729336],[128.92012802377735,35.21642264451937],[128.912503273856,35.22251513668554],[128.90916699420424,35.220560935037426],[128.90953104251838,35.22308536414406],[128.90926948344583,35.22291381678763],[128.905018257982,35.220073050444284],[128.9083578990103,35.21676497639032],[128.90466799263677,35.21530132553925],[128.89681658213794,35.213198161937086],[128.88640113296324,35.21447788716572],[128.87898763124278,35.209994548498976],[128.8703548097639,35.20155871574661],[128.88168088837674,35.18220355961329],[128.8811466517191,35.17184520007537],[128.87235365683728,35.17227428904446],[128.8813917859468,35.16133680637175],[128.8744154732533,35.15856868476502],[128.87665683273573,35.15127927731753],[128.87567696193793,35.15073077001993],[128.8716628559376,35.15046485644287],[128.86518248375634,35.15818588014211],[128.87209641671828,35.16261679957757],[128.86738636527096,35.16771486301081],[128.8462886403775,35.164687886426684],[128.84293309267366,35.157988703638686],[128.8360054802984,35.15913795204257],[128.82752650387934,35.155588625880576],[128.8159656289953,35.160162059435486],[128.7945196649243,35.15853793040951],[128.8021324522524,35.14190154471875],[128.80668549173453,35.142503687337054],[128.81535669879253,35.13263491197703],[128.83451702319655,35.12876610718841],[128.83810849211898,35.12293332029169],[128.83595574884515,35.11894150648898],[128.84277857986493,35.11351233227703],[128.84316917600418,35.10916710165629],[128.83479718571553,35.101802062571075],[128.82346814490919,35.10187711175102],[128.8200633871769,35.092929164145616],[128.8145159170809,35.09076000592283],[128.82327828421842,35.09427886870568],[128.8286993374873,35.08996962787745],[128.8185274928886,35.083001430037754],[128.81809381400566,35.08300068402935],[128.81150290993793,35.08298883192292],[128.81150959404548,35.07996232506124],[128.81151488382585,35.07758486153646],[128.78468609736277,35.077724257521],[128.78247411498438,35.08533805072068],[128.7899491494743,35.09402705811395],[128.80041253158436,35.0938004701052],[128.8025869009408,35.09829167806856],[128.79902994917322,35.100462221234935],[128.78830182325322,35.098372982897],[128.7915812703996,35.101835055735094],[128.7883482899466,35.10697101541478],[128.78949244871265,35.11313716286226],[128.78268472414814,35.11256672793665],[128.77934424052913,35.10293398812956],[128.77228212479963,35.09895196692978],[128.7695807112548,35.10356313057001],[128.76296024211055,35.10516831902268],[128.76558331286253,35.09758901058287],[128.78419611693553,35.09754936807445],[128.7792534243959,35.0821428006098],[128.77312074366648,35.08297709125774],[128.77135322830463,35.06285712428082]],[[127.79519872704309,34.930795440645525],[127.80320283160121,34.93241508837325],[127.79988412971667,34.942953239099],[127.79218427029517,34.94135444192948],[127.79289668492336,34.93872492342702],[127.79519872704309,34.930795440645525]],[[127.79637134120325,34.9307798803662],[127.79793304289628,34.925641291000595],[127.80503602936525,34.92604302660131],[127.80326568615764,34.93221551493399],[127.79637134120325,34.9307798803662]],[[128.12166567002896,34.89714500457241],[128.126369369506,34.89840683518678],[128.1223595556956,34.90418590304685],[128.11825526947172,34.90383087788388],[128.11655770053278,34.90144171298495],[128.11668676611907,34.901274047718296],[128.12166567002896,34.89714500457241]]]]}},{"type":"Feature","properties":{"name":"제주특별자치도","sido":null},"geometry":{"type":"MultiPolygon","coordinates":[[[[126.26792372616347,33.12429665169744],[126.27040313903626,33.11654490492701],[126.26779792358909,33.112355759633815],[126.26475116289699,33.117964842824506],[126.26792372616347,33.12429665169744]]],[[[126.22886185377973,33.412126641937135],[126.23215725276495,33.410010703432896],[126.23071237227734,33.40555534049311],[126.22254296344182,33.4059005116635],[126.22279314938562,33.41173797393319],[126.22886185377973,33.412126641937135]]],[[[126.22448811275405,33.41787398906488],[126.22384143996733,33.41453072990584],[126.22218566362892,33.41798987966997],[126.22413288669975,33.421173815254946],[126.22448811275405,33.41787398906488]]],[[[126.90175150273875,33.515265899660825],[126.90254907543688,33.51554757469477],[126.90204794284612,33.51514840161863],[126.90202858035764,33.51513747491333],[126.90200587623326,33.51513114731639],[126.90199457494413,33.515130777081076],[126.90197498022391,33.51513545014944],[126.90191834140305,33.515157223821795],[126.90186201253543,33.515186842252156],[126.90180578621948,33.51522439465267],[126.90175150273875,33.515265899660825]]],[[[126.53166074272083,33.521287620165346],[126.5316319541487,33.52131707176498],[126.53163018353047,33.521325992261396],[126.53163017249288,33.521328335340634],[126.53163272470506,33.52133411489594],[126.5317956716105,33.521457888226514],[126.53222066957471,33.52176081672424],[126.53166074272083,33.521287620165346]]],[[[126.54427514763017,33.52814395694934],[126.54382933077817,33.528387520904886],[126.5438277845933,33.52842257426611],[126.54384953392052,33.5285861126653],[126.54390895528422,33.52872968497658],[126.54394053628248,33.52876333919088],[126.54397626100737,33.528786640760806],[126.54400279295803,33.52879764867009],[126.54405856987294,33.52881543382519],[126.54410857881703,33.52882481548535],[126.54415774556371,33.52883067861117],[126.54423039625938,33.528833109897164],[126.54427410035758,33.52883335879286],[126.54433345469668,33.528826092828346],[126.54437160050867,33.52881883999098],[126.54444803941361,33.52879721391876],[126.54453134401311,33.52875938290059],[126.54458002786815,33.52873395662292],[126.54467758447716,33.528688246325935],[126.54472247674019,33.52866740128086],[126.5447560048751,33.52865778756671],[126.54481221462038,33.5286550193355],[126.54556070443454,33.52865596574781],[126.54559847868116,33.528657816277615],[126.54641639419621,33.528722483200355],[126.5464484545079,33.52872629622684],[126.5464856753269,33.52873148197333],[126.55102402424102,33.53043804732376],[126.55444828632936,33.53172609912143],[126.55818618541157,33.53312989332619],[126.55843037316534,33.53279925835792],[126.55788291890784,33.53279131923661],[126.55786004935595,33.53278353673756],[126.5505064454492,33.5299977250802],[126.54602381486238,33.52830613335524],[126.54444709945587,33.52815527821076],[126.5443775893067,33.52814934393154],[126.5442951520237,33.528144801596284],[126.54427514763017,33.52814395694934]]],[[[126.53222066957471,33.52176081672424],[126.53440501819192,33.523606746239864],[126.53633379127284,33.526389972788785],[126.54098893805357,33.53312883732441],[126.54103590373204,33.53318482186313],[126.5410610360144,33.53319627233793],[126.54108727543893,33.53320186894727],[126.5411191290599,33.533204242287205],[126.5411866483692,33.53320043412883],[126.54124421385495,33.533185951390706],[126.5413480577811,33.53313323234771],[126.54138358438612,33.53311271832067],[126.54141870048198,33.53308841488588],[126.54143794468631,33.53307307082487],[126.54145451792192,33.53305383688112],[126.54146226424903,33.53301374377575],[126.54145919092896,33.53298425096401],[126.54145435303838,33.532962416123056],[126.54143968287136,33.53292728860185],[126.54141477060037,33.532874633388765],[126.541391281998,33.53283740108904],[126.54136830244668,33.53280576095031],[126.5413433628043,33.53277862058932],[126.54089862946056,33.53225053541541],[126.54009316807222,33.53123100679047],[126.53782025585,33.527976555825326],[126.53491402272341,33.523796097855644],[126.53490681484175,33.52371501756903],[126.53492127396729,33.52368811438769],[126.53494478650931,33.52365971242493],[126.53463391571046,33.52347741612681],[126.53459765381822,33.52345500959915],[126.53222066957471,33.52176081672424]]],[[[126.66207395053605,33.546887517439],[126.66207046998703,33.54693151566496],[126.66207061044548,33.54694240730976],[126.66207760198817,33.54694699760222],[126.66207395053605,33.546887517439]]],[[[126.72987891696478,33.56074506345482],[126.72987618479992,33.56075278756455],[126.72987359780811,33.56076387057223],[126.72986943070269,33.56079883567663],[126.72986352964843,33.560863836753],[126.72987891696478,33.56074506345482]]],[[[126.90175150273875,33.515265899660825],[126.89959960989002,33.509705093597],[126.90961367292172,33.509664892133614],[126.91339716008002,33.50323273686106],[126.90938012830486,33.495352115368625],[126.91136499920987,33.49048059220311],[126.90355828243004,33.487741634793856],[126.90202059582752,33.48166888627834],[126.90806317911444,33.47835311658549],[126.91414602465497,33.47940533447866],[126.90989828371,33.47899261136125],[126.91160351335037,33.47391147903603],[126.92037584735755,33.469437638572586],[126.92482907310574,33.47203838509306],[126.92079056461162,33.464692628229045],[126.92325942594645,33.45553850558005],[126.93169831846254,33.46395548926047],[126.92786459907605,33.4673292217622],[126.92856174745111,33.47293733209088],[126.935247446713,33.47358051996478],[126.93552548357636,33.47846223475206],[126.93654648702824,33.464179391932475],[126.9453476914684,33.45959799636683],[126.94642339490137,33.456915724399586],[126.94624711018135,33.45619679347731],[126.94333490738728,33.45513430264237],[126.9322482360268,33.460155397619076],[126.92243600280045,33.44888823089871],[126.92231143665748,33.439595262760236],[126.9365017614011,33.42916653063327],[126.92937909843917,33.42258945860155],[126.92936963133846,33.42259332955229],[126.9231470419806,33.42641671385836],[126.92554933970192,33.42985801878506],[126.9238909194961,33.43427988283118],[126.91610805380539,33.43394108515443],[126.91798007508355,33.42725912133175],[126.91415725695119,33.42379469300353],[126.90833892439701,33.406422830006576],[126.902742327849,33.40193045295932],[126.90730413664262,33.398199196743015],[126.90646596461077,33.39149749834488],[126.88350207032036,33.3835373442504],[126.87132226083101,33.37219270205361],[126.87349426399784,33.368204229079865],[126.86742645434444,33.363800959647946],[126.86969176970489,33.3617739030165],[126.8684018716709,33.35400851409787],[126.85986662388122,33.34694368656541],[126.85657654651389,33.33805689417839],[126.84404913859481,33.33283571197497],[126.84480262787685,33.32550332773465],[126.84989578988989,33.32497849017975],[126.84840655089276,33.31959403878199],[126.84370940848392,33.319040547926505],[126.83576354767993,33.30888909127289],[126.82249288993009,33.30534403956483],[126.81620094837781,33.307636711477365],[126.80775702879502,33.30182344578058],[126.80564391138638,33.30555513714354],[126.79178480878196,33.30274602182888],[126.77781335873678,33.30675242603092],[126.77245677782855,33.30045380307094],[126.76623476199622,33.29850764934412],[126.76469261778749,33.29187475919429],[126.74277831063056,33.27768837391356],[126.73331512947418,33.28160872038077],[126.73130982279717,33.2785451624147],[126.72585319754488,33.27934579949579],[126.69941248855525,33.27081285309265],[126.67844290390624,33.270659765969],[126.67759501581068,33.26702525387108],[126.65819218529018,33.27387821387045],[126.6607399618624,33.26885120197283],[126.64223923790824,33.265931959664705],[126.64363347905356,33.26170370957792],[126.64019973733281,33.25701463191638],[126.61977282555172,33.2497066119241],[126.61825700842269,33.24154077102392],[126.6047299840697,33.23865280210529],[126.59988771820818,33.23449273479931],[126.58579835082563,33.24357521013956],[126.5778269607019,33.24483670544297],[126.5688169265501,33.242998575767025],[126.56725619391779,33.23992575800878],[126.57116136843199,33.23590332417486],[126.56751601660281,33.23265858528051],[126.57019453592206,33.23571088759489],[126.56097299428419,33.24297950231564],[126.55915082140935,33.23874359436215],[126.56424756844035,33.23473112968441],[126.55080162923407,33.24127827007884],[126.54352463325802,33.23862987166625],[126.54023784730889,33.24156753943699],[126.53315874045428,33.239135469322505],[126.5209132029765,33.24092024152456],[126.51047720064702,33.230391573695485],[126.49857916569204,33.229157451042774],[126.49127976376556,33.23249702392041],[126.47783310970807,33.227498635771134],[126.47547045119717,33.22311198892033],[126.46150098358746,33.23125872257879],[126.46204470081396,33.237349241672646],[126.45706418979681,33.24117050008601],[126.4292611903831,33.235173399182685],[126.41813368223819,33.24361713296931],[126.4085799402157,33.24455239863325],[126.38648797109296,33.23453187471686],[126.37544901257515,33.23356936988093],[126.37290909539784,33.22970855856437],[126.36714846422589,33.23132205117564],[126.36667622002045,33.22892331813607],[126.36175326535837,33.23713671751146],[126.3603434851964,33.23423725784094],[126.34419689334784,33.23634979550695],[126.32775335005903,33.23175767691045],[126.33544963093269,33.23481253627768],[126.3336738370564,33.23947038927822],[126.32773351155168,33.240793771854484],[126.3164171063069,33.23640825423269],[126.30865028501562,33.22638540296993],[126.30607402546754,33.22794780795494],[126.29793908230869,33.2226547542168],[126.29026120520516,33.205379464658805],[126.29463116955831,33.19677598467014],[126.28804163407632,33.19579771452483],[126.28488693619127,33.200524676034256],[126.27558849364098,33.19848778787987],[126.27698581783724,33.19645807432339],[126.27215008405123,33.19406674323769],[126.26156655391995,33.199006853870095],[126.26461119657077,33.20520186505444],[126.2632079896921,33.209431524332246],[126.25602942484484,33.210462370378416],[126.25963072342398,33.20721025749233],[126.25647827213879,33.20738278573361],[126.2511378427837,33.21959361331192],[126.24781276793847,33.21777267323052],[126.24101536273143,33.221482825701365],[126.23362426792553,33.23487179846688],[126.2193127767019,33.2429221640875],[126.20251996529916,33.24552999963441],[126.18226053716258,33.259748724219676],[126.17887926524202,33.26797708887359],[126.16898077151659,33.275033505061785],[126.16871822738321,33.28262708661045],[126.16087373058735,33.29079522749433],[126.16741757812785,33.29888102533582],[126.16346474326575,33.3065961104344],[126.16839340868187,33.316594601563764],[126.16671787384762,33.323375611632535],[126.16251419300522,33.32459334327509],[126.16555798607023,33.331400643333744],[126.16151780598017,33.33410913114164],[126.16695840580427,33.338771260186405],[126.16678580025022,33.342977549154355],[126.17198153031568,33.342681778373375],[126.16869273205988,33.3453926134804],[126.1733732510499,33.343112632459416],[126.17976233057905,33.34629439650523],[126.18291520139024,33.35850388508391],[126.20496568046919,33.36837483231261],[126.20608356683603,33.37231624979647],[126.21330427373279,33.37501954269406],[126.2145520188932,33.38205116308559],[126.22321334652237,33.38997363939676],[126.23464266785531,33.38946254609262],[126.23662741230297,33.39513268960064],[126.24015811984614,33.39444228305259],[126.25026484361794,33.40111830718261],[126.24884395005925,33.40421054499929],[126.2521533325694,33.40896645628309],[126.25865223960625,33.409354168107555],[126.25519423775734,33.40943685994399],[126.25293614416667,33.41577041804792],[126.25584336917856,33.4126741953663],[126.26228481142418,33.416359779494066],[126.26056135526233,33.423140638302954],[126.25776549607455,33.41719239314327],[126.25758595959266,33.41710172873895],[126.25228992291498,33.41690761760069],[126.25791323529789,33.417638661109336],[126.25981329572247,33.42503625836495],[126.26421723420303,33.42368834297806],[126.26317443000598,33.43690375322449],[126.27312282481097,33.43506737549929],[126.27618855671457,33.4398819813194],[126.2789439401383,33.442278150462116],[126.2996339691467,33.44716280509513],[126.31039305283065,33.45994412791203],[126.30781070030405,33.46597334775302],[126.31293436504481,33.46980474052658],[126.32044196466185,33.46762132549483],[126.32052443951063,33.47203809966639],[126.3206350436871,33.47214940689545],[126.32463617093951,33.473400749971866],[126.32946186884318,33.47180118197543],[126.32683594189545,33.47257352430327],[126.32206114232082,33.470857379764894],[126.32087302166431,33.4655222717638],[126.33144387790371,33.46954327987242],[126.33807989861675,33.467029602874454],[126.34044540931595,33.470663514174014],[126.35145885846875,33.47297373374356],[126.3538287744441,33.4778845700454],[126.3688822399652,33.47839480706054],[126.38573833123338,33.48934437519391],[126.39129639660821,33.489431421944346],[126.39448298009114,33.4841545044094],[126.40064759396921,33.483366335243545],[126.40760798066371,33.48518966817961],[126.41037053889559,33.49000385847948],[126.42089633632305,33.490759882235096],[126.42701311746208,33.495937407775884],[126.42807238552479,33.493869704275134],[126.44509009339528,33.49880982498637],[126.45156416095597,33.497311341185714],[126.45357620695476,33.504430615768975],[126.46306977832579,33.50312266369704],[126.4635851385445,33.506320536537054],[126.46616945230127,33.50859490830897],[126.48341499273471,33.5110676681995],[126.48577010775283,33.51745386770199],[126.49418267790195,33.52091251114903],[126.51456321966103,33.5158389048872],[126.51783998667048,33.519508490997424],[126.53187454037145,33.51744773577616],[126.53166074272083,33.521287620165346],[126.54283993470354,33.52288849479166],[126.54167424374008,33.52956487110422],[126.54621666216084,33.52450724649512],[126.55343582283406,33.5242187624371],[126.54687017251207,33.521926250163496],[126.54900917939396,33.520613636660144],[126.55002410139933,33.52063603073132],[126.55854028787134,33.522635112632535],[126.56175250714203,33.52750682670424],[126.56527929844738,33.52420745196544],[126.56916962651259,33.527041654682044],[126.57377931033628,33.525329481717556],[126.57483823410193,33.528134226070534],[126.58502222366543,33.52544998209538],[126.5975076256946,33.53773509813218],[126.60307306506418,33.53503146268855],[126.61417795894049,33.537929158647536],[126.63450508608744,33.53604242647686],[126.63485956813736,33.54515654831601],[126.63933280959985,33.5459024733143],[126.6446502354977,33.55563267973772],[126.6499182511376,33.55330345520864],[126.64808664946148,33.54904797637302],[126.65290004600166,33.55280740192982],[126.66710454017536,33.54282621139364],[126.6742683975454,33.54503514209509],[126.67793787552813,33.55248656863794],[126.68926079950454,33.54843859548449],[126.69929118046953,33.55302252375576],[126.71647224309717,33.553611960304956],[126.71939893107664,33.5579449157036],[126.72987891696478,33.56074506345482],[126.73814754274596,33.554751798546384],[126.74550701149707,33.55565357659021],[126.73933324781636,33.557549690476115],[126.73936288389136,33.55797241930645],[126.74028078429798,33.559817563579465],[126.75723784253117,33.55698389989143],[126.76186747255076,33.558830083566505],[126.76203509532768,33.56541749727969],[126.76543204243237,33.56597354631797],[126.77478145216513,33.56496927020818],[126.7746813883955,33.56111752758919],[126.7791152683945,33.566076048067266],[126.78374046761336,33.56491980866733],[126.79810449141685,33.55530234701415],[126.81358201791231,33.56137133781285],[126.82757196825274,33.559403149908455],[126.82568509439659,33.554421471860124],[126.82963555193263,33.55097961197499],[126.82719285938823,33.54779022254587],[126.82865741444706,33.54317186642695],[126.84075090641316,33.53363738546256],[126.85167397687253,33.532242949726324],[126.86133860283127,33.52494272088206],[126.87142520858929,33.53070997164378],[126.89280873884009,33.52688767035588],[126.90587324173275,33.52066700426765],[126.90115614041459,33.51812225569506],[126.90175150273875,33.515265899660825]]]]}}]}