scope,model,group_type,group,target,n,mae,wape,r2_original,bias,sse,nonpositive
4004,M5,SIDO_NM,강원특별자치도,amt,11,2344342439.55246,0.997257279277374,-1.57490790448411,0.757855748496445,1.86344284409783e+20,0
4004,M5,SIDO_NM,강원특별자치도,cnt,11,39492.1258505052,0.705601406539211,-0.13157114425197,0.485137127809911,44263705588.6922,0
4004,M5,SIDO_NM,강원특별자치도,ticket,11,8266.06464570515,0.224300863332708,0.0641222043404518,0.090392972367435,1048017969.85376,0
4004,M5,SIDO_NM,경기도,amt,41,7549540396.79087,0.694027000489931,-0.499079083723575,0.150073594652624,4.24275935936943e+21,0
4004,M5,SIDO_NM,경기도,cnt,41,148211.84955948,0.515444876604808,-0.0470780586557236,0.123022616834047,1521832741100.58,0
4004,M5,SIDO_NM,경기도,ticket,41,8993.31718595318,0.244959295041669,0.102144155740939,-0.0595963700888449,12298445380.0996,0
4004,M5,SIDO_NM,경상남도,amt,15,2817548012.5332,0.342521410519842,0.6570408631539,-0.230795652995088,1.84393075453578e+20,0
4004,M5,SIDO_NM,경상남도,cnt,15,100601.287914461,0.40190518161192,0.532184359354284,-0.387736429122053,242539743607.5,0
4004,M5,SIDO_NM,경상남도,ticket,15,4284.83908793204,0.130995994091694,-0.919515304117111,0.0919482652275732,512976232.574982,0
4004,M5,SIDO_NM,경상북도,amt,15,1107482459.97927,0.306381596778079,0.794062924302902,0.0954681963569734,3.4874029139992e+19,0
4004,M5,SIDO_NM,경상북도,cnt,15,28211.4510914291,0.295657806614482,0.834898380071395,0.00299106228009163,22216061745.3682,0
4004,M5,SIDO_NM,경상북도,ticket,15,9201.94427729429,0.255173723182864,-0.1138181716652,0.0544092561244295,2032863385.57256,0
4004,M5,SIDO_NM,광주광역시,amt,5,3208477905.28386,0.564736458954608,-0.790164927542067,0.463108968218486,8.83654111407674e+19,0
4004,M5,SIDO_NM,광주광역시,cnt,5,84819.9103144654,0.60875155069226,-0.75885269910303,0.550439748237422,54838428932.9846,0
4004,M5,SIDO_NM,광주광역시,ticket,5,12699.8190857068,0.29042134059434,-1.73827640903514,-0.214405739394366,1324936249.84317,0
4004,M5,SIDO_NM,대구광역시,amt,8,3003917669.0614,0.319548669711777,0.538353872207488,0.150800867056989,1.3051079433738e+20,0
4004,M5,SIDO_NM,대구광역시,cnt,8,97214.5325388664,0.356643257951245,0.441784532260946,0.0378526639136558,132801042926.66,0
4004,M5,SIDO_NM,대구광역시,ticket,8,9547.3952512104,0.265824934991824,-0.260491261084638,-0.0511728986346728,2022605727.05202,0
4004,M5,SIDO_NM,대전광역시,amt,5,4709413130.46227,0.896581927617645,-0.800918626739717,0.560481191923069,1.32914443123415e+20,0
4004,M5,SIDO_NM,대전광역시,cnt,5,103837.113854274,0.71909956214507,-0.348506180298947,0.478326970800328,65398467539.5777,0
4004,M5,SIDO_NM,대전광역시,ticket,5,7932.71664872046,0.243457152173498,-0.82546039141612,0.0848552966668356,620198862.133422,0
4004,M5,SIDO_NM,부산광역시,amt,16,8737086292.35672,0.663415495289966,-0.120491981620155,-0.509560487356903,5.56669974450892e+21,0
4004,M5,SIDO_NM,부산광역시,cnt,16,243869.671242198,0.639633302751216,-0.097615240192958,-0.498784604041315,4666122686745.06,0
4004,M5,SIDO_NM,부산광역시,ticket,16,8791.31084040098,0.281299522770615,0.132255988300743,-0.0131115089960538,2136725887.83559,0
4004,M5,SIDO_NM,서울특별시,amt,25,7702920050.25266,0.71906522326751,-1.64828165476363,0.520216270301564,3.23193502329883e+21,0
4004,M5,SIDO_NM,서울특별시,cnt,25,171072.144628548,0.457159466907885,-0.261224196237973,0.277059898412046,1304279364145.26,0
4004,M5,SIDO_NM,서울특별시,ticket,25,6059.62069941793,0.22496573848495,-0.174241356988812,0.0879523411110071,1256860597.17669,0
4004,M5,SIDO_NM,세종특별자치시,amt,1,12713735588.527,4.86748913215963,,4.86748913215963,1.61639072614978e+20,0
4004,M5,SIDO_NM,세종특별자치시,cnt,1,191132.100460964,1.15806053173961,,1.15806053173961,36531479826.62,0
4004,M5,SIDO_NM,세종특별자치시,ticket,1,23546.1189830108,1.48783072070162,,1.48783072070162,554419719.162102,0
4004,M5,SIDO_NM,울산광역시,amt,5,2026341625.28497,0.344130745137377,0.600159568301944,0.202204185816645,2.2674799943833e+19,0
4004,M5,SIDO_NM,울산광역시,cnt,5,74721.2041323038,0.451359457630182,-0.0708448266532926,0.210376189080531,32178704592.5316,0
4004,M5,SIDO_NM,울산광역시,ticket,5,4588.56111143612,0.135003392124039,0.515254753721967,-0.0831949493153675,154279514.003932,0
4004,M5,SIDO_NM,인천광역시,amt,8,8578747754.3296,1.02493739240263,-7.99299004839076,0.916451236955599,9.22653284303311e+20,0
4004,M5,SIDO_NM,인천광역시,cnt,8,180350.978030422,0.69297496084068,-3.06184045918698,0.674005417363534,435088831380.87,0
4004,M5,SIDO_NM,인천광역시,ticket,8,11295.9706490585,0.315035167987632,-0.325686393757981,-0.056892613193807,2493129837.9008,0
4004,M5,SIDO_NM,전라남도,amt,8,3587545577.86677,0.842695293560602,-0.559123893663893,0.174963836473158,2.33668994797443e+20,0
4004,M5,SIDO_NM,전라남도,cnt,8,59210.5726909024,0.699457605947901,-0.39545664514932,0.205567990041627,61918642994.2542,0
4004,M5,SIDO_NM,전라남도,ticket,8,7109.193935853,0.169196050758087,0.317752611443201,-0.0396990258992495,616487124.786217,0
4004,M5,SIDO_NM,전북특별자치도,amt,9,1772099877.11105,0.648869948290221,0.0513500162852834,0.529493373938639,5.90477101134054e+19,0
4004,M5,SIDO_NM,전북특별자치도,cnt,9,33792.8722172489,0.541103446846527,0.311546038822686,0.515867662948619,23844490260.3028,0
4004,M5,SIDO_NM,전북특별자치도,ticket,9,12192.3552591177,0.282103085357612,-0.0256404933335987,-0.0649104810430624,3538868049.33023,0
4004,M5,SIDO_NM,제주특별자치도,amt,2,17879247038.1496,2.82865015467255,-371.131262713399,2.82865015467255,1.15909897829982e+21,0
4004,M5,SIDO_NM,제주특별자치도,cnt,2,288467.493741958,2.65636073246428,-138.413181933446,2.65636073246428,251111051181.159,0
4004,M5,SIDO_NM,제주특별자치도,ticket,2,16272.4367972112,0.273122750748173,-13.1873072053811,-0.15569087050626,701670470.288533,0
4004,M5,SIDO_NM,충청남도,amt,10,1780480881.06194,0.539894846294924,0.646303410804345,0.243214413419586,4.7249555112466e+19,0
4004,M5,SIDO_NM,충청남도,cnt,10,33388.0309236433,0.38509128924545,0.781872663573303,0.227660735080077,16871551731.8085,0
4004,M5,SIDO_NM,충청남도,ticket,10,7285.57463122113,0.202063404130908,-0.383122392190337,0.0511088868426413,835393142.768253,0
4004,M5,SIDO_NM,충청북도,amt,9,1366418685.60288,0.454500096660738,0.661417217038569,0.206711376394048,2.92200388340762e+19,0
4004,M5,SIDO_NM,충청북도,cnt,9,27127.8965500752,0.327761350710059,0.767250335220176,0.159407563130942,10623946097.1749,0
4004,M5,SIDO_NM,충청북도,ticket,9,8227.33136391289,0.269409635685711,0.0248163464266892,0.147475912844809,766866330.898653,0
4004,M5,population_group,<5만,amt,12,458105440.622827,0.756435346609267,0.0975214504553721,-0.124562477406614,4.35771830580517e+18,0
4004,M5,population_group,<5만,cnt,12,11409.9656730535,0.618440290325625,0.199973382566686,-0.162914321863051,3167480951.39326,0
4004,M5,population_group,<5만,ticket,12,7930.634041058,0.266510324439955,-0.555391622158004,0.0927301330105887,938610276.105403,0
4004,M5,population_group,5–15만,amt,46,2264512795.52887,0.901676147117345,-0.0799580655165901,0.0230578301681648,8.94938897706863e+20,0
4004,M5,population_group,5–15만,cnt,46,47493.1382901364,0.811792708916807,-0.164073157141658,0.209707964030261,257642236321.878,0
4004,M5,population_group,5–15만,ticket,46,12752.8818718439,0.342512108180728,0.0540969400599934,-0.0423295922119958,20235749272.3185,0
4004,M5,population_group,15–30만,amt,72,5222204464.86706,0.611490948432075,-0.117916290966966,-0.155715078041093,7.31959342442582e+21,0
4004,M5,population_group,15–30만,cnt,72,132867.506010666,0.557669166580516,-0.040825610811176,-0.190658774864406,5765749073817.12,0
4004,M5,population_group,15–30만,ticket,72,7497.60706176757,0.206200045424914,0.0572609163325526,-0.0375002135714813,7863635771.54336,0
4004,M5,population_group,30만+,amt,63,8039741962.35035,0.674880315062012,-1.80650375910345,0.502002468558534,8.21515855836295e+21,0
4004,M5,population_group,30만+,cnt,63,165004.419023088,0.45750185233576,-0.475294441200876,0.285682674664987,2895902149306.01,0
4004,M5,population_group,30만+,ticket,63,6268.69770646865,0.192740118328112,0.183365854385084,0.0775293031120098,3876749161.31324,0
4004,M8,SIDO_NM,강원특별자치도,amt,11,1590259599.37394,0.676478800477261,0.166592250130386,0.622873670858191,6.03131360545244e+19,0
4004,M8,SIDO_NM,강원특별자치도,cnt,11,28530.062839909,0.509743449737193,0.528595707209224,0.42869533373893,18439937192.9285,0
4004,M8,SIDO_NM,강원특별자치도,ticket,11,7196.67989423907,0.195282952964284,0.152492704690946,0.043267325982916,949058604.857798,0
4004,M8,SIDO_NM,경기도,amt,41,6745280575.36391,0.620091634607686,-0.22106328681666,0.119345301780718,3.4559068596004e+21,0
4004,M8,SIDO_NM,경기도,cnt,41,131611.385096272,0.457712486230808,0.115961141897136,0.107038957643205,1284870089239.89,0
4004,M8,SIDO_NM,경기도,ticket,41,9037.67432675806,0.246167491496543,0.0446035263963467,-0.0540219418698345,13086612313.1945,0
4004,M8,SIDO_NM,경상남도,amt,15,2548494757.42341,0.309813360813067,0.632870847221736,-0.214795193838961,1.97388161726768e+20,0
4004,M8,SIDO_NM,경상남도,cnt,15,100281.576425494,0.40062792456382,0.424907730525922,-0.366311638812747,298157478010.724,0
4004,M8,SIDO_NM,경상남도,ticket,15,5454.88889855194,0.166766727819042,-1.26700911871496,0.114342303162122,605841377.996422,0
4004,M8,SIDO_NM,경상북도,amt,15,804095685.941334,0.222450584206708,0.859128420268872,0.00652079006341197,2.38556343480665e+19,0
4004,M8,SIDO_NM,경상북도,cnt,15,23156.1229287408,0.242677645067566,0.822037916625536,-0.0485526064119014,23946564753.8232,0
4004,M8,SIDO_NM,경상북도,ticket,15,6585.15829589823,0.182609164919542,0.401803286268422,0.0506492493490741,1091786996.88183,0
4004,M8,SIDO_NM,광주광역시,amt,5,2134769742.10963,0.375748981427308,0.128001201664323,0.241693801356752,4.30432588325728e+19,0
4004,M8,SIDO_NM,광주광역시,cnt,5,64406.0770898953,0.462241697227926,-0.0149720294818785,0.359725883038169,31645328534.9558,0
4004,M8,SIDO_NM,광주광역시,ticket,5,12691.7045207084,0.290235775522172,-1.46651002221254,-0.223441054327255,1193439978.61135,0
4004,M8,SIDO_NM,대구광역시,amt,8,5115910886.48562,0.54421681891544,-0.300923920193297,0.202580144930765,3.67780869318231e+20,0
4004,M8,SIDO_NM,대구광역시,cnt,8,129276.402116712,0.474266100170635,-0.00282695405668143,0.0352384122460605,238575376481.592,0
4004,M8,SIDO_NM,대구광역시,ticket,8,6670.85431441557,0.185734367103387,0.314785251992786,-0.0475269771040826,1099507244.80813,0
4004,M8,SIDO_NM,대전광역시,amt,5,4282795842.69471,0.815362179078806,-0.620786062276198,0.432277511310757,1.19619994868746e+20,0
4004,M8,SIDO_NM,대전광역시,cnt,5,86494.8850753258,0.59900002683766,-0.0242552637666371,0.378565778072046,49673279661.8213,0
4004,M8,SIDO_NM,대전광역시,ticket,5,10602.2149571821,0.325384754619107,-1.25536172142193,0.0948414621362702,766257531.471305,0
4004,M8,SIDO_NM,부산광역시,amt,16,8588710165.83652,0.652149151091132,-0.129430372807511,-0.491912497552693,5.61110643438726e+21,0
4004,M8,SIDO_NM,부산광역시,cnt,16,243322.847673603,0.638199067147333,-0.0991288522761704,-0.46702141059293,4672557272765.54,0
4004,M8,SIDO_NM,부산광역시,ticket,16,9797.18033374834,0.313484780872037,-0.16597146379201,-0.0421877350851651,2871078771.58754,0
4004,M8,SIDO_NM,서울특별시,amt,25,6269846292.55645,0.585288227684798,-0.6716913586994,0.269943063275886,2.04011451750544e+21,0
4004,M8,SIDO_NM,서울특별시,cnt,25,140222.464437821,0.37471925794871,0.0423718940056383,0.129485096366291,990319231822.195,0
4004,M8,SIDO_NM,서울특별시,ticket,25,6297.63714657502,0.233802190213917,-0.556377480280398,0.0203243085367028,1665883693.88884,0
4004,M8,SIDO_NM,세종특별자치시,amt,1,13074569149.12,5.00563526729633,,5.00563526729633,1.70944358435121e+20,0
4004,M8,SIDO_NM,세종특별자치시,cnt,1,186415.435242133,1.12948247594373,,1.12948247594373,34750714496.5139,0
4004,M8,SIDO_NM,세종특별자치시,ticket,1,25102.3750419813,1.58616733301064,,1.58616733301064,630129232.748286,0
4004,M8,SIDO_NM,울산광역시,amt,5,5878698184.17186,0.998371035423163,-7.29270435305553,0.602078902719139,4.70276133407349e+20,0
4004,M8,SIDO_NM,울산광역시,cnt,5,91774.8973066756,0.554373666129109,-0.888881926197509,0.157807264518212,56760580058.3103,0
4004,M8,SIDO_NM,울산광역시,ticket,5,11957.465279255,0.351809278486346,-3.30158695875575,0.0255044155960801,1369062926.43011,0
4004,M8,SIDO_NM,인천광역시,amt,8,9664285788.41577,1.15463097401524,-10.9093916209741,1.13046300898939,1.22186716920835e+21,0
4004,M8,SIDO_NM,인천광역시,cnt,8,191870.831900481,0.737238487280486,-3.73412902551134,0.737238487280486,507101814069.84,0
4004,M8,SIDO_NM,인천광역시,ticket,8,10925.6201907825,0.304706403646608,0.195018399966636,0.0946203489856596,1513875118.16818,0
4004,M8,SIDO_NM,전라남도,amt,8,3791340086.97377,0.890565535192509,-1.02531190369369,0.179294663843227,3.0353751783976e+20,0
4004,M8,SIDO_NM,전라남도,cnt,8,66149.4137559256,0.781426499995429,-1.06566410174053,0.210485068744989,91656819655.642,0
4004,M8,SIDO_NM,전라남도,ticket,8,6161.81887357824,0.146648892730057,0.339040386669063,-0.0784422104791539,597251229.475795,0
4004,M8,SIDO_NM,전북특별자치도,amt,9,1717916856.4424,0.62903035895692,0.0230719250006205,0.624113854569254,6.08078498545128e+19,0
4004,M8,SIDO_NM,전북특별자치도,cnt,9,44156.2324021966,0.707045243120504,-0.0881188834583819,0.681403480397801,37686819426.9748,0
4004,M8,SIDO_NM,전북특별자치도,ticket,9,10597.5140295903,0.245202123899099,0.37529894778006,-0.0724444842925926,2155467347.91901,0
4004,M8,SIDO_NM,제주특별자치도,amt,2,22609117262.1017,3.57695617181161,-498.311682356655,3.57695617181161,1.55523525933508e+21,0
4004,M8,SIDO_NM,제주특별자치도,cnt,2,367535.027137296,3.38445625615632,-217.842774911971,3.38445625615632,394179649939.997,0
4004,M8,SIDO_NM,제주특별자치도,ticket,2,7476.6774502236,0.125491389956536,-1.90751361681874,-0.0671346811306846,143798708.052909,0
4004,M8,SIDO_NM,충청남도,amt,10,2836058609.73821,0.859977460850218,-0.482218768390302,0.80884009920861,1.98006369088983e+20,0
4004,M8,SIDO_NM,충청남도,cnt,10,54312.3190422786,0.626428105620641,-0.113449751566276,0.562740849137804,86122287064.3391,0
4004,M8,SIDO_NM,충청남도,ticket,10,5598.5619244706,0.155274571733624,-0.107813589812062,0.141041810491899,669109170.395907,0
4004,M8,SIDO_NM,충청북도,amt,9,1538382721.23422,0.511699015001152,0.569260649819447,0.382239890482551,3.71732443969965e+19,0
4004,M8,SIDO_NM,충청북도,cnt,9,29577.6209776439,0.357359111294454,0.689754148428424,0.300645004601191,14161288726.609,0
4004,M8,SIDO_NM,충청북도,ticket,9,6356.58538237142,0.208150769225287,0.287111398733845,0.0866178135018523,560602368.578721,0
4004,M8,population_group,<5만,amt,12,346954525.793334,0.57290013106877,0.432871665047848,-0.197678729217165,2.73844240199261e+18,0
4004,M8,population_group,<5만,cnt,12,8160.55517636338,0.442316502704942,0.64389972458862,-0.16261121060603,1409879139.73432,0
4004,M8,population_group,<5만,ticket,12,6718.02907387773,0.22576052542671,-0.476858223907775,-0.0292555202681727,891218832.326844,0
4004,M8,population_group,5–15만,amt,46,1904187767.09879,0.758203129881022,-0.0739680473940727,-0.0425320015786534,8.89975093660226e+20,0
4004,M8,population_group,5–15만,cnt,46,41223.2344260207,0.704622232807091,-0.117206839212621,0.113133689431135,247269397737.525,0
4004,M8,population_group,5–15만,ticket,46,11441.3966134779,0.307288730029421,0.194241424280738,-0.0404771755150375,17237631637.7596,0
4004,M8,population_group,15–30만,amt,72,5262275988.47309,0.616183099829021,-0.138387592780411,-0.0946990791354652,7.45362994160862e+21,0
4004,M8,population_group,15–30만,cnt,72,129332.529295854,0.542832224294019,-0.0276853471430978,-0.15753276120357,5692957376258.02,0
4004,M8,population_group,15–30만,ticket,72,7463.11086805078,0.205251327166836,0.0433887619470605,-0.00512130430503208,7979347076.34019,0
4004,M8,population_group,30만+,amt,63,7839324951.49765,0.658056703550415,-1.59315029801614,0.426423284182362,7.59063329053732e+21,0
4004,M8,population_group,30만+,cnt,63,160222.514747787,0.444243237344749,-0.471761831929771,0.233367554838253,2888967878766.41,0
4004,M8,population_group,30만+,ticket,63,6590.34265491059,0.202629554431941,-0.0238741886230203,0.0620429928464447,4860565068.64005,0
4004,M9,SIDO_NM,강원특별자치도,amt,11,859582961.985962,0.365657060811881,0.75727472919421,0.28715396641667,1.75658581099962e+19,0
4004,M9,SIDO_NM,강원특별자치도,cnt,11,13926.0679585095,0.248815502520214,0.910803240433801,0.145205275650327,3489112571.45354,0
4004,M9,SIDO_NM,강원특별자치도,ticket,11,8030.0805860865,0.217897401640364,-0.106464967059874,0.0388974754036757,1239045497.04076,0
4004,M9,SIDO_NM,경기도,amt,41,7285063079.56384,0.66971367947628,-0.254655603954551,0.0681987226965159,3.55098130863192e+21,0
4004,M9,SIDO_NM,경기도,cnt,41,137506.504928025,0.478214283646329,0.142502677883964,0.0306979192317638,1246294380265.8,0
4004,M9,SIDO_NM,경기도,ticket,41,9933.41518588291,0.270565613441353,-0.00365368975386082,-0.0120794806778097,13747619022.4717,0
4004,M9,SIDO_NM,경상남도,amt,15,3138675693.53995,0.381560002148492,0.432542899175658,0.247010935699902,3.05095122909426e+20,0
4004,M9,SIDO_NM,경상남도,cnt,15,70294.2130622731,0.280827502835565,0.722208546124167,0.101084524587454,144021409601.445,0
4004,M9,SIDO_NM,경상남도,ticket,15,4303.39827684988,0.13156338515398,-0.47643783455455,0.0424370907852749,394567064.079396,0
4004,M9,SIDO_NM,경상북도,amt,15,1059148414.62184,0.293010132641634,0.853243837892299,0.025501502225152,2.48521479509844e+19,0
4004,M9,SIDO_NM,경상북도,cnt,15,28916.8936636238,0.303050889760459,0.845727292010513,0.00580640988556083,20758924157.1444,0
4004,M9,SIDO_NM,경상북도,ticket,15,6982.50928787641,0.193627872377233,0.406777751516344,0.0138748472325693,1082707949.22166,0
4004,M9,SIDO_NM,광주광역시,amt,5,1869842064.55469,0.329118048343726,0.391152844764227,0.14901288394755,3.00536717966906e+19,0
4004,M9,SIDO_NM,광주광역시,cnt,5,39999.9681927911,0.287079325770637,0.577250295241331,0.00221146944604515,13180711297.0126,0
4004,M9,SIDO_NM,광주광역시,ticket,5,11762.4171256044,0.268984693970367,-0.912856701307472,-0.0173390828138889,925550530.967298,0
4004,M9,SIDO_NM,대구광역시,amt,8,4818098964.7534,0.512536388924303,-0.169401835194471,0.165446818258645,3.3059859754616e+20,0
4004,M9,SIDO_NM,대구광역시,cnt,8,109887.072371416,0.403134001406607,0.154284466287559,-0.000334695732661657,201198123998.94,0
4004,M9,SIDO_NM,대구광역시,ticket,8,9723.08388158867,0.27071657480774,0.0918019833129254,0.00861454901793646,1457309992.19138,0
4004,M9,SIDO_NM,대전광역시,amt,5,3739139801.02509,0.711860496746408,-0.212640376580309,-0.168748445912041,8.94973365087165e+19,0
4004,M9,SIDO_NM,대전광역시,cnt,5,68673.5717823444,0.475582704166132,0.301870148281101,-0.115279993307177,33857184426.0492,0
4004,M9,SIDO_NM,대전광역시,ticket,5,11758.1273577124,0.36086000901894,-2.01542048485622,0.0193490414703974,1024486952.63711,0
4004,M9,SIDO_NM,부산광역시,amt,16,7807650254.29293,0.592842509182247,-0.00737226875973462,-0.281353561557531,5.00471136171968e+21,0
4004,M9,SIDO_NM,부산광역시,cnt,16,234215.809279318,0.614312681371082,-0.0205214493976247,-0.218133927201402,4338385722948.85,0
4004,M9,SIDO_NM,부산광역시,ticket,16,10259.1752847876,0.328267440888167,-0.18846898487044,-0.0765269722506976,2926476486.87257,0
4004,M9,SIDO_NM,서울특별시,amt,25,6022720572.25365,0.562219117518083,-0.834752587054058,0.271547412766859,2.23911272221436e+21,0
4004,M9,SIDO_NM,서울특별시,cnt,25,127988.732283753,0.342026814173068,0.0577290159300872,0.141819919666431,974437854602.77,0
4004,M9,SIDO_NM,서울특별시,ticket,25,6490.37831396032,0.240957779847019,-0.599462309779994,0.0144455484485453,1711999957.9872,0
4004,M9,SIDO_NM,세종특별자치시,amt,1,23782886791.5463,9.10534454513118,,9.10534454513118,5.65625704139507e+20,0
4004,M9,SIDO_NM,세종특별자치시,cnt,1,340314.81718725,2.06195169309734,,2.06195169309734,115814174797.191,0
4004,M9,SIDO_NM,세종특별자치시,ticket,1,32509.3795072581,2.05420067641489,,2.05420067641489,1056859755.94693,0
4004,M9,SIDO_NM,울산광역시,amt,5,23999568507.0756,4.07581292821441,-215.875689407846,3.65309673909866,1.22989384768305e+22,0
4004,M9,SIDO_NM,울산광역시,cnt,5,288748.131319965,1.74420636628852,-36.6349947281364,1.17421043095802,1130925179405.37,0
4004,M9,SIDO_NM,울산광역시,ticket,5,15234.3022767984,0.448219481894851,-7.28008627105073,0.227315971823733,2635296984.58483,0
4004,M9,SIDO_NM,인천광역시,amt,8,6783307984.52001,0.810429003931144,-5.92075764038556,0.465793244921075,7.10048574768701e+20,0
4004,M9,SIDO_NM,인천광역시,cnt,8,117138.712663959,0.450090128191831,-1.01279499731517,0.233979257561794,215602910057.774,0
4004,M9,SIDO_NM,인천광역시,ticket,8,9949.93829225079,0.277495452028912,0.169011389128537,-0.0114044683081931,1562784766.04596,0
4004,M9,SIDO_NM,전라남도,amt,8,4771072147.12321,1.1206993629359,-1.7960217159546,0.439365056905564,4.19045328247517e+20,0
4004,M9,SIDO_NM,전라남도,cnt,8,77353.3999052749,0.913779777002348,-1.37128702233045,0.319471094305033,105217797401.994,0
4004,M9,SIDO_NM,전라남도,ticket,8,7869.74454925782,0.187296859562974,0.239990054633768,0.0392039957726139,686754326.782962,0
4004,M9,SIDO_NM,전북특별자치도,amt,9,1209170477.33727,0.44274839992821,0.451921261751522,0.193561361141191,3.41145786232886e+19,0
4004,M9,SIDO_NM,전북특별자치도,cnt,9,25262.7056174668,0.404515395980545,0.508533664678024,0.201743770033276,17021856081.4314,0
4004,M9,SIDO_NM,전북특별자치도,ticket,9,11332.6705083152,0.262211955589645,0.406869696097898,-0.0188985691804221,2046535696.68095,0
4004,M9,SIDO_NM,제주특별자치도,amt,2,14047509323.5162,2.22243639991903,-248.439113013427,2.18728011381461,7.76942573794318e+20,0
4004,M9,SIDO_NM,제주특별자치도,cnt,2,189945.139195166,1.74911496104946,-77.2736046836882,1.70827634854708,140986432410.98,0
4004,M9,SIDO_NM,제주특별자치도,ticket,2,9517.86181186155,0.159751402429299,-2.6635230722746,0.00117194362403118,181189137.573677,0
4004,M9,SIDO_NM,충청남도,amt,10,1609221884.47435,0.487964016470943,0.537588534625038,0.0171797991457996,6.17725380602535e+19,0
4004,M9,SIDO_NM,충청남도,cnt,10,34527.1150533377,0.398229272047317,0.63080164334263,-0.0228257004949365,28556481162.2626,0
4004,M9,SIDO_NM,충청남도,ticket,10,4543.67513244836,0.126017577336049,0.431634368586815,0.0248297171384785,343287588.82705,0
4004,M9,SIDO_NM,충청북도,amt,9,1536507887.34984,0.511075405129117,0.408865509082371,0.00926814445749486,5.10155083188108e+19,0
4004,M9,SIDO_NM,충청북도,cnt,9,36973.9013946854,0.446721545099266,0.557768639424493,-0.00165929501043588,20185816987.8738,0
4004,M9,SIDO_NM,충청북도,ticket,9,7653.64697844772,0.250623945107515,0.0700723696369738,0.0295452087129395,731277833.959469,0
4004,M9,population_group,<5만,amt,12,354210583.217217,0.584881517504586,0.377520694989695,-0.213880100331123,3.00571073273376e+18,0
4004,M9,population_group,<5만,cnt,12,9933.76590909578,0.538427656040784,0.524622118301168,-0.104735426291358,1882125359.5606,0
4004,M9,population_group,<5만,ticket,12,6843.64706638197,0.229981939725299,-0.546379688031913,-0.0935634981706384,933171971.142311,0
4004,M9,population_group,5–15만,amt,46,1974978296.16127,0.786390266479889,-0.0431931376968182,-0.0424480752702278,8.64472562922317e+20,0
4004,M9,population_group,5–15만,cnt,46,38233.2620906137,0.653515108091131,-0.0397898057316213,0.0767513190469248,230134823752.135,0
4004,M9,population_group,5–15만,ticket,46,12266.2457379468,0.329442217797282,0.170682181267718,-0.0271998271673487,17741635647.0999,0
4004,M9,population_group,15–30만,amt,72,4998489932.64701,0.585295227371054,-0.0882369416827742,-0.046444090706627,7.12526691570852e+21,0
4004,M9,population_group,15–30만,cnt,72,123317.247953675,0.517584990914245,0.0573012134307929,-0.10547057169227,5222166517706.87,0
4004,M9,population_group,15–30만,ticket,72,7720.64718821542,0.212334120447282,0.0767346062378842,0.00849507661762827,7701200579.032,0
4004,M9,population_group,30만+,amt,63,8941488718.55182,0.75057567167685,-5.32594789591262,0.454509507721014,1.85172262208073e+22,0
4004,M9,population_group,30만+,cnt,63,151067.646849572,0.418859862486548,-0.678994074033545,0.213797604512693,3295750605355.78,0
4004,M9,population_group,30만+,ticket,63,7476.39996940783,0.229872659720853,-0.554115381327615,0.0721684420999118,7377741346.59671,0
4010,M5,SIDO_NM,강원특별자치도,amt,18,389900084.165121,0.106729993870915,0.983982162471726,-0.0119963726372224,4.45476844211302e+18,0
4010,M5,SIDO_NM,강원특별자치도,cnt,18,37881.3474237621,0.095462520998966,0.988633383549836,-0.0266156125915369,45101758568.6845,0
4010,M5,SIDO_NM,강원특별자치도,ticket,18,321.710250193502,0.0322106216006258,0.708383699194924,0.00144771917668245,3118675.57404407,0
4010,M5,SIDO_NM,경기도,amt,43,1346383831.126,0.115108270674892,0.90351575448788,-0.0165862736187902,1.83224442188677e+20,0
4010,M5,SIDO_NM,경기도,cnt,43,185257.945600438,0.130643309228431,0.871755766064013,0.00645972130807305,3307453562086.67,0
4010,M5,SIDO_NM,경기도,ticket,43,295.630228642709,0.035668144051803,0.788305451488476,-0.0117049750935122,6739716.28454965,0
4010,M5,SIDO_NM,경상남도,amt,22,613658628.835462,0.105501499077991,0.975019321403271,0.0620088786369952,1.77691721494683e+19,0
4010,M5,SIDO_NM,경상남도,cnt,22,60129.0340882295,0.0903575295126075,0.981963059489283,0.0451696460707151,169065215065.286,0
4010,M5,SIDO_NM,경상남도,ticket,22,357.254975057729,0.0388257954806022,0.630011753788158,0.0208725036564642,4254142.07366503,0
4010,M5,SIDO_NM,경상북도,amt,23,406610419.366146,0.0949660745029798,0.984194667715415,0.00763976082948157,8.36181140696344e+18,0
4010,M5,SIDO_NM,경상북도,cnt,23,51464.4154239358,0.106038782360767,0.98298798671812,-0.0244700369385709,129039300645.997,0
4010,M5,SIDO_NM,경상북도,ticket,23,494.241117026376,0.0513755868405845,0.634713196612682,0.0180360245736989,8445215.36674505,0
4010,M5,SIDO_NM,광주광역시,amt,5,476454194.29809,0.0391882501835889,0.987210972126759,-0.031168883518611,1.66274205258958e+18,0
4010,M5,SIDO_NM,광주광역시,cnt,5,87987.3475939026,0.0589344141096299,0.976091810356172,0.00764843884118136,40055392771.9026,0
4010,M5,SIDO_NM,광주광역시,ticket,5,411.360788919048,0.0513418090824052,-0.0687262783880047,-0.0247678140823575,1046764.65240926,0
4010,M5,SIDO_NM,대구광역시,amt,9,1256064782.89159,0.107741685723727,0.919647478465308,-0.0928253128135252,3.00835687196497e+19,0
4010,M5,SIDO_NM,대구광역시,cnt,9,205645.832957873,0.134767373599889,0.890916712449559,-0.118435892716075,730346592706.303,0
4010,M5,SIDO_NM,대구광역시,ticket,9,332.930441902829,0.0424057512624822,0.364941070303469,0.0417750998798809,2095076.49120569,0
4010,M5,SIDO_NM,대전광역시,amt,5,2586723058.96994,0.283722568699027,-0.0806624125791697,0.283722568699027,5.0432437464212e+19,0
4010,M5,SIDO_NM,대전광역시,cnt,5,346710.780069635,0.295326306315864,-0.20489901752279,0.273291963604875,935218822593.674,0
4010,M5,SIDO_NM,대전광역시,ticket,5,332.331431490004,0.0427204737665067,-8.77109459349508,0.0252472979438196,823315.9154796,0
4010,M5,SIDO_NM,부산광역시,amt,16,2483234743.05089,0.22176186389622,0.618914134706439,-0.22176186389622,1.47971811566053e+20,0
4010,M5,SIDO_NM,부산광역시,cnt,16,393103.172612169,0.259837878674615,0.559450024044582,-0.259837878674615,3472704564959.83,0
4010,M5,SIDO_NM,부산광역시,ticket,16,482.439656179242,0.064641684943108,-0.543526750189696,0.0575875912318739,5179534.38990922,0
4010,M5,SIDO_NM,서울특별시,amt,25,2534258855.01985,0.164518334780989,0.541978584894178,0.137276522135969,2.98894467416123e+20,0
4010,M5,SIDO_NM,서울특별시,cnt,25,385654.222461051,0.176967123003148,0.450594263962066,0.161214558057294,7751438411415.79,0
4010,M5,SIDO_NM,서울특별시,ticket,25,216.083630780558,0.0304159621034118,0.258964655284443,-0.010373361533997,1863692.98163575,0
4010,M5,SIDO_NM,세종특별자치시,amt,1,3331873484.2083,0.368696101234637,,0.368696101234637,1.11013809147704e+19,0
4010,M5,SIDO_NM,세종특별자치시,cnt,1,370284.46827071,0.336869383512004,,0.336869383512004,137110587442.522,0
4010,M5,SIDO_NM,세종특별자치시,ticket,1,224.72067123162,0.0273336116850891,,0.0273336116850891,50499.3800787899,0
4010,M5,SIDO_NM,울산광역시,amt,5,1005753287.95311,0.105030666656479,0.855017350841696,0.0235132159173803,7.72166455308143e+18,0
4010,M5,SIDO_NM,울산광역시,cnt,5,127802.238939861,0.114511568279114,0.855005102678257,0.0342003100517897,125722581756.992,0
4010,M5,SIDO_NM,울산광역시,ticket,5,203.134065730568,0.0234805334260986,0.27548321964519,-0.0125738950254432,360987.203647125,0
4010,M5,SIDO_NM,인천광역시,amt,10,1065573448.90091,0.0900708259446036,0.962000676330847,0.0528851429787469,2.05999661837433e+19,0
4010,M5,SIDO_NM,인천광역시,cnt,10,181905.462332152,0.124944921709591,0.917532924911771,0.0763938009923591,695299922097.464,0
4010,M5,SIDO_NM,인천광역시,ticket,10,444.442409436504,0.0508838097652187,0.832489256488749,-0.0270289014942311,4099673.43422995,0
4010,M5,SIDO_NM,전라남도,amt,22,398903908.963118,0.14396277780885,0.970625465565863,-0.0101409087703727,6.65155409366067e+18,0
4010,M5,SIDO_NM,전라남도,cnt,22,38468.4327823742,0.134842308376314,0.976529393434072,0.0358692197486594,62472248974.8819,0
4010,M5,SIDO_NM,전라남도,ticket,22,694.720436951424,0.0671897437890246,0.155320729124688,-0.0657725329270283,22984840.2120424,0
4010,M5,SIDO_NM,전북특별자치도,amt,15,707859009.661474,0.207286075935738,0.828193776847931,0.155606717946809,3.05391786102401e+19,0
4010,M5,SIDO_NM,전북특별자치도,cnt,15,87743.2998956818,0.225842992504482,0.796168364889322,0.158158106468923,516919350076.639,0
4010,M5,SIDO_NM,전북특별자치도,ticket,15,629.416110759855,0.0676008373917414,-0.148078400995145,0.0408328195839765,10006897.0471939,0
4010,M5,SIDO_NM,제주특별자치도,amt,2,3690280780.01985,0.182924244392973,0.715558490731648,-0.129322150094397,4.08492901583943e+19,0
4010,M5,SIDO_NM,제주특별자치도,cnt,2,532322.349585035,0.231184065943554,0.556953445515201,-0.201233998130222,996138392564.707,0
4010,M5,SIDO_NM,제주특별자치도,ticket,2,657.392775360941,0.0733013545084611,-1.56113488262039,0.0733013545084611,1035149.48151101,0
4010,M5,SIDO_NM,충청남도,amt,16,773281686.542452,0.139007092584224,0.956085864543247,0.0248221014214839,2.18021797240674e+19,0
4010,M5,SIDO_NM,충청남도,cnt,16,83344.7102999994,0.135762336164439,0.954590616225705,0.041886013185873,310108092598.282,0
4010,M5,SIDO_NM,충청남도,ticket,16,351.491363342486,0.0369186344829021,0.58627336765041,-0.0132250918572477,3285253.11627463,0
4010,M5,SIDO_NM,충청북도,amt,14,415614420.081917,0.0910103335805723,0.982508273132435,0.0342302993721164,3.55650979985171e+18,0
4010,M5,SIDO_NM,충청북도,cnt,14,46188.5403924877,0.0894357064932944,0.982835728721006,0.0407543417873659,51287872713.3108,0
4010,M5,SIDO_NM,충청북도,ticket,14,278.385253524827,0.0300209434553412,0.677271333565368,0.00840567389646956,2022217.28286276,0
4010,M5,population_group,<5만,amt,58,237093687.952328,0.21326467032309,0.824121840838603,0.0151933010300693,5.73189742862612e+18,0
4010,M5,population_group,<5만,cnt,58,23786.47375941,0.212739242694076,0.861709467491498,0.0157720959492226,68217936860.3076,0
4010,M5,population_group,<5만,ticket,58,601.304116598492,0.0589494088978907,0.239641002431525,-0.00294373799056733,42041037.6765038,0
4010,M5,population_group,5–15만,amt,58,836724524.035411,0.209099906510686,0.624976129195597,0.0115621910725394,1.57584779125096e+20,0
4010,M5,population_group,5–15만,cnt,58,102926.331154521,0.221811214312576,0.653996643545911,0.0212214639393222,2975643375775.81,0
4010,M5,population_group,5–15만,ticket,58,390.570957245995,0.0423080857595211,0.785861455138782,-0.00351798276838278,14745870.6494914,0
4010,M5,population_group,15–30만,amt,72,1045011482.3596,0.106589513644918,0.739131494096358,-0.0203518392678718,1.33641393868835e+20,0
4010,M5,population_group,15–30만,cnt,72,141025.155804982,0.117293687645084,0.698731147944409,-0.0300978377657871,2778374391818.79,0
4010,M5,population_group,15–30만,ticket,72,334.468056370075,0.04056661454858,0.695679933087642,0.0119606972696122,13049149.2408485,0
4010,M5,population_group,30만+,amt,63,2284658178.81977,0.137216988685992,0.704366433161144,0.0399821166526294,5.88718875021101e+20,0
4010,M5,population_group,30만+,cnt,63,343527.566822775,0.160656890422241,0.581358472791458,0.0568014697571552,13653246964584,0
4010,M5,population_group,30만+,ticket,63,273.039567715095,0.0349714926847652,0.726414471717651,-0.00557418723472088,7575593.32064018,0
4010,M8,SIDO_NM,강원특별자치도,amt,18,453661609.170131,0.124183868464342,0.977087687407866,0.00521495915086709,6.37221141062894e+18,0
4010,M8,SIDO_NM,강원특별자치도,cnt,18,49431.1732206778,0.124568547121491,0.974455237970284,0.0002304826243419,101359423431.78,0
4010,M8,SIDO_NM,강원특별자치도,ticket,18,389.603439824937,0.0390082969596245,0.554347180226505,-0.00683119560295453,4766011.2267197,0
4010,M8,SIDO_NM,경기도,amt,43,1072559114.93346,0.0916977923103335,0.942787205881828,-0.0217318041647809,1.08647605966311e+20,0
4010,M8,SIDO_NM,경기도,cnt,43,119290.72516177,0.0841234368916371,0.933547470950227,-0.0120800431333224,1713828740441.06,0
4010,M8,SIDO_NM,경기도,ticket,43,284.984733579083,0.0343837522182091,0.821894130841934,-0.00294242714092902,5670353.98492153,0
4010,M8,SIDO_NM,경상남도,amt,22,654137933.510874,0.112460787392725,0.964238162660156,0.0157870772011444,2.54379896691908e+19,0
4010,M8,SIDO_NM,경상남도,cnt,22,66873.2701120223,0.100492275809474,0.976906387873034,0.00163191510899729,216462791933.025,0
4010,M8,SIDO_NM,경상남도,ticket,22,396.138536623006,0.0430515874619368,0.560022988594825,0.0213547192788006,5058876.15303452,0
4010,M8,SIDO_NM,경상북도,amt,23,381853937.636449,0.0891840635745856,0.981406669415257,-0.0451599531392257,9.83680197148295e+18,0
4010,M8,SIDO_NM,경상북도,cnt,23,58137.940018212,0.119789107050213,0.972200226814244,-0.0769849714558078,210866475976.026,0
4010,M8,SIDO_NM,경상북도,ticket,23,450.067353779813,0.0467837936215106,0.712475329980304,0.0135522673182182,6647400.72472308,0
4010,M8,SIDO_NM,광주광역시,amt,5,271183612.83848,0.022304791085447,0.993092582549225,-0.00790270425600142,8.98055237976656e+17,0
4010,M8,SIDO_NM,광주광역시,cnt,5,66190.3268329718,0.0443346485409504,0.977226327935648,0.0429183753304941,38154640438.5151,0
4010,M8,SIDO_NM,광주광역시,ticket,5,374.84708513368,0.0467845453393877,0.0867269120197898,-0.03967858229894,894505.923384116,0
4010,M8,SIDO_NM,대구광역시,amt,9,1737248049.86342,0.149016225884184,0.870335103748608,-0.0506613147841927,4.85458669174534e+19,0
4010,M8,SIDO_NM,대구광역시,cnt,9,248700.019950115,0.162982385885655,0.863743696125303,-0.0771265892084257,912278402166.993,0
4010,M8,SIDO_NM,대구광역시,ticket,9,320.508343865318,0.0408235336781539,0.491148367995949,0.0408235336781539,1678715.22133037,0
4010,M8,SIDO_NM,대전광역시,amt,5,3153629729.67806,0.345903255675997,-0.340174227609129,0.345903255675997,6.25433550184614e+19,0
4010,M8,SIDO_NM,대전광역시,cnt,5,434956.05040262,0.370493134794779,-0.643181815872918,0.370493134794779,1275405275296.39,0
4010,M8,SIDO_NM,대전광역시,ticket,5,353.888287769154,0.0454915601757364,-7.33263784404573,-0.00510124704064355,702111.036720252,0
4010,M8,SIDO_NM,부산광역시,amt,16,2619127125.03197,0.233897546195992,0.629273513856832,-0.187538971311799,1.4394936875411e+20,0
4010,M8,SIDO_NM,부산광역시,cnt,16,384530.622740842,0.254171495575755,0.599628582586074,-0.206753009964136,3155990749783.8,0
4010,M8,SIDO_NM,부산광역시,ticket,16,327.633299384551,0.0438993110214357,0.281992619902921,0.0205256190821588,2409380.93036897,0
4010,M8,SIDO_NM,서울특별시,amt,25,1880102080.77848,0.12205196124116,0.731351172910577,0.0770471113431803,1.75314178434882e+20,0
4010,M8,SIDO_NM,서울특별시,cnt,25,276738.541386068,0.126988428081132,0.762917520742592,0.0813617170184254,3344941845060.52,0
4010,M8,SIDO_NM,서울특별시,ticket,25,229.342778394372,0.0322823215767717,0.16555711226053,-0.000401875989065196,2098611.57709401,0
4010,M8,SIDO_NM,세종특별자치시,amt,1,2498477426.6306,0.27647474929269,,0.27647474929269,6.24238945138267e+18,0
4010,M8,SIDO_NM,세종특별자치시,cnt,1,246277.43616313,0.224052951722882,,0.224052951722882,60652575563.0846,0
4010,M8,SIDO_NM,세종특별자치시,ticket,1,367.60834975239,0.0447135718723966,,0.0447135718723966,135135.898807676,0
4010,M8,SIDO_NM,울산광역시,amt,5,1840694054.84861,0.192223407079113,0.631658414264132,-0.0126651465331528,1.9617589984143e+19,0
4010,M8,SIDO_NM,울산광역시,cnt,5,277723.925689605,0.248842293712193,0.472390008942242,0.0100713731618158,457481549087.713,0
4010,M8,SIDO_NM,울산광역시,ticket,5,487.579520780696,0.0563599571268242,-2.16721605915404,-0.0302825885331699,1578051.05353167,0
4010,M8,SIDO_NM,인천광역시,amt,10,1420011900.36679,0.120030810498449,0.950730807951788,0.0933403555198831,2.67095198569925e+19,0
4010,M8,SIDO_NM,인천광역시,cnt,10,226104.940713602,0.155304100016679,0.915631993182516,0.115866898073229,711327138800.005,0
4010,M8,SIDO_NM,인천광역시,ticket,10,390.616294764472,0.0447213065449588,0.881478498906258,-0.0207899846607748,2900706.18298243,0
4010,M8,SIDO_NM,전라남도,amt,22,264767460.162394,0.0955534858945103,0.985086036488976,-0.0212234451413719,3.37711003613979e+18,0
4010,M8,SIDO_NM,전라남도,cnt,22,27679.6696137594,0.0970247622752954,0.971627846954482,0.0355149719484103,75518807067.6518,0
4010,M8,SIDO_NM,전라남도,ticket,22,650.075305820128,0.0628718991387327,0.275970516149586,-0.0612389463336752,19701799.9244424,0
4010,M8,SIDO_NM,전북특별자치도,amt,15,748230770.141187,0.219108350843928,0.823644745701334,0.140562212983948,3.13477853774497e+19,0
4010,M8,SIDO_NM,전북특별자치도,cnt,15,93406.2315773487,0.240418845462561,0.780765264728345,0.149321389037218,555981787661.73,0
4010,M8,SIDO_NM,전북특별자치도,ticket,15,540.777970964122,0.0580808833063527,0.180573330115435,0.0352767970213139,7142298.22297165,0
4010,M8,SIDO_NM,제주특별자치도,amt,2,2487919219.7649,0.123324150793697,0.909442559305103,-0.0277249884301783,1.30051594103217e+19,0
4010,M8,SIDO_NM,제주특별자치도,cnt,2,358548.206331085,0.155715108037461,0.854949960658826,-0.0806748454642032,326128059383.706,0
4010,M8,SIDO_NM,제주특별자치도,ticket,2,406.082622815245,0.0452794849751167,0.0354394757270289,0.0452794849751167,389852.300775973,0
4010,M8,SIDO_NM,충청남도,amt,16,504158452.31,0.090628812083639,0.983887687783087,0.0237290207526179,7.9993269381195e+18,0
4010,M8,SIDO_NM,충청남도,cnt,16,47244.9109541573,0.0769584471519525,0.987555066540044,0.0142225495730229,84988481609.041,0
4010,M8,SIDO_NM,충청남도,ticket,16,335.830592793176,0.0352737170711841,0.627281646900477,0.000285795649999225,2959621.24569806,0
4010,M8,SIDO_NM,충청북도,amt,14,435869553.766977,0.0954457583019598,0.975326125856357,0.0369968682876094,5.01682171557887e+18,0
4010,M8,SIDO_NM,충청북도,cnt,14,46808.0490254383,0.0906352722686106,0.979892844544201,0.034535046414138,60081387253.8725,0
4010,M8,SIDO_NM,충청북도,ticket,14,307.177902334573,0.0331259300553939,0.619426191287387,0.0135619723045765,2384674.84740602,0
4010,M8,population_group,<5만,amt,58,242236011.67125,0.217890166607204,0.717745963120921,0.0544091059498657,9.19870435260747e+18,0
4010,M8,population_group,<5만,cnt,58,24955.9432476475,0.223198634691305,0.728693998804881,0.0718724704617686,133833714598.021,0
4010,M8,population_group,<5만,ticket,58,592.378958678253,0.0580744227316646,0.364479414714557,-0.000798535963692815,35138592.3696825,0
4010,M8,population_group,5–15만,amt,58,734571554.945202,0.183571580672291,0.711767858367309,0.0445226411800983,1.21114952705586e+20,0
4010,M8,population_group,5–15만,cnt,58,77616.4509370279,0.167267200140733,0.824150779580853,0.0460429882577563,1512310670156.77,0
4010,M8,population_group,5–15만,ticket,58,356.76565718053,0.038646171047836,0.805887222930921,-0.00530789715713853,13366869.1170442,0
4010,M8,population_group,15–30만,amt,72,1162723629.98249,0.118595965992113,0.683979488343928,-0.0165164085639361,1.61895440473216e+20,0
4010,M8,population_group,15–30만,cnt,72,152999.177636067,0.127252741889654,0.652221563416139,-0.0214993438263542,3207297055897.04,0
4010,M8,population_group,15–30만,ticket,72,329.598577167027,0.0399760102079855,0.731774360563748,0.00402916407747601,11501431.4854028,0
4010,M8,population_group,30만+,amt,63,1918278266.32336,0.115212144034016,0.797802544775435,0.012436829556149,4.02652038619216e+20,0
4010,M8,population_group,30만+,cnt,63,281139.890884647,0.13148016347252,0.740963711279047,0.0189275388333579,8448006690303.09,0
4010,M8,population_group,30만+,ticket,63,264.558918947311,0.0338852730250048,0.743185118964208,0.000606558266065154,7111213.48278298,0
4010,M9,SIDO_NM,강원특별자치도,amt,18,470862838.923199,0.128892477722656,0.977942191842134,0.00142956937671861,6.13456264058097e+18,0
4010,M9,SIDO_NM,강원특별자치도,cnt,18,49613.4734136201,0.125027950948979,0.979339079219874,-0.0183447875045014,81980760494.3487,0
4010,M9,SIDO_NM,강원특별자치도,ticket,18,399.637698182983,0.040012957827034,0.53643907236027,0.000642013738610628,4957528.5679163,0
4010,M9,SIDO_NM,경기도,amt,43,933238759.394744,0.0797866828442752,0.959612908935222,-0.0173337917607039,7.66954459009341e+19,0
4010,M9,SIDO_NM,경기도,cnt,43,116266.938343309,0.0819910721226947,0.949639497092495,-0.0135165233567878,1298811023449.56,0
4010,M9,SIDO_NM,경기도,ticket,43,306.866906007352,0.0370238627438523,0.794049278380306,0.000509661153330643,6556850.15072289,0
4010,M9,SIDO_NM,경상남도,amt,22,727326305.153676,0.125043488198295,0.956264049165293,-0.0174743099088806,3.11101092187443e+19,0
4010,M9,SIDO_NM,경상남도,cnt,22,70029.9309596382,0.105235875636493,0.97147841704961,-0.0135133313093502,267340658613.633,0
4010,M9,SIDO_NM,경상남도,ticket,22,368.783335963268,0.0400786759553184,0.587540750125426,0.00159180981882944,4742475.6503186,0
4010,M9,SIDO_NM,경상북도,amt,23,423063865.743689,0.098808866374758,0.98050753759694,0.00747038463365584,1.03124876805458e+19,0
4010,M9,SIDO_NM,경상북도,cnt,23,50231.0300317255,0.103497479130288,0.981065749597277,-0.0152761568242736,143619828514.123,0
4010,M9,SIDO_NM,경상북도,ticket,23,452.716635518901,0.0470591822918636,0.731660204238894,-0.00393850232082576,6203857.75137915,0
4010,M9,SIDO_NM,광주광역시,amt,5,326635014.475312,0.0268656563824272,0.99088079270927,0.0137847005393855,1.18561704602305e+18,0
4010,M9,SIDO_NM,광주광역시,cnt,5,78880.7552398656,0.0528347679718981,0.969690778797161,0.0266778487750518,50779577123.0042,0
4010,M9,SIDO_NM,광주광역시,ticket,5,311.624105396618,0.0388937053694173,0.303592622687329,-0.00152155201577278,682096.661221314,0
4010,M9,SIDO_NM,대구광역시,amt,9,1060518180.87266,0.0909682510840223,0.952215863540013,0.0160161424249417,1.78901336939688e+19,0
4010,M9,SIDO_NM,대구광역시,cnt,9,134422.041926384,0.0880917706125561,0.959456309711726,0.0247704441551208,271452636996.183,0
4010,M9,SIDO_NM,대구광역시,ticket,9,196.208470844258,0.0249913091835622,0.702789691962539,0.00650769755169549,980504.800729029,0
4010,M9,SIDO_NM,대전광역시,amt,5,1101704404.73778,0.120839531922567,0.76155547385724,0.0273586400595045,1.11277476790167e+19,0
4010,M9,SIDO_NM,대전광역시,cnt,5,185994.11010743,0.158428744336998,0.620578424668903,0.0463892910823419,294499533809.334,0
4010,M9,SIDO_NM,대전광역시,ticket,5,402.606660784604,0.051754199755213,-10.5420741498705,0.00185917381201936,972539.284550614,0
4010,M9,SIDO_NM,부산광역시,amt,16,1141986229.36052,0.101983509805306,0.901963447549744,0.0305687150869496,3.80666080453543e+19,0
4010,M9,SIDO_NM,부산광역시,cnt,16,169187.040038507,0.111831205255152,0.91006504658611,0.0291379529833598,708926433584.619,0
4010,M9,SIDO_NM,부산광역시,ticket,16,249.030107951258,0.03336733532028,0.530939262146869,-0.00306488251636622,1574003.31569758,0
4010,M9,SIDO_NM,서울특별시,amt,25,1401718312.40963,0.0909963724237804,0.861526489472748,0.0117535923183457,9.03646965300112e+19,0
4010,M9,SIDO_NM,서울특별시,cnt,25,186420.011857643,0.0855435030845322,0.899445963842917,0.0113346989639681,1418693630524.98,0
4010,M9,SIDO_NM,서울특별시,ticket,25,226.061495964209,0.0318204478027801,0.064913704515469,0.00404254745241657,2351728.26579173,0
4010,M9,SIDO_NM,세종특별자치시,amt,1,3122746491.8942,0.345554674318345,,0.345554674318345,9.75154565263753e+18,0
4010,M9,SIDO_NM,세종특별자치시,cnt,1,323528.15584348,0.294332438291983,,0.294332438291983,104670467623.483,0
4010,M9,SIDO_NM,세종특별자치시,ticket,1,333.016299153731,0.0405060120014128,,0.0405060120014128,110899.855502047,0
4010,M9,SIDO_NM,울산광역시,amt,5,1174375340.78883,0.12263984261887,0.817961079831282,-0.0471618206823484,9.69525308930737e+18,0
4010,M9,SIDO_NM,울산광역시,cnt,5,178966.809406834,0.16035532855359,0.733011588224945,-0.0565857214376629,231501060020.582,0
4010,M9,SIDO_NM,울산광역시,ticket,5,311.13547838613,0.0359645585491343,-0.650099111448021,0.00395126554244221,822154.40709395,0
4010,M9,SIDO_NM,인천광역시,amt,10,861333270.506294,0.072806805732716,0.981003361795228,-0.0217398902941369,1.02983439397575e+19,0
4010,M9,SIDO_NM,인천광역시,cnt,10,119631.295635732,0.082170830252091,0.974982579216595,-0.0248213864756246,210927945524.576,0
4010,M9,SIDO_NM,인천광역시,ticket,10,353.203298242916,0.0404379263874187,0.886666057083067,-0.00345173652900608,2773745.40422763,0
4010,M9,SIDO_NM,전라남도,amt,22,271072229.942635,0.0978288513412115,0.986704821133284,0.0112523832696788,3.01055329455982e+18,0
4010,M9,SIDO_NM,전라남도,cnt,22,21024.0356736767,0.0736949570486134,0.993789356911801,0.00317667996339288,16531010402.7446,0
4010,M9,SIDO_NM,전라남도,ticket,22,523.211289941148,0.0506022720058959,0.523981064288931,-0.00667699083237255,12953104.8677061,0
4010,M9,SIDO_NM,전북특별자치도,amt,15,606142954.34475,0.177500028603587,0.888124848129546,0.0756256567995076,1.98862135627966e+19,0
4010,M9,SIDO_NM,전북특별자치도,cnt,15,81018.3514993086,0.208533608516407,0.833858421484606,0.114962081068486,421336936929.598,0
4010,M9,SIDO_NM,전북특별자치도,ticket,15,427.158445896205,0.0458778670388303,0.417680762426161,0.00224803250119631,5075619.09879226,0
4010,M9,SIDO_NM,제주특별자치도,amt,2,1835682431.1615,0.0909932987982196,0.950783717034887,-0.0200924075493536,7.0680620016778e+18,0
4010,M9,SIDO_NM,제주특별자치도,cnt,2,263007.47848208,0.114222403580176,0.931962132945385,-0.0371432865792144,152975191512.614,0
4010,M9,SIDO_NM,제주특별자치도,ticket,2,201.28327621507,0.0224437160544767,0.790599242756002,0.00473387248772815,84634.7791988849,0
4010,M9,SIDO_NM,충청남도,amt,16,558819823.733702,0.100454879932536,0.974600522340995,-0.00406771971727308,1.2610153224226e+19,0
4010,M9,SIDO_NM,충청남도,cnt,16,52284.5181794821,0.0851675926129966,0.977889794708307,-0.0171216552598477,150994200318.67,0
4010,M9,SIDO_NM,충청남도,ticket,16,362.464374479501,0.0380711765638566,0.594004940177384,0.000981186869864894,3223859.50331407,0
4010,M9,SIDO_NM,충청북도,amt,14,392686729.57053,0.0859896782306878,0.98033131360271,-0.0112197536010356,3.99914064813614e+18,0
4010,M9,SIDO_NM,충청북도,cnt,14,39264.4479999237,0.0760284611096639,0.980629940665742,-0.00383346511680018,57878899805.1132,0
4010,M9,SIDO_NM,충청북도,ticket,14,311.928745367753,0.033638258881215,0.614431129815932,0.000591211303886085,2415973.89421252,0
4010,M9,population_group,<5만,amt,58,233083318.531915,0.209657361669263,0.730719006458973,0.0400271809173495,8.77591078855499e+18,0
4010,M9,population_group,<5만,cnt,58,23610.0688046891,0.211161528533735,0.757161605329661,0.0551933767164589,119790805446.94,0
4010,M9,population_group,<5만,ticket,58,528.595008085423,0.0518213037510569,0.495359195069922,-0.00263245463740746,27902113.5555853,0
4010,M9,population_group,5–15만,amt,58,607841398.517132,0.151901343814177,0.857191043599782,0.019445978430487,6.00082277513242e+19,0
4010,M9,population_group,5–15만,cnt,58,61096.3785880865,0.13166564641636,0.929103174706941,0.00930266223272374,609715670705.696,0
4010,M9,population_group,5–15만,ticket,58,373.912785411992,0.0405036111833279,0.810552846322629,-1.6151761238914e-05,13045587.9619959,0
4010,M9,population_group,15–30만,amt,72,892982383.126791,0.0910827866656977,0.807663216404624,0.00805254655253072,9.85329975456256e+19,0
4010,M9,population_group,15–30만,cnt,72,118999.381634663,0.098974372478029,0.804936097624293,0.00541219001352417,1798926598057.02,0
4010,M9,population_group,15–30만,ticket,72,280.656957753882,0.0340400298585808,0.779986549929188,0.00340088695441071,9434107.89205307,0
4010,M9,population_group,30만+,amt,63,1302269268.90305,0.0782145308185647,0.903639935978213,-0.00779048000131041,1.91889537762773e+20,0
4010,M9,population_group,30만+,cnt,63,174825.047509267,0.0817601008283839,0.897143335388374,-0.00220150099995394,3354486721037.51,0
4010,M9,population_group,30만+,ticket,63,241.944737576972,0.0309888002354273,0.779712576285608,-0.00116510148803512,6099766.84874031,0
4020,M5,SIDO_NM,강원특별자치도,amt,18,851349916.182519,0.219757332218679,0.946744600413739,-0.0551507211325467,2.17871732853295e+19,0
4020,M5,SIDO_NM,강원특별자치도,cnt,18,43149.168981386,0.298722603265492,0.886602389144613,0.0444999169687158,57548615549.3716,0
4020,M5,SIDO_NM,강원특별자치도,ticket,18,4193.33880225619,0.168826383644846,-0.0283841118872064,-0.0182895915043929,449496119.619887,0
4020,M5,SIDO_NM,경기도,amt,43,2857171954.21329,0.246820906834139,0.689638892503184,0.0721300511344909,7.66096589214639e+20,0
4020,M5,SIDO_NM,경기도,cnt,43,146754.589385975,0.272806030617601,0.531914368290915,0.135409166779603,2096186136691.33,0
4020,M5,SIDO_NM,경기도,ticket,43,3184.54928297552,0.145105053184008,0.398642578898236,-0.078453043744105,766724045.614196,0
4020,M5,SIDO_NM,경상남도,amt,22,2414911870.42743,0.416548167202746,0.0768023841128495,0.357914604809613,4.6026210816448e+20,0
4020,M5,SIDO_NM,경상남도,cnt,22,76762.0913641006,0.264642320589128,0.621282646754166,0.245629606879635,526299197518.588,0
4020,M5,SIDO_NM,경상남도,ticket,22,3260.18753863136,0.146555081343793,0.136048011129632,0.0114310025202682,322063489.227217,0
4020,M5,SIDO_NM,경상북도,amt,23,1612126935.70664,0.2659150989046,0.889549477526897,-0.065782229156231,1.33919160249766e+20,0
4020,M5,SIDO_NM,경상북도,cnt,23,83843.8525923299,0.276966777725328,0.832924354063644,-0.161879360827627,542712228909.466,0
4020,M5,SIDO_NM,경상북도,ticket,23,3392.02641047789,0.161501561786605,-2.66451053128714,0.124112502668334,429377229.155495,0
4020,M5,SIDO_NM,광주광역시,amt,5,7957926061.68781,0.353849851979639,0.171585514936638,-0.353849851979639,3.5222512165865e+20,0
4020,M5,SIDO_NM,광주광역시,cnt,5,423059.011966591,0.34027752152827,0.149981427241062,-0.34027752152827,1085454633174.6,0
4020,M5,SIDO_NM,광주광역시,ticket,5,1513.27539769308,0.0837868862815598,-2.19066792767898,-0.0336948140979401,13447239.6288773,0
4020,M5,SIDO_NM,대구광역시,amt,9,6176492477.94835,0.307645708451204,0.694761425588078,-0.256354529359667,4.62228565212946e+20,0
4020,M5,SIDO_NM,대구광역시,cnt,9,402845.231302191,0.334653176607083,0.623122937356244,-0.304267453005206,1979936905485.58,0
4020,M5,SIDO_NM,대구광역시,ticket,9,2420.27794230749,0.146964692059306,-0.854143850361849,0.116951846239157,89891449.8043263,0
4020,M5,SIDO_NM,대전광역시,amt,5,4910628812.95032,0.580139467628975,-23.9037361209303,0.580139467628975,1.87125126175648e+20,0
4020,M5,SIDO_NM,대전광역시,cnt,5,211912.035532158,0.403550654694058,-6.8846636033384,0.403550654694058,426652096991.756,0
4020,M5,SIDO_NM,대전광역시,ticket,5,2190.2551730969,0.134306438202448,-2.29560176896391,0.134306438202448,25843067.873294,0
4020,M5,SIDO_NM,부산광역시,amt,16,1751097684.71676,0.171190448742931,0.756394533847578,0.0323895614664492,8.37807469069411e+19,0
4020,M5,SIDO_NM,부산광역시,cnt,16,132922.289775366,0.180550877869363,0.755094665393033,-0.166483390129407,419330567339.569,0
4020,M5,SIDO_NM,부산광역시,ticket,16,3869.11519711906,0.278726419755289,-4.66238351970089,0.277085519596513,312869171.728643,0
4020,M5,SIDO_NM,서울특별시,amt,25,3145094281.83025,0.258167127268182,0.152010719991022,0.162653297826633,3.7828142349458e+20,0
4020,M5,SIDO_NM,서울특별시,cnt,25,217413.786551524,0.290086686056932,-0.00203239434416558,0.207755890242504,1726405732510.08,0
4020,M5,SIDO_NM,서울특별시,ticket,25,1804.72542429764,0.110347999427647,-0.117624076193221,-0.0373750223869947,149935625.471352,0
4020,M5,SIDO_NM,세종특별자치시,amt,1,4704379821.71,0.675054394847673,,0.675054394847673,2.21311895069122e+19,0
4020,M5,SIDO_NM,세종특별자치시,cnt,1,166779.121721233,0.448004603423938,,0.448004603423938,27815275442.1059,0
4020,M5,SIDO_NM,세종특별자치시,ticket,1,3092.1500141489,0.165179501745217,,0.165179501745217,9561391.71000103,0
4020,M5,SIDO_NM,울산광역시,amt,5,2252720502.36979,0.243936193877405,-0.504202670305822,0.042581426591901,4.06165065379164e+19,0
4020,M5,SIDO_NM,울산광역시,cnt,5,165705.398261227,0.288074384156716,-0.264290669150477,-0.154773113244,181219219871.125,0
4020,M5,SIDO_NM,울산광역시,ticket,5,3627.61937712822,0.222386526660296,-6.84078383384604,0.222386526660296,68235719.8746815,0
4020,M5,SIDO_NM,인천광역시,amt,10,2746644871.46804,0.222197178488827,0.80813919034808,0.137731765090889,1.47194224697024e+20,0
4020,M5,SIDO_NM,인천광역시,cnt,10,150585.174789169,0.234971096629079,0.770585138317679,0.19895311602096,472923139403.026,0
4020,M5,SIDO_NM,인천광역시,ticket,10,2334.41664235247,0.113758646495083,0.305251065519817,-0.0387709744903535,72709896.8386418,0
4020,M5,SIDO_NM,전라남도,amt,22,1012600707.0944,0.262165728468471,0.900618886098146,-0.139247281956566,4.63847598980994e+19,0
4020,M5,SIDO_NM,전라남도,cnt,22,48477.0823079675,0.294594036160016,0.866909893437709,-0.147806488591888,135776550405.749,0
4020,M5,SIDO_NM,전라남도,ticket,22,3554.52839069124,0.139838491718663,0.109553534303785,-0.0549983977194371,446588416.473039,0
4020,M5,SIDO_NM,전북특별자치도,amt,15,1034440264.85835,0.194525710630264,0.885645924380029,0.0230025759180659,5.26920219694365e+19,0
4020,M5,SIDO_NM,전북특별자치도,cnt,15,59320.1468147453,0.229296720050008,0.862138020258389,-0.053289784499318,167964303599.954,0
4020,M5,SIDO_NM,전북특별자치도,ticket,15,3344.56138475655,0.149401683573026,-0.529861938980647,0.113812603312017,260345956.750119,0
4020,M5,SIDO_NM,제주특별자치도,amt,2,10557629403.0055,0.440124221397404,-0.224265378286187,-0.440124221397404,3.03856777704289e+20,0
4020,M5,SIDO_NM,제주특별자치도,cnt,2,488577.27118754,0.527757457040791,-0.543976535443303,-0.527757457040791,798719651913.135,0
4020,M5,SIDO_NM,제주특별자치도,ticket,2,6756.64277439115,0.244417567861925,-4.13353894213527,0.0840221254520108,102094268.201293,0
4020,M5,SIDO_NM,충청남도,amt,16,1451043107.34314,0.267318197621107,0.865909658263797,0.2149341713312,5.55374503060354e+19,0
4020,M5,SIDO_NM,충청남도,cnt,16,80594.6867154388,0.368769065581512,0.70010879341887,0.355925327554196,206260775515.582,0
4020,M5,SIDO_NM,충청남도,ticket,16,3070.20329079913,0.125458611631125,-0.256483069769351,-0.0473574646370335,201997354.94382,0
4020,M5,SIDO_NM,충청북도,amt,14,888488592.596824,0.148820787947402,0.905470905549859,-0.124323077794065,2.42532492623766e+19,0
4020,M5,SIDO_NM,충청북도,cnt,14,34123.7329617872,0.13943868161414,0.946388464965438,0.0322812802840314,27548670526.6293,0
4020,M5,SIDO_NM,충청북도,ticket,14,4515.33709012869,0.178245907178814,-0.769150733781274,-0.134550236464469,481258671.188045,0
4020,M5,population_group,<5만,amt,58,501663770.215439,0.382402966023225,0.44044136617234,-0.014724368303708,2.3090477322212e+19,0
4020,M5,population_group,<5만,cnt,58,19272.9670233312,0.354318416977258,0.497977421131824,0.00669983616436017,39548298893.9883,0
4020,M5,population_group,<5만,ticket,58,4335.96046166275,0.181490135432088,-0.0892192451038143,0.0132715266006795,1509615915.77909,0
4020,M5,population_group,5–15만,amt,58,1257967862.94565,0.287794327946738,0.482887461014053,-0.0101445525294162,1.53372559768173e+20,0
4020,M5,population_group,5–15만,cnt,58,60409.2906763524,0.288100809515768,0.677664992330268,-0.0103498603091707,398646315705.869,0
4020,M5,population_group,5–15만,ticket,58,3254.93705764519,0.14158863649235,0.372887418701196,-0.0346588260205866,1021943596.20248,0
4020,M5,population_group,15–30만,amt,72,2536159001.67162,0.230752427274908,0.433611700595789,-0.0358615658995033,8.00346050442965e+20,0
4020,M5,population_group,15–30만,cnt,72,134047.76006914,0.228473932512377,0.509052752996408,-0.0619611530833899,2257431266804.67,0
4020,M5,population_group,15–30만,ticket,72,2833.74287655093,0.14519900959531,0.414548274246235,0.0206857232431727,993425646.263812,0
4020,M5,population_group,30만+,amt,63,4893694546.3875,0.286229429750672,0.402488690093046,0.0879629591887544,2.56156310671172e+21,0
4020,M5,population_group,30만+,cnt,63,285646.327268984,0.312206107169389,0.32411017385266,0.080200134826416,8183127819443.12,0
4020,M5,population_group,30만+,ticket,63,2602.74217328916,0.137550691225049,0.307625427338671,0.010665602428039,677453955.857554,0
4020,M8,SIDO_NM,강원특별자치도,amt,18,965314230.795946,0.249174723671393,0.925258766168056,-0.122860741176254,3.05771851437952e+19,0
4020,M8,SIDO_NM,강원특별자치도,cnt,18,36685.1797280045,0.25397226987939,0.916682024096006,-0.0334034562769985,42283379054.3036,0
4020,M8,SIDO_NM,강원특별자치도,ticket,18,4636.38462251377,0.186663679210567,-0.185450014066782,-0.0296150968014547,518148010.229862,0
4020,M8,SIDO_NM,경기도,amt,43,2857649656.757,0.246862173855138,0.709627212169908,0.0407179845065976,7.16757341638441e+20,0
4020,M8,SIDO_NM,경기도,cnt,43,125176.630478493,0.232694185781883,0.713144357753529,0.0627695512502339,1284600038487.08,0
4020,M8,SIDO_NM,경기도,ticket,43,3045.80269131592,0.138783018329815,0.466626523741441,-0.0512505062675176,680045269.568671,0
4020,M8,SIDO_NM,경상남도,amt,22,2404640855.37478,0.414776519736896,0.357041665311332,0.277021494024619,3.20548226612734e+20,0
4020,M8,SIDO_NM,경상남도,cnt,22,85403.2470565033,0.294433268886283,0.713056481326463,0.178004757565633,398762143632.255,0
4020,M8,SIDO_NM,경상남도,ticket,22,2845.24898251473,0.127902364859306,0.366589816639746,0.0223080721813306,236122257.24694,0
4020,M8,SIDO_NM,경상북도,amt,23,1569865020.65344,0.258944133360661,0.88571741342002,-0.0943556427659342,1.38565465180929e+20,0
4020,M8,SIDO_NM,경상북도,cnt,23,95350.5161342422,0.314977477675732,0.816701132236815,-0.20575600218785,595410160007.603,0
4020,M8,SIDO_NM,경상북도,ticket,23,2986.70382851434,0.14220329517751,-1.66472458098381,0.108001569755148,312230527.727118,0
4020,M8,SIDO_NM,광주광역시,amt,5,5189525133.27076,0.230752671741085,0.638881505649572,-0.230752671741085,1.53540296432696e+20,0
4020,M8,SIDO_NM,광주광역시,cnt,5,230162.868908268,0.185126066020612,0.746064654770501,-0.185126066020612,324269734614.751,0
4020,M8,SIDO_NM,광주광역시,ticket,5,1216.4441332341,0.0673519614569374,-1.42728615236358,-0.0673519614569374,10229926.5478349,0
4020,M8,SIDO_NM,대구광역시,amt,9,5988681948.16382,0.298291029610998,0.718024411375901,-0.216742567282969,4.27000984413268e+20,0
4020,M8,SIDO_NM,대구광역시,cnt,9,343399.982927242,0.285270585832537,0.730758117354511,-0.196804927437007,1414471701229.84,0
4020,M8,SIDO_NM,대구광역시,ticket,9,970.886877789545,0.0589544235910047,0.613352338734082,0.00981649832489997,18745211.6122827,0
4020,M8,SIDO_NM,대전광역시,amt,5,6058098135.95928,0.715700974622831,-28.7909209441111,0.715700974622831,2.23847129341784e+20,0
4020,M8,SIDO_NM,대전광역시,cnt,5,330185.262316946,0.628782024785527,-10.4267856342548,0.628782024785527,618322137505.764,0
4020,M8,SIDO_NM,대전광역시,ticket,5,1565.53156680628,0.0959983892351466,-1.09780425894395,0.0323786362818175,16450318.2269555,0
4020,M8,SIDO_NM,부산광역시,amt,16,2206503594.91903,0.215711746902445,0.617578505209083,0.0888610158654451,1.3152232982656e+20,0
4020,M8,SIDO_NM,부산광역시,cnt,16,158083.522318824,0.21472785925957,0.455917548465616,0.00074584988980116,931586089978.646,0
4020,M8,SIDO_NM,부산광역시,ticket,16,2586.64240622322,0.186338617576089,-2.91283708538489,0.116003909926151,216199784.729197,0
4020,M8,SIDO_NM,서울특별시,amt,25,2953288758.60839,0.242422645072392,0.153258550907684,0.0759425164027517,3.77724775826309e+20,0
4020,M8,SIDO_NM,서울특별시,cnt,25,170660.346651864,0.227705405378394,0.328161714304881,0.0705218373589953,1157512944981.12,0
4020,M8,SIDO_NM,서울특별시,ticket,25,1998.74305352958,0.122210999167772,-0.505323739268146,-0.00679313281151498,201947740.024369,0
4020,M8,SIDO_NM,세종특별자치시,amt,1,2480499615.67734,0.355938982488939,,0.355938982488939,6.15287834337543e+18,0
4020,M8,SIDO_NM,세종특별자치시,cnt,1,32524.44879731,0.087367667095503,,0.087367667095503,1057839769.56884,0
4020,M8,SIDO_NM,세종특별자치시,ticket,1,4576.3251389164,0.244462624003184,,0.244462624003184,20942751.7770782,0
4020,M8,SIDO_NM,울산광역시,amt,5,1727953295.91525,0.187111694397982,0.0811142306644309,0.161213400853311,2.48117694474166e+19,0
4020,M8,SIDO_NM,울산광역시,cnt,5,92978.6764090896,0.161640931600973,0.586458747223242,0.0316678015055018,59275627861.0265,0
4020,M8,SIDO_NM,울산광역시,ticket,5,1589.84436960666,0.097463358343605,-2.72755404134319,0.0973922206276118,32439656.3880358,0
4020,M8,SIDO_NM,인천광역시,amt,10,3536115795.1442,0.286063539066432,0.600435563050124,0.238781710444061,3.06542944439989e+20,0
4020,M8,SIDO_NM,인천광역시,cnt,10,243519.424631307,0.379984459534036,0.365400003597742,0.361148774197592,1308184746022.63,0
4020,M8,SIDO_NM,인천광역시,ticket,10,2355.43103413972,0.114782700523513,0.101487656618106,-0.0386853343981998,94035034.173064,0
4020,M8,SIDO_NM,전라남도,amt,22,836728269.898791,0.216631763015083,0.93865066510382,-0.0831544561797636,2.86339532466672e+19,0
4020,M8,SIDO_NM,전라남도,cnt,22,32747.0487029896,0.199003009060155,0.94050460385424,-0.0769046379526384,60696319676.579,0
4020,M8,SIDO_NM,전라남도,ticket,22,3984.36401718481,0.15674862974238,0.0268697009820549,-0.0418912805016217,488057099.446811,0
4020,M8,SIDO_NM,전북특별자치도,amt,15,1363952213.62891,0.256490183759637,0.801021461556244,0.145005525800064,9.16852456922288e+19,0
4020,M8,SIDO_NM,전북특별자치도,cnt,15,57698.5911858593,0.22302874184956,0.881461493013196,0.0211271405370713,144421528061.137,0
4020,M8,SIDO_NM,전북특별자치도,ticket,15,3095.75111897159,0.138287319588574,-0.198453810045435,0.0915498689741325,203948209.865917,0
4020,M8,SIDO_NM,제주특별자치도,amt,2,7389955411.05516,0.308070898048977,0.427849430583812,-0.308070898048977,1.42005019065268e+20,0
4020,M8,SIDO_NM,제주특별자치도,cnt,2,359672.971002968,0.388516011155112,0.12156581872064,-0.388516011155112,454425716579.042,0
4020,M8,SIDO_NM,제주특별자치도,ticket,2,5892.92135106795,0.21317295472372,-2.53140199470382,0.0225678686424201,70231453.6692514,0
4020,M8,SIDO_NM,충청남도,amt,16,1270200901.7009,0.234002569559152,0.914012189355592,0.136636309256684,3.56143753439269e+19,0
4020,M8,SIDO_NM,충청남도,cnt,16,49071.0120494523,0.224529333112342,0.912340484795046,0.188082701750203,60290929479.4621,0
4020,M8,SIDO_NM,충청남도,ticket,16,2016.4055779594,0.0823969686483516,0.322671940196402,-0.00398886935926568,108890027.889251,0
4020,M8,SIDO_NM,충청북도,amt,14,1017806212.38206,0.170481336245127,0.8857521988887,-0.14758560900879,2.93124610380382e+19,0
4020,M8,SIDO_NM,충청북도,cnt,14,26643.4043371518,0.108872062111294,0.960425019084739,-0.044853405599317,20335886850.2704,0
4020,M8,SIDO_NM,충청북도,ticket,14,3746.0582288338,0.147878117184848,-0.191581455534869,-0.0942126642113102,324143611.368463,0
4020,M8,population_group,<5만,amt,58,508566770.324852,0.387664912117448,0.458624383238802,-0.00167958851662985,2.23401456896705e+19,0
4020,M8,population_group,<5만,cnt,58,18697.5955019085,0.343740661803521,0.579661873035008,0.015270719362014,33113366970.9223,0
4020,M8,population_group,<5만,ticket,58,4101.10499938802,0.171659799101286,-0.0123739013517719,0.0106071780084699,1403111229.50673,0
4020,M8,population_group,5–15만,amt,58,1345523045.10401,0.307824954761415,0.331603172937794,0.00222919349963274,1.98242596299218e+20,0
4020,M8,population_group,5–15만,cnt,58,67814.218491018,0.323416001499078,0.133513697867003,0.0703106004497353,1071622888410.69,0
4020,M8,population_group,5–15만,ticket,58,2704.21139370201,0.117632260544647,0.568545689059171,-0.0346399192359603,703098587.508394,0
4020,M8,population_group,15–30만,amt,72,2518452349.86888,0.22914138755709,0.452818579824704,-0.0171945908979138,7.73205394556592e+20,0
4020,M8,population_group,15–30만,cnt,72,124836.466633507,0.212774002624111,0.580741650853683,-0.0309184665352561,1927797562789.63,0
4020,M8,population_group,15–30만,ticket,72,2585.21600833758,0.132464666115875,0.513663112496881,0.00693941279130026,825242313.783733,0
4020,M8,population_group,30만+,amt,63,4672563158.37832,0.273295579774979,0.488913746348503,0.0729635675189258,2.19105424448795e+21,0
4020,M8,population_group,30만+,cnt,63,241161.145723866,0.263584633581015,0.517363467904354,0.0554414735826768,5843373105619.84,0
4020,M8,population_group,30만+,ticket,63,2310.13009659879,0.122086618823789,0.364960182912471,0.0187844576696984,621354759.692249,0
4020,M9,SIDO_NM,강원특별자치도,amt,18,1125665687.72015,0.290565939810876,0.900439497237793,-0.176419505536902,4.07309295002332e+19,0
4020,M9,SIDO_NM,강원특별자치도,cnt,18,36546.199393223,0.253010106102225,0.915878240110491,-0.0951024716286785,42691294663.9731,0
4020,M9,SIDO_NM,강원특별자치도,ticket,18,5012.91225281568,0.201822911784866,-0.317127586177373,-0.0188255238875037,575702922.854932,0
4020,M9,SIDO_NM,경기도,amt,43,2988871804.06361,0.258197987699727,0.711596059113403,0.0497319625455999,7.11897432031007e+20,0
4020,M9,SIDO_NM,경기도,cnt,43,125540.471486475,0.2333705395612,0.725990525147318,0.0212504084624427,1227072192776.12,0
4020,M9,SIDO_NM,경기도,ticket,43,2968.306277113,0.135251868297187,0.525244149162715,-0.00803750369317219,605308446.956663,0
4020,M9,SIDO_NM,경상남도,amt,22,2246817366.46687,0.387553544914839,0.391898042784692,0.223857588833022,3.03170506498661e+20,0
4020,M9,SIDO_NM,경상남도,cnt,22,89696.6675666053,0.309235116345975,0.655145582143685,0.171262406040741,479240261432.396,0
4020,M9,SIDO_NM,경상남도,ticket,22,2696.48505500608,0.121214985916006,0.3986291808101,0.00916033036959867,224178642.844457,0
4020,M9,SIDO_NM,경상북도,amt,23,1527867331.77482,0.252016751065526,0.900070480024834,-0.0135851950345462,1.21162644590436e+20,0
4020,M9,SIDO_NM,경상북도,cnt,23,71890.1458608124,0.23747933132422,0.905974847659208,-0.0379474320675509,305422132079.392,0
4020,M9,SIDO_NM,경상북도,ticket,23,2071.90086600672,0.0986475885604798,-0.54506319170126,0.00947229781816903,181037807.493982,0
4020,M9,SIDO_NM,광주광역시,amt,5,1648706415.01822,0.0733098694797807,0.887741317324897,0.0654652705750784,4.7730126495137e+19,0
4020,M9,SIDO_NM,광주광역시,cnt,5,130169.21955111,0.104698536504923,0.905602539292425,0.0445996603803904,120543437953.812,0
4020,M9,SIDO_NM,광주광역시,ticket,5,1273.54891637036,0.0705137335825301,-1.27475296324563,0.0043884948641229,9587067.31211429,0
4020,M9,SIDO_NM,대구광역시,amt,9,3969792736.64846,0.197731917140833,0.837604767417073,-0.0266037492294756,2.45918182191908e+20,0
4020,M9,SIDO_NM,대구광역시,cnt,9,224185.047726721,0.186235885496381,0.841567307144678,-0.0278344131355532,832331724884.584,0
4020,M9,SIDO_NM,대구광역시,ticket,9,1408.26657637728,0.0855130975318391,0.47578915024863,0.0077468822861731,25414464.621023,0
4020,M9,SIDO_NM,대전광역시,amt,5,1713925788.2253,0.202482417672128,-2.78373272412906,0.0836693123913396,2.8430732641056e+19,0
4020,M9,SIDO_NM,대전광역시,cnt,5,107482.845395708,0.204682912506099,-0.30939922920336,0.0608456616879929,70853742790.303,0
4020,M9,SIDO_NM,대전광역시,ticket,5,1369.4867701867,0.0839769231130647,-0.902930274402766,-0.00428110785418452,14922178.0078718,0
4020,M9,SIDO_NM,부산광역시,amt,16,2421682354.04425,0.236748008132242,0.550110594789944,0.0996602119823,1.54725881111528e+20,0
4020,M9,SIDO_NM,부산광역시,cnt,16,150823.812175424,0.204866856701737,0.552641183027773,0.0997888090035625,765974439986.679,0
4020,M9,SIDO_NM,부산광역시,ticket,16,1465.63942233024,0.105582906692076,-0.425374161850606,0.00853315851404104,78757581.8328119,0
4020,M9,SIDO_NM,서울특별시,amt,25,3057845644.577,0.25100526564519,0.0876489831779883,0.0589215699022896,4.06992693783233e+20,0
4020,M9,SIDO_NM,서울특별시,cnt,25,159307.260425544,0.212557427818419,0.361219782448584,0.047848780832973,1100557063443.63,0
4020,M9,SIDO_NM,서울특별시,ticket,25,1592.9433897455,0.0973988141871059,-0.062286867726336,-0.00295741033617649,142511824.266584,0
4020,M9,SIDO_NM,세종특별자치시,amt,1,1996778997.4917,0.28652755280851,,0.28652755280851,3.98712636482396e+18,0
4020,M9,SIDO_NM,세종특별자치시,cnt,1,15020.104825888,0.0403472331336258,,0.0403472331336258,225603548.980664,0
4020,M9,SIDO_NM,세종특별자치시,ticket,1,4291.3940188759,0.229241894017692,,0.229241894017692,18416062.6252438,0
4020,M9,SIDO_NM,울산광역시,amt,5,1566711312.13972,0.169651580826827,0.449584575509099,0.0823764479695905,1.48623268185394e+19,0
4020,M9,SIDO_NM,울산광역시,cnt,5,98220.5922679722,0.170753861527784,0.562224072332161,0.0308128754468203,62749345562.7819,0
4020,M9,SIDO_NM,울산광역시,ticket,5,1115.13522878672,0.0683619267914303,-0.153675098617981,0.0147921423561296,10040048.6129813,0
4020,M9,SIDO_NM,인천광역시,amt,10,2994825142.41402,0.242274384877476,0.77853391689359,0.122527895074623,1.69907176242381e+20,0
4020,M9,SIDO_NM,인천광역시,cnt,10,115408.151751752,0.180081339447998,0.893050316382926,0.10230497567452,220469501249.599,0
4020,M9,SIDO_NM,인천광역시,ticket,10,2394.94614753632,0.116708314715317,0.311365252107536,0.00950523553503277,72070008.3062788,0
4020,M9,SIDO_NM,전라남도,amt,22,1052136253.08128,0.272401614283513,0.890752534192374,-0.133368809554099,5.0989743141408e+19,0
4020,M9,SIDO_NM,전라남도,cnt,22,42723.6842275433,0.25963077761694,0.899170617047378,-0.163057391175913,102864639231.766,0
4020,M9,SIDO_NM,전라남도,ticket,22,3765.77840560607,0.148149266092726,0.110646559607077,-0.00659093578709437,446040228.055019,0
4020,M9,SIDO_NM,전북특별자치도,amt,15,1319777234.85908,0.248183112361507,0.834723154193025,0.116926577495813,7.61561941984633e+19,0
4020,M9,SIDO_NM,전북특별자치도,cnt,15,60808.9785743749,0.235051666008848,0.854173108219739,0.095350247887148,177668363459.781,0
4020,M9,SIDO_NM,전북특별자치도,ticket,15,2455.24931191495,0.109676079638857,0.171386506130286,0.00852090779774085,141010222.77952,0
4020,M9,SIDO_NM,제주특별자치도,amt,2,203430715.183151,0.00848057662478786,0.999617801847368,0.00324142744603729,9.48597429633291e+16,0
4020,M9,SIDO_NM,제주특별자치도,cnt,2,267220.925703138,0.2886500140999,0.661794838533153,-0.136941802559442,174958040255.751,0
4020,M9,SIDO_NM,제주특별자치도,ticket,2,8580.72972217475,0.310402837504381,-6.43696220674203,0.020562337179684,147904052.681089,0
4020,M9,SIDO_NM,충청남도,amt,16,1240025849.2172,0.228443575065986,0.836463618343193,-0.116692519626296,6.77333919199162e+19,0
4020,M9,SIDO_NM,충청남도,cnt,16,39395.3779220237,0.180257499552414,0.911444108446138,-0.0736264208882903,60907443991.4657,0
4020,M9,SIDO_NM,충청남도,ticket,16,2228.23433694991,0.0910529889471168,0.157654240568244,0.00598790134948438,135418947.892861,0
4020,M9,SIDO_NM,충청북도,amt,14,934302937.070997,0.156494636436567,0.924122669504315,0.0131213803825595,1.94677820683687e+19,0
4020,M9,SIDO_NM,충청북도,cnt,14,33868.3523798889,0.138395128387134,0.946553568152262,0.0350094715116743,27463831073.8181,0
4020,M9,SIDO_NM,충청북도,ticket,14,3774.54149990285,0.149002513080389,-0.188741706960138,-0.000413777080396367,323371120.025873,0
4020,M9,population_group,<5만,amt,58,553809024.214091,0.422151700089781,0.353046042417615,-0.00500967212114421,2.66968906973782e+19,0
4020,M9,population_group,<5만,cnt,58,19716.6365654701,0.362474934323101,0.538581847324722,-0.000146241671360086,36349566304.8764,0
4020,M9,population_group,<5만,ticket,58,4028.19072811029,0.168607829166105,0.0158607794035898,0.0105020804817831,1363979049.61105,0
4020,M9,population_group,5–15만,amt,58,1355646620.54544,0.310140997703692,0.084903811775677,0.0204893908475358,2.71412186401993e+20,0
4020,M9,population_group,5–15만,cnt,58,68419.3395773774,0.326301913134247,0.161524228596003,0.058045405897852,1036980995316.9,0
4020,M9,population_group,5–15만,ticket,58,2612.27855326878,0.113633213774991,0.62101396944281,-0.0186571331908531,617596199.674354,0
4020,M9,population_group,15–30만,amt,72,2265436637.3613,0.206120752903926,0.569305849879411,-0.018972393184221,6.08600782114497e+20,0
4020,M9,population_group,15–30만,cnt,72,114679.445616731,0.195462153973178,0.654355389133587,-0.00769618388830169,1589313223639.82,0
4020,M9,population_group,15–30만,ticket,72,2108.61097027285,0.108043756206306,0.630609528350445,-0.0146703023459837,626801411.422423,0
4020,M9,population_group,30만+,amt,63,3861565857.07541,0.225860805724232,0.636755693314398,0.0925798130612244,1.55724787012619e+21,0
4020,M9,population_group,30만+,cnt,63,175667.279524961,0.192001059568603,0.743181631032419,0.0528788235414363,3109349273123.23,0
4020,M9,population_group,30만+,ticket,63,2161.76750175744,0.114245896956751,0.44471876727314,0.0300610960736202,543314966.461478,0
8001,M5,SIDO_NM,강원특별자치도,amt,18,1489143526.28064,0.136850697541227,0.95453462670029,0.0307483676380658,1.04034585738719e+20,0
8001,M5,SIDO_NM,강원특별자치도,cnt,18,55910.9662160437,0.212135960424397,0.928639937724181,-0.000277038763760828,102661678475.312,0
8001,M5,SIDO_NM,강원특별자치도,ticket,18,4863.71022043173,0.112313769497168,-0.00718182927012734,0.0233478943356814,746701831.058145,0
8001,M5,SIDO_NM,경기도,amt,43,3516991476.57279,0.130750387094596,0.865742780810461,0.0367394104551971,9.5317483150712e+20,0
8001,M5,SIDO_NM,경기도,cnt,43,125672.284196411,0.168370592724269,0.78051336703155,0.0514853453404914,1134155113899.7,0
8001,M5,SIDO_NM,경기도,ticket,43,3909.96262274382,0.107861620944633,-0.561904953282543,0.0130272476796283,1296770360.84197,0
8001,M5,SIDO_NM,경상남도,amt,22,1923576928.89379,0.110121717495091,0.961842405191391,-0.0509668499103587,1.842802716762e+20,0
8001,M5,SIDO_NM,경상남도,cnt,22,78666.4219006196,0.17474890773821,0.917525522739542,-0.0848390362625977,277046267027.205,0
8001,M5,SIDO_NM,경상남도,ticket,22,5964.76844676372,0.150455152549373,-0.0836706292813767,0.0431071835839054,1273965043.58564,0
8001,M5,SIDO_NM,경상북도,amt,23,1668243849.87179,0.126853552962432,0.954135850466909,-0.0553454771147393,1.70199569998704e+20,0
8001,M5,SIDO_NM,경상북도,cnt,23,74398.9822748578,0.209103557940054,0.871303160229566,-0.104695226222181,332095410637.39,0
8001,M5,SIDO_NM,경상북도,ticket,23,6713.15278481855,0.169198111009874,0.358741819150815,0.0161264308108721,1697272770.29474,0
8001,M5,SIDO_NM,광주광역시,amt,5,5947522396.39828,0.157563885693276,0.795613266184745,-0.122600312642983,2.30525540105748e+20,0
8001,M5,SIDO_NM,광주광역시,cnt,5,101879.453405906,0.110346040243276,0.89898723107203,-0.0123232728875262,58158635557.429,0
8001,M5,SIDO_NM,광주광역시,ticket,5,3625.94989068828,0.0899267154835108,-1.05261268270826,-0.0729115646998093,127870136.875204,0
8001,M5,SIDO_NM,대구광역시,amt,9,4962252491.08184,0.139096803246487,0.897542732414926,-0.115093265534017,3.50296286555775e+20,0
8001,M5,SIDO_NM,대구광역시,cnt,9,101836.527332795,0.106060615240491,0.927810243549153,-0.104348396930869,140101252810.051,0
8001,M5,SIDO_NM,대구광역시,ticket,9,4096.35819200032,0.116794333808171,0.198812614832085,0.0608834825237777,242276443.349924,0
8001,M5,SIDO_NM,대전광역시,amt,5,7841081394.89188,0.330326209222846,-0.338052585306664,0.328165747178611,4.70440061218153e+20,0
8001,M5,SIDO_NM,대전광역시,cnt,5,229177.699057339,0.353931132163732,-0.938381786746089,0.353931132163732,401226752430.455,0
8001,M5,SIDO_NM,대전광역시,ticket,5,1381.23961658224,0.0380851719418096,0.00732035000815545,0.0159468746180418,21718603.6371736,0
8001,M5,SIDO_NM,부산광역시,amt,16,11212307245.0884,0.301182782110816,0.378033018355018,-0.297740513273108,2.75379658613804e+21,0
8001,M5,SIDO_NM,부산광역시,cnt,16,279797.170486285,0.279015612877663,0.456228302952695,-0.27161564385772,1813401645669.37,0
8001,M5,SIDO_NM,부산광역시,ticket,16,2063.08628811052,0.0555131418290209,0.217301310104354,-0.00677716578212486,142924097.060648,0
8001,M5,SIDO_NM,서울특별시,amt,25,7195390163.79532,0.181456944238572,0.770231955579553,0.145138160631159,1.82229224872607e+21,0
8001,M5,SIDO_NM,서울특별시,cnt,25,222329.121463963,0.188422781155955,0.722557777851475,0.147954413734569,1749040700445.76,0
8001,M5,SIDO_NM,서울특별시,ticket,25,1802.21742715046,0.0539014393276556,-0.246711639159203,0.0344424255132016,159506961.020335,0
8001,M5,SIDO_NM,세종특별자치시,amt,1,8615677363.993,0.381385316469283,,0.381385316469283,7.42298964404214e+19,0
8001,M5,SIDO_NM,세종특별자치시,cnt,1,116097.27137343,0.187237355735839,,0.187237355735839,13478576420.3559,0
8001,M5,SIDO_NM,세종특별자치시,ticket,1,7233.0564266176,0.198529892660534,,0.198529892660534,52317105.2706342,0
8001,M5,SIDO_NM,울산광역시,amt,5,4138389126.02262,0.149951979514189,0.752220889081185,-0.149951979514189,9.4749542042329e+19,0
8001,M5,SIDO_NM,울산광역시,cnt,5,52999.9313743928,0.0798355737148306,0.912933802089118,-0.033843193679833,20805436973.96,0
8001,M5,SIDO_NM,울산광역시,ticket,5,4759.20950302012,0.11367564754581,-2.19867646654017,-0.0924581718068152,162375777.221544,0
8001,M5,SIDO_NM,인천광역시,amt,10,5816113484.29399,0.227397087790375,0.713615448254788,0.219992168771334,5.7021059979286e+20,0
8001,M5,SIDO_NM,인천광역시,cnt,10,219388.420059146,0.324475915722836,0.523706614672488,0.324475915722836,727378562613.677,0
8001,M5,SIDO_NM,인천광역시,ticket,10,3291.65207754534,0.0815174249957745,0.640555244066123,-0.0707908291726166,174351007.286846,0
8001,M5,SIDO_NM,전라남도,amt,22,2029930182.20456,0.201447022205225,0.90660534644568,-0.156928170241111,2.33595934242541e+20,0
8001,M5,SIDO_NM,전라남도,cnt,22,40311.6495421132,0.177158419859679,0.948237406533556,-0.0314214654594332,61042812554.6709,0
8001,M5,SIDO_NM,전라남도,ticket,22,8645.72241189825,0.193532059313582,-0.39401915347237,-0.144262588608868,2222181831.35825,0
8001,M5,SIDO_NM,전북특별자치도,amt,15,2382048553.91497,0.234711765367145,0.831519825327958,0.188935226688704,2.21189616849625e+20,0
8001,M5,SIDO_NM,전북특별자치도,cnt,15,79867.7997327783,0.302960421486234,0.727035324049288,0.215660740740588,203517039344.423,0
8001,M5,SIDO_NM,전북특별자치도,ticket,15,5605.46908888311,0.152429109093467,0.186877787471466,0.0224280225764352,738447109.290322,0
8001,M5,SIDO_NM,제주특별자치도,amt,2,11870283409.9978,0.185995870269454,0.709765111564054,-0.0919557499599453,3.50688876095719e+20,0
8001,M5,SIDO_NM,제주특별자치도,cnt,2,345038.823974679,0.231263760471671,0.502718332226861,-0.208430500764486,431511076382.557,0
8001,M5,SIDO_NM,제주특별자치도,ticket,2,6994.80778812305,0.158621034572594,-4.48295656424585,0.158621034572594,98307964.7740597,0
8001,M5,SIDO_NM,충청남도,amt,16,2388119276.66296,0.181978071740335,0.868674379942008,0.123609891497861,1.78707695520664e+20,0
8001,M5,SIDO_NM,충청남도,cnt,16,87089.991466955,0.236784664234079,0.766235124457851,0.0862464895497654,294375436564.071,0
8001,M5,SIDO_NM,충청남도,ticket,16,5725.08499896974,0.148475045903881,0.213525492629018,-0.00791009637898921,920975868.286313,0
8001,M5,SIDO_NM,충청북도,amt,14,1292874363.95403,0.111693865480394,0.956555108059689,0.0947449079177758,4.38259253565066e+19,0
8001,M5,SIDO_NM,충청북도,cnt,14,61219.667625017,0.183492391783312,0.897944327902568,0.0307885263676465,78852936422.8028,0
8001,M5,SIDO_NM,충청북도,ticket,14,5306.24068571311,0.150439600471541,0.154516607843857,0.0762320101292687,561419237.505878,0
8001,M5,population_group,<5만,amt,58,1073471628.906,0.254059257018716,0.64366891398499,-0.00197689903061122,2.65317163678618e+20,0
8001,M5,population_group,<5만,cnt,58,35847.7579893492,0.326491028650387,0.607198550942364,-0.000435114559444963,211465948988.466,0
8001,M5,population_group,<5만,ticket,58,7592.37110889293,0.185721354228892,0.278205595841414,-0.0258629594235281,4762531388.14671,0
8001,M5,population_group,5–15만,amt,58,2160984810.44173,0.167193232525112,0.913570157724104,-0.00175219327503996,5.58208656504736e+20,0
8001,M5,population_group,5–15만,cnt,58,89097.8576155072,0.245390670110492,0.846905955540148,-0.0440136182208231,922904920403.942,0
8001,M5,population_group,5–15만,ticket,58,6279.74679462123,0.163461883313802,0.0843129886334715,0.0156847103243081,3795103795.26872,0
8001,M5,population_group,15–30만,amt,72,4664247640.68502,0.173464088541183,0.439250620668962,-0.0460306360905434,2.90095757094589e+21,0
8001,M5,population_group,15–30만,cnt,72,126419.829085998,0.178129641987786,0.335955540892207,-0.0117528335680127,2053844083975.71,0
8001,M5,population_group,15–30만,ticket,72,3369.46761340678,0.0887141783872475,0.150829869902757,-0.00340647329760684,1473476116.57968,0
8001,M5,population_group,30만+,amt,63,7239568924.21621,0.174483965129355,0.673538878828912,0.0444647730111908,5.08175467687595e+21,0
8001,M5,population_group,30만+,cnt,63,217624.041790686,0.191377319795668,0.592335662542934,0.0642184142888587,4650634380861.07,0
8001,M5,population_group,30만+,ticket,63,2415.84090287436,0.0661412666329997,0.00137934001999551,0.0153467379376179,608270848.722514,0
8001,M8,SIDO_NM,강원특별자치도,amt,18,1658491676.3995,0.152413611432385,0.962161300695888,0.00717447553495858,8.65831097667548e+19,0
8001,M8,SIDO_NM,강원특별자치도,cnt,18,57804.0610063112,0.219318692340637,0.911116805436578,-0.0120581945563713,127871216071.241,0
8001,M8,SIDO_NM,강원특별자치도,ticket,18,5417.87056313252,0.125110551002182,-0.0803535965182025,0.0118329166354851,800949724.534829,0
8001,M8,SIDO_NM,경기도,amt,43,2838710498.17599,0.105534090417441,0.929180227055272,0.0202890487692258,5.02793261706582e+20,0
8001,M8,SIDO_NM,경기도,cnt,43,107293.237764367,0.14374709708832,0.845994291900298,0.04361518145142,795794983269.562,0
8001,M8,SIDO_NM,경기도,ticket,43,4220.59198444709,0.116430753107539,-0.848392135223404,0.00359866955866686,1534626118.65955,0
8001,M8,SIDO_NM,경상남도,amt,22,2320512331.0406,0.132845637481046,0.95108987884768,-0.027075579504905,2.36209081281819e+20,0
8001,M8,SIDO_NM,경상남도,cnt,22,85969.5799323817,0.190972079687002,0.917565087718315,-0.0468166540565084,276913361308.514,0
8001,M8,SIDO_NM,경상남도,ticket,22,6001.17894700347,0.151373569989525,-0.110674929508597,0.0443991688304138,1305711345.07835,0
8001,M8,SIDO_NM,경상북도,amt,23,2252277185.33498,0.171263549533196,0.931032595254909,-0.0718420893503079,2.55934597088123e+20,0
8001,M8,SIDO_NM,경상북도,cnt,23,83507.5336303918,0.234703780387794,0.852219314604055,-0.108407343289665,381340268248.887,0
8001,M8,SIDO_NM,경상북도,ticket,23,6559.75341909536,0.165331837778439,0.391117883886405,0.00167742869421375,1611580275.87346,0
8001,M8,SIDO_NM,광주광역시,amt,5,5357293002.35906,0.141927317963573,0.827265901921516,-0.0911180160507372,1.94824881786186e+20,0
8001,M8,SIDO_NM,광주광역시,cnt,5,57847.275464175,0.0626546135941841,0.962736395290695,0.017131673933226,21454717347.5657,0
8001,M8,SIDO_NM,광주광역시,ticket,5,3024.62209745948,0.0750132624562411,-0.643034941327759,-0.0750132624562411,102354966.725198,0
8001,M8,SIDO_NM,대구광역시,amt,9,5280225364.76786,0.148009894696049,0.84365671714114,-0.0351017124897357,5.34529884548435e+20,0
8001,M8,SIDO_NM,대구광역시,cnt,9,115415.218319941,0.120202538163205,0.879684931833438,-0.0354519952424504,233499773524.506,0
8001,M8,SIDO_NM,대구광역시,ticket,9,3435.79344343633,0.0979604779465531,0.453987596853481,0.0576955390229957,165112363.859247,0
8001,M8,SIDO_NM,대전광역시,amt,5,11524747416.0148,0.485510344104196,-1.18303209362621,0.485510344104196,7.6752271401302e+20,0
8001,M8,SIDO_NM,대전광역시,cnt,5,344988.965411707,0.532784540618023,-2.46713539206541,0.532784540618023,717664333779.318,0
8001,M8,SIDO_NM,대전광역시,ticket,5,2080.71429870076,0.0573719149642432,-0.333604857880502,0.00505318853673925,29177625.7498115,0
8001,M8,SIDO_NM,부산광역시,amt,16,10155790690.4685,0.27280284314634,0.511095900557234,-0.207428093740745,2.16465259366915e+21,0
8001,M8,SIDO_NM,부산광역시,cnt,16,238585.875024067,0.237919432952438,0.581503573551132,-0.197865876069471,1395626349348.43,0
8001,M8,SIDO_NM,부산광역시,ticket,16,3883.41436477431,0.104494190890102,-0.844531705886948,0.015675394582451,336819304.75542,0
8001,M8,SIDO_NM,서울특별시,amt,25,5298103502.20664,0.13361022125074,0.878948430247714,0.0805086482946078,9.60060994609241e+20,0
8001,M8,SIDO_NM,서울특별시,cnt,25,163274.321766826,0.138374143684296,0.814217493618208,0.0883969078217563,1171203007877.53,0
8001,M8,SIDO_NM,서울특별시,ticket,25,2266.54482620015,0.0677887288139291,-0.65528573528932,0.0280360409436584,211780807.175566,0
8001,M8,SIDO_NM,세종특별자치시,amt,1,7076347053.8343,0.313244652341796,,0.313244652341796,5.00746876263094e+19,0
8001,M8,SIDO_NM,세종특별자치시,cnt,1,99821.258831947,0.160988008837854,,0.160988008837854,9964283714.79456,0
8001,M8,SIDO_NM,세종특별자치시,ticket,1,5895.1007740103,0.161806248266003,,0.161806248266003,34752213.1357369,0
8001,M8,SIDO_NM,울산광역시,amt,5,4171247880.5391,0.151142596233418,0.471132232950361,-0.119089474403238,2.02236494202777e+20,0
8001,M8,SIDO_NM,울산광역시,cnt,5,152508.020981197,0.229727945591831,0.172309292619252,-0.0278182646719633,197785906121.327,0
8001,M8,SIDO_NM,울산광역시,ticket,5,5244.85009802254,0.125275369952735,-2.59096782828522,-0.0640040461133716,182289830.870599,0
8001,M8,SIDO_NM,인천광역시,amt,10,5498031696.8089,0.214960798101635,0.75366568764253,0.185397715405723,4.90467922040293e+20,0
8001,M8,SIDO_NM,인천광역시,cnt,10,158341.106009967,0.234186815125883,0.757695778724193,0.234186815125883,370038513269.778,0
8001,M8,SIDO_NM,인천광역시,ticket,10,2861.37718287863,0.0708617115038084,0.68408001658953,-0.0285730760482929,153239034.428399,0
8001,M8,SIDO_NM,전라남도,amt,22,1270398531.53984,0.126072316888583,0.965898856252015,-0.102432268607878,8.52927681552627e+19,0
8001,M8,SIDO_NM,전라남도,cnt,22,31610.1407290788,0.138917723454988,0.956594541178931,0.00901928577095347,51187375075.8192,0
8001,M8,SIDO_NM,전라남도,ticket,22,8651.87234666107,0.193669723869832,-0.347038825963863,-0.133361761715193,2147291303.51965,0
8001,M8,SIDO_NM,전북특별자치도,amt,15,2395613177.14953,0.236048336219445,0.801744343580393,0.20844483530968,2.60280432205656e+20,0
8001,M8,SIDO_NM,전북특별자치도,cnt,15,82762.5520071231,0.313941009058046,0.676314608607703,0.229442831479781,241333397098.955,0
8001,M8,SIDO_NM,전북특별자치도,ticket,15,5663.58019466172,0.154009320123412,0.133423049099708,0.0308488340364016,786992698.649818,0
8001,M8,SIDO_NM,제주특별자치도,amt,2,4832664528.3178,0.0757231831472304,0.954690149733141,-0.031412986191263,5.47475892776996e+19,0
8001,M8,SIDO_NM,제주특별자치도,cnt,2,221986.275970336,0.148787259249902,0.804482016022493,-0.148787259249902,169658729017.878,0
8001,M8,SIDO_NM,제주특별자치도,ticket,2,6824.021904444,0.154748128499955,-4.19492580904447,0.154748128499955,93143649.3168066,0
8001,M8,SIDO_NM,충청남도,amt,16,1700216136.48418,0.129558878018663,0.951408341465956,0.0360467030046372,6.61234518771837e+19,0
8001,M8,SIDO_NM,충청남도,cnt,16,67133.5499435737,0.182526083818282,0.843302519162263,-0.0153201539079632,197326006411.865,0
8001,M8,SIDO_NM,충청남도,ticket,16,4810.11006092612,0.124745975339623,0.386393885373973,0.0101271880389731,718543854.768492,0
8001,M8,SIDO_NM,충청북도,amt,14,1110015714.96299,0.0958963603926853,0.976918536169871,0.0292106200481745,2.32838998040994e+19,0
8001,M8,SIDO_NM,충청북도,cnt,14,60813.3885772312,0.182274660340105,0.903267377147887,-0.0156893772373636,74740102171.7495,0
8001,M8,SIDO_NM,충청북도,ticket,14,5649.55554950293,0.160173073565504,0.13562711299239,0.0492370894988199,573962270.160058,0
8001,M8,population_group,<5만,amt,58,924133748.33477,0.218715359740925,0.841362480566732,0.00711302393414728,1.18118397077692e+20,0
8001,M8,population_group,<5만,cnt,58,28343.3128739084,0.258142709463491,0.813087558257439,0.013197319744452,100624926322.618,0
8001,M8,population_group,<5만,ticket,58,7661.36933369584,0.187409159469968,0.291749577919318,-0.0241331313064253,4673165719.20432,0
8001,M8,population_group,5–15만,amt,58,2436789083.91128,0.188531933196584,0.868563332595644,0.0284994148470079,8.48886028196615e+20,0
8001,M8,population_group,5–15만,cnt,58,90009.3233480919,0.247901001928647,0.83860612929471,-0.00380255565897591,972939201668.368,0
8001,M8,population_group,5–15만,ticket,58,6487.4625051331,0.168868725714393,0.0780885812965737,0.0128744011076329,3820901116.4214,0
8001,M8,population_group,15–30만,amt,72,4387405331.74028,0.163168280408731,0.506889953466015,-0.0302902838023722,2.55103505332238e+21,0
8001,M8,population_group,15–30만,cnt,72,125014.331884532,0.176149250817177,0.385459386502602,0.00468074788848845,1900732076117.74,0
8001,M8,population_group,15–30만,ticket,72,3875.32926507375,0.102032929583042,-0.0109036476285969,-0.00550647212732958,1754115374.70523,0
8001,M8,population_group,30만+,amt,63,5873439444.28301,0.141558290820003,0.780448544754656,0.0264216684349219,3.4175788850619e+21,0
8001,M8,population_group,30만+,cnt,63,179442.577180132,0.157800761328525,0.696782398069631,0.0365042060591994,3459106119548.99,0
8001,M8,population_group,30만+,ticket,63,2273.49382194822,0.0622440661912145,0.11322376503206,0.0202326969818758,540145176.930052,0
8001,M9,SIDO_NM,강원특별자치도,amt,18,1521001525.53699,0.139778413603215,0.962102968885233,-0.0150490646310437,8.67165855377962e+19,0
8001,M9,SIDO_NM,강원특별자치도,cnt,18,56877.0138214858,0.215801313582564,0.901254006161504,-0.0423425105716209,142060266581.463,0
8001,M9,SIDO_NM,강원특별자치도,ticket,18,5628.70547662499,0.129979193006484,-0.144091872537575,0.00929844641003374,848203840.950575,0
8001,M9,SIDO_NM,경기도,amt,43,2556039489.36524,0.0950252950255228,0.940015263499762,0.00371563503425539,4.25868653110525e+20,0
8001,M9,SIDO_NM,경기도,cnt,43,98216.2622403623,0.1315861360706,0.856000641730037,0.0204621265125848,744089088120.59,0
8001,M9,SIDO_NM,경기도,ticket,43,4402.63840008168,0.121452750341806,-1.02009638980984,0.0131463074099334,1677183441.18433,0
8001,M9,SIDO_NM,경상남도,amt,22,1986390846.79071,0.113717714316171,0.961182138386871,-0.0147395014196606,1.87468998500467e+20,0
8001,M9,SIDO_NM,경상남도,cnt,22,75429.173052542,0.167557711207204,0.924694690970612,0.0135369002264373,252963770695.215,0
8001,M9,SIDO_NM,경상남도,ticket,22,5898.75718952707,0.148790086442255,-0.124717970172936,-0.00598914007162103,1322220367.68044,0
8001,M9,SIDO_NM,경상북도,amt,23,2002560724.45944,0.1522750663461,0.92984043891236,-0.0198159902427599,2.60358629778987e+20,0
8001,M9,SIDO_NM,경상북도,cnt,23,80463.6390380848,0.226148701140951,0.85751339792489,-0.0500309506429864,367679165322.681,0
8001,M9,SIDO_NM,경상북도,ticket,23,7144.95163262846,0.180081156834616,0.294460343784344,-0.0247331438930161,1867412038.73948,0
8001,M9,SIDO_NM,광주광역시,amt,5,4575303120.2627,0.121210562954707,0.898538884002758,-0.0340238157442111,1.14436872337017e+20,0
8001,M9,SIDO_NM,광주광역시,cnt,5,86897.5381442954,0.0941190683749405,0.922529024153721,0.00466344109490916,44604323773.5123,0
8001,M9,SIDO_NM,광주광역시,ticket,5,3783.1949925494,0.0938265309698072,-0.447351245727999,-0.000632435561645054,90164600.198001,0
8001,M9,SIDO_NM,대구광역시,amt,9,4450133275.90306,0.12474159946746,0.918579669745848,-0.0047771207232829,2.78372047297593e+20,0
8001,M9,SIDO_NM,대구광역시,cnt,9,129669.47680431,0.135048050517614,0.892116770460603,0.0669891879492847,209372857850.756,0
8001,M9,SIDO_NM,대구광역시,ticket,9,4372.48736914824,0.124667259411448,0.170188688648016,0.00538944366390722,250932224.95479,0
8001,M9,SIDO_NM,대전광역시,amt,5,2521598520.46016,0.106228980225632,0.85972173227195,0.0143463780833662,4.93198231386665e+19,0
8001,M9,SIDO_NM,대전광역시,cnt,5,98578.7914758098,0.152240394322296,0.65341758194912,0.0407892356444231,71739292535.0801,0
8001,M9,SIDO_NM,대전광역시,ticket,5,2058.75485675506,0.056766423265187,-0.42744816763895,0.012900816853132,31230801.3625693,0
8001,M9,SIDO_NM,부산광역시,amt,16,4779290401.24989,0.128380354560344,0.853443874526214,0.0077180136381456,6.48886146560263e+20,0
8001,M9,SIDO_NM,부산광역시,cnt,16,133396.448127388,0.133023831746686,0.853566392946229,0.0375396651975704,488335353705.454,0
8001,M9,SIDO_NM,부산광역시,ticket,16,3140.31233255127,0.0844989397239422,-0.644452529665022,-0.00452991556993198,300283999.444036,0
8001,M9,SIDO_NM,서울특별시,amt,25,3075854387.60386,0.0775684327593156,0.943511993961995,-0.000434646307287393,4.48006840153479e+20,0
8001,M9,SIDO_NM,서울특별시,cnt,25,74501.6239112336,0.0631397411439194,0.961938511309532,0.0321022405798899,239945788797.595,0
8001,M9,SIDO_NM,서울특별시,ticket,25,2336.62321106935,0.069884661165543,-0.785288791659333,0.00264114514241036,228413677.033845,0
8001,M9,SIDO_NM,세종특별자치시,amt,1,6436081941.8203,0.284902398790123,,0.284902398790123,4.14231507618254e+19,0
8001,M9,SIDO_NM,세종특별자치시,cnt,1,84404.899339179,0.136125078362818,,0.136125078362818,7124187032.45695,0
8001,M9,SIDO_NM,세종특별자치시,ticket,1,5808.7182994689,0.159435258412344,,0.159435258412344,33741208.2825849,0
8001,M9,SIDO_NM,울산광역시,amt,5,4356944037.14698,0.157871182024549,0.67880283186814,0.0190005107175009,1.22824254526275e+20,0
8001,M9,SIDO_NM,울산광역시,cnt,5,144056.47044491,0.21699709163887,0.438885606302681,0.0476276078472677,134084529167.114,0
8001,M9,SIDO_NM,울산광역시,ticket,5,4866.08869579164,0.116228500375627,-2.56618700006263,0.0153201534869101,181031871.122269,0
8001,M9,SIDO_NM,인천광역시,amt,10,2710552764.4829,0.105976578106674,0.931632349665413,0.0083470338069289,1.3612451742298e+20,0
8001,M9,SIDO_NM,인천광역시,cnt,10,61314.0563864345,0.0906836130517114,0.940994112494725,0.0244341657667882,90111723071.3132,0
8001,M9,SIDO_NM,인천광역시,ticket,10,2776.00797158694,0.0687475517704965,0.786305816148392,0.00114532035612944,103653748.15128,0
8001,M9,SIDO_NM,전라남도,amt,22,1251519320.379,0.124198774190772,0.968567051878122,0.0163827155353571,7.86191564836929e+19,0
8001,M9,SIDO_NM,전라남도,cnt,22,33368.3902335699,0.146644738039427,0.95373325196994,-0.0196121008229461,54561648448.7784,0
8001,M9,SIDO_NM,전라남도,ticket,22,7329.2794828212,0.164063855397798,-0.00642618078376089,-0.00171808406583823,1604326574.68883,0
8001,M9,SIDO_NM,전북특별자치도,amt,15,2076429338.27278,0.204598010752192,0.877012008755847,0.125487684598777,1.61465090556517e+20,0
8001,M9,SIDO_NM,전북특별자치도,cnt,15,68117.4925631396,0.258388290732449,0.777949935786962,0.160994758611743,165556116363.702,0
8001,M9,SIDO_NM,전북특별자치도,ticket,15,5510.33986390644,0.149842267067934,0.164583129581849,0.000834598802691337,758694281.754112,0
8001,M9,SIDO_NM,제주특별자치도,amt,2,1415528207.87865,0.0221799591316919,0.994440067345409,0.0182414380175735,6.71802947024685e+18,0
8001,M9,SIDO_NM,제주특별자치도,cnt,2,34881.2936715099,0.0233793375819704,0.995371703410213,0.0188551705211562,4016156984.47159,0
8001,M9,SIDO_NM,제주특별자치도,ticket,2,1145.8479139925,0.0259843568380756,0.851974563213924,0.0259843568380756,2654057.03195314,0
8001,M9,SIDO_NM,충청남도,amt,16,1415206355.16115,0.107840728955031,0.956253383518808,-0.0118716753821151,5.95303263348606e+19,0
8001,M9,SIDO_NM,충청남도,cnt,16,59305.3895626393,0.161242486287177,0.836957101368039,-0.0648371067371031,205316664242.833,0
8001,M9,SIDO_NM,충청남도,ticket,16,5306.80027834582,0.137627199434055,0.276016243407228,0.0024522883574152,847798069.236969,0
8001,M9,SIDO_NM,충청북도,amt,14,1068742926.67823,0.0923307260269607,0.972136791643665,-0.0201205297571527,2.81075826197292e+19,0
8001,M9,SIDO_NM,충청북도,cnt,14,62531.799468148,0.187425216308036,0.904334180627846,-0.00304877181263763,73915840420.7661,0
8001,M9,SIDO_NM,충청북도,ticket,14,5595.0987123019,0.158629143443087,0.112597677682915,-0.0151294977095816,589254312.714159,0
8001,M9,population_group,<5만,amt,58,835802609.325653,0.197809969282545,0.857429656679421,-0.00820867681740943,1.06155091708472e+20,0
8001,M9,population_group,<5만,cnt,58,28200.3983379008,0.256841085136411,0.812500676826173,0.00809440019125914,100940875866.857,0
8001,M9,population_group,<5만,ticket,58,7932.25619965898,0.194035478819739,0.256625018706816,-0.0295813411098468,4904923979.97853,0
8001,M9,population_group,5–15만,amt,58,2309361386.56262,0.178672979755537,0.890816182602306,-0.0131466063793023,7.05165605035732e+20,0
8001,M9,population_group,5–15만,cnt,58,83080.1781836889,0.228816956355707,0.853887490528015,-0.0399513410080354,880817764009.27,0
8001,M9,population_group,5–15만,ticket,58,5721.16764391547,0.148922061416461,0.253288192890595,0.0236667915616955,3094778868.71385,0
8001,M9,population_group,15–30만,amt,72,2981119537.69308,0.110868295012376,0.776578088111813,0.00873687270598618,1.15584164815386e+21,0
8001,M9,population_group,15–30만,cnt,72,94268.3020761901,0.132827096991291,0.643914078030227,0.039258392614984,1101349396405.3,0
8001,M9,population_group,15–30만,ticket,72,4074.53360481454,0.107277749049762,-0.243629073711344,0.0017997759526927,2157939467.07467,0
8001,M9,population_group,30만+,amt,63,3386202699.72054,0.0816123280217176,0.925024387678471,0.00499679767074222,1.16708435969286e+21,0
8001,M9,population_group,30만+,cnt,63,105947.291293455,0.0931694333057835,0.893726434421854,0.0258601027603862,1212368736832.35,0
8001,M9,population_group,30만+,ticket,63,2286.10756387241,0.0625894071724251,0.0485202536135322,0.00888263038128242,579556798.763174,0
8002,M5,SIDO_NM,강원특별자치도,amt,7,34389590.3320749,0.569014164242718,0.391288972460504,0.509962327365552,1.19301507684666e+16,0
8002,M5,SIDO_NM,강원특별자치도,cnt,7,444.499177114303,0.542734037990602,0.537896030644003,0.175770400768994,1622756.64606837,0
8002,M5,SIDO_NM,강원특별자치도,ticket,7,14915.9774238238,0.201426790801838,-1.58844333425972,0.134380402328965,2614404510.94544,0
8002,M5,SIDO_NM,경기도,amt,9,87433009.866994,0.863450620847265,0.161207197258379,-0.210954976777421,1.40069177544087e+17,0
8002,M5,SIDO_NM,경기도,cnt,9,679.307402241856,0.757310370392258,-0.196742049683944,0.396692002995096,5957566.22160233,0
8002,M5,SIDO_NM,경기도,ticket,9,40056.2590230483,0.501002182643955,-0.513540172576208,-0.188706732095008,29684640889.4891,0
8002,M5,SIDO_NM,경상남도,amt,15,111857107.35848,0.742713486570789,-0.350015830218896,-0.276863525801018,3.54559813416847e+17,0
8002,M5,SIDO_NM,경상남도,cnt,15,1116.5858748733,0.632363819493298,-0.122216038407551,-0.313855092268945,34484568.713899,0
8002,M5,SIDO_NM,경상남도,ticket,15,18106.5782753757,0.230467651694856,-2.65121955838125,-0.00373860723132112,12138913313.4587,0
8002,M5,SIDO_NM,경상북도,amt,3,63115635.3118375,1.45977107343699,-2.51661320117134,1.45977107343699,1.42897692305629e+16,0
8002,M5,SIDO_NM,경상북도,cnt,3,675.16604991076,1.07055927575702,-2.05211836975044,1.07055927575702,1503988.29957076,0
8002,M5,SIDO_NM,경상북도,ticket,3,26872.1964177405,0.505369008897698,-0.83831647141116,0.386295248234994,4177340899.65959,0
8002,M5,SIDO_NM,광주광역시,amt,1,125733955.273043,9.83833765829758,,9.83833765829758,1.58090275086036e+16,0
8002,M5,SIDO_NM,광주광역시,cnt,1,951.1128171753,3.09808735236254,,3.09808735236254,904615.590995136,0
8002,M5,SIDO_NM,광주광역시,ticket,1,58222.3621712153,1.39861229941808,,1.39861229941808,3389843456.79616,0
8002,M5,SIDO_NM,대구광역시,amt,3,99062540.0018515,16.0468477324813,-3078.92310929473,16.0468477324813,3.08314676214912e+16,0
8002,M5,SIDO_NM,대구광역시,cnt,3,1377.41338101204,7.91616885639103,-930.03298047102,7.91616885639103,5904611.16214721,0
8002,M5,SIDO_NM,대구광역시,ticket,3,24384.1500757528,0.653489787907622,-3.89043999677427,0.653489787907622,2259834743.85486,0
8002,M5,SIDO_NM,대전광역시,amt,4,137443108.756514,3.08566220478227,-19.1847412478939,3.08566220478227,1.57208907166456e+17,0
8002,M5,SIDO_NM,대전광역시,cnt,4,636.173747870154,0.647669888389059,0.724198177563157,0.461363609526738,1794668.59081921,0
8002,M5,SIDO_NM,대전광역시,ticket,4,38980.3457980123,0.55266569157321,-5.90897578961777,0.279087203208618,14511744812.411,0
8002,M5,SIDO_NM,부산광역시,amt,16,158708003.42044,0.757915614723884,-0.593689194186421,-0.533758154219018,8.61779535813234e+17,0
8002,M5,SIDO_NM,부산광역시,cnt,16,2168.5004190521,0.746696653571075,-0.6399029570839,-0.491154859602865,134590197.078962,0
8002,M5,SIDO_NM,부산광역시,ticket,16,18839.5339461355,0.268033704190209,-1.03101492715952,-0.164465518131216,8200596411.08407,0
8002,M5,SIDO_NM,서울특별시,amt,6,190566353.357397,3.35513988128871,-19.2459329694445,3.26599178943206,7.58056103646213e+17,0
8002,M5,SIDO_NM,서울특별시,cnt,6,1722.42783081902,1.81403668332703,-5.80218298549285,1.59352950803621,38413869.3423205,0
8002,M5,SIDO_NM,서울특별시,ticket,6,16142.9171323712,0.328475709309158,-0.0186199982163049,0.246834794339197,2965421796.80711,0
8002,M5,SIDO_NM,세종특별자치시,amt,1,94870123.804372,3.33462649576,,3.33462649576,9.00034039065687e+15,0
8002,M5,SIDO_NM,세종특별자치시,cnt,1,841.97176677566,2.4691254157644,,2.4691254157644,708916.456047326,0
8002,M5,SIDO_NM,세종특별자치시,ticket,1,8308.96173086959,0.0995907188128833,,0.0995907188128833,69038845.0450554,0
8002,M5,SIDO_NM,울산광역시,amt,4,172642704.225073,2.62076211347359,-18.4758124704553,1.89101953627539,2.47837712402726e+17,0
8002,M5,SIDO_NM,울산광역시,cnt,4,2828.49152758228,4.49323515104414,-111.54278943259,3.97903760380476,89254197.4725146,0
8002,M5,SIDO_NM,울산광역시,ticket,4,27465.5110827871,0.272199518451035,-0.36665323445474,-0.272199518451035,3849313612.83411,0
8002,M5,SIDO_NM,인천광역시,amt,3,205398346.948463,12.8481034371432,-837.523089461316,12.8481034371432,1.30926547976176e+17,0
8002,M5,SIDO_NM,인천광역시,cnt,3,2068.68976264153,4.66972858384092,-62.0849638625396,4.66972858384092,14678230.8817525,0
8002,M5,SIDO_NM,인천광역시,ticket,3,43273.5510441515,1.08065820423501,-67.1297314062656,1.08065820423501,10464163157.4043,0
8002,M5,SIDO_NM,전라남도,amt,3,88005808.6847517,1.57340539960819,-13.0178035283966,1.10842581283773,3.07826208775593e+16,0
8002,M5,SIDO_NM,전라남도,cnt,3,965.319257061952,1.70551105487977,-12.7063008006225,1.01572617484817,3542914.28135131,0
8002,M5,SIDO_NM,전라남도,ticket,3,18444.7434172176,0.184993247645042,-0.517712982690436,-0.0309619376751341,1463155104.32571,0
8002,M5,SIDO_NM,제주특별자치도,amt,2,106363249.9637,1.69936491394312,-5.51009574916295,1.69936491394312,2.74430234884026e+16,0
8002,M5,SIDO_NM,제주특별자치도,cnt,2,881.91844442415,1.22744390316514,-3.77759588159948,1.22744390316514,3034081.53975003,0
8002,M5,SIDO_NM,제주특별자치도,ticket,2,27041.6480768932,0.281322966277,-4.58189594439617,0.0247082939663527,1473783081.03773,0
8002,M5,SIDO_NM,충청남도,amt,4,25363729.3787576,0.73332069038692,-4.21591285519051,0.73332069038692,2.89160337576684e+15,0
8002,M5,SIDO_NM,충청남도,cnt,4,290.036860842475,0.585341797865742,-3.40251150544113,0.585341797865742,507085.677708215,0
8002,M5,SIDO_NM,충청남도,ticket,4,15887.8393860934,0.216194502020436,0.163142454208143,-0.0749173987784466,1314662757.83676,0
8002,M5,SIDO_NM,충청북도,amt,1,29961896.7350141,0.390535671728547,,-0.390535671728547,897715255959649,0
8002,M5,SIDO_NM,충청북도,cnt,1,553.103805509996,0.423185773152254,,-0.423185773152254,305923.81966964,0
8002,M5,SIDO_NM,충청북도,ticket,1,4159.0807670879,0.070853995862668,,-0.070853995862668,17297952.8271605,0
8002,M5,population_group,<5만,amt,5,82286404.7740987,1.97585373803243,-29.4518812784487,1.97585373803243,7.70956709763811e+16,0
8002,M5,population_group,<5만,cnt,5,619.074574869698,1.12599959052328,-9.56599460770764,1.12599959052328,2846825.51193957,0
8002,M5,population_group,<5만,ticket,5,30444.0623341237,0.430883572752623,-10.4447519954222,0.242322698126222,10062721096.0215,0
8002,M5,population_group,5–15만,amt,18,191659496.354608,1.54413294111618,-2.46712887524362,0.44430572880217,1.48073330907005e+18,0
8002,M5,population_group,5–15만,cnt,18,2062.29010280106,1.34555683088369,-1.74704006872164,0.41211490464237,184592170.231951,0
8002,M5,population_group,5–15만,ticket,18,28036.9711388242,0.372340816415935,-1.06415153296574,-0.0214666614689231,33570320412.5533,0
8002,M5,population_group,15–30만,amt,39,75845089.6728053,0.812809066119127,-0.262930173872778,-0.0351384240777666,5.63180355282266e+17,0
8002,M5,population_group,15–30만,cnt,39,977.226613817412,0.763641859799613,-0.199247831295281,-0.106906342880077,77058422.8965157,0
8002,M5,population_group,15–30만,ticket,39,19149.2788803121,0.270693814839908,0.0300692448990805,-0.000835967764504254,22084697598.5821,0
8002,M5,population_group,30만+,amt,20,137039159.445259,1.14665606336819,-0.314996266753485,0.120544033030326,6.73304181154508e+17,0
8002,M5,population_group,30만+,cnt,20,1353.23945922725,0.918322108596126,-0.12846165215775,0.105484158395096,72710773.1347719,0
8002,M5,population_group,30만+,ticket,20,26206.5816745362,0.370489710293034,-0.528618910495286,0.0228981929643387,32876416238.66,0
8002,M8,SIDO_NM,강원특별자치도,amt,7,22547144.1229729,0.373067670923298,0.75110924392204,0.344925058890824,4.87801947155464e+15,0
8002,M8,SIDO_NM,강원특별자치도,cnt,7,265.202578677283,0.323812672377635,0.770560061720246,-0.0041779649091465,805717.348058865,0
8002,M8,SIDO_NM,강원특별자치도,ticket,7,21703.3085558378,0.293083561872528,-3.08045036280968,0.259072779141055,4121375845.48265,0
8002,M8,SIDO_NM,경기도,amt,9,139593898.569573,1.37856901609296,-0.621726892483011,0.123190102243037,2.70810564049625e+17,0
8002,M8,SIDO_NM,경기도,cnt,9,1111.83825579861,1.23950753154806,-2.49558483431104,0.95569757938478,17401559.6252648,0
8002,M8,SIDO_NM,경기도,ticket,9,46662.1858865062,0.583625569293078,-0.981032226358316,-0.209191217126399,38853432036.6648,0
8002,M8,SIDO_NM,경상남도,amt,15,112358679.862931,0.746043848604513,-0.659349530699692,-0.0956416846295828,4.35801304569014e+17,0
8002,M8,SIDO_NM,경상남도,cnt,15,1122.17698883259,0.635530273823485,-0.323039572882898,-0.141263223632208,40655673.6856389,0
8002,M8,SIDO_NM,경상남도,ticket,15,17372.7987896379,0.221127817720271,-1.74586223648659,0.0105016109741862,9128945308.9444,0
8002,M8,SIDO_NM,경상북도,amt,3,33992680.4068238,0.786200302370453,-0.18841460024751,0.402077733038803,4.82912661026012e+15,0
8002,M8,SIDO_NM,경상북도,cnt,3,279.355592704012,0.442952842553931,0.413397531871354,0.108658206607125,289059.316083129,0
8002,M8,SIDO_NM,경상북도,ticket,3,24853.4359883187,0.467403412726883,-0.0475924992193926,0.388520278416096,2380521015.40845,0
8002,M8,SIDO_NM,광주광역시,amt,1,78271468.736778,6.12452807017042,,6.12452807017042,6.12642281821242e+15,0
8002,M8,SIDO_NM,광주광역시,cnt,1,663.070173413224,2.15983769841441,,2.15983769841441,439662.054870243,0
8002,M8,SIDO_NM,광주광역시,ticket,1,47185.7170425878,1.13349101189941,,1.13349101189941,2226491892.82316,0
8002,M8,SIDO_NM,대구광역시,amt,3,92820641.8819627,15.0357411255879,-2875.36578869681,15.0357411255879,2.87937638488898e+16,0
8002,M8,SIDO_NM,대구광역시,cnt,3,1262.61220664464,7.25639199221056,-851.400956383425,7.25639199221056,5405926.86538368,0
8002,M8,SIDO_NM,대구광역시,ticket,3,26201.5373031914,0.702195360589685,-6.32988593724698,0.702195360589685,3387083967.9885,0
8002,M8,SIDO_NM,대전광역시,amt,4,259178415.123342,5.81867688439899,-111.69429889188,5.81867688439899,8.77719825837794e+17,0
8002,M8,SIDO_NM,대전광역시,cnt,4,579.905216906015,0.590384542536029,0.755848098892378,0.590384542536029,1588719.55389993,0
8002,M8,SIDO_NM,대전광역시,ticket,4,58620.272154776,0.831121750907634,-13.7950376633528,0.381071850769842,31075779912.7365,0
8002,M8,SIDO_NM,부산광역시,amt,16,620085461.275308,2.96123978271463,-97.0266349217716,1.83543987923655,5.30074171603726e+19,0
8002,M8,SIDO_NM,부산광역시,cnt,16,5810.40673303481,2.00074264469842,-46.6065192304203,0.913584808363503,3907164614.70339,0
8002,M8,SIDO_NM,부산광역시,ticket,16,18449.6653806751,0.262486968477613,-1.05978855227345,-0.111810860827728,8316775215.92094,0
8002,M8,SIDO_NM,서울특별시,amt,6,65404574.922051,1.15152278392061,-0.0999598870421265,0.886416742364315,4.11851262866827e+16,0
8002,M8,SIDO_NM,서울특별시,cnt,6,707.908664414434,0.745559414865123,0.368897642511881,0.376125417188197,3564015.19245847,0
8002,M8,SIDO_NM,서울특별시,ticket,6,13459.0646839287,0.273864740953541,0.550595270249031,0.0759137757407461,1308313780.92455,0
8002,M8,SIDO_NM,세종특별자치시,amt,1,96348482.141779,3.3865898819606,,3.3865898819606,9.28303001102471e+15,0
8002,M8,SIDO_NM,세종특별자치시,cnt,1,913.18498090375,2.67796182083211,,2.67796182083211,833906.809348182,0
8002,M8,SIDO_NM,세종특별자치시,ticket,1,7643.62256915019,0.0916160033771604,,0.0916160033771604,58424965.9796221,0
8002,M8,SIDO_NM,울산광역시,amt,4,146038488.309352,2.21690304833931,-9.51002707604499,1.00025729728625,1.33744411010793e+17,0
8002,M8,SIDO_NM,울산광역시,cnt,4,1720.64714878628,2.73335528004175,-33.264955469957,1.97698834549161,27174473.9696034,0
8002,M8,SIDO_NM,울산광역시,ticket,4,42925.2685124465,0.42541489154345,-2.98403136381616,-0.361486482743003,11221417237.4269,0
8002,M8,SIDO_NM,인천광역시,amt,3,65527750.8670828,4.09890017934213,-101.407290526035,4.09890017934213,1.59898197255135e+16,0
8002,M8,SIDO_NM,인천광역시,cnt,3,1115.12694390374,2.5172165776608,-19.2416949389471,1.96480588591608,4709716.12822457,0
8002,M8,SIDO_NM,인천광역시,ticket,3,23455.7793665735,0.585754572887999,-18.4269252058134,0.585754572887999,2983815007.10901,0
8002,M8,SIDO_NM,전라남도,amt,3,108703480.347251,1.94344720525479,-26.1028348412679,1.19805391741171,5.95169056218953e+16,0
8002,M8,SIDO_NM,전라남도,cnt,3,1226.85452191436,2.16758749454835,-27.5813823796825,1.26882993425392,7387944.36855938,0
8002,M8,SIDO_NM,전라남도,ticket,3,16154.532162013,0.16202336358051,-0.269924938033562,-0.105593653467149,1224274402.5952,0
8002,M8,SIDO_NM,제주특별자치도,amt,2,95922981.4340284,1.53256081537032,-4.15744702090829,1.53256081537032,2.17409920204594e+16,0
8002,M8,SIDO_NM,제주특별자치도,cnt,2,925.66001699631,1.28832291857524,-1.70072874302972,1.28832291857524,1715136.9488278,0
8002,M8,SIDO_NM,제주특별자치도,ticket,2,34202.9789826477,0.35582459602861,-9.18796400333323,-0.137668545102541,2689919182.99871,0
8002,M8,SIDO_NM,충청남도,amt,4,44825602.205032,1.29600584618813,-23.8089068941087,1.29600584618813,1.37535884735309e+16,0
8002,M8,SIDO_NM,충청남도,cnt,4,442.79946995672,0.893641715351605,-6.66233761898466,0.893641715351605,882555.709292272,0
8002,M8,SIDO_NM,충청남도,ticket,4,31916.3814726608,0.434303622480968,-2.13514664949837,-0.0204425414827784,4925163859.94008,0
8002,M8,SIDO_NM,충청북도,amt,1,1502164.796748,0.0195798331171533,,-0.0195798331171533,2256499076588.95,0
8002,M8,SIDO_NM,충청북도,cnt,1,199.86344981895,0.152917712179763,,-0.152917712179763,39945.3985735319,0
8002,M8,SIDO_NM,충청북도,ticket,1,539.548685693801,0.00919173790669705,,-0.00919173790669705,291112.784233908,0
8002,M8,population_group,<5만,amt,5,1538666678.07289,36.9463256512724,-20608.8204139085,36.9186848053834,5.21783176212993e+19,0
8002,M8,population_group,<5만,cnt,5,13071.1706198715,23.774410003404,-14102.9879698868,23.7649238414337,3800076969.89293,0
8002,M8,population_group,<5만,ticket,5,30392.1697354538,0.43014912187452,-7.42882870453261,0.30986447595856,7410990858.84762,0
8002,M8,population_group,5–15만,amt,18,129237254.518091,1.04121896236008,-0.631443779072402,0.259172682280473,6.96753201992784e+17,0
8002,M8,population_group,5–15만,cnt,18,1092.10523290742,0.712552348569432,0.0783397816486127,0.159083414357323,61932573.120824,0
8002,M8,population_group,5–15만,ticket,18,27338.7013661591,0.363067548774244,-0.630918806908566,-0.0436928656158363,26524441660.5961,0
8002,M8,population_group,15–30만,amt,39,79718330.2939339,0.854317423557896,-0.393076386469694,0.046263746233111,6.21216651955906e+17,0
8002,M8,population_group,15–30만,cnt,39,1025.17481961806,0.801110402442579,-0.372247731003156,-0.0532440958030816,88174640.1494129,0
8002,M8,population_group,15–30만,ticket,39,22116.7944275109,0.312642553958949,-0.370037936400992,0.00170971758291435,31194880010.6386,0
8002,M8,population_group,30만+,amt,20,167800151.615914,1.40404437726683,-1.80322113196918,0.26419458355083,1.43530484197895e+18,0
8002,M8,population_group,30만+,cnt,20,1358.33527099452,0.921780178470767,-0.0844422043769575,0.0861074086246313,69874444.5143114,0
8002,M8,population_group,30만+,ticket,20,31571.4891124927,0.446334894038183,-1.73264427737042,0.000430402925402553,58771712215.6453,0
8002,M9,SIDO_NM,강원특별자치도,amt,7,23294650.5049607,0.385435998522018,0.637302130524952,-0.0837016248023894,7.10852945071406e+15,0
8002,M9,SIDO_NM,강원특별자치도,cnt,7,419.536309322825,0.512254345937516,0.313861236670394,-0.0857419047008336,2409492.91102168,0
8002,M9,SIDO_NM,강원특별자치도,ticket,7,11894.8860953637,0.160629683530877,-0.676028557423202,0.0274762810064177,1692838534.65302,0
8002,M9,SIDO_NM,경기도,amt,9,91905027.0899267,0.907614330337021,-0.231909118452099,-0.499638921616249,2.05715280897325e+17,0
8002,M9,SIDO_NM,경기도,cnt,9,542.553567950521,0.604853475976055,0.152026142503877,0.0407071007423763,4221344.45058975,0
8002,M9,SIDO_NM,경기도,ticket,9,44087.7379081105,0.551425756136852,-0.936956200954748,-0.165237634026737,37988981254.5532,0
8002,M9,SIDO_NM,경상남도,amt,15,110870159.287823,0.736160307609415,-0.151354530056132,-0.0515481154787121,3.02384637435809e+17,0
8002,M9,SIDO_NM,경상남도,cnt,15,1230.35951584308,0.696798034344415,-0.220588533214718,0.014049132651332,37507456.4116628,0
8002,M9,SIDO_NM,경상남도,ticket,15,12633.2833886751,0.160801401098694,-0.137331061116197,0.0148366938124866,3781192267.08851,0
8002,M9,SIDO_NM,경상북도,amt,3,32291418.6926916,0.746852641107662,0.125288525154799,-0.010674725113157,3.55439293542429e+15,0
8002,M9,SIDO_NM,경상북도,cnt,3,271.332739879965,0.430231617145821,0.523709482518065,0.164528329363298,234701.04324555,0
8002,M9,SIDO_NM,경상북도,ticket,3,28611.4213425676,0.538077551319998,-0.661484566518697,0.130558769583111,3775512835.68921,0
8002,M9,SIDO_NM,광주광역시,amt,1,18763125.3409416,1.46816317221765,,1.46816317221765,352054872559885,0
8002,M9,SIDO_NM,광주광역시,cnt,1,78.918828788143,0.257064588886459,,0.257064588886459,6228.18153729223,0
8002,M9,SIDO_NM,광주광역시,ticket,1,38104.3501394934,0.9153392404401,,0.9153392404401,1451941499.55311,0
8002,M9,SIDO_NM,대구광역시,amt,3,5882868.59906628,0.952948477170563,-15.1992231848534,0.535013401901197,162161783717868,0
8002,M9,SIDO_NM,대구광역시,cnt,3,290.209272044642,1.66786937956691,-43.102359495627,0.877252582229986,279697.163921266,0
8002,M9,SIDO_NM,대구광역시,ticket,3,19876.8203935762,0.532694356904914,-1.9266246384822,0.0110130795434358,1352370756.95155,0
8002,M9,SIDO_NM,대전광역시,amt,4,54913804.7316467,1.23284065177407,-4.5954517952135,1.19185431089478,4.35801901557635e+16,0
8002,M9,SIDO_NM,대전광역시,cnt,4,533.42317850629,0.543062538565834,0.53648325851371,-0.363687516564752,3016147.35506254,0
8002,M9,SIDO_NM,대전광역시,ticket,4,60324.2947347689,0.855281485726514,-13.9736168454733,0.361439080841969,31450871040.3729,0
8002,M9,SIDO_NM,부산광역시,amt,16,326406402.437225,1.55876517769336,-16.8043872450145,0.684608667196129,9.62763419079372e+18,0
8002,M9,SIDO_NM,부산광역시,cnt,16,3495.18494553578,1.2035242785816,-9.21613176789869,0.404816640446412,838458874.707537,0
8002,M9,SIDO_NM,부산광역시,ticket,16,17222.4517764084,0.245027162458808,-0.930902344692107,-0.0317547145535523,7796373441.81482,0
8002,M9,SIDO_NM,서울특별시,amt,6,56589302.5114789,0.996319771909015,0.303744567031413,-0.0261226315652515,2.60694669618456e+16,0
8002,M9,SIDO_NM,서울특별시,cnt,6,855.912852527659,0.901435337048614,0.0360611083558803,-0.024499430570017,5443638.12566791,0
8002,M9,SIDO_NM,서울특별시,ticket,6,16697.7269195052,0.339764966192912,0.132956653324851,-0.0288537727240126,2524149578.36032,0
8002,M9,SIDO_NM,세종특별자치시,amt,1,70629863.8530381,2.48259626899958,,2.48259626899958,4.9885776678987e+15,0
8002,M9,SIDO_NM,세종특별자치시,cnt,1,829.50912771862,2.43257808715138,,2.43257808715138,688085.392968506,0
8002,M9,SIDO_NM,세종특별자치시,ticket,1,2693.1284477779,0.0322796766499917,,0.0322796766499917,7252940.83623059,0
8002,M9,SIDO_NM,울산광역시,amt,4,66719417.3747799,1.01281848007256,-1.21557608299456,0.236743120844009,2.81941155932031e+16,0
8002,M9,SIDO_NM,울산광역시,cnt,4,877.477833554834,1.39392825028568,-8.80782207078464,0.810508453822694,7778279.6418551,0
8002,M9,SIDO_NM,울산광역시,ticket,4,39049.860101984,0.387007293740179,-2.59117028989982,-0.0768715221993073,10114885279.1704,0
8002,M9,SIDO_NM,인천광역시,amt,3,15622024.2385913,0.977190840612467,-4.84980816390774,0.113961477658484,913385926814868,0
8002,M9,SIDO_NM,인천광역시,cnt,3,497.830012925167,1.12376978086945,-3.06524874457371,-0.0244415337285312,945877.686394944,0
8002,M9,SIDO_NM,인천광역시,ticket,3,15699.7691905686,0.392065914883522,-7.61360406659278,0.19756711215629,1322978330.68836,0
8002,M9,SIDO_NM,전라남도,amt,3,67733517.0862807,1.21096872025532,-5.32136341816405,0.50424694877984,1.38814995613563e+16,0
8002,M9,SIDO_NM,전라남도,cnt,3,918.340486427262,1.62250969333439,-10.8862483740872,0.709083981472465,3072452.56972106,0
8002,M9,SIDO_NM,전라남도,ticket,3,47178.7475278332,0.473183580144154,-6.14165791182536,0.135214228062891,6884933677.32275,0
8002,M9,SIDO_NM,제주특별자치도,amt,2,46119600.3332998,0.73685253767854,-0.0694016974432443,0.180044814966307,4.50801601577765e+15,0
8002,M9,SIDO_NM,제주특별자치도,cnt,2,743.372501635611,1.03461726045318,-0.791689179826325,0.177781133393513,1137838.19314182,0
8002,M9,SIDO_NM,제주특별자치도,ticket,2,32699.9145975536,0.340187733581556,-7.13275550896011,-0.0217171190914742,2147284290.26966,0
8002,M9,SIDO_NM,충청남도,amt,4,35816643.36301,1.03553721324207,-13.7918431588601,0.786429940405995,8.20031791164028e+15,0
8002,M9,SIDO_NM,충청남도,cnt,4,201.175778085425,0.406005606630524,-0.796146371615829,0.311186156660966,206881.935229083,0
8002,M9,SIDO_NM,충청남도,ticket,4,48222.2452308055,0.656186410287269,-5.22530502069473,0.12425719255928,9779653309.01985,0
8002,M9,SIDO_NM,충청북도,amt,1,15036240.5348817,0.195988536690325,,-0.195988536690325,226088529422820,0
8002,M9,SIDO_NM,충청북도,cnt,1,194.14366755099,0.148541444185914,,-0.148541444185914,37691.7636501493,0
8002,M9,SIDO_NM,충청북도,ticket,1,4808.4832663987,0.0819172005889351,,-0.0819172005889351,23121511.3232363,0
8002,M9,population_group,<5만,amt,5,625343545.712484,15.0156928807685,-3522.26783071451,14.9837432210829,8.91993157843651e+18,0
8002,M9,population_group,<5만,cnt,5,5772.51990510984,10.4993086669877,-2698.95083800143,10.4034067861318,727455314.145073,0
8002,M9,population_group,<5만,ticket,5,21287.842984603,0.301292966120404,-2.30715376733709,0.200128799499187,2907792671.75744,0
8002,M9,population_group,5–15만,amt,18,101805031.454994,0.82020721973605,-0.176668471203467,-0.455831853596309,5.02528824781884e+17,0
8002,M9,population_group,5–15만,cnt,18,1125.4311246923,0.734296079616552,-0.12945327882176,-0.375445914598471,75895591.8725727,0
8002,M9,population_group,5–15만,ticket,18,21420.0453222626,0.284465719334191,-0.458486696028065,-0.0866853954060065,23720092697.2454,0
8002,M9,population_group,15–30만,amt,39,67152994.6004917,0.719658491588538,-0.133310698428218,0.0664624969911308,5.05378947300607e+17,0
8002,M9,population_group,15–30만,cnt,39,837.449070859927,0.654414397762626,0.0166175296042099,0.0773899607272978,63187858.5020521,0
8002,M9,population_group,15–30만,ticket,39,24856.8145086572,0.351375421819891,-0.651144606662128,0.062457069559294,37595497552.677,0
8002,M9,population_group,30만+,amt,20,91409036.7338755,0.764852372430179,0.317148424581024,-0.0363460228143045,3.49633555973988e+17,0
8002,M9,population_group,30만+,cnt,20,1026.17265231988,0.696371235287647,0.396185183161656,0.0310628620908611,38905923.0135091,0
8002,M9,population_group,30만+,ticket,20,30968.7277365754,0.437813489365386,-1.69076287249127,-0.0221894093666461,57870957625.9872,0
8003,M5,SIDO_NM,강원특별자치도,amt,1,103512366.466378,5.74111849508475,,5.74111849508475,1.07148100114697e+16,0
8003,M5,SIDO_NM,강원특별자치도,cnt,1,452.457769209725,2.07549435417305,,2.07549435417305,204718.032918241,0
8003,M5,SIDO_NM,강원특별자치도,ticket,1,98534.7280720264,1.19137940763737,,1.19137940763737,9709092636.22819,0
8003,M5,SIDO_NM,경기도,amt,3,43298818.9387325,1.51624205458384,-8.24096825271342,0.921960242146847,8.70680393989813e+15,0
8003,M5,SIDO_NM,경기도,cnt,3,498.125774941491,1.52176916988236,-88.2368518925688,1.52176916988236,1378233.43186343,0
8003,M5,SIDO_NM,경기도,ticket,3,44103.2756704007,0.536005046653949,-0.457058125668665,-0.211032285160429,6278560247.16463,0
8003,M5,SIDO_NM,경상남도,amt,3,54033085.0104003,2.55153872235481,-1183.68990427851,2.55153872235481,2.36031298182294e+16,0
8003,M5,SIDO_NM,경상남도,cnt,3,292.634618111334,1.45831205038871,-259.123130537013,1.45831205038871,470996.281692352,0
8003,M5,SIDO_NM,경상남도,ticket,3,55156.7014461089,0.522534309961036,-3119.22749793654,0.277523142506858,16799028333.8949,0
8003,M5,SIDO_NM,경상북도,amt,1,280508593.319929,0.954987891328528,,-0.954987891328528,7.86850709263251e+16,0
8003,M5,SIDO_NM,경상북도,cnt,1,3508.28116958428,0.934047169750873,,-0.934047169750873,12308036.7648596,0
8003,M5,SIDO_NM,경상북도,ticket,1,23795.0483516359,0.304273317702463,,-0.304273317702463,566204326.05669,0
8003,M5,SIDO_NM,대구광역시,amt,1,1137487611.11902,47.296782167111,,47.296782167111,1.29387806544925e+18,0
8003,M5,SIDO_NM,대구광역시,cnt,1,14425.8148035384,18.7105250370148,,18.7105250370148,208104132.745988,0
8003,M5,SIDO_NM,대구광역시,ticket,1,34324.2107168242,1.1003728258907,,1.1003728258907,1178151441.33295,0
8003,M5,SIDO_NM,부산광역시,amt,2,118294393.235312,0.876709354741804,-3.73276728937778,-0.876709354741804,3.45089196835044e+16,0
8003,M5,SIDO_NM,부산광역시,cnt,2,2073.61348556432,0.91087787637352,-155.028424920583,-0.91087787637352,8650918.00550926,0
8003,M5,SIDO_NM,부산광역시,ticket,2,17881.242738931,0.290563543396495,0.549209449830792,0.290563543396495,867767711.366314,0
8003,M5,SIDO_NM,서울특별시,amt,5,94332320.380029,1.62222391023266,-2.01368177869201,0.387826289039206,6.72322792389031e+16,0
8003,M5,SIDO_NM,서울특별시,cnt,5,736.167237896558,1.59205717538183,-437.67161230386,1.22633503607105,7968557.57182207,0
8003,M5,SIDO_NM,서울특별시,ticket,5,110655.747904808,0.915234063729522,-0.346132826510775,-0.203488263205812,123050210893.898,0
8003,M5,population_group,<5만,amt,1,4888245.970855,0.218127888034583,,0.218127888034583,23894948671580.2,0
8003,M5,population_group,<5만,cnt,1,32.737797793438,0.151563878673324,,0.151563878673324,1071.76340436403,0
8003,M5,population_group,<5만,ticket,1,3044.701177073,0.0293465173693783,,0.0293465173693783,9270205.25766973,0
8003,M5,population_group,5–15만,amt,3,431566206.726455,19.8664818195391,-51138.8229548123,19.8664818195391,1.31745730031881e+18,0
8003,M5,population_group,5–15만,cnt,3,5090.32695335965,13.1987734313561,-929.383785388611,13.1987734313561,208574057.264276,0
8003,M5,population_group,5–15만,ticket,3,65583.204626026,0.805982052593632,-3.75702405321399,0.48814678105282,17967909569.9702,0
8003,M5,population_group,15–30만,amt,8,104734900.361524,1.2228599826209,-0.89024740836847,-0.318727386959994,1.42451388884971e+17,0
8003,M5,population_group,15–30만,cnt,8,1260.13181276888,1.01286592003929,-0.786400900442487,-0.525465867504754,22762632.6702956,0
8003,M5,population_group,15–30만,ticket,8,41889.0322138724,0.599037245467196,-2.72005003707114,0.319941803735072,21094146477.1405,0
8003,M5,population_group,30만+,amt,4,96072150.5202709,1.40837279953487,-1.8340408844018,-0.012660539632248,5.73964949151291e+16,0
8003,M5,population_group,30만+,cnt,4,800.531230519724,1.7141996370872,-3485.87269877452,1.26154996573468,7747831.13667699,0
8003,M5,population_group,30만+,ticket,4,127142.142681447,0.883028256140313,-0.423539777007446,-0.422935620365735,119377689337.573,0
8003,M8,SIDO_NM,강원특별자치도,amt,1,41797627.2132575,2.31822668958722,,2.31822668958722,1.74704164065844e+15,0
8003,M8,SIDO_NM,강원특별자치도,cnt,1,220.111633624003,1.00968639277066,,1.00968639277066,48449.1312566273,0
8003,M8,SIDO_NM,강원특별자치도,ticket,1,54866.2355987734,0.663385433196484,,0.663385433196484,3010303808.78011,0
8003,M8,SIDO_NM,경기도,amt,3,131825140.347677,4.61626498240962,-116.18676077581,3.62105163113536,1.10412905068376e+17,0
8003,M8,SIDO_NM,경기도,cnt,3,1184.55314099827,3.61879778309043,-679.640125901843,3.25273289970356,10512259.864512,0
8003,M8,SIDO_NM,경기도,ticket,3,44112.3985787932,0.53611592107006,-0.996585979438583,-0.129051837493003,8603421606.66825,0
8003,M8,SIDO_NM,경상남도,amt,3,20470492.8114402,0.966653210047544,-100.28484295322,0.537524560304472,2.01794519241705e+15,0
8003,M8,SIDO_NM,경상남도,cnt,3,101.706670217456,0.506843871515562,-29.4456938525323,0.251633951812086,55127.0030023185,0
8003,M8,SIDO_NM,경상남도,ticket,3,42029.6484387763,0.398173436210991,-1022.62505880995,0.0766152376742311,5511106602.83747,0
8003,M8,SIDO_NM,경상북도,amt,1,273067678.841776,0.929655393871161,,-0.929655393871161,7.45659572280354e+16,0
8003,M8,SIDO_NM,경상북도,cnt,1,3530.74191539972,0.940027134025485,,-0.940027134025485,12466138.4731605,0
8003,M8,SIDO_NM,경상북도,ticket,1,12961.0115357478,0.16573574142331,,0.16573574142331,167987820.029788,0
8003,M8,SIDO_NM,대구광역시,amt,1,157122108.593992,6.533143808482,,6.533143808482,2.46873570090222e+16,0
8003,M8,SIDO_NM,대구광역시,cnt,1,2547.78845623839,3.30452458656082,,3.30452458656082,6491226.0177416,0
8003,M8,SIDO_NM,대구광역시,ticket,1,23903.689804793,0.766309556735775,,0.766309556735775,571386386.283765,0
8003,M8,SIDO_NM,부산광역시,amt,2,89664922.7633501,0.664529183749723,-2.25321205765618,-0.664529183749723,2.3720759282425e+16,0
8003,M8,SIDO_NM,부산광역시,cnt,2,1642.8077310121,0.72163748342284,-97.5809169119471,-0.72163748342284,5465769.64772445,0
8003,M8,SIDO_NM,부산광역시,ticket,2,29535.0475277348,0.479933536462664,-0.0844127101452168,0.212754284555974,2087484609.66193,0
8003,M8,SIDO_NM,서울특별시,amt,5,60439446.8540474,1.03937139903779,-0.488501029473503,-0.0558437972054005,3.32069953664423e+16,0
8003,M8,SIDO_NM,서울특별시,cnt,5,370.577258978384,0.801421407825224,-62.1199582957305,0.439438572916324,1146586.6664336,0
8003,M8,SIDO_NM,서울특별시,ticket,5,115218.296361163,0.952970917383657,-0.371015549756699,-0.163903284560064,125324744493.202,0
8003,M8,population_group,<5만,amt,1,5307052.7787567,0.236816277499183,,0.236816277499183,28164809196509.2,0
8003,M8,population_group,<5만,cnt,1,33.176361875448,0.153594267941889,,-0.153594267941889,1100.67098729068,0
8003,M8,population_group,<5만,ticket,1,30759.609864164,0.296478167365436,,0.296478167365436,946153598.995575,0
8003,M8,population_group,5–15만,amt,3,71075511.4165186,3.27185107027092,-1034.52812136709,2.85352142291512,2.66771373922428e+16,0
8003,M8,population_group,5–15만,cnt,3,939.91070167177,2.43710640018609,-28.1963283323122,2.3616667736428,6545252.34975663,0
8003,M8,population_group,5–15만,ticket,3,39744.3417523193,0.488436427087996,-0.359851569218399,0.0713022270021201,5136339390.12566,0
8003,M8,population_group,15–30만,amt,8,108427739.484177,1.26597670082812,-1.77257249267531,-0.0628955204559714,2.08944501453789e+17,0
8003,M8,population_group,15–30만,cnt,8,1433.64326523749,1.15233056584948,-1.29550654506464,-0.255765801736373,29249745.8239207,0
8003,M8,population_group,15–30만,ticket,8,31790.3341641237,0.454620056938237,-0.863632937902093,0.312050121977755,10567531560.0543,0
8003,M8,population_group,30만+,amt,4,81111472.7553975,1.18905625969944,-0.713818422555054,-0.26946505624606,3.47091571321486e+16,0
8003,M8,population_group,30만+,cnt,4,243.467151758684,0.521342937384762,-174.273608985829,0.0854159362813946,389457.959166512,0
8003,M8,population_group,30만+,ticket,4,145250.8366048,1.00879684929813,-0.53382774564193,-0.367214311308477,128626410778.288,0
8003,M9,SIDO_NM,강원특별자치도,amt,1,38485202.2091734,2.13450927394195,,2.13450927394195,1.48111078908097e+15,0
8003,M9,SIDO_NM,강원특별자치도,cnt,1,229.606351044841,1.05324014240753,,1.05324014240753,52719.0764401268,0
8003,M9,SIDO_NM,강원특별자치도,ticket,1,44018.8473201544,0.532230100709576,,0.532230100709576,1937658919.39506,0
8003,M9,SIDO_NM,경기도,amt,3,75041537.2649728,2.62781150688594,-26.2232618157301,1.64581286033599,2.56496502046177e+16,0
8003,M9,SIDO_NM,경기도,cnt,3,682.558213044217,2.08520839015545,-207.542797021821,1.74478579043197,3220873.98573635,0
8003,M9,SIDO_NM,경기도,ticket,3,54263.6903396154,0.659488698514549,-1.77803267281635,-0.0752215748012284,11970727315.264,0
8003,M9,SIDO_NM,경상남도,amt,3,20550378.5789544,0.970425558584341,-122.719789042744,0.54397561012663,2.46492709300013e+15,0
8003,M9,SIDO_NM,경상남도,cnt,3,91.8629965017647,0.457789019111784,-21.4102699926728,0.181619188578681,40577.5288667329,0
8003,M9,SIDO_NM,경상남도,ticket,3,39866.932339922,0.377684659059213,-1401.60063575555,0.10459863010496,7551477524.24419,0
8003,M9,SIDO_NM,경상북도,amt,1,269562458.627568,0.917721916820101,,-0.917721916820101,7.26639191013394e+16,0
8003,M9,SIDO_NM,경상북도,cnt,1,3537.50399932306,0.941827475858109,,-0.941827475858109,12513934.5452266,0
8003,M9,SIDO_NM,경상북도,ticket,1,29975.786780201,0.383307987425306,,0.383307987425306,898547793.092073,0
8003,M9,SIDO_NM,대구광역시,amt,1,108463442.571334,4.50991445203052,,4.50991445203052,1.17643183744251e+16,0
8003,M9,SIDO_NM,대구광역시,cnt,1,949.73575444675,1.23182328722017,,1.23182328722017,901998.003274537,0
8003,M9,SIDO_NM,대구광역시,ticket,1,19105.8492703113,0.612499367459875,,0.612499367459875,365033476.339855,0
8003,M9,SIDO_NM,부산광역시,amt,2,69270751.8051031,0.513382878567428,-1.23480074843901,-0.513382878567428,1.62950246274746e+16,0
8003,M9,SIDO_NM,부산광역시,cnt,2,1206.60242622816,0.530025225665785,-56.0764941964417,-0.530025225665785,3164577.68247461,0
8003,M9,SIDO_NM,부산광역시,ticket,2,35342.4233216554,0.574301233001048,-0.33093610432623,0.0918255898911983,2562039902.54998,0
8003,M9,SIDO_NM,서울특별시,amt,5,59302475.4233045,1.01981900985906,-0.450858457468353,-0.0562562636633971,3.23672265725986e+16,0
8003,M9,SIDO_NM,서울특별시,cnt,5,242.490164059751,0.524416444765897,-24.6377094087418,0.260464256020816,465714.118951677,0
8003,M9,SIDO_NM,서울특별시,ticket,5,118981.507991751,0.984096453458838,-0.398292800795647,-0.127626829360372,127818162250.236,0
8003,M9,population_group,<5만,amt,1,1337511.9334525,0.059683709658746,,-0.059683709658746,1788938172127.84,0
8003,M9,population_group,<5만,cnt,1,35.203594525268,0.162979604283648,,-0.162979604283648,1239.29306749948,0
8003,M9,population_group,<5만,ticket,1,1801.099403674,0.0173599942522795,,-0.0173599942522795,3243959.06191484,0
8003,M9,population_group,5–15만,amt,3,56259022.1249149,2.58979693685353,-551.268075653928,2.21512544140143,1.42274565292531e+16,0
8003,M9,population_group,5–15만,cnt,3,396.707049808925,1.02862674972064,-3.19900722515666,0.945785739409148,941336.239073771,0
8003,M9,population_group,5–15만,ticket,3,45635.1822954677,0.56083166577056,-1.09504625507133,0.221333263648695,7913267041.52213,0
8003,M9,population_group,15–30만,amt,8,80687520.5309923,0.942088450112289,-0.518746181061562,-0.249142940873362,1.14454595677876e+17,0
8003,M9,population_group,15–30만,cnt,8,1094.01828308019,0.879347559996136,-0.509950027146526,-0.346460976700998,19240047.298412,0
8003,M9,population_group,15–30만,ticket,8,38426.2940673053,0.549518099011317,-1.61618238498314,0.337756348273824,14834782836.2003,0
8003,M9,population_group,30만+,amt,4,80681497.2776125,1.18275302026845,-0.678918014887298,-0.27219350845173,3.40023356172356e+16,0
8003,M9,population_group,30만+,cnt,4,172.073599403519,0.368465951613532,-79.0054502328354,0.0229103889158571,177772.11041736,0
8003,M9,population_group,30만+,ticket,4,148741.934795707,1.03304324221331,-0.554409044452745,-0.346169325389951,130352353344.337,0
8004,M5,SIDO_NM,강원특별자치도,amt,18,632475680.995919,0.594737597947491,0.477750657578097,-0.179326426805644,2.22443956748949e+19,0
8004,M5,SIDO_NM,강원특별자치도,cnt,18,6849.3230249898,0.513457473980236,0.588908337389075,-0.068699531776693,2436707594.60491,0
8004,M5,SIDO_NM,강원특별자치도,ticket,18,14185.3473291942,0.183879049477039,0.168168210963233,-0.00985215352231377,5279674969.67655,0
8004,M5,SIDO_NM,경기도,amt,43,517191201.027942,0.268007849195496,0.732287871955975,0.0671781149755154,2.9476743796883e+19,0
8004,M5,SIDO_NM,경기도,cnt,43,8818.4450759703,0.222657278486187,0.842482733399407,0.0346187917280081,7053648118.66114,0
8004,M5,SIDO_NM,경기도,ticket,43,6109.87394644037,0.12467353754005,-0.8579023735751,0.0534128035912437,3305244102.68652,0
8004,M5,SIDO_NM,경상남도,amt,22,333249096.504177,0.302482875750511,0.783032165035871,0.0202900789772907,6.31725538028185e+18,0
8004,M5,SIDO_NM,경상남도,cnt,22,3457.42354180827,0.204769631882425,0.904745203516402,0.0329380595864837,755252002.327799,0
8004,M5,SIDO_NM,경상남도,ticket,22,10221.4974874485,0.141802664942153,0.255417147380504,-0.0170557364704788,3659248136.3142,0
8004,M5,SIDO_NM,경상북도,amt,19,247184231.915597,0.34438284651638,0.722787007483148,0.1869011579308,3.22898192606029e+18,0
8004,M5,SIDO_NM,경상북도,cnt,19,2578.73487907521,0.206620683601522,0.927960970931504,0.0291653886120587,267856968.65753,0
8004,M5,SIDO_NM,경상북도,ticket,19,15397.370113147,0.243812107084559,0.120995515295411,0.10599067315622,6707591823.3521,0
8004,M5,SIDO_NM,광주광역시,amt,5,881665515.529494,0.47658213702745,-8.39899292118201,0.410046070351519,4.87380230807906e+18,0
8004,M5,SIDO_NM,광주광역시,cnt,5,21903.7940780827,0.592943143572493,-11.8586052637709,0.426421561082691,2704876215.32158,0
8004,M5,SIDO_NM,광주광역시,ticket,5,5631.47149152634,0.111394292583475,-0.29267329025863,-0.0246793007147643,258013076.23471,0
8004,M5,SIDO_NM,대구광역시,amt,8,511988745.690798,0.188712042660474,0.871021407693949,0.0596119322653454,3.12962335388439e+18,0
8004,M5,SIDO_NM,대구광역시,cnt,8,13087.894600391,0.237705646197342,0.740332426329536,0.0206931917187938,2927436229.15738,0
8004,M5,SIDO_NM,대구광역시,ticket,8,6436.97450828346,0.12876030687178,-0.381714081669196,0.0267970029205758,477886018.211989,0
8004,M5,SIDO_NM,대전광역시,amt,5,1062542834.22905,0.687364285298729,-1.22557289718683,0.687364285298729,1.08465926191753e+19,0
8004,M5,SIDO_NM,대전광역시,cnt,5,18253.4669285926,0.517749534215826,-0.650125458001279,0.517749534215826,4245082967.16947,0
8004,M5,SIDO_NM,대전광역시,ticket,5,5881.5060982293,0.131503847881694,-0.596948888039498,0.0999278911577574,238485146.906466,0
8004,M5,SIDO_NM,부산광역시,amt,16,807932388.856444,0.267940115133999,0.667010698483811,-0.254463900678101,1.74323013719217e+19,0
8004,M5,SIDO_NM,부산광역시,cnt,16,15956.5671267562,0.272856573092259,0.720776348487529,-0.240165190143722,6511362356.73063,0
8004,M5,SIDO_NM,부산광역시,ticket,16,6842.55279285585,0.131149261255453,0.240185638939818,-0.018067003957643,934198633.482826,0
8004,M5,SIDO_NM,서울특별시,amt,25,1797835972.14489,0.366349466056008,0.284856407844113,0.287221346495421,2.01387031454696e+20,0
8004,M5,SIDO_NM,서울특별시,cnt,25,33965.8309415239,0.287076174211495,0.526935923412006,0.230949964641405,73286022306.4473,0
8004,M5,SIDO_NM,서울특별시,ticket,25,4294.46584589696,0.10315114663251,-0.00338358880602696,0.0388903714500083,741239243.582811,0
8004,M5,SIDO_NM,세종특별자치시,amt,1,2788032138.56437,1.85128296053411,,1.85128296053411,7.77312320566782e+18,0
8004,M5,SIDO_NM,세종특별자치시,cnt,1,36377.2824992608,1.05800199224212,,1.05800199224212,1323306682.03103,0
8004,M5,SIDO_NM,세종특별자치시,ticket,1,16390.3206938453,0.374202122454504,,0.374202122454504,268642612.447093,0
8004,M5,SIDO_NM,울산광역시,amt,5,482084405.3134,0.313770012557325,0.800417672765489,0.0109120884116176,1.87519041998704e+18,0
8004,M5,SIDO_NM,울산광역시,cnt,5,7372.37540456464,0.262412542074443,0.808803257599804,-0.0473739676655699,558723343.095998,0
8004,M5,SIDO_NM,울산광역시,ticket,5,4106.53313527956,0.075911306945825,-0.791164948629115,0.075911306945825,164258692.203091,0
8004,M5,SIDO_NM,인천광역시,amt,10,685700733.019822,0.329422448657725,0.582687965131272,0.20609897028061,7.51940228483196e+18,0
8004,M5,SIDO_NM,인천광역시,cnt,10,13599.1127297665,0.354326260148893,0.56224299332289,0.279335574075189,2909013389.76928,0
8004,M5,SIDO_NM,인천광역시,ticket,10,5546.17344896546,0.0898240020330224,0.8006801317064,-0.0608240356823739,618660570.470021,0
8004,M5,SIDO_NM,전라남도,amt,20,129793545.166654,0.236440940867979,0.956043630879264,-0.119246438198263,7.15678633436028e+17,0
8004,M5,SIDO_NM,전라남도,cnt,20,1169.84507200954,0.157934572947698,0.983210578389067,-0.0263808883932213,46396401.0758215,0
8004,M5,SIDO_NM,전라남도,ticket,20,13580.4887512224,0.180337513021255,-0.131662413180462,-0.0897130814880942,7248346943.26787,0
8004,M5,SIDO_NM,전북특별자치도,amt,11,280311743.09539,0.379872536075388,0.524068680246734,0.295904468621736,3.00119603270958e+18,0
8004,M5,SIDO_NM,전북특별자치도,cnt,11,6043.16364379345,0.489616923463589,0.285827531978776,0.369748640465921,1370709579.95104,0
8004,M5,SIDO_NM,전북특별자치도,ticket,11,8652.37290426261,0.1348574201094,0.344528708142372,0.00384694294939986,1019549418.0127,0
8004,M5,SIDO_NM,제주특별자치도,amt,2,3569009147.0259,0.668688743336016,-1.74124241095269,0.668688743336016,2.56204270429665e+19,0
8004,M5,SIDO_NM,제주특별자치도,cnt,2,25498.6651111115,0.334233387221281,0.480131376524825,0.334233387221281,1316167240.68748,0
8004,M5,SIDO_NM,제주특별자치도,ticket,2,15754.3697144085,0.217245639060469,-7.27938629547717,0.217245639060469,498048005.863019,0
8004,M5,SIDO_NM,충청남도,amt,15,409373857.252293,0.437777753451749,0.454262134195222,-0.0819080225984402,6.63011678367645e+18,0
8004,M5,SIDO_NM,충청남도,cnt,15,4786.69657111784,0.338422755096424,0.781121911371491,0.0267249501771734,713041499.141884,0
8004,M5,SIDO_NM,충청남도,ticket,15,23406.7230016521,0.337499014877433,0.0773660337519376,-0.0531695262033413,15271632007.4791,0
8004,M5,SIDO_NM,충청북도,amt,14,158183218.768351,0.274468098158275,0.863876228597151,0.197025898828334,7.47491736001083e+17,0
8004,M5,SIDO_NM,충청북도,cnt,14,2988.96513213473,0.318779229133423,0.802195351002474,0.286879308362683,300991108.249341,0
8004,M5,SIDO_NM,충청북도,ticket,14,10248.4782722528,0.14744523336837,0.0638944844067164,-0.0883201103740923,2131653483.32286,0
8004,M5,population_group,<5만,amt,48,132663171.419516,0.602960171967178,0.47079108274166,-0.282648770460031,5.84190406473486e+18,0
8004,M5,population_group,<5만,cnt,48,1697.45240133104,0.564453371462647,0.49574413727582,-0.286901628160715,1705248255.84275,0
8004,M5,population_group,<5만,ticket,48,17639.5092778172,0.224502842649905,-0.0473986776231408,-0.0531328896674315,25221228038.9629,0
8004,M5,population_group,5–15만,amt,56,538774005.259715,0.63226831069802,-0.266875002139554,0.17013852685694,1.23671344426682e+20,0
8004,M5,population_group,5–15만,cnt,56,8721.85438491072,0.545040469349108,0.175931612538359,0.14621714620669,43651922009.2442,0
8004,M5,population_group,5–15만,ticket,56,13472.9318395863,0.216412358764207,0.271584938899881,0.0483204785954518,17049045884.6035,0
8004,M5,population_group,15–30만,amt,72,548379456.947786,0.292284709482039,0.496794099956187,-0.00652138230957525,4.61692133180333e+19,0
8004,M5,population_group,15–30만,cnt,72,8666.2670306947,0.253228703746098,0.66638636806258,-0.00732292374644919,10075853500.1385,0
8004,M5,population_group,15–30만,ticket,72,6144.34033290997,0.110207853545324,0.573106126669989,-0.00156433187109963,4256282760.56702,0
8004,M5,population_group,30만+,amt,63,1183285540.2642,0.313070093688568,0.591725657011054,0.210500408261513,1.77136892215703e+20,0
8004,M5,population_group,30만+,cnt,63,20751.6354713188,0.257311273132933,0.779011842285437,0.17814990263173,53293570237.8541,0
8004,M5,population_group,30만+,ticket,63,4810.6782399849,0.0989244431086714,0.360547282028135,0.0152265515803365,2295816199.38045,0
8004,M8,SIDO_NM,강원특별자치도,amt,18,220446848.290571,0.207293391614649,0.947165670120301,-0.0718688684264031,2.25039582359589e+18,0
8004,M8,SIDO_NM,강원특별자치도,cnt,18,2768.04816099451,0.20750591137465,0.948077646817352,-0.0113661698460538,307764919.2065,0
8004,M8,SIDO_NM,강원특별자치도,ticket,18,10733.1223158265,0.13912922141097,0.338671007494234,-0.0235123160123601,4197485807.19338,0
8004,M8,SIDO_NM,경기도,amt,43,404122892.662485,0.209415989788434,0.859799891599382,-0.0187762284875855,1.54368900124712e+19,0
8004,M8,SIDO_NM,경기도,cnt,43,8357.85580355883,0.211027841208801,0.868993628729923,-0.00591732954680713,5866486031.55942,0
8004,M8,SIDO_NM,경기도,ticket,43,4414.8965994129,0.09008709209836,0.182295955805609,0.00877254108574476,1454711242.23588,0
8004,M8,SIDO_NM,경상남도,amt,22,302007496.398706,0.274125562431188,0.834689859616357,0.178909491360771,4.81318520750494e+18,0
8004,M8,SIDO_NM,경상남도,cnt,22,4009.75998717157,0.237482352561459,0.889895624783643,0.174129004301281,872990683.062594,0
8004,M8,SIDO_NM,경상남도,ticket,22,8537.09537453086,0.118434982394736,0.226843150628985,0.0436724827531999,3799674878.60647,0
8004,M8,SIDO_NM,경상북도,amt,19,214368242.044752,0.298662842795296,0.74398715446021,0.158423721493423,2.98204223251547e+18,0
8004,M8,SIDO_NM,경상북도,cnt,19,2387.98694092145,0.19133703823855,0.894872805527358,0.016723436201184,390886051.617083,0
8004,M8,SIDO_NM,경상북도,ticket,19,11150.5843091775,0.176565701523488,0.582885827023764,0.074084580974605,3182954882.19261,0
8004,M8,SIDO_NM,광주광역시,amt,5,353748558.243758,0.191217917553394,-0.490999087213562,0.0613265158611193,7.73150363399928e+17,0
8004,M8,SIDO_NM,광주광역시,cnt,5,13701.5508211039,0.370905633367547,-4.11014583482885,0.176895159912303,1074946437.96225,0
8004,M8,SIDO_NM,광주광역시,ticket,5,6719.65180310294,0.132919230815647,-0.422585702260141,-0.0936699457713452,283943140.168246,0
8004,M8,SIDO_NM,대구광역시,amt,8,244824015.38713,0.0902387804905904,0.974691984409415,0.00553052081643631,6.14090720146966e+17,0
8004,M8,SIDO_NM,대구광역시,cnt,8,7255.17208342715,0.131770267183573,0.92341747460021,-0.0145102080807598,863374876.603669,0
8004,M8,SIDO_NM,대구광역시,ticket,8,5230.5664820741,0.10462824491202,-0.145618064321571,0.00387274158736448,396228758.477281,0
8004,M8,SIDO_NM,대전광역시,amt,5,796377691.222231,0.515180720174917,-0.208096879705537,0.509481235651647,5.88780296310498e+18,0
8004,M8,SIDO_NM,대전광역시,cnt,5,15528.7307469535,0.440463893388063,-0.0915411581994896,0.438023114620017,2808079080.39287,0
8004,M8,SIDO_NM,대전광역시,ticket,5,4451.6552461507,0.0995339942753424,-0.0183310878380767,0.0475567693516543,152075524.083072,0
8004,M8,SIDO_NM,부산광역시,amt,16,582551575.445575,0.19319554253458,0.834342642176199,-0.120372237958306,8.67231761774898e+18,0
8004,M8,SIDO_NM,부산광역시,cnt,16,13007.7020134166,0.222431113596778,0.816008582265275,-0.114072128280735,4290592093.14824,0
8004,M8,SIDO_NM,부산광역시,ticket,16,6513.23973485929,0.124837411630688,0.174320945473344,0.0148936462225721,1015179870.19608,0
8004,M8,SIDO_NM,서울특별시,amt,25,1113320096.48061,0.226863979369874,0.636871496847171,0.16868374862821,1.02258304609957e+20,0
8004,M8,SIDO_NM,서울특별시,cnt,25,21495.7134311584,0.181679853037823,0.691037943606407,0.135588692333589,47863706582.8755,0
8004,M8,SIDO_NM,서울특별시,ticket,25,4645.2151243436,0.111575987241468,-0.414524633339053,0.0412658993909878,1044965435.89392,0
8004,M8,SIDO_NM,세종특별자치시,amt,1,1435576353.38659,0.953237950455903,,0.953237950455903,2.06087946640274e+18,0
8004,M8,SIDO_NM,세종특별자치시,cnt,1,22557.2409447701,0.656057963085539,,0.656057963085539,508829119.040413,0
8004,M8,SIDO_NM,세종특별자치시,ticket,1,8595.9810282679,0.196252068854538,,0.196252068854538,73890889.8383416,0
8004,M8,SIDO_NM,울산광역시,amt,5,578572505.896026,0.376570369087757,0.625499661050535,-0.0758079020279857,3.51864545128175e+18,0
8004,M8,SIDO_NM,울산광역시,cnt,5,12480.298492498,0.444224103297361,0.268513440247281,-0.208958714513945,2137581482.63519,0
8004,M8,SIDO_NM,울산광역시,ticket,5,9018.366323662,0.166708985802155,-7.55592148129654,0.166708985802155,784620352.349864,0
8004,M8,SIDO_NM,인천광역시,amt,10,328465585.451535,0.157800527618963,0.894953105086487,-0.0204446922670609,1.89280393477184e+18,0
8004,M8,SIDO_NM,인천광역시,cnt,10,5100.01924427942,0.132881518185925,0.940888189436541,0.0533777141717098,392813925.990323,0
8004,M8,SIDO_NM,인천광역시,ticket,10,4227.5800269943,0.0684684964207771,0.924077350997197,-0.0447945773999872,235653122.520036,0
8004,M8,SIDO_NM,전라남도,amt,20,126864697.637937,0.2311055486922,0.943846328828804,0.086832492857513,9.14269841893276e+17,0
8004,M8,SIDO_NM,전라남도,cnt,20,2015.38187966111,0.272086008743054,0.896106606802696,0.16874648948628,287102179.670749,0
8004,M8,SIDO_NM,전라남도,ticket,20,9799.21220927685,0.130125328459143,0.394240907826593,-0.0305163760783839,3879913314.22939,0
8004,M8,SIDO_NM,전북특별자치도,amt,11,225003921.068005,0.304920547313365,0.654879640257625,0.230130709438761,2.17630950407526e+18,0
8004,M8,SIDO_NM,전북특별자치도,cnt,11,5104.19314630078,0.413541564048558,0.45705767897805,0.299876228691822,1042067951.52389,0
8004,M8,SIDO_NM,전북특별자치도,ticket,11,13968.6113340548,0.217717256048166,-1.23111243650011,0.0313709106343754,3470372256.43844,0
8004,M8,SIDO_NM,제주특별자치도,amt,2,339186507.250995,0.0635499069760592,0.975180489262614,0.0635499069760592,2.31970168544241e+17,0
8004,M8,SIDO_NM,제주특별자치도,cnt,2,5804.3110487428,0.0760822001408153,0.967786112714416,-0.0348985116298624,81556880.3846252,0
8004,M8,SIDO_NM,제주특별자치도,ticket,2,6679.8465463461,0.0921120652932009,-0.94121418803608,0.0921120652932009,116774096.629906,0
8004,M8,SIDO_NM,충청남도,amt,15,224880806.325263,0.240483881526463,0.786535336922486,-0.0792616318932007,2.59336163765178e+18,0
8004,M8,SIDO_NM,충청남도,cnt,15,2332.70070859515,0.164923551950525,0.943829187496371,-0.0661251997185578,182988258.927937,0
8004,M8,SIDO_NM,충청남도,ticket,15,19563.0357245575,0.282077302516211,0.333294660144035,-0.00179628670843139,11035447404.0295,0
8004,M8,SIDO_NM,충청북도,amt,14,112479681.099959,0.19516662003297,0.939498327391461,-0.0216353860546789,3.32230732538898e+17,0
8004,M8,SIDO_NM,충청북도,cnt,14,1911.98883741359,0.203917510160819,0.93572963575468,0.085369104629088,97797540.4512846,0
8004,M8,SIDO_NM,충청북도,ticket,14,11835.3474087979,0.170275577927564,-0.434860525277865,-0.138189384207854,3267393884.38763,0
8004,M8,population_group,<5만,amt,48,81427521.8845532,0.3700918052314,0.812025822712073,-0.139965266583743,2.07503516012651e+18,0
8004,M8,population_group,<5만,cnt,48,1159.814352326,0.385672741649679,0.810075042601034,-0.16984945699352,642271565.462684,0
8004,M8,population_group,<5만,ticket,48,14644.5016288056,0.1863845639398,0.156499713561876,-0.0319543113515029,20311380498.841,0
8004,M8,population_group,5–15만,amt,56,292969203.860176,0.343808613264341,0.502306165859693,0.127523347947278,4.8584481876312e+19,0
8004,M8,population_group,5–15만,cnt,56,6368.71384959144,0.39798953669037,0.325482632060209,0.153576505644764,35730019482.8296,0
8004,M8,population_group,5–15만,ticket,56,10530.9310005161,0.169155729795096,0.512440331754204,0.032257489116261,11411662936.857,0
8004,M8,population_group,15–30만,amt,72,397881287.987574,0.212069608360367,0.771972570775776,-0.00621467322584494,2.09215492530976e+19,0
8004,M8,population_group,15–30만,cnt,72,7083.45828217867,0.206978962508599,0.762624749642678,-0.00786834229309016,7169246152.41062,0
8004,M8,population_group,15–30만,ticket,72,5817.25048883506,0.104341012244413,0.603706509708004,0.0102384120563799,3951186128.99563,0
8004,M8,population_group,30만+,amt,63,733571800.441998,0.194086198535301,0.802180110372096,0.0921787379295374,8.5827583998069e+19,0
8004,M8,population_group,30만+,cnt,63,13904.1205435666,0.172405060015808,0.894144985815511,0.0848677512167475,25528026894.3496,0
8004,M8,population_group,30만+,ticket,63,4878.5660570805,0.100320455098047,0.243219734404917,0.0111171533484065,2717055294.77643,0
8004,M9,SIDO_NM,강원특별자치도,amt,18,260136098.93377,0.244614493913323,0.92714145815801,-0.0310360681109529,3.10329588068649e+18,0
8004,M9,SIDO_NM,강원특별자치도,cnt,18,3630.02937011692,0.272124077672198,0.907016418865562,-0.0115301693030604,551151528.797331,0
8004,M9,SIDO_NM,강원특별자치도,ticket,18,10967.8982058184,0.142172528458024,0.370633125985625,0.00353842871529301,3994620757.79169,0
8004,M9,SIDO_NM,경기도,amt,43,401793208.570951,0.208208750335333,0.855466291063206,0.0177207967172365,1.59140459547746e+19,0
8004,M9,SIDO_NM,경기도,cnt,43,8385.93878005421,0.211736909424839,0.868139773449328,0.0161604450367932,5904721806.1101,0
8004,M9,SIDO_NM,경기도,ticket,43,4467.93601190027,0.0911693748494958,0.157053284712761,0.0102670058192722,1499618440.24174,0
8004,M9,SIDO_NM,경상남도,amt,22,281021364.712297,0.255076912247362,0.858973603171296,0.0931548551604016,4.1061375031704e+18,0
8004,M9,SIDO_NM,경상남도,cnt,22,3748.29142739957,0.22199659558494,0.916330765255861,0.106034728917022,663392914.651034,0
8004,M9,SIDO_NM,경상남도,ticket,22,8239.56246714117,0.114307313310274,0.317527065789572,0.0189324209755593,3354009300.38689,0
8004,M9,SIDO_NM,경상북도,amt,19,213959651.097115,0.298093584341723,0.786500936850611,0.184283755178522,2.48684093007752e+18,0
8004,M9,SIDO_NM,경상북도,cnt,19,2609.07342143525,0.209051554030573,0.86759193853685,0.114201609166885,492322320.663391,0
8004,M9,SIDO_NM,경상북도,ticket,19,11087.4147616808,0.175565433272119,0.550397405366198,-0.00958157515282749,3430870649.69537,0
8004,M9,SIDO_NM,광주광역시,amt,5,495398799.479044,0.267786608841976,-1.78233454885378,0.102560180999228,1.44276611970746e+18,0
8004,M9,SIDO_NM,광주광역시,cnt,5,14531.7646894396,0.393379804699401,-5.22849790419396,0.1193404485574,1310197761.93782,0
8004,M9,SIDO_NM,광주광역시,ticket,5,5429.95592012686,0.10740817908643,-0.453325641452248,0.00350252791498612,290078724.723132,0
8004,M9,SIDO_NM,대구광역시,amt,8,289982300.737803,0.106883506264927,0.961191250038757,-0.0380920751955167,9.41681623610547e+17,0
8004,M9,SIDO_NM,대구광역시,cnt,8,10290.6923826993,0.186902153274869,0.797690205021725,-0.0727534583174598,2280797001.18586,0
8004,M9,SIDO_NM,대구광역시,ticket,8,5852.3392637644,0.117065711313656,-0.372422918912659,0.0274034562991973,474672533.719657,0
8004,M9,SIDO_NM,대전광역시,amt,5,523991746.939877,0.338972887525133,0.537000716962722,0.230550685598707,2.25648174113885e+18,0
8004,M9,SIDO_NM,대전광역시,cnt,5,11444.0132557122,0.324603131880852,0.397206397556701,0.190578345892028,1550735940.73887,0
8004,M9,SIDO_NM,대전광역시,ticket,5,6492.99045027156,0.145175948848691,-0.606104770997896,0.0199751028299159,239852468.12053,0
8004,M9,SIDO_NM,부산광역시,amt,16,636324350.585001,0.211028573813751,0.7330284020755,0.0882414060948879,1.39762128439947e+19,0
8004,M9,SIDO_NM,부산광역시,cnt,16,13273.5272430653,0.226976712949523,0.745444166117088,0.0919917866330048,5936120616.76423,0
8004,M9,SIDO_NM,부산광역시,ticket,16,6458.34865330315,0.123785329898397,0.100163874145775,0.00477464516846218,1106356660.53818,0
8004,M9,SIDO_NM,서울특별시,amt,25,1048473393.69222,0.213650006955207,0.74445327929172,0.132213933214785,7.19628841618771e+19,0
8004,M9,SIDO_NM,서울특별시,cnt,25,20383.4595996746,0.172279182839465,0.775021975608317,0.118441342083383,34853089317.0927,0
8004,M9,SIDO_NM,서울특별시,ticket,25,4614.85894281839,0.110846845354194,-0.197510113190402,0.0122495426546798,884648204.721253,0
8004,M9,SIDO_NM,세종특별자치시,amt,1,1855628669.55647,1.23215715109991,,1.23215715109991,3.44335775927991e+18,0
8004,M9,SIDO_NM,세종특별자치시,cnt,1,30030.9845700332,0.873425372132542,,0.873425372132542,901860034.245572,0
8004,M9,SIDO_NM,세종특별자치시,ticket,1,8996.1054908294,0.20538718133545,,0.20538718133545,80929914.0021308,0
8004,M9,SIDO_NM,울산광역시,amt,5,391313715.724459,0.254690896746384,0.733740239547891,-0.149959207530653,2.50166314295539e+18,0
8004,M9,SIDO_NM,울산광역시,cnt,5,10233.4703271391,0.364250436992841,0.478246318091231,-0.191575982018186,1524691047.39525,0
8004,M9,SIDO_NM,울산광역시,ticket,5,5812.04438587162,0.107438530464609,-2.44888677428472,0.033719060379874,316279989.475078,0
8004,M9,SIDO_NM,인천광역시,amt,10,375470489.197353,0.1803824934026,0.86227632038566,-0.0393235797520861,2.48159569971017e+18,0
8004,M9,SIDO_NM,인천광역시,cnt,10,5182.63118961324,0.135033980792524,0.926578239551391,-0.0547077125135878,487907402.937303,0
8004,M9,SIDO_NM,인천광역시,ticket,10,5001.29524769019,0.0809993337983445,0.886913142131487,0.032156726793096,351005550.026459,0
8004,M9,SIDO_NM,전라남도,amt,20,164868262.600938,0.300335483390816,0.869771178928195,-0.252499579661951,2.12032946676407e+18,0
8004,M9,SIDO_NM,전라남도,cnt,20,2120.29670455043,0.286250002301888,0.884364412607086,-0.239769618324734,319550918.17017,0
8004,M9,SIDO_NM,전라남도,ticket,20,9770.12230331414,0.129739038879184,0.379494629614855,0.0183824005006587,3974363867.11135,0
8004,M9,SIDO_NM,전북특별자치도,amt,11,166692579.550063,0.225898252564761,0.884211309884526,0.084053867148194,7.30156942786102e+17,0
8004,M9,SIDO_NM,전북특별자치도,cnt,11,4284.40130000962,0.347122055109088,0.719039138379178,0.166535642159762,539247537.337879,0
8004,M9,SIDO_NM,전북특별자치도,ticket,11,16041.8311446196,0.250030828066627,-2.01209788049509,0.0322290520329794,4685152010.78109,0
8004,M9,SIDO_NM,제주특별자치도,amt,2,960332949.1689,0.179927763283836,0.684538971223194,0.139196412871658,2.94838801573423e+18,0
8004,M9,SIDO_NM,제주특별자치도,cnt,2,8382.3390881683,0.109874676735723,0.898173218771958,0.100371921038061,257797965.91898,0
8004,M9,SIDO_NM,제주특별자치도,ticket,2,4555.71240808635,0.0628212154095422,0.245474719537477,0.019205568494652,45388607.0653425,0
8004,M9,SIDO_NM,충청남도,amt,15,229854989.471848,0.245803192187347,0.783135961585048,-0.106873059721157,2.6346603213074e+18,0
8004,M9,SIDO_NM,충청남도,cnt,15,2355.12534489498,0.16650898923193,0.950834539139741,-0.0272302247378015,160166849.671742,0
8004,M9,SIDO_NM,충청남도,ticket,15,19396.8339554681,0.279680857130217,0.230238883725226,-0.0742747277119186,12741248351.4119,0
8004,M9,SIDO_NM,충청북도,amt,14,133643136.298068,0.231887919194225,0.917479363902191,0.100618221511221,4.5314270165287e+17,0
8004,M9,SIDO_NM,충청북도,cnt,14,2085.73723125094,0.222448130827873,0.918245644934426,0.0538938121773929,124402202.173241,0
8004,M9,SIDO_NM,충청북도,ticket,14,10491.3517478869,0.150939462983981,-0.0831158886661654,-0.00402861707858045,2466418281.33475,0
8004,M9,population_group,<5만,amt,48,85919960.5498028,0.390510144105458,0.799059000840194,-0.13948890653708,2.21817509395919e+18,0
8004,M9,population_group,<5만,cnt,48,1143.15160226197,0.380131882039061,0.869200099187041,-0.129922347797865,442327634.071963,0
8004,M9,population_group,<5만,ticket,48,14656.3379676333,0.186535208250338,0.131388802879842,-0.0283093933451188,20916048060.5901,0
8004,M9,population_group,5–15만,amt,56,267809612.409459,0.314283038108336,0.710437430585035,0.0787282785431831,2.82668709973081e+19,0
8004,M9,population_group,5–15만,cnt,56,5953.04832341643,0.37201403612817,0.592334231254926,0.0804152115550084,21594560128.5754,0
8004,M9,population_group,5–15만,ticket,56,11283.7188432384,0.181247573992947,0.42831430947903,0.0368315826784231,13380689238.5543,0
8004,M9,population_group,15–30만,amt,72,376080418.568678,0.200449806225502,0.783051545440658,-0.00355735408277202,1.99050517426283e+19,0
8004,M9,population_group,15–30만,cnt,72,6993.49348552285,0.20435018719401,0.751890761779109,0.000921553645104953,7493435810.24173,0
8004,M9,population_group,15–30만,ticket,72,5251.87089269593,0.094200090948911,0.66590249255105,0.00830238344419684,3331070203.02464,0
8004,M9,population_group,30만+,amt,63,789764930.334638,0.208953606140244,0.80843557359911,0.104234567543302,8.31135429753323e+19,0
8004,M9,population_group,30만+,cnt,63,14352.6257045312,0.177966329349688,0.882535269342097,0.094762648797608,28327829592.9024,0
8004,M9,population_group,30만+,ticket,63,4761.28117748956,0.0979086659864478,0.357235395550812,0.0108223578352771,2307706808.97746,0
8005,M5,SIDO_NM,강원특별자치도,amt,18,136432496.164753,0.202421600586674,0.947376680244417,0.0948523901619371,4.82589810240585e+17,0
8005,M5,SIDO_NM,강원특별자치도,cnt,18,3537.55992808582,0.154216707933022,0.970219647122119,0.0547393356605808,314833407.900937,0
8005,M5,SIDO_NM,강원특별자치도,ticket,18,1728.22606561503,0.0587510950279381,-1.63898727765676,0.0398727637657271,74376812.9952105,0
8005,M5,SIDO_NM,경기도,amt,43,348770703.773118,0.15776291877336,0.840179653907757,-0.0180783784528117,1.02395413306175e+19,0
8005,M5,SIDO_NM,경기도,cnt,43,11778.468930411,0.149132561909416,0.831835611989558,-0.000637960406800498,12389928987.6976,0
8005,M5,SIDO_NM,경기도,ticket,43,1874.45536440882,0.0674456894595714,-0.336998987975441,-0.00528435473968592,398764148.562394,0
8005,M5,SIDO_NM,경상남도,amt,22,152645877.256557,0.148290320912589,0.941150831457472,0.0376241494609765,9.8711516170507e+17,0
8005,M5,SIDO_NM,경상남도,cnt,22,5392.86678212907,0.141389534783785,0.945338142455321,0.0264078738529606,1291039667.38176,0
8005,M5,SIDO_NM,경상남도,ticket,22,1545.1919564483,0.0567826985588375,0.315611712441063,0.00821438981850507,76785201.3742228,0
8005,M5,SIDO_NM,경상북도,amt,23,164835348.016848,0.212254949410328,0.819808701436956,0.0876523436741293,1.94772492191422e+18,0
8005,M5,SIDO_NM,경상북도,cnt,23,5320.78119783149,0.176976181355333,0.854331489034887,0.0191865581946119,2176331997.12948,0
8005,M5,SIDO_NM,경상북도,ticket,23,2430.66411329268,0.0920855567767819,0.0743251927537287,0.0531709040602295,299728394.063566,0
8005,M5,SIDO_NM,광주광역시,amt,5,169680760.957684,0.069600056177627,0.93667780513393,0.0279622592073767,2.13779385838096e+17,0
8005,M5,SIDO_NM,광주광역시,cnt,5,7527.56837384452,0.0886672804374784,0.904832179547529,0.0527471565419677,436550344.626501,0
8005,M5,SIDO_NM,광주광역시,ticket,5,1418.34465243598,0.0489995765202218,0.0523386279036249,-0.0292930864951608,12384291.2401229,0
8005,M5,SIDO_NM,대구광역시,amt,9,472885491.361439,0.19468444618615,0.762066938530096,-0.12029942061111,4.03200641009183e+18,0
8005,M5,SIDO_NM,대구광역시,cnt,9,15963.8576880361,0.171083492232402,0.80487656796589,-0.14241552013166,4297195998.07047,0
8005,M5,SIDO_NM,대구광역시,ticket,9,2317.89519123548,0.0912936422579145,0.421133233379936,0.0495680582229702,73255407.9032373,0
8005,M5,SIDO_NM,대전광역시,amt,5,615076678.527612,0.326893368733126,-0.0410064821640268,0.326893368733126,2.60981482727698e+18,0
8005,M5,SIDO_NM,대전광역시,cnt,5,18170.7848745631,0.261365151397719,0.0584494225115686,0.261365151397719,2479294977.71305,0
8005,M5,SIDO_NM,대전광역시,ticket,5,1448.99209983832,0.0545871839861739,0.143930850830102,0.0545871839861739,12187543.3201609,0
8005,M5,SIDO_NM,부산광역시,amt,16,597374902.632551,0.246783549571171,0.444481098172706,-0.194042511871394,9.11118867860023e+18,0
8005,M5,SIDO_NM,부산광역시,cnt,16,19755.3651226622,0.223379694620128,0.562552596548826,-0.198949647844312,9945322004.21355,0
8005,M5,SIDO_NM,부산광역시,ticket,16,2626.13606985431,0.0958591143463483,-0.176762290699571,-0.00154439762959375,199692391.041372,0
8005,M5,SIDO_NM,서울특별시,amt,25,1044219413.4592,0.237495253016944,0.588187317463414,-0.000835897443387321,8.08573693127407e+19,0
8005,M5,SIDO_NM,서울특별시,cnt,25,30984.0665683857,0.20851643919768,0.291811277027388,0.0321197472798608,112864092617.88,0
8005,M5,SIDO_NM,서울특별시,ticket,25,2778.4772111323,0.0986974704868359,0.515727493103668,-0.00672787300863383,292852047.202243,0
8005,M5,SIDO_NM,세종특별자치시,amt,1,72663942.71875,0.0285316920655691,,0.0285316920655691,5.28004857143378e+15,0
8005,M5,SIDO_NM,세종특별자치시,cnt,1,958.974088974603,0.0114082094810207,,-0.0114082094810207,919631.303324669,0
8005,M5,SIDO_NM,세종특별자치시,ticket,1,1205.6358259171,0.0397936796765294,,0.0397936796765294,1453557.74473481,0
8005,M5,SIDO_NM,울산광역시,amt,5,299025852.846835,0.187365661567191,0.677279598467113,-0.0166239031591849,7.04761997267499e+17,0
8005,M5,SIDO_NM,울산광역시,cnt,5,9980.51696572338,0.175306541611602,0.536652831516877,0.0137870892248462,1085392386.49815,0
8005,M5,SIDO_NM,울산광역시,ticket,5,1676.01156692934,0.059927970592186,0.121387090979916,-0.0407019713926852,28393755.2305499,0
8005,M5,SIDO_NM,인천광역시,amt,10,380986762.500311,0.180792078327122,0.859745766973751,0.0980693457372085,2.34308178104711e+18,0
8005,M5,SIDO_NM,인천광역시,cnt,10,12773.6631147496,0.170469385228394,0.854520290633718,0.130759917668152,3039378193.57161,0
8005,M5,SIDO_NM,인천광역시,ticket,10,2034.91237150188,0.0722776653697633,0.5745217062928,-0.0148616600871603,87837918.9296591,0
8005,M5,SIDO_NM,전라남도,amt,22,75598488.1458997,0.119273354523312,0.965333993266115,-0.0143711533106649,2.41857150506029e+17,0
8005,M5,SIDO_NM,전라남도,cnt,22,2705.85402520126,0.12863413088498,0.958215535196651,0.0158324695413692,336253818.655781,0
8005,M5,SIDO_NM,전라남도,ticket,22,2220.52494151254,0.0725477743630689,-1.34437640398292,-0.0620749801284316,207406877.052428,0
8005,M5,SIDO_NM,전북특별자치도,amt,15,237428973.702001,0.277268372181723,0.775228324487014,0.0270575064189137,2.13700785104256e+18,0
8005,M5,SIDO_NM,전북특별자치도,cnt,15,8196.18443931659,0.278934217088588,0.77833508640341,0.0486032507927749,2353559929.19333,0
8005,M5,SIDO_NM,전북특별자치도,ticket,15,1451.80717585901,0.0502439618382415,0.221184234394872,-0.000250653679262237,42935807.8251524,0
8005,M5,SIDO_NM,제주특별자치도,amt,2,49232935.2144799,0.0141632678042864,0.997305133803548,0.0131227875881016,9.00942498044392e+15,0
8005,M5,SIDO_NM,제주특별자치도,cnt,2,15993.9701034795,0.135870857910279,0.848109783442532,-0.135870857910279,593168822.337319,0
8005,M5,SIDO_NM,제주특별자치도,ticket,2,4894.8067306886,0.16550821622288,-1723.31807995007,0.16550821622288,48422101.8521425,0
8005,M5,SIDO_NM,충청남도,amt,16,200961240.083674,0.186673701644089,0.856346837826549,0.0285665667100691,1.62523537093091e+18,0
8005,M5,SIDO_NM,충청남도,cnt,16,6991.95361315321,0.187678575843892,0.792529014991602,0.0683055346914272,2782850657.81146,0
8005,M5,SIDO_NM,충청남도,ticket,16,1643.60833992251,0.0568145488451901,-0.132099065903812,-0.0425594794858138,91138613.3631783,0
8005,M5,SIDO_NM,충청북도,amt,14,151263364.434141,0.17647216045156,0.884752854530849,0.114267563885836,6.72518902356716e+17,0
8005,M5,SIDO_NM,충청북도,cnt,14,5147.5459054227,0.16758828200792,0.888136273025924,0.1207932463815,822956565.489753,0
8005,M5,SIDO_NM,충청북도,ticket,14,1140.86527316613,0.0411942623771603,0.0325991838901911,-0.00401952705493033,29138749.4889166,0
8005,M5,population_group,<5만,amt,58,62494824.8538497,0.21553322528169,0.854487253476868,0.0172220025009777,3.66147231244219e+17,0
8005,M5,population_group,<5만,cnt,58,2143.5800848192,0.211766425570371,0.857879007891784,0.0048968332271427,441539660.60837,0
8005,M5,population_group,<5만,ticket,58,1853.4920037851,0.0641803107654982,0.167520812829683,-0.00363628909716457,394881972.164118,0
8005,M5,population_group,5–15만,amt,58,185440811.914991,0.191315041302117,0.912710654993582,0.00193167819065529,5.25102491700154e+18,0
8005,M5,population_group,5–15만,cnt,58,5404.26344231152,0.160665075458174,0.928601582346275,-0.00406202845949318,3912510457.46159,0
8005,M5,population_group,5–15만,ticket,58,2458.36046922373,0.0876159232807708,0.00077591681307887,0.005842317599391,726710583.178609,0
8005,M5,population_group,15–30만,amt,72,474756548.898897,0.237662413067738,0.259590663016137,-0.0578700731037532,8.01418823133612e+19,0
8005,M5,population_group,15–30만,cnt,72,16142.5879683119,0.222351653254995,0.213318850569203,-0.0614687606277131,116242463116.772,0
8005,M5,population_group,15–30만,ticket,72,1732.288899705,0.0631327962401132,0.194850415520358,0.00448567417510492,396847465.127091,0
8005,M5,population_group,30만+,amt,63,570105467.186508,0.165125623435051,0.832022595892913,0.0324693312413627,3.24608279041209e+19,0
8005,M5,population_group,30만+,cnt,63,18269.5015664656,0.151458662028954,0.736195202444945,0.0531671090744673,36612556772.6318,0
8005,M5,population_group,30만+,ticket,63,2001.55056531184,0.0712969136786929,0.428524633183515,-0.0075823983980267,458313598.719475,0
8005,M8,SIDO_NM,강원특별자치도,amt,18,114546238.798681,0.169949488945894,0.957554719390794,0.02228792407534,3.89250621396458e+17,0
8005,M8,SIDO_NM,강원특별자치도,cnt,18,3241.06015274841,0.141291069870359,0.970652543902484,0.0138908918254232,310256888.301243,0
8005,M8,SIDO_NM,강원특별자치도,ticket,18,1125.50081782004,0.0382614328167972,-0.140253538793311,0.00847505482670446,32136730.9876769,0
8005,M8,SIDO_NM,경기도,amt,43,319180579.897937,0.144378123952834,0.865546973595204,-0.0145381988269733,8.61428068804145e+18,0
8005,M8,SIDO_NM,경기도,cnt,43,9573.05786243631,0.121208847496819,0.891251494248404,0.000370467798405641,8012316280.04873,0
8005,M8,SIDO_NM,경기도,ticket,43,1956.39468660727,0.0703939880344311,-0.0873247631693952,-0.00584598756055973,324298026.622003,0
8005,M8,SIDO_NM,경상남도,amt,22,164460520.772939,0.159767848573342,0.924543688943602,-0.00174349381484424,1.26567750292474e+18,0
8005,M8,SIDO_NM,경상남도,cnt,22,6076.49965784352,0.159312939563684,0.933618672851465,-0.0120323202702458,1567837800.83131,0
8005,M8,SIDO_NM,경상남도,ticket,22,1895.04955189542,0.0696392619766645,-0.0112334570077246,0.0158918853072156,113455718.112363,0
8005,M8,SIDO_NM,경상북도,amt,23,165226473.588478,0.212758593437037,0.847499996838135,0.0748707430894157,1.64840399685804e+18,0
8005,M8,SIDO_NM,경상북도,cnt,23,5775.06877922771,0.192086383861953,0.859346313771315,0.019269223950801,2101408985.54945,0
8005,M8,SIDO_NM,경상북도,ticket,23,2310.22423959355,0.0875226997505655,0.157049610879292,0.0424338353954301,272942684.005864,0
8005,M8,SIDO_NM,광주광역시,amt,5,312557406.13154,0.128205536695546,0.816269904107923,-0.128205536695546,6.2028341157247e+17,0
8005,M8,SIDO_NM,광주광역시,cnt,5,7416.07127015522,0.087353955274583,0.860464133461247,-0.0865666951337132,640073822.597126,0
8005,M8,SIDO_NM,광주광역시,ticket,5,1829.1541170853,0.063191817992521,-0.437616895497398,-0.0545363685811436,18787160.5299013,0
8005,M8,SIDO_NM,대구광역시,amt,9,503182221.964263,0.207157449326256,0.719106701173894,-0.0309713189228159,4.76000928337551e+18,0
8005,M8,SIDO_NM,대구광역시,cnt,9,15609.190862538,0.167282553870826,0.806372576377527,-0.0776346885758085,4264249461.13974,0
8005,M8,SIDO_NM,대구광역시,ticket,9,2304.67878335578,0.090773094988363,0.47622205589793,0.0488041697647549,66283934.6780117,0
8005,M8,SIDO_NM,대전광역시,amt,5,643904108.179074,0.342214215579801,-0.0505762125857749,0.342214215579801,2.6338062478643e+18,0
8005,M8,SIDO_NM,대전광역시,cnt,5,20006.7462834298,0.287773274926855,0.124411900104846,0.287773274926855,2305602301.69052,0
8005,M8,SIDO_NM,대전광역시,ticket,5,1272.21048279302,0.0479273749671311,0.371669149426279,0.0355826641082737,8945316.47143961,0
8005,M8,SIDO_NM,부산광역시,amt,16,569027983.607105,0.235073058779412,0.561430187645827,-0.113814401400051,7.19308073218264e+18,0
8005,M8,SIDO_NM,부산광역시,cnt,16,18057.3045862582,0.204179227217312,0.630760511881486,-0.10765588309725,8394622020.92938,0
8005,M8,SIDO_NM,부산광역시,ticket,16,3140.80584344952,0.114645569947032,-0.503368100465398,-0.0138750945419158,255116239.677249,0
8005,M8,SIDO_NM,서울특별시,amt,25,1072447710.48172,0.243915442545304,0.545133752438222,0.0511706250126888,8.93107223907212e+19,0
8005,M8,SIDO_NM,서울특별시,cnt,25,34440.4227136141,0.231777010059524,0.152556796401797,0.0441904322090136,135057090174.817,0
8005,M8,SIDO_NM,서울특별시,ticket,25,2785.78761039306,0.0989571515496839,0.514393923951158,0.0121823401737098,293658490.786871,0
8005,M8,SIDO_NM,세종특별자치시,amt,1,157878903.79099,0.0619915751619653,,0.0619915751619653,2.49257482622446e+16,0
8005,M8,SIDO_NM,세종특별자치시,cnt,1,2017.557038461,0.0240013923204973,,0.0240013923204973,4070536.40344354,0
8005,M8,SIDO_NM,세종특별자치시,ticket,1,1125.093158996,0.0371352574408483,,0.0371352574408483,1265834.61641959,0
8005,M8,SIDO_NM,울산광역시,amt,5,300830504.15655,0.188496432312676,0.567063147896714,0.0523095370324284,9.45454452615145e+17,0
8005,M8,SIDO_NM,울산광역시,cnt,5,11827.2920472727,0.207744916677019,0.411411635243732,0.100561014136002,1378770333.22395,0
8005,M8,SIDO_NM,울산광역시,ticket,5,1983.7227639434,0.0709305841357967,-0.198863021430138,-0.0459508893059613,38743140.2793864,0
8005,M8,SIDO_NM,인천광역시,amt,10,465763626.853792,0.221021784472122,0.80269337774839,0.140333143639402,3.29619678424372e+18,0
8005,M8,SIDO_NM,인천광역시,cnt,10,15490.7671587922,0.20673017055118,0.814506143294878,0.17295079586409,3875358189.58486,0
8005,M8,SIDO_NM,인천광역시,ticket,10,2304.63601002156,0.0818579279698929,0.528032341508065,0.00750211774949232,97435421.5883096,0
8005,M8,SIDO_NM,전라남도,amt,22,99272401.362796,0.156624194643601,0.940688694261222,-0.0261448374078227,4.13802013854428e+17,0
8005,M8,SIDO_NM,전라남도,cnt,22,2923.10389759665,0.138962015634187,0.953519196453836,0.00337553723662595,374046855.934221,0
8005,M8,SIDO_NM,전라남도,ticket,22,1963.92782236127,0.0641643738642123,-0.95644848176869,-0.0560938023862598,173086910.885222,0
8005,M8,SIDO_NM,전북특별자치도,amt,15,190209189.126996,0.222125343090775,0.847575043220807,0.0376953286494248,1.44917427246361e+18,0
8005,M8,SIDO_NM,전북특별자치도,cnt,15,6196.26865683688,0.210872676116774,0.869835480462223,0.050317457544633,1382040993.39034,0
8005,M8,SIDO_NM,전북특별자치도,ticket,15,1610.27158037149,0.0557280782039936,-0.0764903351344128,0.00846887669501657,59346490.1407753,0
8005,M8,SIDO_NM,제주특별자치도,amt,2,122763975.419925,0.0353165833606413,0.989710806665802,-0.0353165833606413,3.43986338081626e+16,0
8005,M8,SIDO_NM,제주특별자치도,cnt,2,18340.4453637064,0.155804470678688,0.770971102854999,-0.155804470678688,894414428.261187,0
8005,M8,SIDO_NM,제주특별자치도,ticket,2,3741.03074683605,0.126495561481889,-1131.73252518547,0.126495561481889,31809264.3947418,0
8005,M8,SIDO_NM,충청남도,amt,16,132610123.269356,0.123182075189537,0.956486576031544,0.0184712183115136,4.92293762795553e+17,0
8005,M8,SIDO_NM,충청남도,cnt,16,4731.97905825711,0.127016158818066,0.938101384760079,0.0454092947887157,830258757.054916,0
8005,M8,SIDO_NM,충청남도,ticket,16,1556.70000625449,0.0538103916817697,0.099647052535194,-0.0244244796410185,72482101.2937439,0
8005,M8,SIDO_NM,충청북도,amt,14,120847073.46959,0.140986842512764,0.931438773543385,0.0944030545003125,4.00085577591813e+17,0
8005,M8,SIDO_NM,충청북도,cnt,14,3772.81848417835,0.122831380177707,0.950914173014169,0.082021864941508,361113514.480394,0
8005,M8,SIDO_NM,충청북도,ticket,14,1550.71656339641,0.0559931365146021,-0.619553046505678,0.0133052477121671,48782004.0259135,0
8005,M8,population_group,<5만,amt,58,66496289.5915861,0.229333545592887,0.629221895339231,0.0463371650137427,9.32972400503338e+17,0
8005,M8,population_group,<5만,cnt,58,1954.21891679683,0.193059245942272,0.858553783991534,0.0159809036844553,439443274.946755,0
8005,M8,population_group,<5만,ticket,58,1900.10490052661,0.0657943615369292,0.10979504988983,0.00515342039334849,422263873.676694,0
8005,M8,population_group,5–15만,amt,58,213919812.579956,0.22069617446367,0.843350119478704,0.0520595383428277,9.42351470047304e+18,0
8005,M8,population_group,5–15만,cnt,58,5656.42906456824,0.168161787852066,0.897901689166579,0.0397504115155743,5594811789.27899,0
8005,M8,population_group,5–15만,ticket,58,2599.71274857381,0.0926537159959333,0.0817163741753041,5.70978317586329e-05,667844621.116481,0
8005,M8,population_group,15–30만,amt,72,434849551.500649,0.217685030297658,0.326670456216368,-0.0518759827518887,7.28811677008783e+19,0
8005,M8,population_group,15–30만,cnt,72,15070.7504227095,0.207587920775834,0.234303929169625,-0.0534774607264994,113141642375.132,0
8005,M8,population_group,15–30만,ticket,72,1710.17398742161,0.062326824296696,0.210333906269231,0.0011608416438275,389215859.555339,0
8005,M8,population_group,30만+,amt,63,575780497.305415,0.166769341905287,0.791693712122182,0.0505507814042172,4.02541913187168e+19,0
8005,M8,population_group,30만+,cnt,63,18667.1237702614,0.154755047907946,0.621161882948075,0.0555809094608608,52577633904.8796,0
8005,M8,population_group,30만+,ticket,63,2012.45468757775,0.0716853276800219,0.464762907009463,-0.00210453759856511,429251114.747379,0
8005,M9,SIDO_NM,강원특별자치도,amt,18,114687467.322839,0.170159026297421,0.953456300711368,-0.010968509111402,4.26835766194943e+17,0
8005,M9,SIDO_NM,강원특별자치도,cnt,18,3302.4038124147,0.143965290926289,0.968067900436254,-0.0150998181082507,337581349.969602,0
8005,M9,SIDO_NM,강원특별자치도,ticket,18,1297.32328858504,0.0441025426742958,-0.544786375920279,0.00323058414410437,43538022.4725416,0
8005,M9,SIDO_NM,경기도,amt,43,310653111.371177,0.14052080936197,0.87923363674261,-0.00381726676552588,7.73738887543575e+18,0
8005,M9,SIDO_NM,경기도,cnt,43,9338.09001444177,0.118233812511814,0.912878969957314,-1.40813921256533e-05,6418858287.02876,0
8005,M9,SIDO_NM,경기도,ticket,43,1969.98140428922,0.0708828583265441,-0.156204131687201,0.00327169366305535,344841514.678123,0
8005,M9,SIDO_NM,경상남도,amt,22,167593064.454896,0.16281100909768,0.920094578961038,-0.0297951879190316,1.34030530190051e+18,0
8005,M9,SIDO_NM,경상남도,cnt,22,5867.17715065644,0.153824947164348,0.932305047254305,-0.0225000363321757,1598863873.31038,0
8005,M9,SIDO_NM,경상남도,ticket,22,1696.82290501848,0.0623548311401137,-0.024406544625047,-0.000554956695964457,114933677.633009,0
8005,M9,SIDO_NM,경상북도,amt,23,149034382.35922,0.191908384145993,0.855577720640175,0.0257676463026269,1.56109021374509e+18,0
8005,M9,SIDO_NM,경상북도,cnt,23,6431.95505873882,0.213935285557059,0.835435317701823,0.0265912644023934,2458646562.04762,0
8005,M9,SIDO_NM,경상북도,ticket,23,2240.83903179865,0.0848940455251939,0.0891478158708335,-0.0127994411849485,294928910.499877,0
8005,M9,SIDO_NM,광주광역시,amt,5,216704617.441822,0.0888884129395399,0.920075513649665,0.0384946973017179,2.69829680438876e+17,0
8005,M9,SIDO_NM,광주광역시,cnt,5,10567.1384152778,0.124470397179609,0.84426257172329,0.0294082879593049,714393033.928913,0
8005,M9,SIDO_NM,광주광역시,ticket,5,1345.92921206118,0.0464978390858144,-0.0252668804309335,-0.00256046480027786,13398460.6949007,0
8005,M9,SIDO_NM,대구광역시,amt,9,480473385.072052,0.197808341741746,0.80186234327771,-0.0297319996478752,3.35763469376407e+18,0
8005,M9,SIDO_NM,대구광역시,cnt,9,13106.3572862215,0.140459869963186,0.885194356189394,-0.017740572395449,2528360371.6677,0
8005,M9,SIDO_NM,대구광역시,ticket,9,2275.34191521094,0.08961762016124,0.397316300165207,-0.00151771466247821,76269433.3375119,0
8005,M9,SIDO_NM,대전광역시,amt,5,216635793.331254,0.115134920152964,0.895648629212724,0.0366602840488642,2.61610047001032e+17,0
8005,M9,SIDO_NM,대전광역시,cnt,5,6390.6941643863,0.0919225426607506,0.916717032262124,0.0224343451459701,219301064.200229,0
8005,M9,SIDO_NM,대전광역시,ticket,5,1067.36689337036,0.0402104007300385,0.488731470767158,0.00435535717003344,7278743.02479224,0
8005,M9,SIDO_NM,부산광역시,amt,16,447349197.653426,0.184805927413784,0.710131149054998,0.0374672295638845,4.75420329411228e+18,0
8005,M9,SIDO_NM,부산광역시,cnt,16,14065.7294407037,0.159045318958414,0.796868571413507,0.0251428274809209,4618172266.03807,0
8005,M9,SIDO_NM,부산광역시,ticket,16,2824.9735818739,0.103117073299742,-0.311172922015672,0.00377230460563813,222501398.910698,0
8005,M9,SIDO_NM,서울특별시,amt,25,983496838.29578,0.223684627427726,0.602160455118193,0.011123739201134,7.81138133230344e+19,0
8005,M9,SIDO_NM,서울특별시,cnt,25,31990.8368479359,0.215291797536086,0.223501700913876,0.0224033989340989,123750595149.016,0
8005,M9,SIDO_NM,서울특별시,ticket,25,2649.82233579861,0.0941273733450064,0.511065800284314,-0.00582105429730729,295671092.814238,0
8005,M9,SIDO_NM,세종특별자치시,amt,1,226037172.00333,0.0887541020438869,,0.0887541020438869,5.10928031272631e+16,0
8005,M9,SIDO_NM,세종특별자치시,cnt,1,4969.13544291171,0.059114149927572,,0.059114149927572,24692307.0500013,0
8005,M9,SIDO_NM,세종특별자치시,ticket,1,850.7029467756,0.0280786285843132,,0.0280786285843132,723695.50365269,0
8005,M9,SIDO_NM,울산광역시,amt,5,421212068.001152,0.263925934930933,0.445631142909095,-0.0437266114583006,1.21063961587341e+18,0
8005,M9,SIDO_NM,울산광역시,cnt,5,14179.9051728736,0.249068274196031,0.33511805329848,-0.0347650701824031,1557488319.68136,0
8005,M9,SIDO_NM,울산광역시,ticket,5,2648.77842547636,0.0947105131726435,-0.579350061755971,-0.00708775126517323,51039176.2020286,0
8005,M9,SIDO_NM,인천광역시,amt,10,282070026.388975,0.133852488653349,0.864839451222708,-0.0264104398636522,2.25798688940199e+18,0
8005,M9,SIDO_NM,인천광역시,cnt,10,8216.36497039975,0.109650510799745,0.93828731895921,-0.00414765277980514,1289308164.27442,0
8005,M9,SIDO_NM,인천광역시,ticket,10,2446.98915111932,0.0869141421050523,0.503464435916669,0.00589825434308505,102507345.894497,0
8005,M9,SIDO_NM,전라남도,amt,22,120176898.15761,0.189605667137168,0.894768084886268,0.0449432823062954,7.34180066572877e+17,0
8005,M9,SIDO_NM,전라남도,cnt,22,3562.69373876008,0.16936760387903,0.928044976851594,0.0149823129931671,579046576.7358,0
8005,M9,SIDO_NM,전라남도,ticket,22,1563.62123834122,0.0510857764611334,-0.278486523555796,-0.000474135717131417,113107646.346305,0
8005,M9,SIDO_NM,전북특별자치도,amt,15,172151775.355707,0.201037985283884,0.882338117134161,0.0305488390141855,1.11866571657167e+18,0
8005,M9,SIDO_NM,전북특별자치도,cnt,15,5933.29185917679,0.20192299621256,0.886574096479928,0.0560588003722287,1204316267.85656,0
8005,M9,SIDO_NM,전북특별자치도,ticket,15,1681.28324151522,0.0581856409243765,-0.0964760236036037,0.00240301660929811,60448293.3107456,0
8005,M9,SIDO_NM,제주특별자치도,amt,2,64412896.1580448,0.0185302195443298,0.996365169473096,0.0126281674192731,1.21518957014976e+16,0
8005,M9,SIDO_NM,제주특별자치도,cnt,2,6686.20700351995,0.0568001988159483,0.974958618878141,-0.0173912265861474,97792780.1171642,0
8005,M9,SIDO_NM,제주특별자치도,ticket,2,933.527490060449,0.0315653871901069,-92.0801803954077,0.0223130061184116,2613866.91233484,0
8005,M9,SIDO_NM,충청남도,amt,16,139536716.625642,0.129616215529549,0.936834192963651,0.0526937494419501,7.14633094570638e+17,0
8005,M9,SIDO_NM,충청남도,cnt,16,4523.27954931842,0.121414229974709,0.941739253377108,0.0429759009653408,781463282.962381,0
8005,M9,SIDO_NM,충청남도,ticket,16,1709.61596891956,0.0590962321213804,0.0699655539597012,-0.000210640709283626,74871583.5432959,0
8005,M9,SIDO_NM,충청북도,amt,14,91300900.5714001,0.106516652166778,0.963754802863697,-0.0177193221305462,2.11507019063947e+17,0
8005,M9,SIDO_NM,충청북도,cnt,14,2898.38791126997,0.0943626068745803,0.971018110273453,-0.0219031974752542,213213318.346612,0
8005,M9,SIDO_NM,충청북도,ticket,14,1501.51995333558,0.0542167496698274,-0.524754088943062,0.00307100453240628,45926597.0113364,0
8005,M9,population_group,<5만,amt,58,66433297.7329976,0.229116298189125,0.728664132735532,0.0267228576504688,6.82750335692006e+17,0
8005,M9,population_group,<5만,cnt,58,2004.08475962586,0.19798554254707,0.873939211963191,0.00331349061627109,391644026.2633,0
8005,M9,population_group,<5만,ticket,58,1798.95364512377,0.0622918274052377,0.0820192190586987,0.000531270977389355,435439187.878093,0
8005,M9,population_group,5–15만,amt,58,182315414.276748,0.188090640092527,0.911600288676721,0.0230617144412248,5.31782071202564e+18,0
8005,M9,population_group,5–15만,cnt,58,5388.13982257038,0.16018573121265,0.921389288689974,0.0191918268152221,4307731742.18837,0
8005,M9,population_group,5–15만,ticket,58,2418.241257195,0.0861860752795525,0.187419080397491,0.00445091776142401,590969697.288296,0
8005,M9,population_group,15–30만,amt,72,420541515.875421,0.210522449221446,0.356342590131863,-0.0297239265293797,6.96694569005676e+19,0
8005,M9,population_group,15–30만,cnt,72,14742.4044203002,0.203065208765921,0.25146731705946,-0.0331750985403587,110605526586.434,0
8005,M9,population_group,15–30만,ticket,72,1702.83637067045,0.0620594068564999,0.166966456399584,0.00318475579065499,410591095.761811,0
8005,M9,population_group,30만+,amt,63,477546740.394237,0.138316869010445,0.852707650171017,0.0265697360668287,2.8463540348225e+19,0
8005,M9,population_group,30만+,cnt,63,14715.7793382608,0.121997430590959,0.761596556143087,0.0377857881510847,33087190619.3464,0
8005,M9,population_group,30만+,ticket,63,1938.7965706048,0.0690615636350015,0.466822347963724,-0.00838759637846343,427599477.861688,0
8006,M5,SIDO_NM,강원특별자치도,amt,18,451298843.639152,0.177883073134378,0.965946896723578,0.0251540897535515,5.21714291270943e+18,0
8006,M5,SIDO_NM,강원특별자치도,cnt,18,37921.2281379462,0.197738178195284,0.957896921063858,-0.0257166405006573,40275556427.6856,0
8006,M5,SIDO_NM,강원특별자치도,ticket,18,1450.99161351332,0.104850243749375,-0.0195383776460656,0.036247131065647,78909979.1322635,0
8006,M5,SIDO_NM,경기도,amt,43,976495030.85203,0.13124007326264,0.910328856087628,0.0624012356231099,7.24444588817895e+19,0
8006,M5,SIDO_NM,경기도,cnt,43,98777.4107809883,0.147428065561086,0.878998849169444,0.108968419246533,728479879588.767,0
8006,M5,SIDO_NM,경기도,ticket,43,1062.46965525952,0.0937895713326404,0.490070993747851,-0.0303047119334226,82900248.5418522,0
8006,M5,SIDO_NM,경상남도,amt,22,487048706.674194,0.127792303374783,0.954872975329176,-0.0768483122983802,1.30423200245573e+19,0
8006,M5,SIDO_NM,경상남도,cnt,22,52968.2263941236,0.152459834680811,0.928929901608535,-0.111285346215099,199069355124.737,0
8006,M5,SIDO_NM,경상남도,ticket,22,860.560090779087,0.0701858711551707,0.707377623874064,0.0216216822146681,25439530.32753,0
8006,M5,SIDO_NM,경상북도,amt,23,463885211.999841,0.169804793556967,0.953980424816845,-0.0708532212308722,1.04716228248727e+19,0
8006,M5,SIDO_NM,경상북도,cnt,23,32966.2210025298,0.144376638860732,0.952600349092485,-0.0561207915270539,79626102675.3243,0
8006,M5,SIDO_NM,경상북도,ticket,23,1377.32937436296,0.106618901973209,0.373876555457596,-0.0176431004871698,76154966.2865408,0
8006,M5,SIDO_NM,광주광역시,amt,5,770619252.801312,0.0796603667842672,0.883738435594099,-0.0349962485865801,4.08613793609288e+18,0
8006,M5,SIDO_NM,광주광역시,cnt,5,162121.565823485,0.148678856243539,0.683716741529288,-0.134098458425556,199055599399.774,0
8006,M5,SIDO_NM,광주광역시,ticket,5,991.383651769588,0.109443960336734,-0.64330376111709,0.109443960336734,8031639.00948261,0
8006,M5,SIDO_NM,대구광역시,amt,9,1552059258.4332,0.158466155708822,0.873326080477724,-0.134756760399383,3.50658612763822e+19,0
8006,M5,SIDO_NM,대구광역시,cnt,9,132614.980335464,0.142371527076363,0.910966074387691,-0.106836279362423,213735381492.079,0
8006,M5,SIDO_NM,대구광역시,ticket,9,1262.81903994416,0.121559144627998,-1.27941589857552,0.0306143467961623,28884861.2650597,0
8006,M5,SIDO_NM,대전광역시,amt,5,2891660425.87912,0.44881014496456,0.0649768156632162,0.44881014496456,5.3631390509817e+19,0
8006,M5,SIDO_NM,대전광역시,cnt,5,280895.581003416,0.454811493947976,-0.300899125877296,0.454811493947976,573924771623.888,0
8006,M5,SIDO_NM,대전광역시,ticket,5,403.681072213348,0.0397121800366817,0.458964066524219,0.0267273398995737,1182361.45253288,0
8006,M5,SIDO_NM,부산광역시,amt,16,3011451778.04174,0.292104683890117,0.554906088984112,-0.292104683890117,2.03631701624047e+20,0
8006,M5,SIDO_NM,부산광역시,cnt,16,384581.448721024,0.358537257517776,0.266569158828774,-0.358537257517776,2780116391155.79,0
8006,M5,SIDO_NM,부산광역시,ticket,16,1520.39527579542,0.158860228712126,0.115061727648895,0.118153344316373,51797566.118201,0
8006,M5,SIDO_NM,서울특별시,amt,25,4238262087.60669,0.230672810602288,0.792012959116193,-0.0104578097087786,1.54024182242333e+21,0
8006,M5,SIDO_NM,서울특별시,cnt,25,430027.785140151,0.264300619173409,0.637157374993091,0.0708334986232174,17224222471685.1,0
8006,M5,SIDO_NM,서울특별시,ticket,25,1264.30341340962,0.118595944418165,0.33540527595522,-0.0501822185470281,89095953.8336982,0
8006,M5,SIDO_NM,세종특별자치시,amt,1,1547863294.40463,0.183846155922511,,0.183846155922511,2.39588077816516e+18,0
8006,M5,SIDO_NM,세종특별자치시,cnt,1,194661.889035949,0.272301614596026,,0.272301614596026,37893251043.0441,0
8006,M5,SIDO_NM,세종특별자치시,ticket,1,640.1155218816,0.0543514365521085,,-0.0543514365521085,409747.881353753,0
8006,M5,SIDO_NM,울산광역시,amt,5,905669961.516268,0.141720411970861,0.829165408049413,-0.140476902879006,5.52584107897475e+18,0
8006,M5,SIDO_NM,울산광역시,cnt,5,67880.4214324154,0.117842348180686,0.900066308990629,-0.108678277044441,32045036339.6023,0
8006,M5,SIDO_NM,울산광역시,ticket,5,780.201886575568,0.0694319952084993,-4.18580837136979,-0.0460263027647751,5097786.261551,0
8006,M5,SIDO_NM,인천광역시,amt,10,1459325346.44272,0.206956344703996,0.776974704384856,0.197806626731708,4.23047866905331e+19,0
8006,M5,SIDO_NM,인천광역시,cnt,10,125458.837705698,0.179776333164624,0.835338426763445,0.160874039010341,308427579871.2,0
8006,M5,SIDO_NM,인천광역시,ticket,10,1283.80862713044,0.115968307881399,0.785937042496624,0.0222638227118292,23471666.2490652,0
8006,M5,SIDO_NM,전라남도,amt,22,393589614.233425,0.185354198356731,0.915750757294711,-0.150570921809118,1.06467297578914e+19,0
8006,M5,SIDO_NM,전라남도,cnt,22,34763.6447506219,0.198261475537262,0.92513507407128,-0.158726957929038,65340482478.4397,0
8006,M5,SIDO_NM,전라남도,ticket,22,1090.6408934309,0.0862701664528036,0.418409286408179,0.0166162870852624,36144989.5954038,0
8006,M5,SIDO_NM,전북특별자치도,amt,15,529486674.374188,0.215387388832031,0.891525463796176,0.12590143299955,1.1435118242876e+19,0
8006,M5,SIDO_NM,전북특별자치도,cnt,15,53495.6887254429,0.256027037000929,0.826420803701903,0.17185949564515,146040497495.727,0
8006,M5,SIDO_NM,전북특별자치도,ticket,15,1193.40729556105,0.092672699076105,0.215647460989097,0.00909536241844088,37171313.6206558,0
8006,M5,SIDO_NM,제주특별자치도,amt,2,1079186858.6911,0.0655809615209172,0.938366843357284,0.0643242249462332,4.57015955368218e+18,0
8006,M5,SIDO_NM,제주특별자치도,cnt,2,171872.37357782,0.147956595502499,0.79557636327338,-0.125924036470508,101875001720.827,0
8006,M5,SIDO_NM,제주특별자치도,ticket,2,3111.27899476105,0.212930810748404,-8.09712117767987,0.212930810748404,19572393.7463111,0
8006,M5,SIDO_NM,충청남도,amt,16,675571252.425446,0.232242509664982,0.799412835460329,0.168912999105863,2.06441498561241e+19,0
8006,M5,SIDO_NM,충청남도,cnt,16,69615.9463006682,0.2912153024551,0.6946132909246,0.245855380911145,252112696478.467,0
8006,M5,SIDO_NM,충청남도,ticket,16,893.385038067969,0.0697707673935619,0.202052156194235,-0.0425016415367908,22792289.0066207,0
8006,M5,SIDO_NM,충청북도,amt,14,724991687.112113,0.318979317947446,0.615494769562148,0.314123181258794,1.80917831467579e+19,0
8006,M5,SIDO_NM,충청북도,cnt,14,82873.5625740555,0.442439323856627,0.365555847129091,0.442439323856627,228150955919.744,0
8006,M5,SIDO_NM,충청북도,ticket,14,1198.95344234503,0.0935148017423653,0.0301725830240513,-0.0664591928455465,27188880.0228676,0
8006,M5,population_group,<5만,amt,58,251194933.171471,0.298173688693589,0.723145493023196,-0.0399600571597434,1.79388813669197e+19,0
8006,M5,population_group,<5만,cnt,58,18710.456632074,0.301272846478441,0.756684979935128,-0.0356379910938933,92596074818.2903,0
8006,M5,population_group,<5만,ticket,58,1523.0235306202,0.110497155097795,0.193757322351331,-0.00814496067457856,217558250.632186,0
8006,M5,population_group,5–15만,amt,58,693554184.579849,0.208250549929589,0.92871651213109,-0.00964959996930679,9.89061304929512e+19,0
8006,M5,population_group,5–15만,cnt,58,61890.3687468754,0.225930072837866,0.904061261497035,0.011112943207678,796167248962.505,0
8006,M5,population_group,5–15만,ticket,58,1245.89442287138,0.100177710534373,0.386187982095396,0.00246161381014093,147185406.761534,0
8006,M5,population_group,15–30만,amt,72,1411636721.95703,0.198746318976239,0.671916517047568,-0.0607792786540946,3.41664312347281e+20,0
8006,M5,population_group,15–30만,cnt,72,131508.74150431,0.203290982106715,0.598824014599058,-0.0479723860034822,2472144193671.38,0
8006,M5,population_group,15–30만,ticket,72,1080.40503367464,0.0980807764763138,0.439920574956246,0.00148492387881045,164412713.654711,0
8006,M5,population_group,30만+,amt,63,2569391302.43721,0.188740287111477,0.807377321606335,0.0251930724503801,1.59493758331145e+21,0
8006,M5,population_group,30만+,cnt,63,301530.057005593,0.236899701023861,0.650019445241729,0.0416008305380649,19849483493068,0
8006,M5,population_group,30만+,ticket,63,871.105237040959,0.0829000233843562,0.294418432800403,0.00530926573439811,85089801.3025591,0
8006,M8,SIDO_NM,강원특별자치도,amt,18,421967878.53819,0.166322037063282,0.959782903083068,-0.0196226970592958,6.16150429659067e+18,0
8006,M8,SIDO_NM,강원특별자치도,cnt,18,36099.3071124241,0.188237870265069,0.933577664634014,-0.0497626004149898,63539213370.8068,0
8006,M8,SIDO_NM,강원특별자치도,ticket,18,1511.31129769413,0.109209010216625,-0.00980487673591246,0.0274664440089728,78156628.0367634,0
8006,M8,SIDO_NM,경기도,amt,43,917394564.689761,0.12329702259271,0.905982861538409,0.0288480718170872,7.595554628053e+19,0
8006,M8,SIDO_NM,경기도,cnt,43,76423.0660989149,0.114063576987165,0.929478986965774,0.0445124011375067,424567359326.948,0
8006,M8,SIDO_NM,경기도,ticket,43,799.526591971428,0.0705782569495885,0.702585578658195,-0.00255234158695556,48351298.2138048,0
8006,M8,SIDO_NM,경상남도,amt,22,373040712.75147,0.0978787773826706,0.978767387164944,-0.0558333164574586,6.13651206948201e+18,0
8006,M8,SIDO_NM,경상남도,cnt,22,45743.1920731379,0.131663828978365,0.952420840943534,-0.103562865658874,133270569833.424,0
8006,M8,SIDO_NM,경상남도,ticket,22,846.617608858696,0.0690487451716012,0.72316066869799,0.0256997469519114,24067409.5322077,0
8006,M8,SIDO_NM,경상북도,amt,23,458402101.905593,0.167797705696611,0.947609859673399,-0.0871885450690069,1.19212267183884e+19,0
8006,M8,SIDO_NM,경상북도,cnt,23,41954.1208077165,0.183739438867148,0.934074515233919,-0.0967099573481272,110747427848.085,0
8006,M8,SIDO_NM,경상북도,ticket,23,1274.20786144531,0.0986362780041375,0.464507514065783,-0.00656920320363557,65131584.7832854,0
8006,M8,SIDO_NM,광주광역시,amt,5,928501774.688402,0.0959809810910491,0.795961273009403,-0.073629836481071,7.17116088234967e+18,0
8006,M8,SIDO_NM,광주광역시,cnt,5,127407.239922486,0.116842954313962,0.789091871716064,-0.11103843016804,132736851443.975,0
8006,M8,SIDO_NM,광주광역시,ticket,5,653.40799269065,0.0721330821908299,0.551608422381316,0.0524917689042444,2191511.61917719,0
8006,M8,SIDO_NM,대구광역시,amt,9,1671819119.63828,0.170693707402015,0.813848824518744,-0.015281866673441,5.1530349107997e+19,0
8006,M8,SIDO_NM,대구광역시,cnt,9,138445.740944882,0.148631259497841,0.824860588505396,0.0415563098846275,420440732817.942,0
8006,M8,SIDO_NM,대구광역시,ticket,9,1130.76226406949,0.108847340157291,-0.748196054453624,-0.0213548704621201,22153219.3965018,0
8006,M8,SIDO_NM,대전광역시,amt,5,4039435374.42857,0.626954520574831,-0.732397767219763,0.626954520574831,9.93674838533552e+19,0
8006,M8,SIDO_NM,대전광역시,cnt,5,444135.500030279,0.719121068272148,-1.65623897339676,0.719121068272148,1171867453717.54,0
8006,M8,SIDO_NM,대전광역시,ticket,5,436.812750885148,0.0429715134037826,0.377291943373903,-0.0429715134037826,1360844.92134628,0
8006,M8,SIDO_NM,부산광역시,amt,16,2247438081.28555,0.217996912679578,0.697701520402158,-0.194735418425087,1.38302394787588e+20,0
8006,M8,SIDO_NM,부산광역시,cnt,16,297890.7111401,0.277717292311902,0.494632869437558,-0.220059226055249,1915626347242.75,0
8006,M8,SIDO_NM,부산광역시,ticket,16,1401.99259850124,0.146488790379919,0.255334690448246,0.0345219057198582,43587052.1284607,0
8006,M8,SIDO_NM,서울특별시,amt,25,2996230920.24457,0.163073682868108,0.885720091394546,-0.0033837246292307,8.46296451686957e+20,0
8006,M8,SIDO_NM,서울특별시,cnt,25,327856.515039679,0.201504839732117,0.743715313830371,0.0176159354032406,12165892721638.3,0
8006,M8,SIDO_NM,서울특별시,ticket,25,745.22559923299,0.0699046864923673,0.795117989300669,-0.0168381917851047,27466601.082125,0
8006,M8,SIDO_NM,세종특별자치시,amt,1,752896262.4778,0.0894246179009044,,0.0894246179009044,5.66852782053041e+17,0
8006,M8,SIDO_NM,세종특별자치시,cnt,1,75712.4244259431,0.105909870279521,,0.105909870279521,5732371212.45414,0
8006,M8,SIDO_NM,세종특별자치시,ticket,1,34.8369446656998,0.00295796293472371,,-0.00295796293472371,1213.61271364103,0
8006,M8,SIDO_NM,울산광역시,amt,5,626898692.379758,0.0980979216748128,0.898518532411941,-0.0310003231007411,3.28253461989092e+18,0
8006,M8,SIDO_NM,울산광역시,cnt,5,104534.288876036,0.18147450776827,0.785652162395649,0.0400279870126043,68733418889.7567,0
8006,M8,SIDO_NM,울산광역시,ticket,5,1001.22275381234,0.0891011604066479,-6.18658917078253,-0.0752676469841162,7064606.5027176,0
8006,M8,SIDO_NM,인천광역시,amt,10,1221217738.50797,0.173188768265671,0.861652730138496,0.131876770427166,2.62425467235258e+19,0
8006,M8,SIDO_NM,인천광역시,cnt,10,140245.918118388,0.200965490847081,0.80129243393627,0.176150586005103,372199126356.502,0
8006,M8,SIDO_NM,인천광역시,ticket,10,596.216314210864,0.053857090246281,0.937693786223619,-0.0256998840740397,6831778.23972216,0
8006,M8,SIDO_NM,전라남도,amt,22,430244590.54024,0.202616223327505,0.915850705963616,-0.0873737651109874,1.06340990631419e+19,0
8006,M8,SIDO_NM,전라남도,cnt,22,38767.8148074868,0.221097765272445,0.881382245302927,-0.0721676287601007,103527001813.846,0
8006,M8,SIDO_NM,전라남도,ticket,22,1199.15409514933,0.0948536076486741,0.134742640085918,0.0144537629284089,53774445.7408765,0
8006,M8,SIDO_NM,전북특별자치도,amt,15,401515591.154676,0.163330635008651,0.919434862638785,0.12995603272639,8.49297820686658e+18,0
8006,M8,SIDO_NM,전북특별자치도,cnt,15,45980.7463144123,0.220060990305025,0.843612412392445,0.16990950972718,131576373110.643,0
8006,M8,SIDO_NM,전북특별자치도,ticket,15,1239.69911256227,0.0962674379742133,0.218676970456063,-0.0108777557065307,37027741.8963196,0
8006,M8,SIDO_NM,제주특별자치도,amt,2,3064729463.82125,0.186240133875103,0.653369034050972,0.186240133875103,2.57030291311757e+19,0
8006,M8,SIDO_NM,제주특별자치도,cnt,2,23652.1649564474,0.0203610023552445,0.995516080985301,0.0203610023552445,2234571621.23275,0
8006,M8,SIDO_NM,제주특별자치도,ticket,2,2357.40305034475,0.161336782595166,-4.27107838534408,0.161336782595166,11340688.9510002,0
8006,M8,SIDO_NM,충청남도,amt,16,342278941.94974,0.117665931163427,0.962044151235844,0.0217160240346549,3.90636276055762e+18,0
8006,M8,SIDO_NM,충청남도,cnt,16,29314.2911957603,0.122626648497462,0.953726158201129,0.0603145936815309,38201475983.1964,0
8006,M8,SIDO_NM,충청남도,ticket,16,800.762492843219,0.0625372165919376,0.463607825523522,-0.0209640769363915,15321308.9758453,0
8006,M8,SIDO_NM,충청북도,amt,14,452141751.696758,0.198931753474702,0.852544619172013,0.182046568948998,6.93808708590175e+18,0
8006,M8,SIDO_NM,충청북도,cnt,14,50878.137829679,0.271624486763582,0.732201936807088,0.271273305231306,96302225868.8079,0
8006,M8,SIDO_NM,충청북도,ticket,14,1192.6758720444,0.0930251699340286,0.153595794542548,-0.0577105896727495,23728739.7636068,0
8006,M8,population_group,<5만,amt,58,201782330.719142,0.239519886424801,0.870002131051976,-0.0312655983278378,8.42325586271335e+18,0
8006,M8,population_group,<5만,cnt,58,13798.4510959826,0.222180501546607,0.92253294456701,0.0168428991755702,29480897886.6709,0
8006,M8,population_group,<5만,ticket,58,1602.64187739873,0.116273560147187,0.122419524766411,-0.011272346231542,236808194.695915,0
8006,M8,population_group,5–15만,amt,58,580029328.648592,0.174162926779159,0.930469702947574,0.06742617905316,9.64735710762035e+19,0
8006,M8,population_group,5–15만,cnt,58,57304.7188712827,0.209190211186066,0.892039254603584,0.0772779092577764,895934332673.659,0
8006,M8,population_group,5–15만,ticket,58,1038.87958427671,0.0835324216588823,0.583669590688106,0.00505760578639611,99831477.478974,0
8006,M8,population_group,15–30만,amt,72,1177141344.86804,0.165731385113672,0.830381210781999,-0.0368754357574933,1.76640062638414e+20,0
8006,M8,population_group,15–30만,cnt,72,121096.530526976,0.187195408753402,0.675444277508916,-0.0287256895410681,1999991460299.58,0
8006,M8,population_group,15–30만,ticket,72,855.445037826403,0.0776585733384228,0.728895628595652,-0.00266607714641625,79583365.1321171,0
8006,M8,population_group,30만+,amt,63,2158233455.01822,0.158537783469316,0.873543730101497,0.0114876970835929,1.04707223047902e+21,0
8006,M8,population_group,30만+,cnt,63,236552.429048455,0.185849464808106,0.745542730868557,0.017807465156636,14431788551236.3,0
8006,M8,population_group,30만+,ticket,63,660.480508006818,0.0628556082898423,0.574331272989223,0.0029055603942858,51333636.0894675,0
8006,M9,SIDO_NM,강원특별자치도,amt,18,376042547.031473,0.14822019785347,0.970604318285245,-0.0151895694932262,4.50359755108084e+18,0
8006,M9,SIDO_NM,강원특별자치도,cnt,18,34309.4934328219,0.17890498434096,0.94717939407176,-0.0306943101011154,50527879394.1411,0
8006,M9,SIDO_NM,강원특별자치도,ticket,18,1435.95761188079,0.103763870319633,0.0856089369332432,0.00520108433345224,70771813.2905583,0
8006,M9,SIDO_NM,경기도,amt,43,868368927.48171,0.116708020072832,0.91520715109908,-0.0206574824108095,6.85033310345106e+19,0
8006,M9,SIDO_NM,경기도,cnt,43,69349.1662006695,0.103505582302698,0.936298787030297,-0.0143274352063726,383509178510.304,0
8006,M9,SIDO_NM,경기도,ticket,43,898.243236679121,0.0792924745695445,0.635909860709817,0.00271191324462007,59190912.202921,0
8006,M9,SIDO_NM,경상남도,amt,22,262979372.60403,0.0690007781657146,0.986314853800503,-0.0061284518750614,3.95519220730047e+18,0
8006,M9,SIDO_NM,경상남도,cnt,22,34372.2781488164,0.0989346293224723,0.980016418507769,-0.0285842408202659,55974576802.0335,0
8006,M9,SIDO_NM,경상남도,ticket,22,852.460509823851,0.0695252826019408,0.726665626154091,0.00174750154048348,23762701.2160439,0
8006,M9,SIDO_NM,경상북도,amt,23,481989064.749694,0.176431693702203,0.9465211750946,-0.09318519923901,1.21689537832096e+19,0
8006,M9,SIDO_NM,경상북도,cnt,23,40330.474968449,0.176628629018617,0.935933611916481,-0.0933669629353692,107624353722.121,0
8006,M9,SIDO_NM,경상북도,ticket,23,1351.08635789758,0.104587433210482,0.399655857180279,-0.0127919436976454,73019447.4512474,0
8006,M9,SIDO_NM,광주광역시,amt,5,943906331.65724,0.0975733792225855,0.845488679915566,0.008269676577179,5.43046680800341e+18,0
8006,M9,SIDO_NM,광주광역시,cnt,5,117011.488364934,0.107309192142853,0.842442846938954,0.0159174274540489,99159954573.4182,0
8006,M9,SIDO_NM,광주광역시,ticket,5,493.451590962494,0.0544746690678225,0.598663123222005,-0.000920208084102567,1961532.00141333,0
8006,M9,SIDO_NM,대구광역시,amt,9,1475277369.47154,0.150626680053685,0.867594226618507,0.10957277902289,3.66525524677639e+19,0
8006,M9,SIDO_NM,대구광역시,cnt,9,149557.815340988,0.160560854455799,0.872116852008706,0.137363023385824,306997060214.408,0
8006,M9,SIDO_NM,대구광역시,ticket,9,1180.07345112174,0.113594042201733,-1.39962781213345,0.0229979339106412,30408192.0655942,0
8006,M9,SIDO_NM,대전광역시,amt,5,228442951.799574,0.0354562774369084,0.99261714616798,0.0200317486284816,4.23468341293406e+17,0
8006,M9,SIDO_NM,대전광역시,cnt,5,37885.479254227,0.061342194693837,0.981306358588744,0.0303359786413105,8247175868.10491,0
8006,M9,SIDO_NM,대전광역시,ticket,5,436.735320569428,0.0429638961860089,0.477547824970558,-0.000929094092697037,1141749.14146331,0
8006,M9,SIDO_NM,부산광역시,amt,16,1351239619.46249,0.131067488704586,0.891559807171759,0.0355746307696037,4.96116896761284e+19,0
8006,M9,SIDO_NM,부산광역시,cnt,16,151448.777222599,0.141192533910289,0.849012843208371,0.0578445696827177,572326449730.548,0
8006,M9,SIDO_NM,부산광역시,ticket,16,1013.96933164814,0.105945738254438,0.435339363067061,-0.029874839529476,33050945.5740604,0
8006,M9,SIDO_NM,서울특별시,amt,25,2934229580.23115,0.159699180992958,0.776271257469108,-0.0713698395734062,1.65681652404858e+21,0
8006,M9,SIDO_NM,서울특별시,cnt,25,314183.972750934,0.193101519022474,0.56027585002318,-0.063901590432511,20873806061868.2,0
8006,M9,SIDO_NM,서울특별시,ticket,25,888.929252849563,0.0833845761582799,0.690734666375117,-0.00125270242257317,41460289.842971,0
8006,M9,SIDO_NM,세종특별자치시,amt,1,1752955073.8295,0.208205758863462,,0.208205758863462,3.07285149086459e+18,0
8006,M9,SIDO_NM,세종특별자치시,cnt,1,146573.164001788,0.205032990339287,,0.205032990339287,21483692405.495,0
8006,M9,SIDO_NM,세종특별자치시,ticket,1,106.9657474826,0.00908233254594432,,0.00908233254594432,11441.6711345113,0
8006,M9,SIDO_NM,울산광역시,amt,5,721437235.942918,0.112891435769578,0.84199401493222,0.0243211178119636,5.11088505578514e+18,0
8006,M9,SIDO_NM,울산광역시,cnt,5,88477.5957521524,0.153599630420623,0.807955561634877,-0.0183535679973349,61581544162.637,0
8006,M9,SIDO_NM,울산광역시,ticket,5,1013.15818508906,0.0901633224207053,-5.39817784242331,0.0195548151620301,6289577.39436295,0
8006,M9,SIDO_NM,인천광역시,amt,10,631183142.584873,0.089512154603883,0.952298707628718,-0.0437842966945856,9.04826958333972e+18,0
8006,M9,SIDO_NM,인천광역시,cnt,10,60793.447582934,0.0871140151364505,0.95479303791972,-0.0377045256511768,84677157114.9699,0
8006,M9,SIDO_NM,인천광역시,ticket,10,571.1826299908,0.0515957609969776,0.945914539677309,-0.0145318653088536,5930385.56706499,0
8006,M9,SIDO_NM,전라남도,amt,22,308870125.021491,0.145457025158566,0.969252425579491,0.0362093544702556,3.88562680273525e+18,0
8006,M9,SIDO_NM,전라남도,cnt,22,24611.2615492676,0.140361146381349,0.962366827817621,0.0406734530864533,32845415888.5044,0
8006,M9,SIDO_NM,전라남도,ticket,22,1192.79256057035,0.0943504075116453,0.0774350430140377,0.000492439449497325,57336026.8519437,0
8006,M9,SIDO_NM,전북특별자치도,amt,15,375021115.481782,0.152553072116434,0.936411499436774,0.103229810924684,6.70334299896317e+18,0
8006,M9,SIDO_NM,전북특별자치도,cnt,15,41008.5993803984,0.196264604514344,0.905968470669066,0.113165221374932,79113232556.914,0
8006,M9,SIDO_NM,전북특별자치도,ticket,15,1293.26144854757,0.100426760833259,0.176318138494055,0.00437052790682086,39035172.6741302,0
8006,M9,SIDO_NM,제주특별자치도,amt,2,3908651706.73951,0.237524331503857,0.429505117984186,0.147279234024013,4.23027600303759e+19,0
8006,M9,SIDO_NM,제주특별자치도,cnt,2,239006.281748923,0.205748922966204,0.690701276455293,0.121577935606358,154139748699.928,0
8006,M9,SIDO_NM,제주특별자치도,ticket,2,378.8545354474,0.025928180508518,0.793170728446764,0.025928180508518,444991.7575062,0
8006,M9,SIDO_NM,충청남도,amt,16,418198347.468165,0.143764900304832,0.944320773554708,0.0174297376186611,5.73042795259381e+18,0
8006,M9,SIDO_NM,충청남도,cnt,16,37771.8952414429,0.158006239684392,0.921461776988718,0.0353161120919109,64837409722.0871,0
8006,M9,SIDO_NM,충청남도,ticket,16,901.90059510395,0.0704358075765371,0.32267769835672,0.00504671317860918,19346785.3438313,0
8006,M9,SIDO_NM,충청북도,amt,14,275617908.655388,0.121265407700325,0.947801350496623,0.063197081161286,2.45605669991362e+18,0
8006,M9,SIDO_NM,충청북도,cnt,14,26978.5145423051,0.144030923276496,0.936262414426778,0.0704193275764033,22920521862.7113,0
8006,M9,SIDO_NM,충청북도,ticket,14,946.712077799236,0.0738407256993564,0.292216289207621,0.00102531964937568,19842547.3007135,0
8006,M9,population_group,<5만,amt,58,201393888.049593,0.239058796775567,0.871490766015357,-0.0526263790817919,8.3267992570458e+18,0
8006,M9,population_group,<5만,cnt,58,12618.8820958008,0.203187265983702,0.936789992033448,-0.0127390230354233,24055229411.5466,0
8006,M9,population_group,<5만,ticket,58,1639.79386986773,0.118968981059277,0.0610465196810175,-0.0109244401437609,253369217.812874,0
8006,M9,population_group,5–15만,amt,58,523466683.695481,0.157179103195003,0.951346064986303,0.0230000351648003,6.75075335021463e+19,0
8006,M9,population_group,5–15만,cnt,58,42643.166692001,0.155668385111172,0.94846004977671,-0.00259287217308744,427714821158.229,0
8006,M9,population_group,5–15만,ticket,58,1079.9464720146,0.0868344564997418,0.565837886805195,0.0165606471716594,104107324.990427,0
8006,M9,population_group,15–30만,amt,72,826953370.137232,0.116427927754612,0.909230898668497,0.00815934458289107,9.45264367158192e+19,0
8006,M9,population_group,15–30만,cnt,72,81444.4324931189,0.125899757531385,0.853349808144923,0.0328758327796361,903694222706.262,0
8006,M9,population_group,15–30만,ticket,72,764.11548815895,0.0693675409316695,0.74401682740296,-0.0107340431479026,75144499.4668989,0
8006,M9,population_group,30만+,amt,63,1840821343.16922,0.135221578940167,0.789131478829631,-0.0271866331955743,1.74601522705744e+21,0
8006,M9,population_group,30만+,cnt,63,197238.055358816,0.154961786592852,0.618726249894584,-0.02496463714611,21624307139820.5,0
8006,M9,population_group,30만+,ticket,63,638.490851157387,0.0607629299433957,0.582210246963364,0.00648738651033001,50383469.0767598,0
8021,M5,SIDO_NM,강원특별자치도,amt,18,209374404.459083,0.248683370335775,0.862937358302532,-0.0386584271881918,2.12979089673413e+18,0
8021,M5,SIDO_NM,강원특별자치도,cnt,18,11021.9350796608,0.250032239666548,0.87835105604895,-0.065495093552985,6364161462.47493,0
8021,M5,SIDO_NM,강원특별자치도,ticket,18,2760.10496227664,0.124621682572215,0.20316887470395,0.0331275551754249,234089251.250384,0
8021,M5,SIDO_NM,경기도,amt,43,412645030.757162,0.17700712969614,0.767784539671752,0.0917371357315833,1.55538166470339e+19,0
8021,M5,SIDO_NM,경기도,cnt,43,36270.1065821362,0.25586037710866,0.619279233543656,0.168216947723103,107137745318.448,0
8021,M5,SIDO_NM,경기도,ticket,43,1528.38117843305,0.08774368085745,0.526317065410292,-0.0398943824505663,176250227.115204,0
8021,M5,SIDO_NM,경상남도,amt,22,177485206.446293,0.137584364808252,0.966623962117615,0.019387465331464,1.16107818989705e+18,0
8021,M5,SIDO_NM,경상남도,cnt,22,11455.2098378024,0.160898974987184,0.960538582631629,0.0695908346436707,4636373936.8746,0
8021,M5,SIDO_NM,경상남도,ticket,22,2258.86076827306,0.112311019155321,0.0175759213318522,-0.0415417829684543,228942248.309888,0
8021,M5,SIDO_NM,경상북도,amt,23,222107589.141315,0.249314281055253,0.892903618907678,0.084000710550801,2.03885557205217e+18,0
8021,M5,SIDO_NM,경상북도,cnt,23,18500.3908551466,0.333880233819801,0.82758836052658,-0.0063019088471502,16334670133.3804,0
8021,M5,SIDO_NM,경상북도,ticket,23,2490.88161946542,0.13260044872451,0.352986465353609,0.0866519976749469,252672655.752135,0
8021,M5,SIDO_NM,광주광역시,amt,5,475592813.322316,0.136127913319418,0.824944935108189,-0.0729211091147442,1.62296221231246e+18,0
8021,M5,SIDO_NM,광주광역시,cnt,5,35232.0338029736,0.163761309024682,0.811674043353771,-0.0311455632231423,7047037066.87064,0
8021,M5,SIDO_NM,광주광역시,ticket,5,906.296667989121,0.0555147374766889,-1.61035390364181,0.0165613812859823,5759278.60576931,0
8021,M5,SIDO_NM,대구광역시,amt,9,328905905.760344,0.113352248081654,0.935214897112173,-0.0458956142561767,1.60567815897796e+18,0
8021,M5,SIDO_NM,대구광역시,cnt,9,29754.4718720998,0.153010932194432,0.875362383615848,-0.0558013657431252,14708926300.6757,0
8021,M5,SIDO_NM,대구광역시,ticket,9,1496.20343040661,0.0932747574082832,0.410889958932714,0.0245824854486854,39333360.7263991,0
8021,M5,SIDO_NM,대전광역시,amt,5,875536788.377732,0.382926435893125,-2.04340012359155,0.382926435893125,7.15709209581989e+18,0
8021,M5,SIDO_NM,대전광역시,cnt,5,67118.3717095452,0.479157511215679,-2.66026817348824,0.479157511215679,37390392480.6462,0
8021,M5,SIDO_NM,대전광역시,ticket,5,528.25759448572,0.0321423958378858,0.449415098902036,0.00107575090702494,2014709.51884634,0
8021,M5,SIDO_NM,부산광역시,amt,16,1326204499.0414,0.367669672027441,0.197359765136871,-0.367669672027441,4.19106584416064e+19,0
8021,M5,SIDO_NM,부산광역시,cnt,16,96561.7715472531,0.395249789455897,0.165759073021583,-0.395249789455897,224837286893.365,0
8021,M5,SIDO_NM,부산광역시,ticket,16,1920.49916622269,0.127483076011767,-4.11731872623997,0.117223399907872,109416513.032137,0
8021,M5,SIDO_NM,서울특별시,amt,25,709149530.018217,0.167075462891863,0.63757471284062,0.134467394590805,2.23830113110709e+19,0
8021,M5,SIDO_NM,서울특별시,cnt,25,71369.4823196405,0.243132628123139,0.309492343435614,0.205443103687081,219675637125.872,0
8021,M5,SIDO_NM,서울특별시,ticket,25,719.411164826036,0.0493937147048662,-0.476003763750631,0.000606320860602049,27101023.7677516,0
8021,M5,SIDO_NM,세종특별자치시,amt,1,1175031601.13353,0.525823552293885,,0.525823552293885,1.38069926366243e+18,0
8021,M5,SIDO_NM,세종특별자치시,cnt,1,74697.028472329,0.581802401080536,,0.581802401080536,5579646062.59593,0
8021,M5,SIDO_NM,세종특별자치시,ticket,1,407.1096873643,0.0233899741127313,,0.0233899741127313,165738.297545858,0
8021,M5,SIDO_NM,울산광역시,amt,5,241280329.29013,0.120914519690242,0.878842886529205,-0.030798719275437,3.70807894038267e+17,0
8021,M5,SIDO_NM,울산광역시,cnt,5,10970.5840079763,0.0981384564901784,0.83491611213289,0.053492525611893,1803313222.17285,0
8021,M5,SIDO_NM,울산광역시,ticket,5,886.1925138194,0.0489109328541081,0.0331420688836557,-0.0320133516031565,5599337.29157299,0
8021,M5,SIDO_NM,인천광역시,amt,10,398351015.421633,0.169727599474407,0.860529535530494,0.169727599474407,3.1305149743326e+18,0
8021,M5,SIDO_NM,인천광역시,cnt,10,34100.148788948,0.230643911628921,0.79496611543419,0.230643911628921,20269157232.71,0
8021,M5,SIDO_NM,인천광역시,ticket,10,1196.52644933555,0.0656092664249125,0.921953091814837,-0.0129480504626927,22211865.0460214,0
8021,M5,SIDO_NM,전라남도,amt,22,154233970.48903,0.204552611128111,0.919916478838022,-0.0906546645436156,1.1587399755272e+18,0
8021,M5,SIDO_NM,전라남도,cnt,22,10129.5592749597,0.264506979187374,0.88584543656015,-0.0438346105125941,4568857925.12962,0
8021,M5,SIDO_NM,전라남도,ticket,22,3046.77554551036,0.14106587495816,0.154792150058296,-0.0628689973738703,343790520.275046,0
8021,M5,SIDO_NM,전북특별자치도,amt,15,274150328.36486,0.258770233292383,0.784512019779392,-0.0137663288406596,3.59297564229975e+18,0
8021,M5,SIDO_NM,전북특별자치도,cnt,15,19585.8509109796,0.330237755981108,0.71723386782161,0.0222768948016618,16332231889.7508,0
8021,M5,SIDO_NM,전북특별자치도,ticket,15,1689.0535653938,0.0866402898353553,0.204496562935512,0.013853666560407,71244143.7633729,0
8021,M5,SIDO_NM,제주특별자치도,amt,2,495171793.689,0.135286186386735,0.891766727596077,-0.015482847007098,4.96813189907702e+17,0
8021,M5,SIDO_NM,제주특별자치도,cnt,2,39771.439298679,0.204354852924188,0.796126845281439,-0.0725112465534234,3561837644.46165,0
8021,M5,SIDO_NM,제주특별자치도,ticket,2,1687.42567306255,0.0861566530250087,-0.710783919704165,0.0861566530250087,8996130.20942245,0
8021,M5,SIDO_NM,충청남도,amt,16,285806413.345871,0.27267067404302,0.602308291023696,0.157627141365938,4.34865098557084e+18,0
8021,M5,SIDO_NM,충청남도,cnt,16,23708.5449512196,0.443228559266312,0.198577416816912,0.330049885462819,27089482263.5796,0
8021,M5,SIDO_NM,충청남도,ticket,16,2449.86497095806,0.115393731223194,-0.00176399856819032,-0.0839799006895829,142095536.602351,0
8021,M5,SIDO_NM,충청북도,amt,14,380921498.084004,0.357727470946332,0.455597952630923,0.0361891947632623,3.3486864913437e+18,0
8021,M5,SIDO_NM,충청북도,cnt,14,34893.5320230259,0.51840261681859,-0.127394547229359,-0.0258378861987254,36061244865.3409,0
8021,M5,SIDO_NM,충청북도,ticket,14,3365.0578431489,0.190849772351911,-0.385738150662135,0.102942369852034,305369872.327523,0
8021,M5,population_group,<5만,amt,58,116146626.366502,0.373951702405198,0.485619699843408,-0.0389475952984379,2.37655426970746e+18,0
8021,M5,population_group,<5만,cnt,58,9401.74510747705,0.544497537867776,0.246600277903695,-0.136819862173062,25814663978.8691,0
8021,M5,population_group,<5만,ticket,58,3244.36072230938,0.147546073259648,0.193897432489591,-0.00789296137085228,1067096963.10726,0
8021,M5,population_group,5–15만,amt,58,248738966.856871,0.241877121436478,0.854767565513449,0.0123325546484992,7.64228520112866e+18,0
8021,M5,population_group,5–15만,cnt,58,19571.1464162154,0.330760823091961,0.765898975791057,0.0420515146983785,56290045765.2024,0
8021,M5,population_group,5–15만,ticket,58,2464.41916896729,0.127078678896658,0.177567114341311,-0.0129516264824708,568116886.089254,0
8021,M5,population_group,15–30만,amt,72,497743810.426401,0.218011128029694,0.211398615961903,-0.0203136965887444,3.62149212261313e+19,0
8021,M5,population_group,15–30만,cnt,72,40179.3040181108,0.289130579285011,0.0981062172544029,0.013795931952374,226936994520.215,0
8021,M5,population_group,15–30만,ticket,72,1429.5031153844,0.0838069459153288,0.345372907272906,0.0134835954425324,253915921.239391,0
8021,M5,population_group,30만+,amt,63,745317621.981187,0.189162885362904,0.498904710025369,0.0617982294709465,6.715707124522e+19,0
8021,M5,population_group,30만+,cnt,63,61992.7246079511,0.241830716730855,0.400086800408167,0.108639932584377,444356297560.062,0
8021,M5,population_group,30만+,ticket,63,897.739794052812,0.0570750211909241,0.437702231979186,0.0136286156890787,85922641.4554654,0
8021,M8,SIDO_NM,강원특별자치도,amt,18,197606130.975415,0.234705664128025,0.892352923736549,-0.0543117074345488,1.67270789652508e+18,0
8021,M8,SIDO_NM,강원특별자치도,cnt,18,11485.7212588055,0.26055321409253,0.896268121274413,-0.0782097405862823,5426815914.49862,0
8021,M8,SIDO_NM,강원특별자치도,ticket,18,2493.45810781703,0.112582292726716,0.285076110124444,0.0168136822357203,210026933.899955,0
8021,M8,SIDO_NM,경기도,amt,43,357467021.789441,0.153338115745329,0.826076234614817,0.0343698875352035,1.1649432615464e+19,0
8021,M8,SIDO_NM,경기도,cnt,43,29439.3050074889,0.207673822627883,0.717258230711067,0.0839682842766826,79565703628.1961,0
8021,M8,SIDO_NM,경기도,ticket,43,1627.19945497639,0.0934167939801799,0.437191107239377,-0.027651361992855,209412642.778522,0
8021,M8,SIDO_NM,경상남도,amt,22,217283699.971418,0.168435671019153,0.939205206292081,0.0155259030470814,2.11491577527268e+18,0
8021,M8,SIDO_NM,경상남도,cnt,22,13131.1325212634,0.184438852976742,0.926102286704485,0.0588769193656955,8682339732.49445,0
8021,M8,SIDO_NM,경상남도,ticket,22,2329.49035645631,0.115822736717907,-0.0135093107501107,-0.0508330088147588,236186291.973524,0
8021,M8,SIDO_NM,경상북도,amt,23,185316203.99506,0.208016197670406,0.906205207035476,0.0498339537057448,1.78562556750025e+18,0
8021,M8,SIDO_NM,경상북도,cnt,23,16775.5968469359,0.3027525332614,0.846941778276169,-0.0465495011785813,14501083399.5695,0
8021,M8,SIDO_NM,경상북도,ticket,23,2558.41350515194,0.136195464350811,0.367810361690203,0.0985186176001406,246883606.442666,0
8021,M8,SIDO_NM,광주광역시,amt,5,248300440.151382,0.0710705036898727,0.948741325347277,-0.036126042190689,4.75226992523769e+17,0
8021,M8,SIDO_NM,광주광역시,cnt,5,9171.1953774624,0.0426284491191535,0.983220347380886,0.00725775447933045,627883888.561554,0
8021,M8,SIDO_NM,광주광역시,ticket,5,558.67379359762,0.034221276632841,-0.562814035063159,0.0171891228718189,3448069.40713213,0
8021,M8,SIDO_NM,대구광역시,amt,9,305071216.254839,0.105137997165327,0.947356917932647,0.0705114788029691,1.30474203681038e+18,0
8021,M8,SIDO_NM,대구광역시,cnt,9,24961.6403037576,0.12836402771314,0.919485713751108,0.103629132716666,9501775924.02229,0
8021,M8,SIDO_NM,대구광역시,ticket,9,1208.27421004704,0.0753249735526907,0.496310563229288,-0.0201893049989809,33630046.9003827,0
8021,M8,SIDO_NM,대전광역시,amt,5,1343558279.74676,0.587621205993417,-4.66471860446331,0.587621205993417,1.3321584774467e+19,0
8021,M8,SIDO_NM,대전광역시,cnt,5,110035.597046584,0.785543234781341,-7.80552750110746,0.785543234781341,89950275132.9184,0
8021,M8,SIDO_NM,대전광역시,ticket,5,1110.7238660355,0.0675831763544384,-1.45470780169253,-0.0396150708627549,8982308.02223975,0
8021,M8,SIDO_NM,부산광역시,amt,16,1184877823.41691,0.328489038487784,0.306868322926822,-0.263172215005034,3.61925601422479e+19,0
8021,M8,SIDO_NM,부산광역시,cnt,16,93878.7296936484,0.384267475122324,0.181490087908183,-0.264797821744666,220597601938.093,0
8021,M8,SIDO_NM,부산광역시,ticket,16,1990.75086800584,0.132146396462977,-5.38217189737444,0.0717700762378774,136461110.190708,0
8021,M8,SIDO_NM,서울특별시,amt,25,634007799.536795,0.149372088820168,0.714700736156192,0.11160404702009,1.76197877904914e+19,0
8021,M8,SIDO_NM,서울특별시,cnt,25,61142.0632068909,0.208291135555449,0.472111686343112,0.173274151888272,167940500777.15,0
8021,M8,SIDO_NM,서울특별시,ticket,25,837.455286508884,0.0574984508475128,-1.06106055767821,-0.00103479720870948,37843298.5959848,0
8021,M8,SIDO_NM,세종특별자치시,amt,1,769679054.69012,0.344429353451377,,0.344429353451377,5.92405847228677e+17,0
8021,M8,SIDO_NM,세종특별자치시,cnt,1,42981.649865302,0.334776732160092,,0.334776732160092,1847422225.14341,0
8021,M8,SIDO_NM,세종특별자치시,ticket,1,1049.2112369829,0.0602811095719677,,0.0602811095719677,1100844.21981119,0
8021,M8,SIDO_NM,울산광역시,amt,5,451811953.475478,0.226419723089429,0.318522360645773,0.0254524052112754,2.08569914752899e+18,0
8021,M8,SIDO_NM,울산광역시,cnt,5,36127.1913569971,0.323179403623657,0.00698772005585313,0.172025217315288,10847286172.7414,0
8021,M8,SIDO_NM,울산광역시,ticket,5,1567.8122843264,0.0865310416988717,-2.14240017830463,-0.0848750119365393,18198494.2535569,0
8021,M8,SIDO_NM,인천광역시,amt,10,454187662.617931,0.193518225641875,0.867894668657113,0.172870260097819,2.96519925943532e+18,0
8021,M8,SIDO_NM,인천광역시,cnt,10,36252.1820910481,0.245199665676332,0.790926584399792,0.242574782052758,20668495565.7666,0
8021,M8,SIDO_NM,인천광역시,ticket,10,1217.90658980947,0.0667816060195236,0.886697626846221,0.0331086348827258,32245441.6248629,0
8021,M8,SIDO_NM,전라남도,amt,22,119432118.18596,0.158396697887232,0.954257124302802,-0.0216472867420821,6.61860241618346e+17,0
8021,M8,SIDO_NM,전라남도,cnt,22,9472.81185638777,0.247357735961661,0.853876112115158,0.0317533397110007,5848380153.15256,0
8021,M8,SIDO_NM,전라남도,ticket,22,3087.06665319292,0.142931355454959,0.21246195990336,-0.0518398363027153,320333173.14775,0
8021,M8,SIDO_NM,전북특별자치도,amt,15,273967319.599617,0.258597491493535,0.77559464635981,-0.0227643467929551,3.74166099104658e+18,0
8021,M8,SIDO_NM,전북특별자치도,cnt,15,19083.0399656801,0.321759842051653,0.727107787052832,-0.011306610873538,15761926184.1041,0
8021,M8,SIDO_NM,전북특별자치도,ticket,15,1625.34513592961,0.083372355113317,0.331702366368704,0.0133661214365014,59851774.9500186,0
8021,M8,SIDO_NM,제주특별자치도,amt,2,319947419.225655,0.0874130286558734,0.955166080832262,0.0874130286558734,2.05796996645005e+17,0
8021,M8,SIDO_NM,제주특별자치도,cnt,2,10137.802507229,0.0520903738177778,0.981889524927352,0.0520903738177778,316405423.567859,0
8021,M8,SIDO_NM,제주특별자치도,ticket,2,1225.78427964405,0.0625861467860268,0.197766112086909,0.0625861467860268,4218534.22337835,0
8021,M8,SIDO_NM,충청남도,amt,16,203981985.231074,0.194606918558826,0.852053912615461,0.0557579554557521,1.61775034328025e+18,0
8021,M8,SIDO_NM,충청남도,cnt,16,15981.5944589165,0.29877409606445,0.733674192233845,0.16823914631869,9002277197.08087,0
8021,M8,SIDO_NM,충청남도,ticket,16,2007.14426937458,0.094540666155902,0.23313410283244,-0.0600498075547837,108776339.852315,0
8021,M8,SIDO_NM,충청북도,amt,14,301276207.194724,0.28293172267296,0.583222300403242,-0.0697656778085463,2.56365283576309e+18,0
8021,M8,SIDO_NM,충청북도,cnt,14,28826.2698419456,0.428263143705896,0.036167867232899,-0.148032349447044,30829479026.8549,0
8021,M8,SIDO_NM,충청북도,ticket,14,3103.98176112198,0.17604280226585,-0.433378962793522,0.109639352335232,315868297.813745,0
8021,M8,population_group,<5만,amt,58,111956110.079342,0.360459698818324,0.538521318387645,-0.00141257941640492,2.13213673002433e+18,0
8021,M8,population_group,<5만,cnt,58,8520.94531427219,0.493486442239042,0.34263899636062,-0.0811489288612794,22523970906.8987,0
8021,M8,population_group,<5만,ticket,58,3180.89809816789,0.144659938889188,0.219382370765546,-0.00877177202105834,1033360685.20005,0
8021,M8,population_group,5–15만,amt,58,233008945.464706,0.226581036779744,0.841185363314691,0.0558558934927095,8.3569951295911e+18,0
8021,M8,population_group,5–15만,cnt,58,19182.4384144128,0.324191490060343,0.649305928933179,0.12302876430529,84325070241.1167,0
8021,M8,population_group,5–15만,ticket,58,2413.87188522595,0.124472189659539,0.181121518580948,-0.00918288630638779,565661589.002115,0
8021,M8,population_group,15–30만,amt,72,437950971.126252,0.191821943813105,0.343225086434024,-0.0180621241418429,3.01610575881793e+19,0
8021,M8,population_group,15–30만,cnt,72,36628.4119300324,0.263578332637286,0.21483134274229,0.00541017042771679,197566297360.539,0
8021,M8,population_group,15–30만,ticket,72,1467.58807014911,0.086039738351948,0.25259358114929,0.0147160761307384,289903047.843802,0
8021,M8,population_group,30만+,amt,63,704322909.479326,0.178758357316376,0.552901286768764,0.0532751521791216,5.9920419806054e+19,0
8021,M8,population_group,30만+,cnt,63,55792.8664739261,0.217645360373916,0.476846498280145,0.0992381881676151,387500313775.361,0
8021,M8,population_group,30만+,ticket,63,923.421850919645,0.0587077926795129,0.381295887525334,0.00954171262980079,94541886.2505868,0
8021,M9,SIDO_NM,강원특별자치도,amt,18,205893132.970212,0.24454850805811,0.875362086088909,-0.0351347455058062,1.93672536256594e+18,0
8021,M9,SIDO_NM,강원특별자치도,cnt,18,11577.5120926357,0.262635486179742,0.885819818761713,-0.0345316078494408,5973427188.2172,0
8021,M9,SIDO_NM,강원특별자치도,ticket,18,2386.60917970217,0.107757949672846,0.253685459374907,0.000262628362130686,219248729.707055,0
8021,M9,SIDO_NM,경기도,amt,43,370825995.518028,0.159068546064687,0.833717862861012,4.34675644410841e-05,1.1137595529087e+19,0
8021,M9,SIDO_NM,경기도,cnt,43,28942.8970314422,0.204172009594513,0.737938393612625,0.0192963066134544,73746147088.8624,0
8021,M9,SIDO_NM,경기도,ticket,43,1546.04087547977,0.0887575161778345,0.495278860252379,0.000786210296449337,187799071.941267,0
8021,M9,SIDO_NM,경상남도,amt,22,259655749.780585,0.201281966636371,0.916956666856694,-0.0731940368379118,2.88889302165896e+18,0
8021,M9,SIDO_NM,경상남도,cnt,22,16226.4260474652,0.227915102011206,0.893353462604894,-0.0629730408422327,12530042239.0024,0
8021,M9,SIDO_NM,경상남도,ticket,22,2554.35834493937,0.127003219072845,-0.0358207934276005,-0.00365074361839402,241385717.677988,0
8021,M9,SIDO_NM,경상북도,amt,23,181834504.808098,0.204108013654704,0.885451071751592,0.0639462072440758,2.18073401033544e+18,0
8021,M9,SIDO_NM,경상북도,cnt,23,17950.3090725861,0.323952798468875,0.805627934885064,0.0697246544492826,18415250713.3133,0
8021,M9,SIDO_NM,경상북도,ticket,23,2206.81988438975,0.117478608632976,0.578964687860069,-0.00271186318199437,164423315.413281,0
8021,M9,SIDO_NM,광주광역시,amt,5,190030470.55881,0.0543920149751011,0.967443664028834,0.0285172384775546,3.01834757453067e+17,0
8021,M9,SIDO_NM,광주광역시,cnt,5,17732.412331713,0.0824216697748981,0.928806376806734,0.0824216697748981,2664019928.54452,0
8021,M9,SIDO_NM,광주광역시,ticket,5,740.32443762846,0.0453481936480149,-1.37049037633303,0.00491871145305732,5230062.67102326,0
8021,M9,SIDO_NM,대구광역시,amt,9,367977399.664448,0.126817624021623,0.919411640412051,-0.087656984799587,1.99735684733389e+18,0
8021,M9,SIDO_NM,대구광역시,cnt,9,31719.5102079262,0.16311604677536,0.883196532777678,-0.0935705857688099,13784390626.8332,0
8021,M9,SIDO_NM,대구광역시,ticket,9,1640.33124413717,0.102259823602023,0.208703530057031,0.00521623024498476,52832828.0356676,0
8021,M9,SIDO_NM,대전광역시,amt,5,610736941.488718,0.267113070949162,-0.0301627840419507,0.113370445396651,2.4226094564173e+18,0
8021,M9,SIDO_NM,대전광역시,cnt,5,40859.5544540624,0.291696027822525,-0.409433173531019,0.190499884351898,14397649853.9846,0
8021,M9,SIDO_NM,대전광역시,ticket,5,1179.06351909614,0.0717413753146206,-1.3528250846352,0.00453949879552482,8609497.07255333,0
8021,M9,SIDO_NM,부산광역시,amt,16,611918104.791656,0.169644824051663,0.824423932816335,0.0233058736342084,9.16787903550578e+18,0
8021,M9,SIDO_NM,부산광역시,cnt,16,52803.8043620754,0.216138252459126,0.703485623351192,0.071722482538739,79913950292.5874,0
8021,M9,SIDO_NM,부산광역시,ticket,16,1640.00229401554,0.108863643777918,-4.31383703157481,0.00570544564953264,113618390.786295,0
8021,M9,SIDO_NM,서울특별시,amt,25,407117663.238438,0.0959168259411642,0.898271530175819,0.028826332226981,6.28264520000576e+18,0
8021,M9,SIDO_NM,서울특별시,cnt,25,37822.4528201182,0.128848802840316,0.798506626652371,0.065052267126513,64102381408.7923,0
8021,M9,SIDO_NM,서울특별시,ticket,25,741.910313088304,0.0509384732027937,-0.710891728648722,0.00584045886559823,31413820.5747776,0
8021,M9,SIDO_NM,세종특별자치시,amt,1,617276198.10524,0.276229475803924,,0.276229475803924,3.81029904747259e+17,0
8021,M9,SIDO_NM,세종특별자치시,cnt,1,32932.885052769,0.256508618750586,,0.256508618750586,1084574917.8989,0
8021,M9,SIDO_NM,세종특별자치시,ticket,1,956.104756935201,0.0549317940787835,,0.0549317940787835,914136.30623412,0
8021,M9,SIDO_NM,울산광역시,amt,5,483714327.469596,0.242407185639013,0.460880861410421,-0.0466949021364055,1.65000326179209e+18,0
8021,M9,SIDO_NM,울산광역시,cnt,5,31384.7042684842,0.280755011043202,0.399420485211146,-0.00670959584859197,6560500809.48373,0
8021,M9,SIDO_NM,울산광역시,ticket,5,1570.44227117806,0.0866761965137712,-1.53948091134438,0.01700538842151,14706824.7676372,0
8021,M9,SIDO_NM,인천광역시,amt,10,241489229.623757,0.102892639044942,0.93745446842518,-0.00614511571960006,1.40387948027072e+18,0
8021,M9,SIDO_NM,인천광역시,cnt,10,17909.6162273549,0.1211356574429,0.939014338592081,0.0416004098957623,6028895968.27181,0
8021,M9,SIDO_NM,인천광역시,ticket,10,1009.9042444717,0.0553761905355193,0.929042343827503,0.0224704500999635,20194289.8128169,0
8021,M9,SIDO_NM,전라남도,amt,22,108904292.935521,0.144434182770429,0.972653873204204,0.047395618495263,3.95675038189619e+17,0
8021,M9,SIDO_NM,전라남도,cnt,22,8538.82730665521,0.222969169277606,0.904961896902438,0.0522717792414543,3803751487.82711,0
8021,M9,SIDO_NM,전라남도,ticket,22,2854.63486305161,0.132169750816018,0.2194655517061,-0.0110985319756469,317484443.725959,0
8021,M9,SIDO_NM,전북특별자치도,amt,15,302931892.023687,0.285937123760601,0.786551104036339,0.0544364691099537,3.55897662267783e+18,0
8021,M9,SIDO_NM,전북특별자치도,cnt,15,21023.2507295623,0.354473807439578,0.730266903636645,0.0653914199395898,15579459407.7044,0
8021,M9,SIDO_NM,전북특별자치도,ticket,15,1844.41082022947,0.0946093666383457,0.129193754729761,0.0119110429800573,77988154.9688975,0
8021,M9,SIDO_NM,제주특별자치도,amt,2,339023861.333145,0.0926249149859146,0.90773623479484,0.0850109806688018,4.23509836544585e+17,0
8021,M9,SIDO_NM,제주특별자치도,cnt,2,27421.217040331,0.140896554766254,0.835220832035962,0.140896554766254,2878832400.89945,0
8021,M9,SIDO_NM,제주특별자치도,ticket,2,300.4814695686,0.0153419958741536,0.96394953123072,0.003423668009345,189570.820384637,0
8021,M9,SIDO_NM,충청남도,amt,16,245528003.511992,0.234243470712582,0.726720880600592,0.091361267583965,2.98823305864538e+18,0
8021,M9,SIDO_NM,충청남도,cnt,16,16849.4067884541,0.314997749153491,0.637113468442675,0.13106627380226,12266198216.264,0
8021,M9,SIDO_NM,충청남도,ticket,16,1906.57881940313,0.0898038244760902,0.250447888555042,0.00419356318311767,106320460.347374,0
8021,M9,SIDO_NM,충청북도,amt,14,444388884.075403,0.417330374936988,0.269392339737881,0.104339304968387,4.49406098712434e+18,0
8021,M9,SIDO_NM,충청북도,cnt,14,45745.3580575696,0.679624903225575,-0.755972704631588,0.16597907050047,56167170432.209,0
8021,M9,SIDO_NM,충청북도,ticket,14,3824.17362760488,0.216888594574532,-0.302343336127968,-0.00943528580395299,286992472.632705,0
8021,M9,population_group,<5만,amt,58,110305014.836889,0.35514374693867,0.521096054831927,0.0112051214670428,2.21264542075668e+18,0
8021,M9,population_group,<5만,cnt,58,8480.23046314803,0.491128461253775,0.344317591908883,-0.067978418884548,22466455117.1208,0
8021,M9,population_group,<5만,ticket,58,2937.48847995469,0.133590228571827,0.284950830494687,-0.0182752412728604,946562916.438838,0
8021,M9,population_group,5–15만,amt,58,227568629.490356,0.221290800255051,0.872356090910885,-0.00736307477309776,6.71675828402014e+18,0
8021,M9,population_group,5–15만,cnt,58,17392.0408793012,0.293932998821187,0.740463049979389,0.0227100080499099,62406163509.0581,0
8021,M9,population_group,5–15만,ticket,58,2456.40493789414,0.126665422130126,0.235463936427006,0.0111895134906032,528123151.826737,0
8021,M9,population_group,15–30만,amt,72,405750107.764173,0.177718008418946,0.57358810994978,0.0231008614411591,1.95821023404499e+19,0
8021,M9,population_group,15–30만,cnt,72,33691.0762143208,0.242441242341859,0.422965306140874,0.0571241564896462,145195056960.738,0
8021,M9,population_group,15–30만,ticket,72,1569.68019896202,0.0920250555056665,0.24366227634208,0.00857530654791491,293367310.953575,0
8021,M9,population_group,30만+,amt,63,495846876.252126,0.125846784033778,0.812714292389774,0.0178152453149152,2.51001353651282e+19,0
8021,M9,population_group,30만+,cnt,63,39719.2087047124,0.154942773846256,0.784219312873134,0.051481507242981,159828967393.779,0
8021,M9,population_group,30만+,ticket,63,852.325864220494,0.0541877692001872,0.467964291928968,0.00722523784565416,81298408.0427646,0
8301,M5,SIDO_NM,강원특별자치도,amt,18,116933248.892398,0.210882845123346,0.875927752920095,0.126049809955848,9.97752418243326e+17,0
8301,M5,SIDO_NM,강원특별자치도,cnt,18,6816.6415169312,0.180452452448709,0.93228461812498,0.0691935552810167,3005556830.73592,0
8301,M5,SIDO_NM,강원특별자치도,ticket,18,1158.52282906678,0.0719653649401404,0.251641777216152,0.0116968050850942,41915793.9744936,0
8301,M5,SIDO_NM,경기도,amt,43,364536160.719564,0.197715026616591,0.76926599475064,0.100590892914512,1.06464340500931e+19,0
8301,M5,SIDO_NM,경기도,cnt,43,28635.1841760005,0.186151310199092,0.799634535443816,0.0899897971034035,66240961727.8141,0
8301,M5,SIDO_NM,경기도,ticket,43,778.450131888368,0.0632147967481765,0.518064974106501,0.00658637128467035,39987391.5672808,0
8301,M5,SIDO_NM,경상남도,amt,22,223519147.898943,0.205447002338258,0.92788215235465,-0.020818980557646,1.95111108576803e+18,0
8301,M5,SIDO_NM,경상남도,cnt,22,12266.5918322675,0.166900869623496,0.954728583061024,0.0160550787402228,6004303696.05461,0
8301,M5,SIDO_NM,경상남도,ticket,22,1504.82441539039,0.0918605231360118,0.373073149669178,-0.0450072413105497,80488351.827939,0
8301,M5,SIDO_NM,경상북도,amt,22,211638445.918362,0.255095885206007,0.817730104023642,-0.0717345539673747,4.35841819142452e+18,0
8301,M5,SIDO_NM,경상북도,cnt,22,9844.87159678752,0.177823880820834,0.934586216483086,-0.07293675719417,5746287820.55173,0
8301,M5,SIDO_NM,경상북도,ticket,22,1895.93674474666,0.12821325414631,-0.317831938179518,0.0845102008053134,132438402.053325,0
8301,M5,SIDO_NM,광주광역시,amt,5,476616545.586616,0.158226091986593,0.622713021091193,0.0193000227731032,1.30684215628051e+18,0
8301,M5,SIDO_NM,광주광역시,cnt,5,28041.2490535006,0.125637451974045,0.752745232828663,0.0425848217453823,5528254927.67783,0
8301,M5,SIDO_NM,광주광역시,ticket,5,734.4707116299,0.0539113548544518,-1.50541240655586,-0.0408937753610009,5131618.75429629,0
8301,M5,SIDO_NM,대구광역시,amt,9,319653399.660093,0.125363615194894,0.931601459174677,0.0897363274820965,1.52326255829254e+18,0
8301,M5,SIDO_NM,대구광역시,cnt,9,23329.9359718086,0.110356885036726,0.936003833090722,0.0147186865331184,9929886234.32837,0
8301,M5,SIDO_NM,대구광역시,ticket,9,870.151208355623,0.0671998323445277,0.816401246480751,0.0265675535204726,11481388.8605403,0
8301,M5,SIDO_NM,대전광역시,amt,5,2763957292.8216,0.683288322170378,-0.189281040986043,-0.333474470277264,1.1173946382216e+20,0
8301,M5,SIDO_NM,대전광역시,cnt,5,110502.305079896,0.503546190307762,-0.300502546445462,-0.0481792159711521,130270710063.029,0
8301,M5,SIDO_NM,대전광역시,ticket,5,3413.25077348212,0.227663957804097,-0.0959597895163857,-0.135532762819174,179843442.244675,0
8301,M5,SIDO_NM,부산광역시,amt,16,740261266.961581,0.268604143103353,0.583239326793921,-0.234920026525695,1.26826110454929e+19,0
8301,M5,SIDO_NM,부산광역시,cnt,16,69023.3307173009,0.293997475105663,0.567112546748591,-0.274660315345192,104176632118.465,0
8301,M5,SIDO_NM,부산광역시,ticket,16,806.022851896387,0.0681126603846465,-1.8145379973285,0.0472567182865869,16186073.0250375,0
8301,M5,SIDO_NM,서울특별시,amt,25,1040966603.11946,0.311081293235847,-0.148179740516285,0.246552014226271,4.78821232891422e+19,0
8301,M5,SIDO_NM,서울특별시,cnt,25,83604.8499297516,0.264498183451345,-0.202441257102341,0.196702405491306,342460155561.006,0
8301,M5,SIDO_NM,서울특별시,ticket,25,829.283589343712,0.078870720442143,-0.241959629959745,0.0289387381749799,26566205.6831082,0
8301,M5,SIDO_NM,세종특별자치시,amt,1,638398245.02438,0.271775633367694,,0.271775633367694,4.07552319250209e+17,0
8301,M5,SIDO_NM,세종특별자치시,cnt,1,24117.723160545,0.123167748455381,,0.123167748455381,581664570.448688,0
8301,M5,SIDO_NM,세종특별자치시,ticket,1,1466.7967265206,0.122272296013798,,0.122272296013798,2151492.63693155,0
8301,M5,SIDO_NM,울산광역시,amt,5,268161250.164002,0.174580055522137,0.556871720873446,0.00808275523136593,4.94547448422196e+17,0
8301,M5,SIDO_NM,울산광역시,cnt,5,19883.8795249696,0.16973356282988,0.52165893502973,-0.0344287731588734,2757069061.56006,0
8301,M5,SIDO_NM,울산광역시,ticket,5,542.52057345232,0.0415532323931781,-5.15436598230736,0.0281575343228521,3856168.41322329,0
8301,M5,SIDO_NM,인천광역시,amt,10,605529457.37666,0.30230054619964,0.616724206156466,0.174578459271815,5.62458087240762e+18,0
8301,M5,SIDO_NM,인천광역시,cnt,10,57967.2705658925,0.350707622795148,0.497516049717418,0.186925681540547,53242634101.8186,0
8301,M5,SIDO_NM,인천광역시,ticket,10,1032.70531672893,0.0800128907693226,0.326353164025654,-0.000223575108638365,19009282.2283825,0
8301,M5,SIDO_NM,전라남도,amt,22,152959351.18818,0.258464998574451,0.847688903412739,-0.158100903102774,1.53978130216325e+18,0
8301,M5,SIDO_NM,전라남도,cnt,22,6424.39120566944,0.179930651738787,0.928574845228429,-0.100731605034558,2940669717.29684,0
8301,M5,SIDO_NM,전라남도,ticket,22,1458.02791590045,0.0841695734420094,0.0239007236032408,-0.0600245098633858,117278142.849159,0
8301,M5,SIDO_NM,전북특별자치도,amt,15,346617395.324142,0.492032290410548,0.583746709939579,0.223536131109011,5.20966434306869e+18,0
8301,M5,SIDO_NM,전북특별자치도,cnt,15,21498.6790160167,0.486988947677185,0.555329678620896,0.331241526073386,21732627753.354,0
8301,M5,SIDO_NM,전북특별자치도,ticket,15,1522.25737981519,0.0883678044173616,0.112459846691824,-0.036226251380025,54091044.8609715,0
8301,M5,SIDO_NM,제주특별자치도,amt,2,2524715644.28761,0.458762282456338,-0.0894167193416044,-0.458762282456338,2.1902892081264e+19,0
8301,M5,SIDO_NM,제주특별자치도,cnt,2,151273.287942478,0.459916051084558,-0.188524042275681,-0.459916051084558,66995593033.9389,0
8301,M5,SIDO_NM,제주특별자치도,ticket,2,1844.92559518555,0.11550368034901,-0.832823975654483,0.050385292354149,8102900.1144759,0
8301,M5,SIDO_NM,충청남도,amt,16,227852618.790272,0.228735681480588,0.811308058305839,-0.129335789399635,3.82008426457297e+18,0
8301,M5,SIDO_NM,충청남도,cnt,16,12026.0335853105,0.184028341529702,0.908465174522883,-0.0633506276161905,7753544794.47351,0
8301,M5,SIDO_NM,충청남도,ticket,16,1601.53785328531,0.10182522547868,0.0933614618243793,-0.016141781163911,60940989.3957814,0
8301,M5,SIDO_NM,충청북도,amt,14,173335594.749791,0.256275498885541,0.811000088577922,0.204523204393723,9.58271367356338e+17,0
8301,M5,SIDO_NM,충청북도,cnt,14,10471.8636070196,0.210912454105105,0.883084988322516,0.160025368023747,3611806582.10421,0
8301,M5,SIDO_NM,충청북도,ticket,14,757.957965891571,0.0509951483911506,0.748768810361068,0.0312172061651079,13385439.05103,0
8301,M5,population_group,<5만,amt,57,76611574.0609027,0.385665169834262,0.477024856921042,-0.0902279970298857,1.5199368693156e+18,0
8301,M5,population_group,<5만,cnt,57,4771.00772404108,0.389544775181118,0.584402938792094,-0.114428687920298,6878157284.18785,0
8301,M5,population_group,<5만,ticket,57,1547.12154741908,0.0912529470930118,0.25949824255362,-0.000766788060213404,244693372.234349,0
8301,M5,population_group,5–15만,amt,58,200461680.778996,0.286125267167703,0.762964549592393,0.126936415414924,6.21104904396289e+18,0
8301,M5,population_group,5–15만,cnt,58,14738.2107028099,0.287418684470161,0.76163774105852,0.132198546618397,49448576880.9013,0
8301,M5,population_group,5–15만,ticket,58,1267.64277908615,0.0833212488487103,0.485201261816425,0.00136077405380789,162184012.290701,0
8301,M5,population_group,15–30만,amt,72,629064821.476051,0.306049628922492,0.164932069427493,-0.107824024861266,1.37132959961372e+20,0
8301,M5,population_group,15–30만,cnt,72,38274.0180737813,0.251157690145982,0.387883304174226,-0.0745351475461208,248464843014.425,0
8301,M5,population_group,15–30만,ticket,72,1216.38293515705,0.0920203973868216,0.303375104532038,-0.00394962444804399,341740686.673482,0
8301,M5,population_group,30만+,amt,63,805329340.979994,0.244453589515597,0.154747585706339,0.117781139682903,8.8181446740752e+19,0
8301,M5,population_group,30만+,cnt,63,61329.3532707584,0.220279796076187,0.227538817260822,0.104037207139283,528186781415.143,0
8301,M5,population_group,30만+,ticket,63,815.808746578537,0.0681818438563948,0.584077105226199,0.00429502421628758,64236056.3421191,0
8301,M8,SIDO_NM,강원특별자치도,amt,18,147993955.815568,0.266899164771902,0.8090580858909,0.162383029591273,1.53549855854283e+18,0
8301,M8,SIDO_NM,강원특별자치도,cnt,18,8939.92918063871,0.236660845572864,0.89407086662699,0.100519470786102,4701679612.03857,0
8301,M8,SIDO_NM,강원특별자치도,ticket,18,1251.62393227487,0.0777486388650028,0.15553830581195,-0.00133783859724554,47298581.5018723,0
8301,M8,SIDO_NM,경기도,amt,43,287877436.426776,0.156137308554205,0.848715964671713,0.059120326064523,6.98048605022008e+18,0
8301,M8,SIDO_NM,경기도,cnt,43,20408.7182308272,0.13267278515836,0.89739410943188,0.0382121865556888,33921578677.3737,0
8301,M8,SIDO_NM,경기도,ticket,43,801.471420810695,0.0650842628070694,0.479391447508773,0.0155327193037741,43196233.7726879,0
8301,M8,SIDO_NM,경상남도,amt,22,244121862.426404,0.224383930022017,0.909789297686644,-0.00778433158953995,2.44060391547e+18,0
8301,M8,SIDO_NM,경상남도,cnt,22,14406.0884551684,0.196011143430715,0.940983617975537,0.0295481934651715,7827284955.42571,0
8301,M8,SIDO_NM,경상남도,ticket,22,1440.31248098622,0.0879224556895542,0.445576024047458,-0.0415060937602818,71180030.0382175,0
8301,M8,SIDO_NM,경상북도,amt,22,166605547.205055,0.200816016012983,0.914300984450292,-0.0574889103407338,2.04922566262652e+18,0
8301,M8,SIDO_NM,경상북도,cnt,22,7754.18923488395,0.140060742165103,0.96250933120075,-0.0663256179142,3293375828.80775,0
8301,M8,SIDO_NM,경상북도,ticket,22,1968.03093184294,0.133088643770072,-0.435735358394691,0.0876862522119879,144287364.062464,0
8301,M8,SIDO_NM,광주광역시,amt,5,394329795.064092,0.130908721076966,0.757206571492908,-0.0124068060398068,8.40984993859639e+17,0
8301,M8,SIDO_NM,광주광역시,cnt,5,20897.2359541604,0.0936290488905077,0.871399086170787,0.0178995333682474,2875328325.1666,0
8301,M8,SIDO_NM,광주광역시,ticket,5,810.19321014866,0.0594695104397866,-1.9473028274435,-0.0490983900335041,6036704.54585592,0
8301,M8,SIDO_NM,대구광역시,amt,9,576415028.294087,0.226061952966726,0.642654223724269,0.211580240837257,7.95823178092244e+18,0
8301,M8,SIDO_NM,대구광역시,cnt,9,40670.5343566837,0.192382589039521,0.726384728036017,0.126645019173506,42455175892.4684,0
8301,M8,SIDO_NM,대구광역시,ticket,9,974.033682629156,0.0752224435731076,0.757972547736931,0.0229177387738831,15135240.5236608,0
8301,M8,SIDO_NM,대전광역시,amt,5,2997514217.26352,0.741026811635344,-0.232314292871145,-0.291065658301694,1.15782673397063e+20,0
8301,M8,SIDO_NM,대전광역시,cnt,5,127516.963911105,0.581080017567268,-0.34192088546385,0.0244519938500685,134419565017.834,0
8301,M8,SIDO_NM,대전광역시,ticket,5,3452.72265434698,0.230296733775168,-0.204397998903172,-0.150965161659811,197637800.243498,0
8301,M8,SIDO_NM,부산광역시,amt,16,636739631.676281,0.231041269859157,0.692729996126378,-0.121514210508822,9.3506566132963e+18,0
8301,M8,SIDO_NM,부산광역시,cnt,16,60020.4181169509,0.25565053435978,0.661473717657146,-0.162723555556336,81468122287.1602,0
8301,M8,SIDO_NM,부산광역시,ticket,16,875.426673916394,0.0739776044709376,-2.47232683979219,0.0449945771887345,19968938.3653804,0
8301,M8,SIDO_NM,서울특별시,amt,25,672370841.157732,0.200930548755961,0.376365225697617,0.130132003937958,2.60072148086466e+19,0
8301,M8,SIDO_NM,서울특별시,cnt,25,57813.2711716813,0.182902130882818,0.396312647142262,0.0918460850951223,171932610885.354,0
8301,M8,SIDO_NM,서울특별시,ticket,25,810.863218644331,0.0771188132218142,-0.206783382661016,0.0199241908625977,25813766.2331011,0
8301,M8,SIDO_NM,세종특별자치시,amt,1,241221904.25989,0.102691754439095,,0.102691754439095,5.81880070947676e+16,0
8301,M8,SIDO_NM,세종특별자치시,cnt,1,6675.19441476199,0.0340898127528547,,-0.0340898127528547,44558220.4748697,0
8301,M8,SIDO_NM,세종특별자치시,ticket,1,1578.4801797729,0.131582237881682,,0.131582237881682,2491599.67793589,0
8301,M8,SIDO_NM,울산광역시,amt,5,369376983.672325,0.240474170964955,-0.0448006418094233,0.167404232847466,1.16603592200252e+18,0
8301,M8,SIDO_NM,울산광역시,cnt,5,26673.1187659955,0.227688136726621,-0.163163366413597,0.118982880687042,6704257622.70336,0
8301,M8,SIDO_NM,울산광역시,ticket,5,1204.65097130816,0.0922677299496645,-14.1910543477958,0.026841686741644,9518326.3569201,0
8301,M8,SIDO_NM,인천광역시,amt,10,512033102.746818,0.255624040658977,0.679711104967418,0.1705707939073,4.70024671941652e+18,0
8301,M8,SIDO_NM,인천광역시,cnt,10,52963.8215515974,0.32043626979802,0.563989107618734,0.198481910520025,46199223665.5679,0
8301,M8,SIDO_NM,인천광역시,ticket,10,1241.31333287482,0.0961756141901292,0.0677116301556175,-0.00186244485890386,26307750.2842831,0
8301,M8,SIDO_NM,전라남도,amt,22,126920213.297496,0.214465035933949,0.902686276873111,-0.136373694923555,9.83788145920335e+17,0
8301,M8,SIDO_NM,전라남도,cnt,22,4366.13161238445,0.122284101550412,0.973792827568129,-0.0785473627963162,1078984548.13084,0
8301,M8,SIDO_NM,전라남도,ticket,22,1622.38985500369,0.0936579201009127,-0.0767914400122305,-0.0555040865856552,129376287.201727,0
8301,M8,SIDO_NM,전북특별자치도,amt,15,382303224.860593,0.542689241500959,0.420981857974516,0.266082018797567,7.24676594883415e+18,0
8301,M8,SIDO_NM,전북특별자치도,cnt,15,23793.5381572133,0.538972189875744,0.358955227098604,0.377083060865702,31330148995.5341,0
8301,M8,SIDO_NM,전북특별자치도,ticket,15,1470.77954265219,0.0853794901502952,0.132963954227709,-0.043807220438424,52841424.1013656,0
8301,M8,SIDO_NM,제주특별자치도,amt,2,2191449721.21689,0.398205032819623,0.184939302501334,-0.398205032819623,1.63869217169552e+19,0
8301,M8,SIDO_NM,제주특별자치도,cnt,2,128489.805177648,0.390647447448879,0.160782955093957,-0.390647447448879,47305600566.5797,0
8301,M8,SIDO_NM,제주특별자치도,ticket,2,1778.43655152885,0.111341057604073,-0.572436538484282,0.0350274587979676,6951729.34058798,0
8301,M8,SIDO_NM,충청남도,amt,16,270924136.40722,0.271974126519414,0.73174894325825,-0.197901034856995,5.43076525480441e+18,0
8301,M8,SIDO_NM,충청남도,cnt,16,14462.0842190334,0.221305998774398,0.857356792884947,-0.149060225972891,12082729062.1799,0
8301,M8,SIDO_NM,충청남도,ticket,16,1575.2492858959,0.100153807412322,0.15914998252975,-0.0120953388722309,56518921.0919812,0
8301,M8,SIDO_NM,충청북도,amt,14,153183216.705256,0.226480344897992,0.875008833026472,0.174196875585033,6.33732870994325e+17,0
8301,M8,SIDO_NM,충청북도,cnt,14,7643.83171983074,0.15395342866338,0.948314926414983,0.112588439601397,1596685372.4983,0
8301,M8,SIDO_NM,충청북도,ticket,14,857.72774212075,0.0577076242443124,0.727066478450504,0.0402721228747141,14541725.5832539,0
8301,M8,population_group,<5만,amt,57,69528290.1992218,0.350007687175991,0.694870239575146,-0.0300435906554631,8.86806914119726e+17,0
8301,M8,population_group,<5만,cnt,57,3764.9802211277,0.307404317626696,0.899905057579673,-0.0396770071221632,1656577540.07631,0
8301,M8,population_group,<5만,ticket,57,1629.18369734082,0.0960931699169003,0.201730743705983,0.00034651786573782,263782218.353118,0
8301,M8,population_group,5–15만,amt,58,194475897.358863,0.277581570069894,0.678207497905906,0.160473393217638,8.43194133640783e+18,0
8301,M8,population_group,5–15만,cnt,58,13978.9495957692,0.272611878341831,0.738690132472376,0.173384213247312,54209089692.1321,0
8301,M8,population_group,5–15만,ticket,58,1258.69348059134,0.0827330178902651,0.496375789681271,-0.00379522418474709,158663549.573621,0
8301,M8,population_group,15–30만,amt,72,599979565.530467,0.291899208353154,0.169890438152819,-0.0823941647909965,1.36318707904755e+20,0
8301,M8,population_group,15–30만,cnt,72,35140.0505392437,0.2305923017551,0.452112023310048,-0.0479958481539134,222393705393.239,0
8301,M8,population_group,15–30만,ticket,72,1322.18632728636,0.10002451344864,0.226786900601405,-0.00212602937018886,379312277.313752,0
8301,M8,population_group,30만+,amt,63,656808296.872625,0.199370788600297,0.387354804157052,0.0746196990941262,6.39145642113875e+19,0
8301,M8,population_group,30만+,cnt,63,50830.8092317832,0.182571634866782,0.486703316296787,0.0555043406733423,350977536909.85,0
8301,M8,population_group,30만+,ticket,63,854.10201377185,0.0713822331332634,0.563950994064545,0.00700719371475641,67344377.6843017,0
8301,M9,SIDO_NM,강원특별자치도,amt,18,154728729.642818,0.279044968291478,0.766887201543324,0.178747719831061,1.87462437295768e+18,0
8301,M9,SIDO_NM,강원특별자치도,cnt,18,9163.85481117066,0.242588681017232,0.872947942974792,0.109120688872438,5639223574.87335,0
8301,M9,SIDO_NM,강원특별자치도,ticket,18,1250.67874278142,0.0776899253851062,0.0478522663151307,0.00194338668717193,53330112.5361502,0
8301,M9,SIDO_NM,경기도,amt,43,302738137.755341,0.164197370285581,0.84668593846197,0.0371804497235123,7.07415468887015e+18,0
8301,M9,SIDO_NM,경기도,cnt,43,19360.7772642033,0.125860341321807,0.898771809180195,0.0246213139776554,33466110183.825,0
8301,M9,SIDO_NM,경기도,ticket,43,824.012688545014,0.0669147482805763,0.487945455769122,0.00345597350651747,42486485.6543764,0
8301,M9,SIDO_NM,경상남도,amt,22,202243940.428361,0.185891954638578,0.932921907177554,-0.0334476300627569,1.81476312440241e+18,0
8301,M9,SIDO_NM,경상남도,cnt,22,11638.4342742137,0.158354074871268,0.954168969060504,-0.0480589416938181,6078524752.93503,0
8301,M9,SIDO_NM,경상남도,ticket,22,1325.20894613292,0.0808960738616881,0.530084257691233,-0.00169006221282234,60330393.532318,0
8301,M9,SIDO_NM,경상북도,amt,22,175545592.183285,0.211591792964127,0.912826209053292,-0.048457857976122,2.08449033364705e+18,0
8301,M9,SIDO_NM,경상북도,cnt,22,8265.75308669694,0.149300910360564,0.9625590200922,0.0278629972335578,3289010897.49809,0
8301,M9,SIDO_NM,경상북도,ticket,22,1367.86349551655,0.0925021525502198,-0.0475110575903044,-0.00341216688128966,105271914.104687,0
8301,M9,SIDO_NM,광주광역시,amt,5,582994456.651776,0.193541192348502,0.394820238083922,0.0587001275601295,2.09621447124177e+18,0
8301,M9,SIDO_NM,광주광역시,cnt,5,33718.413912878,0.151073712891235,0.662896415852591,0.0343767480469767,7537143050.95432,0
8301,M9,SIDO_NM,광주광역시,ticket,5,558.55380596722,0.0409987654538048,-0.230818704362973,0.00499154258284394,2520979.11302767,0
8301,M9,SIDO_NM,대구광역시,amt,9,458819415.824938,0.179942590163556,0.835382090339684,0.104875569404002,3.66610596051059e+18,0
8301,M9,SIDO_NM,대구광역시,cnt,9,30511.3695545069,0.144327001424632,0.879011081692904,0.0596826789431074,18773096146.6339,0
8301,M9,SIDO_NM,대구광역시,ticket,9,949.786623051378,0.0733498973732883,0.62188785843595,-0.0103919386138521,23645326.8171746,0
8301,M9,SIDO_NM,대전광역시,amt,5,3644661484.1308,0.901010531833669,-0.492419899319245,-0.190272639459074,1.40221018918448e+20,0
8301,M9,SIDO_NM,대전광역시,cnt,5,142689.395335938,0.650219028162174,-0.798850204973325,0.0128884751764817,180189953598.624,0
8301,M9,SIDO_NM,대전광역시,ticket,5,5116.7513959944,0.341287514811963,-0.455665466140797,-0.0396820268901632,238869975.606479,0
8301,M9,SIDO_NM,부산광역시,amt,16,523855499.845348,0.190081210413027,0.77533709379612,0.0503872103846099,6.83680692281862e+18,0
8301,M9,SIDO_NM,부산광역시,cnt,16,41099.2079780125,0.175057668889768,0.828381566163042,0.0359552280536103,41300874655.2803,0
8301,M9,SIDO_NM,부산광역시,ticket,16,598.679839457613,0.0505912164750299,-0.534894999582505,0.00115167302960394,8826998.45324123,0
8301,M9,SIDO_NM,서울특별시,amt,25,633343973.563092,0.189267803374982,0.422734111471425,0.0587660996365602,2.40735099826031e+19,0
8301,M9,SIDO_NM,서울특별시,cnt,25,60331.5133739334,0.190869019030405,0.35505101565795,0.0468015972578396,183684091178.762,0
8301,M9,SIDO_NM,서울특별시,ticket,25,620.708470256328,0.0590337549937534,0.289455457507991,-0.000114770423535108,15198942.0650207,0
8301,M9,SIDO_NM,세종특별자치시,amt,1,239233466.57153,0.101845246923797,,0.101845246923797,5.72326515278313e+16,0
8301,M9,SIDO_NM,세종특별자치시,cnt,1,392.021144166007,0.00200202819115277,,0.00200202819115277,153680.577473225,0
8301,M9,SIDO_NM,세종특별자치시,ticket,1,1065.6382808793,0.0888316949223018,,0.0888316949223018,1135584.94567539,0
8301,M9,SIDO_NM,울산광역시,amt,5,442822435.548195,0.288289099700915,-0.181323639004031,0.0978287516474988,1.31840060530964e+18,0
8301,M9,SIDO_NM,울산광역시,cnt,5,38098.3590334103,0.325216726876268,-0.519442478086834,0.0725340661309191,8757784254.65881,0
8301,M9,SIDO_NM,울산광역시,ticket,5,1005.18034604514,0.0769896932211729,-13.3880426591684,0.0230046250872845,9015179.75854813,0
8301,M9,SIDO_NM,인천광역시,amt,10,393264887.915164,0.19633097774126,0.800425303260551,-0.0112115454636124,2.92876315156889e+18,0
8301,M9,SIDO_NM,인천광역시,cnt,10,32961.5205077397,0.199420403757714,0.749179344911706,-0.0158254638068366,26576674452.0584,0
8301,M9,SIDO_NM,인천광역시,ticket,10,915.75722317354,0.0709518789939915,0.286845376989074,0.021602938591478,20124131.4845375,0
8301,M9,SIDO_NM,전라남도,amt,22,149764981.618052,0.253067272185211,0.833051229958409,-0.0172148823897589,1.68776011918421e+18,0
8301,M9,SIDO_NM,전라남도,cnt,22,6084.39096357062,0.17040812062359,0.951234721009025,-0.0182990782993569,2007732144.82933,0
8301,M9,SIDO_NM,전라남도,ticket,22,1668.64581495185,0.0963282012220957,-0.0164994073071847,-0.00137941307878304,122132210.912325,0
8301,M9,SIDO_NM,전북특별자치도,amt,15,270627554.988517,0.384162761377522,0.642479531980942,0.0113279974478595,4.47458717716263e+18,0
8301,M9,SIDO_NM,전북특별자치도,cnt,15,14246.3479104959,0.322708849785922,0.77130946085993,0.0416361749585682,11176923934.1875,0
8301,M9,SIDO_NM,전북특별자치도,ticket,15,1287.22088362556,0.0747238179262276,0.309339830512383,-0.00149559947732765,42092214.163148,0
8301,M9,SIDO_NM,제주특별자치도,amt,2,1530524939.79241,0.278109384842678,0.695863591653881,-0.153632167692087,6.11470965308315e+18,0
8301,M9,SIDO_NM,제주특별자치도,cnt,2,16587.762568948,0.0504317606948543,0.982703732040586,-0.0504317606948543,974968690.575332,0
8301,M9,SIDO_NM,제주특별자치도,ticket,2,4135.23374935975,0.258891046013402,-6.74377182333271,0.00826269205625477,34235153.1992326,0
8301,M9,SIDO_NM,충청남도,amt,16,256528219.784433,0.257522417266592,0.813483928356283,-0.087743086725912,3.77603359199612e+18,0
8301,M9,SIDO_NM,충청남도,cnt,16,12145.4627054335,0.185855905268876,0.904642658656166,-0.0603100374754521,8077334650.91002,0
8301,M9,SIDO_NM,충청남도,ticket,16,1749.35616921503,0.111223463127917,0.076961054291402,0.000136135823139509,62043365.9432915,0
8301,M9,SIDO_NM,충청북도,amt,14,98022456.1051491,0.144925535211592,0.931310851662542,0.0184031974268123,3.48269179623483e+17,0
8301,M9,SIDO_NM,충청북도,cnt,14,5779.95684500939,0.116413365237621,0.958413625625701,0.00594016310919677,1284710479.31195,0
8301,M9,SIDO_NM,충청북도,ticket,14,607.054780724157,0.0408424345645234,0.857341803021647,0.000269197406126109,7600738.60068077,0
8301,M9,population_group,<5만,amt,57,71250668.9452694,0.358678198123662,0.680507075325837,-0.0141962211298136,9.28550968672743e+17,0
8301,M9,population_group,<5만,cnt,57,3820.10952036393,0.311905532405423,0.888184442710027,-0.00873250984555779,1850554447.19521,0
8301,M9,population_group,<5만,ticket,57,1505.59716613048,0.0888037392882858,0.329295031421132,-0.00111131182087206,221629535.494762,0
8301,M9,population_group,5–15만,amt,58,153268220.201364,0.218764555315595,0.845242247829236,0.080848829598371,4.05512334552983e+18,0
8301,M9,population_group,5–15만,cnt,58,11066.8884572871,0.215822027904991,0.880757832425432,0.0872948539483698,24736950878.637,0
8301,M9,population_group,5–15만,ticket,58,1026.69630440266,0.0674840102294871,0.593925566485755,-0.00491152899489335,127931123.429694,0
8301,M9,population_group,15–30만,amt,72,615428891.696836,0.299415541136197,0.0896006472563926,-0.0535840227200711,1.4950371510861e+20,0
8301,M9,population_group,15–30만,cnt,72,34084.1075314852,0.223663104871638,0.408677428276566,-0.0199651987270745,240024281245.823,0
8301,M9,population_group,15–30만,ticket,72,1349.30208971504,0.102075843800304,0.139508207033207,0.0038837638330575,422128261.735216,0
8301,M9,population_group,30만+,amt,63,612912645.701777,0.186046488904746,0.463601769436279,0.0586806564750937,5.59600554821428e+19,0
8301,M9,population_group,30만+,cnt,63,41597.8272251153,0.149409057974362,0.601909985553031,0.0437616817867907,272202523754.84,0
8301,M9,population_group,30만+,ticket,63,836.872118682187,0.0699422313907075,0.500325850797802,0.00467688905781168,77170786.2302428,0
all11_observed,M5,SIDO_NM,강원특별자치도,amt,18,2804214157.25613,0.109791468760305,0.97517157672594,0.0164030694635459,3.53762146479301e+20,0
all11_observed,M5,SIDO_NM,강원특별자치도,cnt,18,141834.485390156,0.123411643275418,0.979792691234111,-0.0112558729764008,639907770333.736,0
all11_observed,M5,SIDO_NM,강원특별자치도,ticket,18,1568.8988385664,0.0694696219205165,0.171965110732667,0.0355428455917776,80555850.7407799,0
all11_observed,M5,SIDO_NM,경기도,amt,43,9776792167.14582,0.128096494965666,0.881075109353348,0.0249662001118473,7.3168121466641e+21,0
all11_observed,M5,SIDO_NM,경기도,cnt,43,547374.758163862,0.134789489106721,0.861935511868493,0.0535326809146985,24269589318505.8,0
all11_observed,M5,SIDO_NM,경기도,ticket,43,1446.40568890203,0.0753827892354384,0.363366418481393,-0.031615913199443,295747544.359532,0
all11_observed,M5,SIDO_NM,경상남도,amt,22,2973690641.17586,0.0689663965478014,0.98785187716171,-0.0202913862266846,3.97475540305221e+20,0
all11_observed,M5,SIDO_NM,경상남도,cnt,22,161921.836661977,0.076207656289097,0.987502280728825,-0.0326985835034131,1118948435270.7,0
all11_observed,M5,SIDO_NM,경상남도,ticket,22,1736.76291168799,0.0798255759202157,0.312101559096339,-0.00396030206219924,103321879.922511,0
all11_observed,M5,SIDO_NM,경상북도,amt,23,3786817310.50165,0.119599924152924,0.968908791442985,-0.0519847909138885,8.01671387672952e+20,0
all11_observed,M5,SIDO_NM,경상북도,cnt,23,196913.731850421,0.124352108492859,0.954943497746864,-0.0844281067546519,3185192875929.24,0
all11_observed,M5,SIDO_NM,경상북도,ticket,23,1647.40049503272,0.0772638867019183,0.464786644306577,0.0300943342560997,95885537.9908753,0
all11_observed,M5,SIDO_NM,광주광역시,amt,5,10333608395.7012,0.104860755142351,0.897255445819375,-0.102066703965189,6.82802349227381e+20,0
all11_observed,M5,SIDO_NM,광주광역시,cnt,5,527719.161903284,0.0968380633691156,0.875366743973169,-0.0939924856490856,2451291392526.01,0
all11_observed,M5,SIDO_NM,광주광역시,ticket,5,759.605250983919,0.0421425898376222,0.188486179904352,-0.00300635427472292,5476171.72736644,0
all11_observed,M5,SIDO_NM,대구광역시,amt,9,13038957965.0645,0.136023997410307,0.908948367053161,-0.122641441517917,2.31568632006941e+21,0
all11_observed,M5,SIDO_NM,대구광역시,cnt,9,854977.374533691,0.157980490890777,0.878358083783108,-0.155041951289615,9530181597045.5,0
all11_observed,M5,SIDO_NM,대구광역시,ticket,9,1833.51195237484,0.105691286438606,-2.8193861917297,0.0874616115715474,66384797.6583299,0
all11_observed,M5,SIDO_NM,대전광역시,amt,5,20643036539.4546,0.32866037484148,-0.576039323119889,0.32866037484148,3.64400091793842e+21,0
all11_observed,M5,SIDO_NM,대전광역시,cnt,5,1154812.33388336,0.323137233328827,-0.684772114600319,0.323137233328827,11073585413611.1,0
all11_observed,M5,SIDO_NM,대전광역시,ticket,5,1340.4433714971,0.0769113388601208,-1.59167177494232,0.0282953117000266,13671892.9158275,0
all11_observed,M5,SIDO_NM,부산광역시,amt,16,26253221588.9191,0.278816234076207,0.300690435207752,-0.277987976265554,1.96280857295233e+22,0
all11_observed,M5,SIDO_NM,부산광역시,cnt,16,1579580.60009704,0.296079243706937,0.386187013732279,-0.296079243706937,54614849866819.4,0
all11_observed,M5,SIDO_NM,부산광역시,ticket,16,1900.45946470183,0.107800628616704,0.102905146666744,0.0377709886079681,93196703.5260188,0
all11_observed,M5,SIDO_NM,서울특별시,amt,25,18217311187.7927,0.160863058151084,0.777692640935518,0.135204371872183,1.39366999007585e+22,0
all11_observed,M5,SIDO_NM,서울특별시,cnt,25,1226975.40955849,0.175613493712624,0.688955781383048,0.131435423809234,66763504592492.7,0
all11_observed,M5,SIDO_NM,서울특별시,ticket,25,978.470085727264,0.060817449028728,0.198928160607493,0.00806802133150463,32583075.9978764,0
all11_observed,M5,SIDO_NM,세종특별자치시,amt,1,26577546943.1227,0.45593455728447,,0.45593455728447,7.06366001513891e+20,0
all11_observed,M5,SIDO_NM,세종특별자치시,cnt,1,908372.24576204,0.266039673386211,,0.266039673386211,825140136870.772,0
all11_observed,M5,SIDO_NM,세종특별자치시,ticket,1,2675.3511998832,0.156706087636548,,0.156706087636548,7157504.04271648,0
all11_observed,M5,SIDO_NM,울산광역시,amt,5,4819180954.37916,0.0736817817310346,0.931115435679721,-0.0532796254214612,1.68311467459632e+20,0
all11_observed,M5,SIDO_NM,울산광역시,cnt,5,327456.46361019,0.0959946199544647,0.897330876051681,-0.0274701221892703,705393355015.795,0
all11_observed,M5,SIDO_NM,울산광역시,ticket,5,931.146619055239,0.0484674256222037,-0.653473566185577,-0.0311803907339657,8813361.71871251,0
all11_observed,M5,SIDO_NM,인천광역시,amt,10,13566311610.7086,0.188257294416941,0.797418696570975,0.184823376779796,3.56762737199353e+21,0
all11_observed,M5,SIDO_NM,인천광역시,cnt,10,717855.45913096,0.174844324734471,0.84266176006721,0.165900379107924,10115218309558.8,0
all11_observed,M5,SIDO_NM,인천광역시,ticket,10,1862.74801835299,0.0956928004354659,0.575763995923657,-0.0357676061525717,55336077.7212782,0
all11_observed,M5,SIDO_NM,전라남도,amt,22,3928553434.56902,0.171771207132522,0.939027432777942,-0.123597025437826,8.98543859147626e+20,0
all11_observed,M5,SIDO_NM,전라남도,cnt,22,131852.160878692,0.133805718283554,0.967189513974426,-0.0522007818786985,943432972209.39,0
all11_observed,M5,SIDO_NM,전라남도,ticket,22,2680.41627767742,0.111990922777289,-0.182386120629481,-0.0897504134504335,260926639.871061,0
all11_observed,M5,SIDO_NM,전북특별자치도,amt,15,5609021508.35242,0.214559370609098,0.861903794828341,0.135401988150615,1.41242252701935e+21,0
all11_observed,M5,SIDO_NM,전북특별자치도,cnt,15,283687.159398611,0.21835834562419,0.85598394348264,0.126332289652454,3897180837257.92,0
all11_observed,M5,SIDO_NM,전북특별자치도,ticket,15,1935.15808051039,0.0920493075466786,-0.244443185280631,0.0466408949820964,86903158.9536061,0
all11_observed,M5,SIDO_NM,제주특별자치도,amt,2,21273141437.4662,0.142965846776122,0.829822972448785,-0.0834804134952924,1.2136944507029e+21,0
all11_observed,M5,SIDO_NM,제주특별자치도,cnt,2,1622485.839111,0.241842977192928,0.479885902792927,-0.229018853465132,9986282993702.65,0
all11_observed,M5,SIDO_NM,제주특별자치도,ticket,2,3567.21718825225,0.155315837354847,-4.25026456972709,0.155315837354847,30568930.2749419,0
all11_observed,M5,SIDO_NM,충청남도,amt,16,4921221419.23268,0.148710487513399,0.93299693069372,0.115547126971206,8.59488340357759e+20,0
all11_observed,M5,SIDO_NM,충청남도,cnt,16,266314.214215406,0.160141789305818,0.91634180805044,0.131847178387044,3238928690764.28,0
all11_observed,M5,SIDO_NM,충청남도,ticket,16,1669.39853159677,0.0786737786231271,0.409490409779872,-0.00261960730212959,68168251.5919477,0
all11_observed,M5,SIDO_NM,충청북도,amt,14,2547372179.9593,0.086356680355358,0.971614509215939,0.071527907559146,2.11022286437467e+20,0
all11_observed,M5,SIDO_NM,충청북도,cnt,14,179843.901938265,0.120500618203907,0.949174616187507,0.100070986902414,1022856443401.27,0
all11_observed,M5,SIDO_NM,충청북도,ticket,14,1292.53295085146,0.0640902600437445,0.142590290578576,0.0199416663164008,34950922.0574856,0
all11_observed,M5,population_group,<5만,amt,58,1827278235.71515,0.212423126289593,0.732542242934997,0.0122358746411211,7.41191070534831e+20,0
all11_observed,M5,population_group,<5만,cnt,58,75323.195012543,0.196169241587569,0.780946548291892,0.0130553697886629,1424895825081.07,0
all11_observed,M5,population_group,<5만,ticket,58,2413.07714799425,0.106485870862808,0.0841504916492485,0.000830424715252257,549472194.845143,0
all11_observed,M5,population_group,5–15만,amt,58,4526240538.29437,0.149962357580775,0.906359021336798,-0.00271409379470008,3.06097049927025e+21,0
all11_observed,M5,population_group,5–15만,cnt,58,250205.816621498,0.164914850170733,0.899688552170088,-0.00364097925749347,10703554012811.8,0
all11_observed,M5,population_group,5–15만,ticket,58,2039.52195980676,0.0960524050368612,0.389385755620443,-0.00570017042481311,482150858.620247,0
all11_observed,M5,population_group,15–30만,amt,72,11043051957.0325,0.154233008726962,0.371069458576092,-0.0591838978604096,2.23634642823311e+22,0
all11_observed,M5,population_group,15–30만,cnt,72,549816.161440857,0.145341804697505,0.493005469112278,-0.0480176764227801,52848621175750.2,0
all11_observed,M5,population_group,15–30만,ticket,72,1201.43187383554,0.062812700314109,0.555843761721569,-0.00555489893829019,176311638.718899,0
all11_observed,M5,population_group,30만+,amt,63,17799354826.2742,0.154407795490749,0.708310260203553,0.0614611772414863,3.19488468911346e+22,0
all11_observed,M5,population_group,30만+,cnt,63,1185288.75852642,0.18067383632771,0.6250217239588,0.0534072633703326,139404413987672,0
all11_observed,M5,population_group,30만+,ticket,63,1103.92216258197,0.062500349087948,0.418311493219993,0.0149151529828219,131713608.886577,0
all11_observed,M8,SIDO_NM,강원특별자치도,amt,18,3138886439.5763,0.12289466251397,0.971403452053164,0.0275448071293131,4.07451414530224e+20,0
all11_observed,M8,SIDO_NM,강원특별자치도,cnt,18,158708.856715309,0.138094207171978,0.958489500444468,-0.00977076609263562,1314518995268.64,0
all11_observed,M8,SIDO_NM,강원특별자치도,ticket,18,1683.46707500755,0.0745426144385934,0.114836377579452,0.0215918780530761,86113652.423475,0
all11_observed,M8,SIDO_NM,경기도,amt,43,7952188828.20596,0.104190362112985,0.919260441538228,0.00543899964207497,4.96747298952446e+21,0
all11_observed,M8,SIDO_NM,경기도,cnt,43,429094.979494767,0.105663427481332,0.915266229386165,0.0239149369799224,14894878777571.6,0
all11_observed,M8,SIDO_NM,경기도,ticket,43,1602.62506721848,0.0835245246838517,0.352462446912943,-0.0234242117711204,300812974.316027,0
all11_observed,M8,SIDO_NM,경상남도,amt,22,3767763511.74597,0.0873826849542963,0.978116600264625,0.010868495056089,7.16004953960228e+20,0
all11_observed,M8,SIDO_NM,경상남도,cnt,22,214557.941745783,0.100980560841787,0.976503528644687,-0.0302080849706133,2103691024493.49,0
all11_observed,M8,SIDO_NM,경상남도,ticket,22,1467.5644769865,0.0674526032235671,0.545464450494373,0.0245587163716199,68270931.6870077,0
all11_observed,M8,SIDO_NM,경상북도,amt,23,5434597347.84361,0.17164214096129,0.932966932587091,-0.0343470671900596,1.72841438679801e+21,0
all11_observed,M8,SIDO_NM,경상북도,cnt,23,301268.37339038,0.190252640591696,0.918786676102975,-0.091149386961638,5741237951717.21,0
all11_observed,M8,SIDO_NM,경상북도,ticket,23,1610.41559177724,0.075529276700629,0.467006605027356,0.0292390217583251,95487823.4612094,0
all11_observed,M8,SIDO_NM,광주광역시,amt,5,11906641825.8796,0.12082318249941,0.832148844158399,-0.12082318249941,1.115476770941e+21,0
all11_observed,M8,SIDO_NM,광주광역시,cnt,5,520302.083473614,0.0954770070292328,0.904451400386878,-0.0954770070292328,1879253317021.08,0
all11_observed,M8,SIDO_NM,광주광역시,ticket,5,924.8941824495,0.0513127524114461,0.181667951701459,-0.0147519597964737,5522181.77376468,0
all11_observed,M8,SIDO_NM,대구광역시,amt,9,12110297397.7658,0.12633609727751,0.9221493148722,-0.0683890260417887,1.97995094347987e+21,0
all11_observed,M8,SIDO_NM,대구광역시,cnt,9,670427.466492129,0.123879839885649,0.914209164046905,-0.0746047125690699,6721385780683.68,0
all11_observed,M8,SIDO_NM,대구광역시,ticket,9,1273.12004827583,0.0733879566581324,-0.900402195984681,0.044536548206991,33030913.5858177,0
all11_observed,M8,SIDO_NM,대전광역시,amt,5,27195726556.4222,0.432986574772407,-0.850698501678709,0.432986574772407,4.27904744508172e+21,0
all11_observed,M8,SIDO_NM,대전광역시,cnt,5,1797506.40713483,0.502974578855731,-1.84280771027142,0.502974578855731,18685063529574.6,0
all11_observed,M8,SIDO_NM,대전광역시,ticket,5,1466.02088260414,0.0841166671233931,-1.94344249072595,-0.0243252171629837,15527595.3252211,0
all11_observed,M8,SIDO_NM,부산광역시,amt,16,20584134188.8451,0.218609009824359,0.475257746156286,-0.190823510402655,1.47283641793281e+22,0
all11_observed,M8,SIDO_NM,부산광역시,cnt,16,1274409.04357078,0.238877374013416,0.561140078135658,-0.190903298470507,39048161706261.2,0
all11_observed,M8,SIDO_NM,부산광역시,ticket,16,1795.99647563263,0.101875126864102,0.289356803531042,0.00638322688221669,73826756.4996236,0
all11_observed,M8,SIDO_NM,서울특별시,amt,25,10888593728.2952,0.0961487932023688,0.898036632699809,0.0472960301637328,6.39219887687746e+21,0
all11_observed,M8,SIDO_NM,서울특별시,cnt,25,725938.094814805,0.103901450718875,0.864968322981925,0.0493674766570264,28983621778324.5,0
all11_observed,M8,SIDO_NM,서울특별시,ticket,25,773.094183481652,0.0480521753134178,0.4786402383608,0.00204841022482833,21205969.1782541,0
all11_observed,M8,SIDO_NM,세종특별자치시,amt,1,19978780384.4592,0.342733526505129,,0.342733526505129,3.99151665650452e+20,0
all11_observed,M8,SIDO_NM,세종특별자치시,cnt,1,550994.99116987,0.161372750182716,,0.161372750182716,303595480294.285,0
all11_observed,M8,SIDO_NM,세종특별자치시,ticket,1,2737.0891341971,0.160322326934595,,0.160322326934595,7491656.92853983,0
all11_observed,M8,SIDO_NM,울산광역시,amt,5,7078795779.78036,0.108229653649007,0.856560360259332,0.108229653649007,3.50478173083621e+20,0
all11_observed,M8,SIDO_NM,울산광역시,cnt,5,625265.242998724,0.183297952682497,0.582291632304424,0.0929387324045244,2869886247936.36,0
all11_observed,M8,SIDO_NM,울산광역시,ticket,5,2521.75048044088,0.131260481805255,-9.8106516197194,-0.00729712730045742,57623045.8642112,0
all11_observed,M8,SIDO_NM,인천광역시,amt,10,11714387516.9066,0.162558473000402,0.839019620800702,0.153364508476508,2.8350000590579e+21,0
all11_observed,M8,SIDO_NM,인천광역시,cnt,10,701486.020220606,0.170857305542574,0.85079557565276,0.170702213824151,9592298259273.06,0
all11_observed,M8,SIDO_NM,인천광역시,ticket,10,1745.56851772802,0.0896730734203501,0.650972628096416,-0.0257038177361766,45526088.2926726,0
all11_observed,M8,SIDO_NM,전라남도,amt,22,2742297896.92179,0.11990363066626,0.967108706477678,-0.091113324031084,4.8471421100361e+20,0
all11_observed,M8,SIDO_NM,전라남도,cnt,22,87591.7521026487,0.0888895352772634,0.983144128251689,-0.041177825203253,484673868296.079,0
all11_observed,M8,SIDO_NM,전라남도,ticket,22,2396.01157965593,0.100108162312477,-0.0741279007866105,-0.0541496241571203,237036429.17831,0
all11_observed,M8,SIDO_NM,전북특별자치도,amt,15,5085671450.3892,0.194539896824302,0.865466517263534,0.147674989858364,1.37598365877725e+21,0
all11_observed,M8,SIDO_NM,전북특별자치도,cnt,15,263707.058347465,0.202979356246662,0.848833486499857,0.134154465020112,4090677483429.32,0
all11_observed,M8,SIDO_NM,전북특별자치도,ticket,15,1609.388969328,0.0765535083112348,0.191986801849323,0.0314540208351166,56425958.3933236,0
all11_observed,M8,SIDO_NM,제주특별자치도,amt,2,11227389057.6449,0.0754535096957619,0.939958933983484,-0.0630619204838098,4.28210021570633e+20,0
all11_observed,M8,SIDO_NM,제주특별자치도,cnt,2,1179543.88593412,0.175819349684016,0.750363083335089,-0.149445060733095,4793073113914.57,0
all11_observed,M8,SIDO_NM,제주특별자치도,ticket,2,2035.0704215992,0.0886065103206189,-1.13835802481812,0.0628487800969753,12450290.17022,0
all11_observed,M8,SIDO_NM,충청남도,amt,16,2938247168.90112,0.0887885611516089,0.983881700085815,0.0269029669171296,2.06759048295314e+20,0
all11_observed,M8,SIDO_NM,충청남도,cnt,16,108915.215425948,0.0654936032322789,0.992633259223173,0.0301787821022872,285212332509.807,0
all11_observed,M8,SIDO_NM,충청남도,ticket,16,1228.77242554141,0.0579083831425093,0.691044612823762,0.00335022638996282,35665718.0721932,0
all11_observed,M8,SIDO_NM,충청북도,amt,14,2252853807.32223,0.0763724192549616,0.980977603778907,-0.00274676853728007,1.4141554129296e+20,0
all11_observed,M8,SIDO_NM,충청북도,cnt,14,127597.887108155,0.0854942764938618,0.979375415513783,0.0348856203494021,415067974932.156,0
all11_observed,M8,SIDO_NM,충청북도,ticket,14,1486.6050038938,0.0737133248472475,-0.179387159741811,-0.0104633665309182,48075812.8147987,0
all11_observed,M8,population_group,<5만,amt,58,1454963692.57771,0.169141146747281,0.914721050910796,0.0363670630539823,2.363288926937e+20,0
all11_observed,M8,population_group,<5만,cnt,58,63430.182456281,0.165195472445609,0.922232113119462,0.0493255231404541,505863461531.356,0
all11_observed,M8,population_group,<5만,ticket,58,2120.97978074815,0.093596004264971,0.267916636832282,0.00028514324931525,439220034.188546,0
all11_observed,M8,population_group,5–15만,amt,58,3711867818.75763,0.122980748464345,0.938699811948993,0.00868345108586817,2.00380292797587e+21,0
all11_observed,M8,population_group,5–15만,cnt,58,203981.563361207,0.13444766957674,0.937828433479333,0.0230609290684294,6633906046729.92,0
all11_observed,M8,population_group,5–15만,ticket,58,1964.51812730764,0.0925200584181442,0.428423567523488,-0.00794181694672566,451325972.530611,0
all11_observed,M8,population_group,15–30만,amt,72,10724245243.5577,0.149780388308903,0.451351796972856,-0.0361171476445529,1.95087910092328e+22,0
all11_observed,M8,population_group,15–30만,cnt,72,571099.765138953,0.15096804413696,0.566739772483425,-0.0283219434950541,45162628469484.5,0
all11_observed,M8,population_group,15–30만,ticket,72,1211.43519571151,0.0633356893181671,0.566520812125617,-0.00270498513060746,172073291.733796,0
all11_observed,M8,population_group,30만+,amt,63,13503383831.2938,0.117140635118849,0.810215227193409,0.0282026561381453,2.07871715093504e+22,0
all11_observed,M8,population_group,30만+,cnt,63,872270.169605219,0.132960341286561,0.758171148721461,0.0225045017725568,89903899643755.9,0
all11_observed,M8,population_group,30만+,ticket,63,1111.62840088834,0.0629366503061213,0.392869597778912,0.0128633281178592,137474499.511716,0
all11_observed,M9,SIDO_NM,강원특별자치도,amt,18,3123013055.92124,0.122273182838041,0.976534400605196,-0.0167642449974223,3.34344260152922e+20,0
all11_observed,M9,SIDO_NM,강원특별자치도,cnt,18,149377.477360719,0.129974878103251,0.967950429818835,-0.0305547793204282,1014918375939.47,0
all11_observed,M9,SIDO_NM,강원특별자치도,ticket,18,1614.98924620251,0.071510469369654,0.121491199753597,0.00317710408488969,85466234.2183784,0
all11_observed,M9,SIDO_NM,경기도,amt,43,7218647167.93724,0.0945794269529349,0.943772204081216,0.00558039757440038,3.45939540428993e+21,0
all11_observed,M9,SIDO_NM,경기도,cnt,43,353410.382250294,0.0870263090470603,0.943110299452004,-0.00110645920678547,10000324395057.5,0
all11_observed,M9,SIDO_NM,경기도,ticket,43,1529.85844668469,0.0797321233809792,0.374753746030053,-0.000801758835457685,290457571.827294,0
all11_observed,M9,SIDO_NM,경상남도,amt,22,4256416212.84765,0.0987156109458873,0.9688941546347,-0.00191638527907851,1.01775499456206e+21,0
all11_observed,M9,SIDO_NM,경상남도,cnt,22,222439.043528155,0.104689759725593,0.972355945311152,-0.0115648920069367,2475033329478.53,0
all11_observed,M9,SIDO_NM,경상남도,ticket,22,1322.9838001591,0.0608073462820402,0.601387377016665,0.000136896332401595,59871345.9989498,0
all11_observed,M9,SIDO_NM,경상북도,amt,23,5459343731.18518,0.172423711691545,0.934520405789882,-0.0187026470192798,1.68835885097312e+21,0
all11_observed,M9,SIDO_NM,경상북도,cnt,23,258863.135361496,0.163473498728503,0.942086694789113,-0.0446673736673185,4094082717359.48,0
all11_observed,M9,SIDO_NM,경상북도,ticket,23,1443.17597457559,0.0676856570862717,0.536394100389339,0.000895918564603285,83056785.9098331,0
all11_observed,M9,SIDO_NM,광주광역시,amt,5,4910651676.4512,0.0498310583598214,0.973368700250149,-0.00585548243024041,1.76981779493727e+20,0
all11_observed,M9,SIDO_NM,광주광역시,cnt,5,342587.95135382,0.0628659259274289,0.957593239442634,0.0132253699771072,834057702197.913,0
all11_observed,M9,SIDO_NM,광주광역시,ticket,5,1390.25451370114,0.0771307539869158,-0.58321954192248,-9.13684680155672e-05,10683714.6564775,0
all11_observed,M9,SIDO_NM,대구광역시,amt,9,7777268246.35612,0.0811334094822645,0.966042964426643,0.00128965018659469,8.6361814942126e+20,0
all11_observed,M9,SIDO_NM,대구광역시,cnt,9,393474.988035647,0.0727052827532625,0.975216635338434,0.0243974831405069,1941682383475.39,0
all11_observed,M9,SIDO_NM,대구광역시,ticket,9,1386.35546098761,0.0799153187647239,-1.01810897623114,0.0125645204717386,35076776.5589295,0
all11_observed,M9,SIDO_NM,대전광역시,amt,5,8219331330.7252,0.130861005401961,0.840005796526162,-0.00187477969315023,3.69926699017485e+20,0
all11_observed,M9,SIDO_NM,대전광역시,cnt,5,381719.734609872,0.106812038051289,0.845278285620525,0.0296195202443717,1016947102028.63,0
all11_observed,M9,SIDO_NM,대전광역시,ticket,5,1495.6623218091,0.0858174198918209,-1.9798692581505,-0.00275299441757803,15719758.1092254,0
all11_observed,M9,SIDO_NM,부산광역시,amt,16,14401317195.7479,0.152945839909801,0.721417292049729,-0.00871708419115387,7.81920561323243e+21,0
all11_observed,M9,SIDO_NM,부산광역시,cnt,16,626007.975902609,0.117339987619732,0.862587844979911,0.0180851490029053,12226434409494.5,0
all11_observed,M9,SIDO_NM,부산광역시,ticket,16,1768.51645019331,0.100316364853239,0.137056401610891,-0.0247826090301865,89648824.0902544,0
all11_observed,M9,SIDO_NM,서울특별시,amt,25,10214342435.6278,0.0901949988260895,0.908132099962611,0.0027997775364919,5.75930261023253e+21,0
all11_observed,M9,SIDO_NM,서울특별시,cnt,25,678708.747245024,0.0971416487962913,0.86295711106027,0.00320644932300823,29415314599894.9,0
all11_observed,M9,SIDO_NM,서울특별시,ticket,25,804.813887260912,0.0500237342766821,0.425910676362129,-0.000611415807893866,23350709.813801,0
all11_observed,M9,SIDO_NM,세종특별자치시,amt,1,24172227161.2497,0.414671591510286,,0.414671591510286,5.84296565935057e+20,0
all11_observed,M9,SIDO_NM,세종특별자치시,cnt,1,741337.96283683,0.21711947984106,,0.21711947984106,549581975143.061,0
all11_observed,M9,SIDO_NM,세종특별자치시,ticket,1,2811.2157922472,0.164664223644496,,0.164664223644496,7902934.23058005,0
all11_observed,M9,SIDO_NM,울산광역시,amt,5,6959987315.88656,0.106413158400687,0.803643108109604,0.0423394938411352,4.79775359632423e+20,0
all11_observed,M9,SIDO_NM,울산광역시,cnt,5,397124.864712564,0.116418072931771,0.848158346337776,-0.0221003187352248,1043235681662.76,0
all11_observed,M9,SIDO_NM,울산광역시,ticket,5,2381.8983144798,0.123980989711195,-9.0832047043236,0.0349771363942882,53745600.8734606,0
all11_observed,M9,SIDO_NM,인천광역시,amt,10,6413523262.72962,0.0889993221273593,0.962222670900462,0.0194251575012067,6.652905823737e+20,0
all11_observed,M9,SIDO_NM,인천광역시,cnt,10,236267.605453131,0.057546473188479,0.989396077057645,-0.0030976586428846,681722355261.378,0
all11_observed,M9,SIDO_NM,인천광역시,ticket,10,1842.53946417304,0.0946546497445629,0.575568095063606,-0.00266995150311869,55361630.4445579,0
all11_observed,M9,SIDO_NM,전라남도,amt,22,3551512232.70537,0.155285540471373,0.954741664737287,-0.0184379003116051,6.6696550724935e+20,0
all11_observed,M9,SIDO_NM,전라남도,cnt,22,91489.5549644045,0.0928450890442188,0.983356729323652,-0.0266326388103984,478560735407.375,0
all11_observed,M9,SIDO_NM,전라남도,ticket,22,2380.13893175042,0.0994449845439115,-0.0266072891547071,0.00347802309914266,226549674.216124,0
all11_observed,M9,SIDO_NM,전북특별자치도,amt,15,3767234252.3775,0.14410631318199,0.928097613429096,0.0811485698362044,7.35404353891982e+20,0
all11_observed,M9,SIDO_NM,전북특별자치도,cnt,15,224750.800188229,0.17299412850004,0.892314249008378,0.100362783446458,2914055941808.74,0
all11_observed,M9,SIDO_NM,전북특별자치도,ticket,15,1457.77480063719,0.0693417051087937,0.240392195053076,0.00969961919930153,53045666.2035689,0
all11_observed,M9,SIDO_NM,제주특별자치도,amt,2,7731552027.22495,0.0519597862739314,0.982050220009447,-0.0138245981314969,1.28016975495215e+20,0
all11_observed,M9,SIDO_NM,제주특별자치도,cnt,2,897641.573406465,0.133799818360024,0.902363819426528,-0.0540638841429733,1874631998760.76,0
all11_observed,M9,SIDO_NM,제주특별자치도,ticket,2,1904.34366646185,0.0829146966834493,-0.251948229295635,0.00586120893099343,7289293.2576852,0
all11_observed,M9,SIDO_NM,충청남도,amt,16,3668989353.95782,0.110870279759452,0.966457763319545,-0.0422042988101878,4.30266279363853e+20,0
all11_observed,M9,SIDO_NM,충청남도,cnt,16,132097.150650968,0.0794335147666426,0.98601298022231,-0.0340302007134946,541524489120.693,0
all11_observed,M9,SIDO_NM,충청남도,ticket,16,1431.81436158786,0.0674771446008351,0.539735693793214,0.00521530897384554,53132774.7151429,0
all11_observed,M9,SIDO_NM,충청북도,amt,14,2086894331.31008,0.0707463432796193,0.98338362821525,0.00421865279669243,1.23528770137798e+20,0
all11_observed,M9,SIDO_NM,충청북도,cnt,14,120960.774658189,0.0810472191030344,0.982136042928945,0.0338979725948456,359510587508.454,0
all11_observed,M9,SIDO_NM,충청북도,ticket,14,1311.60750227233,0.0650360718777682,-0.137364108691245,0.00196938867747253,46362811.0074397,0
all11_observed,M9,population_group,<5만,amt,58,1541014095.08605,0.179144601701225,0.892410920959401,0.00246928223027685,2.98155736992055e+20,0
all11_observed,M9,population_group,<5만,cnt,58,60693.9793756076,0.15806939550376,0.938526869663145,0.0149098523753139,399869557355.197,0
all11_observed,M9,population_group,<5만,ticket,58,2166.83814692427,0.0956196727012113,0.238229293991415,-0.000244860050126573,457031223.997739,0
all11_observed,M9,population_group,5–15만,amt,58,4088650082.09612,0.135464211512059,0.928877926268227,-0.00899657868227913,2.32486431312184e+21,0
all11_observed,M9,population_group,5–15만,cnt,58,201631.414209746,0.132898646854464,0.950959785139288,-0.00675319841897068,5232748603644.5,0
all11_observed,M9,population_group,5–15만,ticket,58,1893.10770808156,0.0891569455679128,0.462801684113438,0.00271896865586502,424180457.036728,0
all11_observed,M9,population_group,15–30만,amt,72,8465790963.27765,0.118237640880458,0.680568976811218,-0.00668335939410518,1.13583039894638e+22,0
all11_observed,M9,population_group,15–30만,cnt,72,388597.133802214,0.102724169800831,0.812792987841049,0.0017850540868248,19514278486809.7,0
all11_observed,M9,population_group,15–30만,ticket,72,1149.78572178993,0.0601125603049538,0.535229586499156,-0.00329882006899349,184494612.86419,0
all11_observed,M9,population_group,30만+,amt,63,10036861158.7342,0.087068864028668,0.896639422800019,0.0118991042489662,1.13211087158772e+22,0
all11_observed,M9,population_group,30만+,cnt,63,567646.098596833,0.0865264245292013,0.875419908426703,0.00401198179697155,46314722131790.2,0
all11_observed,M9,population_group,30만+,ticket,63,1058.25992816275,0.0599151074032788,0.421393181565335,0.00922563848933152,131015812.233046,0
core9,M5,SIDO_NM,강원특별자치도,amt,18,2798300783.13361,0.109667454443344,0.975100946420742,0.0166436489984367,3.53774118043807e+20,0
core9,M5,SIDO_NM,강원특별자치도,cnt,18,141971.770770831,0.123567509241722,0.979759908842638,-0.0111876393895525,640449944966.335,0
core9,M5,SIDO_NM,강원특별자치도,ticket,18,1567.37088761841,0.0694298846855689,0.169114750185818,0.0355495399495063,80599728.3229044,0
core9,M5,SIDO_NM,경기도,amt,43,9737733540.3188,0.127625960814078,0.881830958633924,0.0248685232998358,7.2709646795194e+21,0
core9,M5,SIDO_NM,경기도,cnt,43,547068.058439515,0.134721490441374,0.862126781853086,0.0534912524836688,24235220308495.3,0
core9,M5,SIDO_NM,경기도,ticket,43,1440.90082357091,0.0751204833777408,0.364482545226843,-0.0314995242847316,294923097.273879,0
core9,M5,SIDO_NM,경상남도,amt,22,2930993290.34389,0.0681457718222407,0.988105646842878,-0.0191892396340279,3.87577817087491e+20,0
core9,M5,SIDO_NM,경상남도,cnt,22,161610.881746426,0.0761061409342228,0.987552007125366,-0.0324620027096677,1113601667308.66,0
core9,M5,SIDO_NM,경상남도,ticket,22,1737.39814711364,0.0800083750664213,0.306347229776386,-0.00298385686038168,103693807.850905,0
core9,M5,SIDO_NM,경상북도,amt,23,3784940837.86269,0.119612153602078,0.96870101014,-0.0526393938120238,8.06129046801263e+20,0
core9,M5,SIDO_NM,경상북도,cnt,23,197165.735993499,0.124530993063693,0.954840406536094,-0.0845838684920087,3191739353701.91,0
core9,M5,SIDO_NM,경상북도,ticket,23,1648.48728328366,0.077337503188229,0.466321826769256,0.0295979507336171,95730633.9499663,0
core9,M5,SIDO_NM,광주광역시,amt,5,10373203181.5668,0.105265275288184,0.896249192566506,-0.102713661540402,6.89438886572851e+20,0
core9,M5,SIDO_NM,광주광역시,cnt,5,527832.189735568,0.0968598956471799,0.875150914183251,-0.0941310050537846,2455496506368.54,0
core9,M5,SIDO_NM,광주광역시,ticket,5,753.781973879838,0.0418200399303041,0.188039833228686,-0.00353822352761806,5476100.10590584,0
core9,M5,SIDO_NM,대구광역시,amt,9,13099894466.2429,0.136668115773254,0.907995354415961,-0.123479860338054,2.3398212285942e+21,0
core9,M5,SIDO_NM,대구광역시,cnt,9,855668.602256576,0.158112914628093,0.878114319248837,-0.15522364607917,9549326640652.06,0
core9,M5,SIDO_NM,대구광역시,ticket,9,1829.76687051134,0.105478525465318,-2.81584430173951,0.0868026074385304,66309460.4233978,0
core9,M5,SIDO_NM,대전광역시,amt,5,20620103465.5827,0.328483999238894,-0.573479863123463,0.328483999238894,3.63344058077893e+21,0
core9,M5,SIDO_NM,대전광역시,cnt,5,1154997.15721044,0.323262290801327,-0.685274614800811,0.323262290801327,11069016709858.3,0
core9,M5,SIDO_NM,대전광역시,ticket,5,1339.13433897216,0.0768636166105067,-1.59409387223985,0.0281221105349509,13661694.7115611,0
core9,M5,SIDO_NM,부산광역시,amt,16,26079231204.9233,0.277637602223873,0.305288787451278,-0.276830920336697,1.94150909534345e+22,0
core9,M5,SIDO_NM,부산광역시,cnt,16,1577280.60895592,0.295825836648821,0.387384356198315,-0.295825836648821,54472383303401.8,0
core9,M5,SIDO_NM,부산광역시,ticket,16,1914.32984638751,0.108813011650751,0.0966487099048512,0.0393587161519777,93670349.3329663,0
core9,M5,SIDO_NM,서울특별시,amt,25,18176232608.8482,0.160537882364689,0.778881811983613,0.134546098071883,1.38585991752111e+22,0
core9,M5,SIDO_NM,서울특별시,cnt,25,1226185.70080764,0.175508983678179,0.689230236900747,0.131297077584177,66704503545346.8,0
core9,M5,SIDO_NM,서울특별시,ticket,25,977.438675441472,0.0607643962700445,0.19942428939005,0.00774242932490125,32445938.0515213,0
core9,M5,SIDO_NM,세종특별자치시,amt,1,26548302580.9908,0.455655259241353,,0.455655259241353,7.04812369931843e+20,0
core9,M5,SIDO_NM,세종특별자치시,cnt,1,907972.11409745,0.265949045204071,,0.265949045204071,824413359978.593,0
core9,M5,SIDO_NM,세종특별자치시,ticket,1,2673.0256534754,0.156630678906142,,0.156630678906142,7145066.14413759,0
core9,M5,SIDO_NM,울산광역시,amt,5,4814176061.07354,0.0736659072001665,0.930452879173245,-0.0535333204911102,1.69837123973288e+20,0
core9,M5,SIDO_NM,울산광역시,cnt,5,327567.911162188,0.0960418133491929,0.897244799118836,-0.0275923011706415,705982826701.03,0
core9,M5,SIDO_NM,울산광역시,ticket,5,934.789787450399,0.0486897346658862,-0.662612858935957,-0.0313768273972628,8910146.3866021,0
core9,M5,SIDO_NM,인천광역시,amt,10,13533786739.9979,0.18782055856774,0.798625544861582,0.184290012859957,3.54638856616199e+21,0
core9,M5,SIDO_NM,인천광역시,cnt,10,717248.884047345,0.174703303286513,0.842937422713064,0.16578494315834,10097816411666.1,0
core9,M5,SIDO_NM,인천광역시,ticket,10,1867.18763072398,0.0959256421755459,0.573207098002752,-0.0360627569248192,55634597.3471087,0
core9,M5,SIDO_NM,전라남도,amt,22,3931135507.89957,0.171946375888698,0.938888123423855,-0.123876299951652,8.99522634996457e+20,0
core9,M5,SIDO_NM,전라남도,cnt,22,131893.842456674,0.133859736976579,0.967148142435768,-0.0522874238819743,944388017656.181,0
core9,M5,SIDO_NM,전라남도,ticket,22,2685.33475275867,0.112207708137737,-0.184151997376891,-0.0899995808744303,261292556.198868,0
core9,M5,SIDO_NM,전북특별자치도,amt,15,5599919705.98422,0.214214595888478,0.86250116128815,0.134739958301112,1.40626346498061e+21,0
core9,M5,SIDO_NM,전북특별자치도,cnt,15,283588.13933715,0.218283192469133,0.856132985538305,0.126175699761511,3893105902119.72,0
core9,M5,SIDO_NM,전북특별자치도,ticket,15,1935.75982512921,0.0920783811326688,-0.248084110327717,0.0465556121447823,87163417.7122882,0
core9,M5,SIDO_NM,제주특별자치도,amt,2,21234136716.2439,0.142764612234398,0.829647143765188,-0.0838829610213915,1.21309608980512e+21,0
core9,M5,SIDO_NM,제주특별자치도,cnt,2,1621950.99092587,0.24179001437082,0.479670208586224,-0.229142402457425,9986861737763.09,0
core9,M5,SIDO_NM,제주특별자치도,ticket,2,3557.89727695705,0.154950451259007,-4.21971029624761,0.154950451259007,30473753.8784308,0
core9,M5,SIDO_NM,충청남도,amt,16,4912315296.5447,0.148488233281434,0.933137020389188,0.115167180541908,8.57488006725004e+20,0
core9,M5,SIDO_NM,충청남도,cnt,16,266167.809988732,0.160066247289628,0.916392942627526,0.131745445381295,3236701453487.89,0
core9,M5,SIDO_NM,충청남도,ticket,16,1670.95196546215,0.0787653953099715,0.40851230760848,-0.00286891326368608,68209311.4174107,0
core9,M5,SIDO_NM,충청북도,amt,14,2543833081.52256,0.0862542857293748,0.971716452359913,0.0710453364299158,2.10033428637741e+20,0
core9,M5,SIDO_NM,충청북도,cnt,14,179823.215931436,0.120494900689263,0.949151039771351,0.099979322276999,1022945326993.15,0
core9,M5,SIDO_NM,충청북도,ticket,14,1288.79801099751,0.0639084997828273,0.148184772952946,0.0194825732957831,34752430.0549284,0
core9,M5,population_group,<5만,amt,58,1826915551.0359,0.212494783864976,0.732745625874878,0.012021604984275,7.38611032395793e+20,0
core9,M5,population_group,<5만,cnt,58,75324.6727318765,0.196203590698217,0.780999645329665,0.0130078698996601,1423544087116.04,0
core9,M5,population_group,<5만,ticket,58,2417.29820165952,0.106701739538732,0.0825913933350405,0.000703332241507185,550225589.823256,0
core9,M5,population_group,5–15만,amt,58,4492331496.72987,0.149039912671589,0.907264131979607,-0.00239121539290312,3.0235431474939e+21,0
core9,M5,population_group,5–15만,cnt,58,249949.510405817,0.164800757794833,0.899936907877638,-0.00357514746161491,10670535751152.6,0
core9,M5,population_group,5–15만,ticket,58,2040.31460061834,0.0961646099829855,0.389325877760776,-0.00551540143748958,482724746.205823,0
core9,M5,population_group,15–30만,amt,72,11016765523.7065,0.153996864853657,0.372744242295248,-0.0590816803264919,2.22072008917648e+22,0
core9,M5,population_group,15–30만,cnt,72,549502.087683573,0.145291198820093,0.493403881381653,-0.0479774510430176,52763908143822.6,0
core9,M5,population_group,15–30만,ticket,72,1198.39851568953,0.0626902680506822,0.555655490602205,-0.00548132605492238,175460820.835607,0
core9,M5,population_group,30만+,amt,63,17754966790.6596,0.154081165896207,0.709422801824922,0.0611246134892509,3.17929230996011e+22,0
core9,M5,population_group,30만+,cnt,63,1184758.92532643,0.180607350887605,0.625260194969177,0.0533226562625794,139285965034374,0
core9,M5,population_group,30만+,ticket,63,1103.29652855416,0.0624826116344039,0.418815707715628,0.0147541056672884,131680932.298096,0
core9,M8,SIDO_NM,강원특별자치도,amt,18,3011732654.57255,0.118032005594838,0.974600987435371,0.0223836573356403,3.60877703268223e+20,0
core9,M8,SIDO_NM,강원특별자치도,cnt,18,155239.309894788,0.135115134198523,0.959598131895752,-0.0105854264958551,1278421821459.6,0
core9,M8,SIDO_NM,강원특별자치도,ticket,18,1612.59616134741,0.0714332302655348,0.142622494188278,0.0205117808185147,83169600.1993639,0
core9,M8,SIDO_NM,경기도,amt,43,7784242223.13568,0.102022856635352,0.919224519189868,0.00478069530811367,4.97013144180648e+21,0
core9,M8,SIDO_NM,경기도,cnt,43,427174.394907555,0.105196365008945,0.915484718054829,0.0238761257449086,14856014133167.2,0
core9,M8,SIDO_NM,경기도,ticket,43,1624.11834003621,0.084672416567725,0.323252958317091,-0.0262853121267488,314056415.138589,0
core9,M8,SIDO_NM,경상남도,amt,22,3797916068.33856,0.0883017790063432,0.977890839791504,0.0062178908078452,7.20427579209322e+20,0
core9,M8,SIDO_NM,경상남도,cnt,22,214745.961483757,0.101128625950953,0.976383122426492,-0.0318408680376052,2112773883095.32,0
core9,M8,SIDO_NM,경상남도,ticket,22,1356.59442696714,0.0624721028430476,0.570198305370088,0.0176038110852306,64250841.7036671,0
core9,M8,SIDO_NM,경상북도,amt,23,5095763032.94775,0.161036913581171,0.944585712229633,-0.0482926392635283,1.42723669930915e+21,0
core9,M8,SIDO_NM,경상북도,cnt,23,297658.369179312,0.188002708081292,0.92120773206847,-0.0911878500050694,5568791989358.61,0
core9,M8,SIDO_NM,경상북도,ticket,23,1341.43418798455,0.062932345212519,0.572447470470358,0.0221359887629485,76693926.6993175,0
core9,M8,SIDO_NM,광주광역시,amt,5,11330394122.2341,0.114978665270918,0.842840054258444,-0.114978665270918,1.04435021457894e+21,0
core9,M8,SIDO_NM,광주광역시,cnt,5,509271.509140074,0.0934539162079175,0.908240367948629,-0.0934539162079175,1804702489039.59,0
core9,M8,SIDO_NM,광주광역시,ticket,5,937.74140455546,0.0520261618634307,0.12711917275681,-0.0118368649235698,5886967.10272965,0
core9,M8,SIDO_NM,대구광역시,amt,9,13190991351.6693,0.137618508138331,0.909232373122878,-0.0694478556781652,2.30836191898827e+21,0
core9,M8,SIDO_NM,대구광역시,cnt,9,668794.108331408,0.123581706136586,0.914046330767589,-0.0733449118018537,6734176306883.55,0
core9,M8,SIDO_NM,대구광역시,ticket,9,1302.69227389103,0.0750948453595563,-1.17592519973425,0.0428131942610882,37811926.9306344,0
core9,M8,SIDO_NM,대전광역시,amt,5,27403097579.2387,0.436538987274554,-0.874929198708208,0.436538987274554,4.32953989201397e+21,0
core9,M8,SIDO_NM,대전광역시,cnt,5,1789317.22864315,0.500796718581082,-1.81585044381765,0.500796718581082,18494728005360.4,0
core9,M8,SIDO_NM,대전광역시,ticket,5,1556.25449003854,0.0893258764184291,-2.22070539765504,-0.0187929657885152,16961719.9938291,0
core9,M8,SIDO_NM,부산광역시,amt,16,20790919611.9291,0.221338620902122,0.481451074921522,-0.188181785452957,1.44918843432346e+22,0
core9,M8,SIDO_NM,부산광역시,cnt,16,1273536.93851727,0.238857390499106,0.562038618017626,-0.190924700752951,38942525403667.8,0
core9,M8,SIDO_NM,부산광역시,ticket,16,1809.37361837778,0.102847162409674,0.285072019359641,0.00820959269890449,74132349.6504233,0
core9,M8,SIDO_NM,서울특별시,amt,25,10837053884.1044,0.095716077091753,0.895224409137525,0.0511549395033877,6.56681809006752e+21,0
core9,M8,SIDO_NM,서울특별시,cnt,25,720251.607274017,0.10309256379517,0.865164726286058,0.0508341647258505,28941425651558.5,0
core9,M8,SIDO_NM,서울특별시,ticket,25,780.375163952452,0.0485135557791289,0.479966759723235,0.00265243705806449,21076040.7480967,0
core9,M8,SIDO_NM,세종특별자치시,amt,1,20654801073.3926,0.354503596189013,,0.354503596189013,4.2662080738142e+20,0
core9,M8,SIDO_NM,세종특별자치시,cnt,1,552377.49858083,0.161793810689673,,0.161793810689673,305120900938.415,0
core9,M8,SIDO_NM,세종특별자치시,ticket,1,2904.0165751305,0.170166001634135,,0.170166001634135,8433312.2686327,0
core9,M8,SIDO_NM,울산광역시,amt,5,5765752274.22582,0.0882268048745923,0.902319618942212,0.0882268048745923,2.38539781234012e+20,0
core9,M8,SIDO_NM,울산광역시,cnt,5,604737.968235484,0.177307144843273,0.601125633581593,0.0856886756962356,2740478830150.08,0
core9,M8,SIDO_NM,울산광역시,ticket,5,2476.65659562874,0.128999860844199,-8.74766169572726,-0.0187217187834093,52238915.4932847,0
core9,M8,SIDO_NM,인천광역시,amt,10,12010265326.5311,0.166677278540905,0.829807738493906,0.155445638999478,2.99724158081316e+21,0
core9,M8,SIDO_NM,인천광역시,cnt,10,709033.694019069,0.172702295174842,0.847037925666588,0.172702295174842,9834188202226.15,0
core9,M8,SIDO_NM,인천광역시,ticket,10,1736.93213301745,0.0892338442765048,0.674167907850634,-0.0235597086196422,42473848.9432819,0
core9,M8,SIDO_NM,전라남도,amt,22,2739000555.015,0.119802845270933,0.966821246086405,-0.0894364610808112,4.8836726702491e+20,0
core9,M8,SIDO_NM,전라남도,cnt,22,86004.089030438,0.0872859909309755,0.983935096887307,-0.0397537305218345,461815651512.9,0
core9,M8,SIDO_NM,전라남도,ticket,22,2583.45979298591,0.107950825177062,-0.176530333075418,-0.054403479375648,259610775.352969,0
core9,M8,SIDO_NM,전북특별자치도,amt,15,5413299001.54801,0.207075765175869,0.845650335510736,0.165209692864554,1.57860456158573e+21,0
core9,M8,SIDO_NM,전북특별자치도,cnt,15,265682.28393064,0.204500714502461,0.843755682511358,0.135571598278722,4228041270361.21,0
core9,M8,SIDO_NM,전북특별자치도,ticket,15,1794.85106892553,0.0853757675179934,0.12418189903139,0.0406755380938601,61165187.7810263,0
core9,M8,SIDO_NM,제주특별자치도,amt,2,12391774430.8875,0.0833142828061591,0.944229979395467,-0.0451092836896144,3.97142703791574e+20,0
core9,M8,SIDO_NM,제주특별자치도,cnt,2,1191033.11349869,0.177551550718918,0.75536647819806,-0.143692236136179,4695332073952.32,0
core9,M8,SIDO_NM,제주특별자치도,ticket,2,1842.6536078913,0.0802496491132509,-1.20597131354737,0.0802496491132509,12878919.1461925,0
core9,M8,SIDO_NM,충청남도,amt,16,3053855912.54949,0.0923111896888007,0.983045917923569,0.0342782106589754,2.17428570042673e+20,0
core9,M8,SIDO_NM,충청남도,cnt,16,108712.907406305,0.0653770533754948,0.992558435070124,0.0284647237767699,288087211554.973,0
core9,M8,SIDO_NM,충청남도,ticket,16,1305.81635362568,0.061553619386722,0.627575443274891,0.0152595620722278,42947339.2192569,0
core9,M8,SIDO_NM,충청북도,amt,14,2219796961.1642,0.0752671245374543,0.98253498209102,0.00292427920553017,1.29695101877659e+20,0
core9,M8,SIDO_NM,충청북도,cnt,14,126173.24171295,0.0845454362001903,0.980070932540009,0.0356001559051085,400919632139.163,0
core9,M8,SIDO_NM,충청북도,ticket,14,1340.40382253448,0.066467512108467,0.0411517678520408,-0.00351782495501591,39119171.6970481,0
core9,M8,population_group,<5만,amt,58,1491812796.22102,0.173517838588786,0.910584190988976,0.0293716869401343,2.4711851105276e+20,0
core9,M8,population_group,<5만,cnt,58,62820.550694624,0.16363320501635,0.924453116683609,0.0479731438024173,491069154691.472,0
core9,M8,population_group,<5만,ticket,58,2161.04547427835,0.0953905112614991,0.226550890077403,0.000115757281338196,463884347.294829,0
core9,M8,population_group,5–15만,amt,58,3800204163.24694,0.126077538364393,0.933360903983918,0.0102933773748719,2.17268880332586e+21,0
core9,M8,population_group,5–15만,cnt,58,199102.188146468,0.131275278082656,0.938949385023572,0.0236909662050385,6510320198172.66,0
core9,M8,population_group,5–15만,ticket,58,1927.76149968829,0.090859729524828,0.431564658667586,-0.00679675024972358,449335899.272997,0
core9,M8,population_group,15–30만,amt,72,10640575646.7663,0.148738328533372,0.458434823345161,-0.0376766888871244,1.91734336851142e+22,0
core9,M8,population_group,15–30만,cnt,72,570577.335647736,0.150863603567548,0.568483551163408,-0.0284476406264016,44944075629832.3,0
core9,M8,population_group,15–30만,ticket,72,1176.91614043569,0.0615664884019283,0.578737903760148,-0.00443177700345113,166346138.255083,0
core9,M8,population_group,30만+,amt,63,13466117965.8759,0.116861674862132,0.807152466526216,0.0313758444607249,2.11000272567348e+22,0
core9,M8,population_group,30만+,cnt,63,869632.883691443,0.132568818863285,0.758554790627996,0.0232608326191928,89742078473729.4,0
core9,M8,population_group,30만+,ticket,63,1112.47949721335,0.0630026675301068,0.41148942601428,0.0145292148409809,133340873.245433,0
core9,M9,SIDO_NM,강원특별자치도,amt,18,3039930819.76561,0.119137112313649,0.97817384714896,-0.0167697060809431,3.10113312162131e+20,0
core9,M9,SIDO_NM,강원특별자치도,cnt,18,147911.345719129,0.128737117807782,0.967802248067449,-0.0305109678300158,1018821916014.04,0
core9,M9,SIDO_NM,강원특별자치도,ticket,18,1578.69310796024,0.0699314254880219,0.153686867929701,0.00528000851574876,82096304.5573709,0
core9,M9,SIDO_NM,경기도,amt,43,7061458297.60218,0.092549811128896,0.945285486386928,0.00582670695949069,3.36659493331502e+21,0
core9,M9,SIDO_NM,경기도,cnt,43,356986.494323745,0.087911827131566,0.942877512379033,-0.00189961280848728,10040935365621.7,0
core9,M9,SIDO_NM,경기도,ticket,43,1503.7072903054,0.0783948601170436,0.36378510788081,-0.00133888710538158,295246755.390114,0
core9,M9,SIDO_NM,경상남도,amt,22,4230170314.54863,0.0983517164553538,0.969829346564804,-0.00219549679418534,9.83111552519714e+20,0
core9,M9,SIDO_NM,경상남도,cnt,22,223180.240185575,0.105100514456371,0.972883241876896,-0.0141594379879143,2425874384892.15,0
core9,M9,SIDO_NM,경상남도,ticket,22,1263.84877047994,0.058201101816405,0.594935875387961,0.000694622744305862,60552834.6571375,0
core9,M9,SIDO_NM,경상북도,amt,23,5077142403.87424,0.160448462231383,0.94266589043054,-0.0231123851534558,1.47668315505272e+21,0
core9,M9,SIDO_NM,경상북도,cnt,23,264309.992454153,0.166939684885501,0.937711677284128,-0.0422943558022475,4402344565994.2,0
core9,M9,SIDO_NM,경상북도,ticket,23,1226.63637863925,0.0575466949643963,0.642237849648204,0.00175863699628115,64175001.2917853,0
core9,M9,SIDO_NM,광주광역시,amt,5,5196125848.88056,0.0527292879875744,0.970291798425219,-0.00637174654652472,1.97415229071141e+20,0
core9,M9,SIDO_NM,광주광역시,cnt,5,340091.385201054,0.062408501644399,0.963130451931355,0.0118570563397373,725139842888.623,0
core9,M9,SIDO_NM,광주광역시,ticket,5,1328.31568369664,0.0736953348012778,-0.583758771256754,-0.00154069122731157,10681338.7280993,0
core9,M9,SIDO_NM,대구광역시,amt,9,8329807270.89008,0.086902918752551,0.9612614254,0.00134581981970614,9.85182200737526e+20,0
core9,M9,SIDO_NM,대구광역시,cnt,9,393750.549691693,0.0727583633242852,0.97798143239142,0.0265109960937,1725079541401.4,0
core9,M9,SIDO_NM,대구광역시,ticket,9,1463.10509308878,0.0843419838379048,-1.53944470950709,0.0130514566140449,44128951.5889589,0
core9,M9,SIDO_NM,대전광역시,amt,5,8287170643.20566,0.132016939672443,0.835418964060204,-0.00362326252387839,3.80046436452786e+20,0
core9,M9,SIDO_NM,대전광역시,cnt,5,376240.224654834,0.105302663434493,0.846409381772703,0.0270587933310142,1008795305349.31,0
core9,M9,SIDO_NM,대전광역시,ticket,5,1608.59060950734,0.0923298643714369,-2.34529316967045,-0.000187159184353675,17617856.6603863,0
core9,M9,SIDO_NM,부산광역시,amt,16,14566511374.538,0.15507402265869,0.720253172084389,-0.00775087634360799,7.81808326943547e+21,0
core9,M9,SIDO_NM,부산광역시,cnt,16,596646.805298973,0.111903702714162,0.872394546644922,0.016723191096194,11346385351224.1,0
core9,M9,SIDO_NM,부산광역시,ticket,16,1782.16096719109,0.101300359732898,0.11357568210062,-0.0254356287953954,91915156.8446043,0
core9,M9,SIDO_NM,서울특별시,amt,25,10190161413.8617,0.0900025307521293,0.907354193271743,0.00485140610122302,5.80658295108604e+21,0
core9,M9,SIDO_NM,서울특별시,cnt,25,660961.052527103,0.0946060637499551,0.861684070406672,0.0027291963870943,29688523503457.6,0
core9,M9,SIDO_NM,서울특별시,ticket,25,805.512460012112,0.0500762651923171,0.369221340044345,0.000275258011540388,25564359.5651307,0
core9,M9,SIDO_NM,세종특별자치시,amt,1,24264959607.8535,0.416465663929645,,0.416465663929645,5.88788264770762e+20,0
core9,M9,SIDO_NM,세종특별자치시,cnt,1,731241.45168275,0.214183853082292,,0.214183853082292,534714060659.096,0
core9,M9,SIDO_NM,세종특별자치시,ticket,1,2886.0599581622,0.169113801815946,,0.169113801815946,8329342.0821072,0
core9,M9,SIDO_NM,울산광역시,amt,5,7035114759.572,0.107650427497158,0.795462744587701,0.0430507044760082,4.99488962183622e+20,0
core9,M9,SIDO_NM,울산광역시,cnt,5,375952.152580998,0.110227910720272,0.863428196035524,-0.0180946140799169,938320857569.108,0
core9,M9,SIDO_NM,울산광역시,ticket,5,2203.92016086288,0.114794031019412,-8.04854193227304,0.0312860334662499,48492246.8682566,0
core9,M9,SIDO_NM,인천광역시,amt,10,6584468320.54959,0.0913786024263455,0.960426835873746,0.0186161660519492,6.96919659883049e+20,0
core9,M9,SIDO_NM,인천광역시,cnt,10,225536.627664951,0.0549348974136104,0.990109375518962,-0.00419550105741158,635884829673.94,0
core9,M9,SIDO_NM,인천광역시,ticket,10,1885.37048574069,0.0968597754224475,0.578219942016519,-0.00194359942262443,54981147.9645986,0
core9,M9,SIDO_NM,전라남도,amt,22,3594929509.96937,0.157240853074749,0.953717595936346,-0.0160189750163257,6.81243522368942e+20,0
core9,M9,SIDO_NM,전라남도,cnt,22,87687.7433627511,0.0889947403455431,0.98461967320449,-0.0254356538642117,442136226388.938,0
core9,M9,SIDO_NM,전라남도,ticket,22,2569.35586622754,0.107361487368927,-0.169584579411012,0.00179539665031884,258078139.564894,0
core9,M9,SIDO_NM,전북특별자치도,amt,15,3804405347.60189,0.145530507028809,0.924106893028942,0.0833340082887582,7.76193490629578e+20,0
core9,M9,SIDO_NM,전북특별자치도,cnt,15,219329.803715527,0.168822327585905,0.893854693245214,0.0969470090883075,2872339582186.79,0
core9,M9,SIDO_NM,전북특별자치도,ticket,15,1499.55971596121,0.0713296294638493,0.250644349552685,0.00956483601148386,52333331.5715815,0
core9,M9,SIDO_NM,제주특별자치도,amt,2,8351769033.96329,0.0561518974629613,0.979813131062241,-0.00979880043810517,1.43752281676155e+20,0
core9,M9,SIDO_NM,제주특별자치도,cnt,2,823099.835326575,0.122702425736444,0.919082547237405,-0.0469154126473482,1553075426867.85,0
core9,M9,SIDO_NM,제주특별자치도,ticket,2,1520.45338679585,0.0662174649976963,0.195602540603428,0.00830232373065708,4696239.60082771,0
core9,M9,SIDO_NM,충청남도,amt,16,3669832799.71794,0.110930784359806,0.965704065843618,-0.0425467412451006,4.39830118096808e+20,0
core9,M9,SIDO_NM,충청남도,cnt,16,126183.47610692,0.0758833890967135,0.987178681028522,-0.0305620748121948,496355009431.036,0
core9,M9,SIDO_NM,충청남도,ticket,16,1510.95611215684,0.0712235048822214,0.48947786098578,0.00634325360280588,58872507.4307275,0
core9,M9,SIDO_NM,충청북도,amt,14,2073428177.49561,0.0703041672663524,0.98378123901847,0.0036900139679695,1.20440406576812e+20,0
core9,M9,SIDO_NM,충청북도,cnt,14,123913.958972591,0.083031549086013,0.981210370394917,0.0369942666739447,377997184485.648,0
core9,M9,SIDO_NM,충청북도,ticket,14,1221.24508645704,0.0605587071648335,0.0760911171703084,0.00151055272066238,37693713.1529961,0
core9,M9,population_group,<5만,amt,58,1531371744.0556,0.178119074844764,0.889222931991948,0.0016113845399803,3.06154632024468e+20,0
core9,M9,population_group,<5만,cnt,58,57216.018395632,0.149034676786953,0.944434363141531,0.0206280611078325,361187240613.291,0
core9,M9,population_group,<5만,ticket,58,2176.0253383011,0.0960517360736401,0.192976657623783,-0.000270777075854451,484020851.051658,0
core9,M9,population_group,5–15만,amt,58,4047541335.61349,0.134283324290206,0.93108606132096,-0.0084907517211503,2.24685735420094e+21,0
core9,M9,population_group,5–15만,cnt,58,196298.528134127,0.129426723573056,0.954718083921455,-0.00732449014612947,4828776466411.3,0
core9,M9,population_group,5–15만,ticket,58,1824.19781983822,0.0859785406737722,0.470439097865682,0.00406651636107931,418606492.028779,0
core9,M9,population_group,15–30만,amt,72,8444698025.78041,0.118043450939176,0.684004933632557,-0.00795301287418363,1.1187407741471e+22,0
core9,M9,population_group,15–30만,cnt,72,386002.43967701,0.102061044835281,0.818662684500675,0.00239366081938335,18886969533341.4,0
core9,M9,population_group,15–30만,ticket,72,1141.0724811398,0.0596914455178141,0.540099081036644,-0.00557064314011606,181603667.959627,0
core9,M9,population_group,30만+,amt,63,10042791046.2756,0.087153356663904,0.894619012581938,0.0136292230411934,1.15300500183219e+22,0
core9,M9,population_group,30만+,cnt,63,558524.826084436,0.0851427974820085,0.875820857944288,0.00311797922353608,46155789713739.6,0
core9,M9,population_group,30만+,ticket,63,1071.74805945267,0.0606959380688565,0.420831459390269,0.0112554199041203,131224216.479513,0
