scenario,scope,industry,model,family,target,n,wape,wape_sd,wape_min,wape_max,mae,r2_original,bias,sse,nonpositive
general_gu_aggregate,4004,대형할인점,M5,log_ridge_smear,amt,170,0.621577270964052,0.0250991393927753,0.579933059645195,0.664040347016918,5441329039.13309,0.0684897657166608,0.185151661406655,1.69568428399077e+22,0
general_gu_aggregate,4004,대형할인점,M5,log_ridge_smear,cnt,170,0.48669877234426,0.0119695381940328,0.466423682248964,0.503352393032385,122501.431113042,0.398858312956379,0.0804780122111853,9189642108529.19,0
general_gu_aggregate,4004,대형할인점,M5,log_ridge_smear,ticket,170,0.250738623297364,0.00618356608688317,0.240057488152072,0.258328332932688,8907.67039091616,0.0268395337998277,0.00144666265456463,33170319151.703,0
general_gu_aggregate,4004,대형할인점,M9,log_ridge_smear,amt,170,0.592001798967486,0.031982622200907,0.548926237722397,0.639029959623733,5182423377.45827,0.0300156311940278,0.125982088388519,1.76572107247584e+22,0
general_gu_aggregate,4004,대형할인점,M9,log_ridge_smear,cnt,170,0.427420480437015,0.0195283724702177,0.402028245242939,0.462279871178498,107581.164193943,0.467771329730244,0.0361473038377129,8136170066213.6,0
general_gu_aggregate,4004,대형할인점,M9,log_ridge_smear,ticket,170,0.264585583819827,0.00690299537540748,0.254142272991614,0.275210884909733,9399.59364800386,-0.00122975443138776,0.00650074708210261,34127065013.5916,0
general_gu_aggregate,4010,편의점,M5,log_ridge_smear,amt,228,0.13861195124303,0.00409519412513285,0.132479756041631,0.142854272621972,1247150027.46566,0.946032733511657,0.0174163020799817,9.91714054143467e+20,0
general_gu_aggregate,4010,편의점,M5,log_ridge_smear,cnt,228,0.157783044902572,0.00503171003468493,0.150768881122885,0.163212994801701,176244.274295549,0.927284991034525,0.0277744269418594,22098099412315.3,0
general_gu_aggregate,4010,편의점,M5,log_ridge_smear,ticket,228,0.0472364508232727,0.000630877859440892,0.0461744409028012,0.0483972565352588,420.045877247074,0.803236595829729,-0.000180981713175668,75215957.6293898,0
general_gu_aggregate,4010,편의점,M9,log_ridge_smear,amt,228,0.0990733177078836,0.00587788341801862,0.0911015261568198,0.106887773006243,891404311.04576,0.970787495265553,-0.00248636075475064,5.36815247222896e+20,0
general_gu_aggregate,4010,편의점,M9,log_ridge_smear,cnt,228,0.100061890132427,0.00613483943812335,0.0921729760769428,0.107423690314914,111769.520114916,0.971805399161453,8.89935938793136e-05,8568342369545.34,0
general_gu_aggregate,4010,편의점,M9,log_ridge_smear,ticket,228,0.0410349771775271,0.000830918797809452,0.0394892232810488,0.0420809851757386,364.899832352684,0.861225478473927,-0.000181281074620908,53048779.9556024,0
general_gu_aggregate,4020,슈퍼마켓,M5,log_ridge_smear,amt,228,0.291280086664619,0.00566394878582736,0.281265777034736,0.301305131935388,2808128102.73446,0.765460926001951,0.0474826903005969,5.0429815086322e+21,0
general_gu_aggregate,4020,슈퍼마켓,M5,log_ridge_smear,cnt,228,0.303995082710268,0.0080684466981567,0.289743432754518,0.314073777796952,153597.45414232,0.742674655415049,0.0423221754808791,16262848969798.3,0
general_gu_aggregate,4020,슈퍼마켓,M5,log_ridge_smear,ticket,228,0.155712770910953,0.0014552207045249,0.153447069040938,0.158091327335737,3326.34149382115,0.380019810214118,0.00126944612355061,3985367674.96441,0
general_gu_aggregate,4020,슈퍼마켓,M9,log_ridge_smear,amt,228,0.248016242205797,0.0131030041859265,0.226570737643161,0.266700487436894,2391036708.50869,0.845533718462572,0.04721528655797,3.32128283881133e+21,0
general_gu_aggregate,4020,슈퍼마켓,M9,log_ridge_smear,cnt,228,0.216847349951249,0.00903329564884982,0.203244211636184,0.230495077121602,109564.933067569,0.884422737493275,0.031462705170356,7304432322907.38,0
general_gu_aggregate,4020,슈퍼마켓,M9,log_ridge_smear,ticket,228,0.132143824672675,0.0036345480744107,0.127983337154744,0.13865548761419,2822.86086484398,0.502465889326111,-0.00120853523177579,3198257612.96774,0
general_gu_aggregate,8001,일반한식,M5,log_ridge_smear,amt,228,0.184183033045381,0.00552660994070563,0.176482844723839,0.194093751647639,4479096748.40803,0.908167099908618,0.0108264126452138,1.07515303283511e+22,0
general_gu_aggregate,8001,일반한식,M5,log_ridge_smear,cnt,228,0.205129480856892,0.00411113368524856,0.198893171171838,0.211253477985045,135103.246883497,0.892351871066864,0.0295232825919778,9281961142953.78,0
general_gu_aggregate,8001,일반한식,M5,log_ridge_smear,ticket,228,0.131290845095095,0.00190457273768456,0.128554922489649,0.134641214448552,5059.49268809814,0.185775388894785,0.0003807772002603,10772755425.8783,0
general_gu_aggregate,8001,일반한식,M9,log_ridge_smear,amt,228,0.123605957375018,0.00419210001181826,0.117513009274983,0.132499538824251,3005939432.14025,0.955325772306451,0.00629993497414456,5.23032936414828e+21,0
general_gu_aggregate,8001,일반한식,M9,log_ridge_smear,cnt,228,0.146562547329422,0.00573762621210288,0.139739872299398,0.158456754157822,96529.6452416572,0.942020716347226,0.0261332498950985,4999264393119.35,0
general_gu_aggregate,8001,일반한식,M9,log_ridge_smear,ticket,228,0.136825119649748,0.00241213968198374,0.132555250583392,0.139555621689041,5272.7643874532,0.159529112839032,0.00227684802103821,11120011832.6884,0
general_gu_aggregate,8002,갈비전문점,M5,log_ridge_smear,amt,77,1.15055737080751,0.149076454324225,0.986465823136144,1.36614017907616,126669941.335395,-0.788927256810988,0.134955589361292,3.36686560734076e+18,0
general_gu_aggregate,8002,갈비전문점,M5,log_ridge_smear,cnt,77,1.01237374492038,0.104452622277068,0.884461930388118,1.21398088113689,1443.78958507716,-0.589417784446769,0.0516555054607091,416449907.553602,0
general_gu_aggregate,8002,갈비전문점,M5,log_ridge_smear,ticket,77,0.346365777189551,0.0218220186201117,0.321250221386542,0.38578795223646,24746.2331244743,-0.450659446956647,0.0074599784934743,87366911488.769,0
general_gu_aggregate,8002,갈비전문점,M9,log_ridge_smear,amt,77,1.337286291522,0.491714314449461,0.844015555604683,2.25887278261444,147227752.734166,-12.8403755983664,0.390613182819557,2.60483954377702e+19,0
general_gu_aggregate,8002,갈비전문점,M9,log_ridge_smear,cnt,77,1.10270830653172,0.362347638407035,0.781660884668452,1.91873450925507,1572.61957487231,-6.33996833409314,0.258788332751554,1923175369.05089,0
general_gu_aggregate,8002,갈비전문점,M9,log_ridge_smear,ticket,77,0.39952192910161,0.0434244237140633,0.339382384699803,0.487435167921982,28543.9943752804,-1.03523253623629,0.0173928753688003,122573207120.012,0
general_gu_aggregate,8003,한정식,M5,log_ridge_smear,amt,16,2.08041507778481,0.874133362319459,1.06218271550731,3.66310320324081,135957725.852085,-11.8785905612304,0.726852419230432,1.37185288344663e+18,0
general_gu_aggregate,8003,한정식,M5,log_ridge_smear,cnt,16,1.70716799251105,0.759296765697215,0.952571782526154,3.10624210418678,1407.77340582443,-11.2691749660232,0.489897101306303,194300540.898633,0
general_gu_aggregate,8003,한정식,M5,log_ridge_smear,ticket,16,0.826894134571023,0.169673271882983,0.560619102179865,1.16247633907143,76653.9462033755,-1.08264816425818,0.0845858998378292,225932998784.58,0
general_gu_aggregate,8003,한정식,M9,log_ridge_smear,amt,16,1.02051315549602,0.216966572803205,0.757857140764046,1.50886279328968,66691810.3531092,-0.625054945272901,-0.282313830529688,1.73104059938283e+17,0
general_gu_aggregate,8003,한정식,M9,log_ridge_smear,cnt,16,0.684658440505204,0.0908516808699723,0.526964907751347,0.838329173794573,564.586466501604,-0.159809236862857,-0.310818978875221,18367295.4934416,0
general_gu_aggregate,8003,한정식,M9,log_ridge_smear,ticket,16,0.891033876741513,0.11478688541539,0.690910227688003,1.12188603275811,82599.7670047115,-1.1109787154278,0.043049865006302,229006396631.042,0
general_gu_aggregate,8004,일식회집,M5,log_ridge_smear,amt,216,0.341495799818911,0.0126663640215966,0.326801473742107,0.359826479905706,682171487.988563,0.722857553834486,0.131028836978409,3.56153479625728e+20,0
general_gu_aggregate,8004,일식회집,M5,log_ridge_smear,cnt,216,0.29672914755487,0.0117933839636182,0.283797919863973,0.315221360710983,11794.1002965937,0.80944920320314,0.129226920050785,117541064697.759,0
general_gu_aggregate,8004,일식회집,M5,log_ridge_smear,ticket,216,0.167633308345658,0.00362896061506393,0.160815753173677,0.17526791381469,10177.2724393165,0.423439990304651,-0.00163238920233134,48618089175.2288,0
general_gu_aggregate,8004,일식회집,M9,log_ridge_smear,amt,216,0.236582666456373,0.0081754754312267,0.221801066536487,0.248959325950379,472597173.067511,0.865443898569664,0.0798551275115747,1.72916939979184e+20,0
general_gu_aggregate,8004,일식회집,M9,log_ridge_smear,cnt,216,0.233948910947735,0.0085979252596826,0.217265283053632,0.242514738756114,9298.77277892366,0.872004111278642,0.0903604517228502,78954133439.1952,0
general_gu_aggregate,8004,일식회집,M9,log_ridge_smear,ticket,216,0.152190288949728,0.00668018187965598,0.138822291567455,0.162900446075162,9239.70330565759,0.474447720854714,0.00625229947952668,44316891813.6231,0
general_gu_aggregate,8005,중국음식,M5,log_ridge_smear,amt,228,0.194848607996274,0.00530426606239543,0.186309820425883,0.203996326397473,371216825.405117,0.861928228453941,0.00170708536459091,1.31162161943102e+20,0
general_gu_aggregate,8005,중국음식,M5,log_ridge_smear,cnt,228,0.184438376509209,0.00474576530666206,0.176099623259076,0.190123953898997,12428.9462592466,0.837197893341918,0.00965885500382708,174954004064.513,0
general_gu_aggregate,8005,중국음식,M5,log_ridge_smear,ticket,228,0.0722100700821734,0.00112642422713701,0.0707008174829931,0.0743076252379412,2029.49967546607,0.194440575932925,0.000109893599895846,1839003939.62965,0
general_gu_aggregate,8005,중국음식,M9,log_ridge_smear,amt,228,0.169483502992844,0.00587532825190369,0.157343139402242,0.175838427944804,322892365.444794,0.875887161325426,0.00688287635615463,1.17901784435511e+20,0
general_gu_aggregate,8005,중국음식,M9,log_ridge_smear,cnt,228,0.16142484890278,0.00731143282478868,0.150859633410908,0.173039094988792,10878.1090459201,0.842984629112421,0.00991833109336375,168735333960.698,0
general_gu_aggregate,8005,중국음식,M9,log_ridge_smear,ticket,228,0.0701031034216785,0.00204542814906608,0.0680883002720445,0.074873075275647,1970.28233709725,0.229068238808325,0.000739843123905292,1759952777.73458,0
general_gu_aggregate,8006,서양음식,M5,log_ridge_smear,amt,228,0.20621994237371,0.00432178684728038,0.197002193372372,0.212343394669857,1457162042.8172,0.885631963782794,0.0063614031690539,2.20923456736375e+21,0
general_gu_aggregate,8006,서양음식,M5,log_ridge_smear,cnt,228,0.23635381808887,0.00581491087159016,0.226951381983638,0.2452448169158,151613.285548446,0.821594155401479,0.0239564093775,26643398121706.4,0
general_gu_aggregate,8006,서양음식,M5,log_ridge_smear,ticket,228,0.0998323387887931,0.00217970386813543,0.0972366158270142,0.104175023670863,1196.53121093447,0.532047424101424,0.00119820756398567,578609061.300782,0
general_gu_aggregate,8006,서양음식,M9,log_ridge_smear,amt,228,0.143722143660664,0.0061858662107495,0.136107240893672,0.15440533037577,1015548981.55833,0.894202626637015,-0.00614417440961814,2.04367603135108e+21,0
general_gu_aggregate,8006,서양음식,M9,log_ridge_smear,cnt,228,0.155390794139109,0.00853748630452838,0.145730352206355,0.173378801960841,99678.1394686592,0.834319486867326,-0.00288503260072639,24742977912726.1,0
general_gu_aggregate,8006,서양음식,M9,log_ridge_smear,ticket,228,0.0882503713489686,0.00305570502649201,0.0831767769174535,0.0938898555745027,1057.71661744793,0.615514348556851,-0.000208691450219887,475404759.633928,0
general_gu_aggregate,8021,스넥,M5,log_ridge_smear,amt,228,0.211814177198544,0.00632887999252829,0.19979712292919,0.218710899819665,455464694.116904,0.875571767152218,0.0326043111505332,1.26121378317851e+20,0
general_gu_aggregate,8021,스넥,M5,log_ridge_smear,cnt,228,0.280630063618609,0.00924144117464791,0.264246155930486,0.295326671931221,37649.7084318252,0.801841978903964,0.0807981061813639,890494329658.01,0
general_gu_aggregate,8021,스넥,M5,log_ridge_smear,ticket,228,0.110800641571987,0.00319692940608139,0.10602039522903,0.116275994439804,2057.83954837312,0.482944341622996,-0.000218873954718821,1955879917.40986,0
general_gu_aggregate,8021,스넥,M9,log_ridge_smear,amt,228,0.183253503593968,0.00700471117075112,0.174751115724101,0.194419428098421,394050587.473385,0.88094297846948,0.0244784531907272,1.20677078748008e+20,0
general_gu_aggregate,8021,스넥,M9,log_ridge_smear,cnt,228,0.23512539323245,0.0123793217047209,0.219494854664017,0.256737394572076,31544.7403815967,0.7608359198575,0.0625793665506631,1074769802639.24,0
general_gu_aggregate,8021,스넥,M9,log_ridge_smear,ticket,228,0.111331097459717,0.00314148903990039,0.106195500449796,0.115207560920303,2067.69141465251,0.494160548825279,-0.000987563258946581,1913452078.04472,0
general_gu_aggregate,8301,제과점,M5,log_ridge_smear,amt,227,0.268763116618084,0.00513848510370543,0.26182934747389,0.277035599940698,482467705.320625,0.71807147628312,0.0422217955729163,2.53622879485892e+20,0
general_gu_aggregate,8301,제과점,M5,log_ridge_smear,cnt,227,0.24048106685494,0.0052129502748766,0.233173684816375,0.248618358998527,34095.9014522585,0.822749928313367,0.0518903299925695,961863191672.687,0
general_gu_aggregate,8301,제과점,M5,log_ridge_smear,ticket,227,0.0857918971058947,0.00130221373062919,0.0843417842218419,0.0884857864827991,1233.66908746652,0.610043318381206,0.000140549028056504,798100154.596602,0
general_gu_aggregate,8301,제과점,M9,log_ridge_smear,amt,227,0.240190249593018,0.00905579979285172,0.231584547559373,0.261182145567127,431175378.600049,0.73005879419289,0.0165108402235275,2.42839089163768e+20,0
general_gu_aggregate,8301,제과점,M9,log_ridge_smear,cnt,227,0.19766236136759,0.00737837257563733,0.185671640193444,0.207230553750914,28024.9771100498,0.865676508143254,0.0203958613155682,728918309394.925,0
general_gu_aggregate,8301,제과점,M9,log_ridge_smear,ticket,227,0.0872072180857594,0.00214542788718676,0.0837965283368638,0.0909688803134621,1254.02109972646,0.575263164934233,-0.000140326953928191,869282537.541532,0
hwaseong_aggregate,4004,대형할인점,M5,log_ridge_smear,amt,194,0.663274244531825,0.0186260111818263,0.635803926891581,0.693979674472005,5135334442.48441,-0.220585685051419,0.188508563505467,1.63030982666505e+22,0
hwaseong_aggregate,4004,대형할인점,M5,log_ridge_smear,cnt,194,0.519785019616505,0.0113273171949849,0.49835461521785,0.534750575541973,116074.97982648,0.166939753129454,0.0889348210141027,8982077588100.77,0
hwaseong_aggregate,4004,대형할인점,M5,log_ridge_smear,ticket,194,0.240829101382869,0.00375571942287341,0.234172153892429,0.245199900706422,8395.16183633254,0.079572848648107,0.00311481255787101,33358753137.4463,0
hwaseong_aggregate,4004,대형할인점,M9,log_ridge_smear,amt,194,0.663247377403865,0.0208824562516394,0.630097098311589,0.694242403164983,5135126426.43566,-0.563180716090601,0.154139017620365,2.08790657919968e+22,0
hwaseong_aggregate,4004,대형할인점,M9,log_ridge_smear,cnt,194,0.481304098677279,0.0171674795759952,0.455787638933079,0.516513874557099,107481.673068581,0.183341335490464,0.0577989761029989,8805235293815.76,0
hwaseong_aggregate,4004,대형할인점,M9,log_ridge_smear,ticket,194,0.258118388949135,0.00976902862169522,0.237538557088872,0.271574238072958,8997.85630440241,0.0231082734186283,0.00927423837539136,35405181063.1376,0
hwaseong_aggregate,4010,편의점,M5,log_ridge_smear,amt,252,0.137698169103129,0.00327386455596321,0.132213859475628,0.141462276030328,1144910027.18922,0.928806665385794,0.0131942632635494,9.14550069451084e+20,0
hwaseong_aggregate,4010,편의점,M5,log_ridge_smear,cnt,252,0.156376821524896,0.00366221044872909,0.149695651484929,0.161398520631551,161081.458535764,0.905439439380744,0.0200762118124658,20135424334043.5,0
hwaseong_aggregate,4010,편의점,M5,log_ridge_smear,ticket,252,0.0455039329571655,0.00100393705222268,0.0440141618541131,0.0473653888403346,401.139442870811,0.801190421653377,0.000250317310267193,80213117.0496844,0
hwaseong_aggregate,4010,편의점,M9,log_ridge_smear,amt,252,0.0972019036378308,0.00473001806675027,0.0908005107649131,0.105783812261695,808198357.768172,0.968720388390926,0.000451497440946087,4.01818107334077e+20,0
hwaseong_aggregate,4010,편의점,M9,log_ridge_smear,cnt,252,0.0985686505711451,0.00491155599146238,0.0910184879709888,0.104969048295348,101534.113848031,0.968597683797109,0.00180993379065182,6686709106589.8,0
hwaseong_aggregate,4010,편의점,M9,log_ridge_smear,ticket,252,0.0401396370143693,0.00069651019011852,0.0388447626729104,0.0413045760476133,353.850548350133,0.859212988375976,-0.000378315129498015,56802922.3561045,0
hwaseong_aggregate,4020,슈퍼마켓,M5,log_ridge_smear,amt,252,0.276217256155947,0.00682770481010159,0.265326982859482,0.282934576923891,2451420212.61842,0.762651963387817,0.032668399510176,3.79442071664262e+21,0
hwaseong_aggregate,4020,슈퍼마켓,M5,log_ridge_smear,cnt,252,0.28746057595564,0.00747636709651345,0.276268224311878,0.297778960865044,132954.681135685,0.74479410909787,0.0211975526499863,11787594245348.9,0
hwaseong_aggregate,4020,슈퍼마켓,M5,log_ridge_smear,ticket,252,0.152432045111269,0.00205476490195328,0.14955397184557,0.155126980819195,3232.92765360922,0.381425681598969,0.00154486743276893,4255197776.80722,0
hwaseong_aggregate,4020,슈퍼마켓,M9,log_ridge_smear,amt,252,0.243450652650478,0.00603471569427363,0.234040752117102,0.253609113779667,2160617547.8971,0.83025393809147,0.0457206229036162,2.71368570419919e+21,0
hwaseong_aggregate,4020,슈퍼마켓,M9,log_ridge_smear,cnt,252,0.215689143161399,0.00647640804783434,0.204912874933314,0.227011307493388,99759.3536369949,0.868446964677202,0.033174380161576,6076246111120.83,0
hwaseong_aggregate,4020,슈퍼마켓,M9,log_ridge_smear,ticket,252,0.130127480103556,0.00286036805425594,0.122907962803333,0.133021711601028,2759.87065983522,0.514121499619869,0.000474215521759956,3342377872.97785,0
hwaseong_aggregate,8001,일반한식,M5,log_ridge_smear,amt,252,0.178518246405936,0.00334546439157273,0.172682952086509,0.184889858212794,3982861089.48071,0.884181934788811,0.00351271287433671,9.2385873517024e+21,0
hwaseong_aggregate,8001,일반한식,M5,log_ridge_smear,cnt,252,0.201692398483155,0.00339926229067864,0.197922220367642,0.210051016989497,122051.703419,0.863594361717463,0.0169127298285627,8223199640248.83,0
hwaseong_aggregate,8001,일반한식,M5,log_ridge_smear,ticket,252,0.126890977511589,0.00205558941262714,0.12275249350395,0.129733687557239,4868.35693635793,0.196908881767709,0.000999281514415931,11004974603.6247,0
hwaseong_aggregate,8001,일반한식,M9,log_ridge_smear,amt,252,0.121331422809156,0.00305293949666185,0.116631177707716,0.126339415172936,2706984930.48748,0.944515304271203,0.00702192583402779,4.42590892222571e+21,0
hwaseong_aggregate,8001,일반한식,M9,log_ridge_smear,cnt,252,0.150143378375415,0.00574827753144318,0.143421193041611,0.158656636751816,90857.4404668664,0.91157898567467,0.022565015329862,5330451602626.88,0
hwaseong_aggregate,8001,일반한식,M9,log_ridge_smear,ticket,252,0.133447563666726,0.00161430906931354,0.130711400652898,0.135582483697107,5119.90990184972,0.161436147504705,0.0013228998888496,11491067066.6378,0
hwaseong_aggregate,8002,갈비전문점,M5,log_ridge_smear,amt,82,1.13187508094027,0.199139977794252,0.998198959596291,1.68116008812108,116939673.987344,-2.43640241222192,0.165158369800372,4.89177765624437e+18,0
hwaseong_aggregate,8002,갈비전문점,M5,log_ridge_smear,cnt,82,0.970170189230307,0.0978301964728696,0.852414396873641,1.20272432380264,1298.09954453392,-0.958298465802925,0.0846342187734373,392529363.693874,0
hwaseong_aggregate,8002,갈비전문점,M5,log_ridge_smear,ticket,82,0.33377227370611,0.012825257589283,0.312516605861694,0.35435795384845,23943.1851807575,-0.584939374401476,0.0133323128839876,97810345215.8138,0
hwaseong_aggregate,8002,갈비전문점,M9,log_ridge_smear,amt,82,1.13730887539001,0.226869559632521,0.90159098497437,1.49944295033546,117501066.460919,-6.99967917585258,0.237304312320156,1.13876802409345e+19,0
hwaseong_aggregate,8002,갈비전문점,M9,log_ridge_smear,cnt,82,0.947235808840963,0.174791788640818,0.744895873274343,1.24114482844765,1267.41306388541,-3.47059939572147,0.195739237488875,896105249.928418,0
hwaseong_aggregate,8002,갈비전문점,M9,log_ridge_smear,ticket,82,0.413836814608315,0.0293973073471,0.368096748641719,0.467883197944212,29686.6224889198,-1.46355220291447,0.0398183535658011,152031614152.584,0
hwaseong_aggregate,8003,한정식,M5,log_ridge_smear,amt,16,2.96811656365399,3.79560250041264,1.15325897914346,13.5306105535969,193970127.580493,-152.45989131181,1.57369154509675,1.6346850487139e+19,0
hwaseong_aggregate,8003,한정식,M5,log_ridge_smear,cnt,16,2.15941593662977,2.22170720334772,0.822295196285692,8.33816167123185,1780.70836674333,-66.3060436986372,0.922790849894846,1065890798.08608,0
hwaseong_aggregate,8003,한정식,M5,log_ridge_smear,ticket,16,0.851608810770731,0.158890130045153,0.653915679666577,1.20230385062526,78945.0223891185,-1.18285753711286,0.0701282436085022,236804064048.473,0
hwaseong_aggregate,8003,한정식,M9,log_ridge_smear,amt,16,1.18438184424404,0.46160545987671,0.782293290226443,2.29244086987987,77400833.998653,-2.47472352836673,-0.0928130133996134,3.70134407869112e+17,0
hwaseong_aggregate,8003,한정식,M9,log_ridge_smear,cnt,16,0.814562773684989,0.0988892799512882,0.596225683187264,0.944641761942568,671.708827249984,-0.33066377108694,-0.168621409630882,21073029.864877,0
hwaseong_aggregate,8003,한정식,M9,log_ridge_smear,ticket,16,0.867773876580795,0.210670471274283,0.641318479285922,1.26374260763081,80443.5408005734,-1.18500194515132,0.0241669058968267,237036696975.658,0
hwaseong_aggregate,8004,일식회집,M5,log_ridge_smear,amt,240,0.35630376008459,0.00877680392519351,0.34129504894605,0.366443243086054,649510978.89693,0.612086364292809,0.124085765633304,4.14829799184372e+20,0
hwaseong_aggregate,8004,일식회집,M5,log_ridge_smear,cnt,240,0.30571951868022,0.00886862100487689,0.294317084876112,0.323315172567533,11089.4953057144,0.745334751845412,0.112915410563812,136311233083.046,0
hwaseong_aggregate,8004,일식회집,M5,log_ridge_smear,ticket,240,0.165838338663084,0.00304648468694906,0.160755979931413,0.171712776748448,9940.37644995802,0.428424913418613,-0.00119626379382216,49971904642.5048,0
hwaseong_aggregate,8004,일식회집,M9,log_ridge_smear,amt,240,0.239847759727886,0.00833898904455015,0.225285480237051,0.250370014093553,437221749.13369,0.814884376818229,0.0715891588776837,1.97960240944838e+20,0
hwaseong_aggregate,8004,일식회집,M9,log_ridge_smear,cnt,240,0.237822438716942,0.00841278536893273,0.225316234996921,0.250973801211913,8626.63538504293,0.819376655641443,0.0779136451061092,96679821732.6969,0
hwaseong_aggregate,8004,일식회집,M9,log_ridge_smear,ticket,240,0.141744951361062,0.00357602986456049,0.138069259418997,0.147553414818108,8496.21497519012,0.53673056965849,0.00418211289935864,40502912636.1634,0
hwaseong_aggregate,8005,중국음식,M5,log_ridge_smear,amt,252,0.200465823025336,0.00648774626810649,0.191362134931714,0.210439151288337,351320658.503103,0.823700770122275,-0.00362154075026049,1.3055674278624e+20,0
hwaseong_aggregate,8005,중국음식,M5,log_ridge_smear,cnt,252,0.184727520413892,0.00449360505279754,0.17813476063459,0.191712720218167,11455.4542110894,0.794440193291115,0.00278057687009368,166935458363.506,0
hwaseong_aggregate,8005,중국음식,M5,log_ridge_smear,ticket,252,0.0704691490793081,0.00081464119475996,0.0689979112332157,0.0717359664774298,1978.23948579287,0.258061242520606,-0.000165190732506351,1901866012.79264,0
hwaseong_aggregate,8005,중국음식,M9,log_ridge_smear,amt,252,0.178305599065774,0.00557601907102754,0.169994165686582,0.187614112424124,312484390.272654,0.840408922166869,0.00124395785885154,1.18183677342719e+20,0
hwaseong_aggregate,8005,중국음식,M9,log_ridge_smear,cnt,252,0.163535111997849,0.00674663933436616,0.154070760910684,0.178222233802366,10141.2555270561,0.802902549625498,0.00367115518488557,160063164814.816,0
hwaseong_aggregate,8005,중국음식,M9,log_ridge_smear,ticket,252,0.0704270406723982,0.00216856457407467,0.0661831373603029,0.0740130233150328,1977.05740094693,0.264263714810959,-0.000258267801996858,1885966760.83229,0
hwaseong_aggregate,8006,서양음식,M5,log_ridge_smear,amt,252,0.206358862959923,0.00656359082117003,0.192644806127675,0.216120529641931,1339108887.77001,0.847779257466158,-0.00793492912694828,2.54832789727763e+21,0
hwaseong_aggregate,8006,서양음식,M5,log_ridge_smear,cnt,252,0.232973237700892,0.00453491807970815,0.223965991081657,0.239593470593577,137155.899106614,0.787788624625579,0.00736054094840572,26613152291483.3,0
hwaseong_aggregate,8006,서양음식,M5,log_ridge_smear,ticket,252,0.0980959014426976,0.00165693208004967,0.0947879165098395,0.100681014053718,1162.90486418961,0.539498317956979,0.00070326990867409,609832596.954825,0
hwaseong_aggregate,8006,서양음식,M9,log_ridge_smear,amt,252,0.144048076628021,0.00591659912703177,0.135468230939818,0.155982207434169,934760237.151631,0.874810002318697,-0.00687894505073876,2.0958061184103e+21,0
hwaseong_aggregate,8006,서양음식,M9,log_ridge_smear,cnt,252,0.156929172585485,0.00667307525355574,0.147595026821921,0.167665869784443,92387.2714927583,0.804097708485609,-0.00118259386028532,24567851318640.8,0
hwaseong_aggregate,8006,서양음식,M9,log_ridge_smear,ticket,252,0.0868112627515487,0.00168445259996014,0.0851469756197413,0.0904558617625354,1029.12800876997,0.619615883461304,1.85801741167885e-06,503734606.570859,0
hwaseong_aggregate,8021,스넥,M5,log_ridge_smear,amt,252,0.212124575370111,0.00480852307504927,0.202781610137133,0.217962720727684,418809872.580921,0.842059698444296,0.0250206878915305,1.1497651617617e+20,0
hwaseong_aggregate,8021,스넥,M5,log_ridge_smear,cnt,252,0.280236115200529,0.00548978524109037,0.268185396675277,0.286609260956367,34483.9202608765,0.766446436494996,0.0645392643519862,789156738487.884,0
hwaseong_aggregate,8021,스넥,M5,log_ridge_smear,ticket,252,0.107002054096754,0.00146642147127855,0.104870834750193,0.109666538393531,1968.6954242595,0.497793024679606,-0.000195933008597292,1978658564.62149,0
hwaseong_aggregate,8021,스넥,M9,log_ridge_smear,amt,252,0.171471789045532,0.00595172907478125,0.164099374346773,0.181649609534873,338546714.807006,0.913247704518722,0.0191031055456546,6.31534611905575e+19,0
hwaseong_aggregate,8021,스넥,M9,log_ridge_smear,cnt,252,0.223782742616024,0.00846476877881842,0.212239317839012,0.240866888385742,27537.158251745,0.85422465078616,0.0519153944784713,492561952004.048,0
hwaseong_aggregate,8021,스넥,M9,log_ridge_smear,ticket,252,0.108613396022643,0.00289673852686639,0.102959190327571,0.112286059408876,1998.34197173182,0.490587721636952,-0.000758954668442374,2007046928.93472,0
hwaseong_aggregate,8301,제과점,M5,log_ridge_smear,amt,251,0.271884075267093,0.00684737269834148,0.262420583308727,0.279899542871893,446877223.416542,0.652328790256701,0.0296510063013927,2.30773257198391e+20,0
hwaseong_aggregate,8301,제과점,M5,log_ridge_smear,cnt,251,0.241447374035245,0.00739656860036352,0.232721684345856,0.252391779850628,31354.2405592095,0.791822567798421,0.039472117794097,825586818305.781,0
hwaseong_aggregate,8301,제과점,M5,log_ridge_smear,ticket,251,0.0856084262060089,0.00108639811463325,0.083860340213596,0.0872831155721822,1216.48097934449,0.614919885276052,-0.000223660385809507,835622511.884204,0
hwaseong_aggregate,8301,제과점,M9,log_ridge_smear,amt,251,0.246106941906959,0.00914933283179385,0.2330117282611,0.261249714927981,404509115.71366,0.654266377070115,0.0193807312279649,2.29487147772286e+20,0
hwaseong_aggregate,8301,제과점,M9,log_ridge_smear,cnt,251,0.194766916175357,0.00885897363213841,0.182328300263757,0.206309729930558,25292.3386188747,0.845968788686312,0.0249021027579513,610854578824.461,0
hwaseong_aggregate,8301,제과점,M9,log_ridge_smear,ticket,251,0.0864662087508387,0.00266498332638029,0.0837741360467717,0.0930200371452513,1228.66992144335,0.580485055699522,5.77457365306696e-05,910345972.501412,0
main,4004,대형할인점,M1,log_ridge_smear,amt,193,0.620313079228636,0.0073983378362114,0.611631703723633,0.633432428164033,4783132525.43685,0.0213943280728503,0.181117693998379,1.30345194629406e+22,0
main,4004,대형할인점,M1,log_ridge_smear,cnt,193,0.532480362835109,0.00563716818069284,0.526338186763438,0.5425681655313,118052.7532244,0.179682077610377,0.110148242220774,8765079695140.71,0
main,4004,대형할인점,M1,log_ridge_smear,ticket,193,0.263451428999094,0.00162820310045222,0.261083255216381,0.266682379360845,9195.98591650807,-0.0213983709466065,0.000645289039896565,36935901478.8073,0
main,4004,대형할인점,M1,raw_ridge,amt,193,0.549626500636265,0.00229606270633011,0.546188614589053,0.552650052284734,4238079898.78992,0.236430406353144,0.000311926873521471,1.01703505458944e+22,0
main,4004,대형할인점,M1,raw_ridge,cnt,193,0.504682514254053,0.00281346102661854,0.501516242538136,0.511382059160188,111889.873261585,0.29934298901506,0.000105784303946758,7486505381172.4,0
main,4004,대형할인점,M1,raw_ridge,ticket,193,0.26327383004177,0.00217762656623734,0.260805931402631,0.26713851591337,9189.78668078348,-0.0149878661286413,3.56033210255477e-06,36704084216.1987,0
main,4004,대형할인점,M2,log_ridge_smear,amt,193,0.607900694153513,0.0120009185154016,0.580069113603122,0.62388979480599,4687422657.69572,0.0475097934070523,0.165908496806056,1.26866750237069e+22,0
main,4004,대형할인점,M2,log_ridge_smear,cnt,193,0.490886703731752,0.00920426288877961,0.475172771166422,0.502751938072734,108831.293962157,0.251040799938569,0.0881107394705395,8002613252461.98,0
main,4004,대형할인점,M2,log_ridge_smear,ticket,193,0.249894389661211,0.00231295869022259,0.245677070978328,0.252948269449098,8722.766457064,0.0132810976748335,0.00320800735442337,35681819356.9103,0
main,4004,대형할인점,M2,raw_ridge,amt,193,0.534478016741708,0.00852206166982838,0.525371664220483,0.551557890102889,4121272421.31868,0.255706582547066,-0.00146062174744754,9.91360188708477e+21,5.7
main,4004,대형할인점,M2,raw_ridge,cnt,193,0.474775927284676,0.00746367108434834,0.467080280263632,0.490096073094352,105259.478644811,0.339711851437386,-0.00381822864314773,7055164937819.52,7.6
main,4004,대형할인점,M2,raw_ridge,ticket,193,0.256154213753814,0.0023135015595403,0.252224863827655,0.259192314347699,8941.27069677946,0.0134516493205917,0.00233402692630052,35675651852.6691,0
main,4004,대형할인점,M3,log_ridge_smear,amt,193,0.629875474448016,0.0168708276511171,0.606386627894585,0.652694911030485,4856866588.32615,-0.0743894614138109,0.17199562383063,1.43103098084426e+22,0
main,4004,대형할인점,M3,log_ridge_smear,cnt,193,0.507254416066151,0.0112458699944925,0.492101400928711,0.528449574961569,112460.072861669,0.183445806457673,0.0966615814572731,8724864331807.74,0
main,4004,대형할인점,M3,log_ridge_smear,ticket,193,0.244104184309007,0.00397320485802214,0.238142154718024,0.252719812952923,8520.65464057145,0.0655271395107807,0.00300814196649654,33792493204.8412,0
main,4004,대형할인점,M3,raw_ridge,amt,193,0.522863788882195,0.00897864066278288,0.51289666334363,0.539867199033244,4031717013.10167,0.259144123950454,0.00123851394296773,9.86781562034581e+21,6.3
main,4004,대형할인점,M3,raw_ridge,cnt,193,0.463771543931332,0.0089512495723137,0.45285346488816,0.480945432983419,102819.768482577,0.346471411007512,-0.0016108121495503,6982939186413.75,8.1
main,4004,대형할인점,M3,raw_ridge,ticket,193,0.250226565695705,0.00242881069029174,0.246669366054205,0.254143309356889,8734.36133110439,0.0473272427530647,0.00288306692289721,34450639539.0129,0
main,4004,대형할인점,M4,log_ridge_smear,amt,193,0.664804767230485,0.0180547051349522,0.644980577153133,0.695918180881497,5126200642.35914,-0.270873880822108,0.187202020051344,1.69273802612415e+22,0
main,4004,대형할인점,M4,log_ridge_smear,cnt,193,0.525565675500742,0.0137971749145585,0.509233681802538,0.546703240875854,116519.742930533,0.145160703244991,0.087408311320224,9133939851964.97,0
main,4004,대형할인점,M4,log_ridge_smear,ticket,193,0.246971112237271,0.0037107761379628,0.240038538541185,0.252691819679903,8620.72708638102,0.0474147350174051,0.0026420987759462,34447475635.7331,0
main,4004,대형할인점,M4,raw_ridge,amt,193,0.536191247310161,0.00544851399553972,0.528999270995507,0.54546655085849,4134482861.54626,0.246283321552724,0.000644423624423202,1.00391148310198e+22,6.8
main,4004,대형할인점,M4,raw_ridge,cnt,193,0.476922262821099,0.00698587991362708,0.467274434355816,0.488673514516627,105735.328717608,0.331904957555651,-0.00128483984140971,7138581434250.05,11.7
main,4004,대형할인점,M4,raw_ridge,ticket,193,0.252199723631958,0.00321635030045301,0.247035695209521,0.257100684640464,8803.23601006045,0.0336260132703614,0.00319280474091461,34946104654.982,0
main,4004,대형할인점,M5,log_ridge_smear,amt,193,0.676875956918621,0.0198976636861187,0.649649803103996,0.712928366079104,5219279608.37069,-0.287138173613212,0.190008168842779,1.71440121968803e+22,0
main,4004,대형할인점,M5,log_ridge_smear,cnt,193,0.52818627442585,0.0148854777457061,0.510671622299992,0.554055912350042,117100.73885038,0.137935701345361,0.087614031202317,9211138844842.43,0
main,4004,대형할인점,M5,log_ridge_smear,ticket,193,0.242541756481373,0.00415096091487896,0.236845662808431,0.24891598225228,8466.11682935873,0.0722767588636476,0.0031613607145316,33548412851.3491,0
main,4004,대형할인점,M5,raw_ridge,amt,193,0.534401763163676,0.0061266669376902,0.528012631789608,0.545101925935631,4120684442.47142,0.242453464162718,0.00117483848081686,1.00901265430121e+22,5.4
main,4004,대형할인점,M5,raw_ridge,cnt,193,0.46566993224877,0.0080611961183434,0.456197077124896,0.483785867534691,103240.647792321,0.336349524805988,-0.00158234774909347,7091091326943.68,8.7
main,4004,대형할인점,M5,raw_ridge,ticket,193,0.245094232264503,0.00315863170298666,0.240445671717358,0.250391236984394,8555.21306786867,0.0639757715566136,0.00380086974812936,33848593914.9485,0
main,4004,대형할인점,M6,log_ridge_smear,amt,193,0.656311334931684,0.0185440656372948,0.625768949312165,0.684905672547088,5060709177.41775,-0.199814486322928,0.183662899838326,1.59809060201917e+22,0
main,4004,대형할인점,M6,log_ridge_smear,cnt,193,0.506942873308425,0.0131739377825966,0.479278588337841,0.524019475544667,112391.002745917,0.171121521868552,0.0732663011419961,8856549052646.89,0
main,4004,대형할인점,M6,log_ridge_smear,ticket,193,0.239459399162864,0.00383493900171378,0.232373424987106,0.245811785831037,8358.52464586461,0.116239354298923,0.00381414663646016,31958633447.0162,0
main,4004,대형할인점,M7,log_ridge_smear,amt,193,0.665815994007873,0.0212520038665599,0.627929241180838,0.693053495453482,5133998046.36605,-0.248862454585357,0.185828727889139,1.66341994919895e+22,0
main,4004,대형할인점,M7,log_ridge_smear,cnt,193,0.517337488484772,0.0149087250911812,0.487019921552607,0.535282526166405,114695.525177021,0.14323234828976,0.0764759551795747,9154544283980.65,0
main,4004,대형할인점,M7,log_ridge_smear,ticket,193,0.239249228157911,0.00500068785947902,0.229486893064862,0.249377039741024,8351.18845638579,0.118483426929618,0.0045249046789427,31877483086.9253,0
main,4004,대형할인점,M8,log_ridge_smear,amt,193,0.670754033502168,0.0243879157279556,0.637912998084227,0.711451661530293,5172074459.88682,-0.291542905453418,0.171654645533598,1.72026809380772e+22,0
main,4004,대형할인점,M8,log_ridge_smear,cnt,193,0.518941148520628,0.0152382215038815,0.494790135542968,0.548653581484632,115051.062199007,0.127038985756908,0.0670415423151085,9327570021025.73,0
main,4004,대형할인점,M8,log_ridge_smear,ticket,193,0.239124631976426,0.00733497767020393,0.230464618728879,0.250817452420724,8346.83932556292,0.108844141185809,0.00503891195921301,32226059821.2209,0
main,4004,대형할인점,M9,log_ridge_smear,amt,193,0.712536388838872,0.0559537249278514,0.637138591898945,0.822100441921775,5494251356.50952,-1.46096269870145,0.205684108405671,3.27787454272827e+22,0
main,4004,대형할인점,M9,log_ridge_smear,cnt,193,0.498385834589422,0.0312656642155551,0.453826288639889,0.553880439388254,110493.877423121,0.0678682627766911,0.0755327994992301,9959807947791.84,0
main,4004,대형할인점,M9,log_ridge_smear,ticket,193,0.259537125199281,0.00617969494582192,0.249510703112094,0.268542834648857,9059.35396597064,-0.000605018634308918,0.0133769136693394,36183970367.2378,0
main,4004,대형할인점,M9,raw_ridge,amt,193,0.579058658270734,0.00855437242716489,0.562743675135151,0.594844904745615,4465026444.3154,0.211576862318911,-0.000584401684489612,1.05013868485956e+22,16.8
main,4004,대형할인점,M9,raw_ridge,cnt,193,0.502191992101544,0.00908339645400178,0.485709241642343,0.516108499020215,111337.715815807,0.31129148585942,-0.00548110256677086,7358835944458.32,22.2
main,4004,대형할인점,M9,raw_ridge,ticket,193,0.246784009697616,0.0058435305489084,0.239216403515195,0.2558050925527,8614.19612040316,0.100811383944906,0.00593657145461427,32516541124.5915,0
main,4004,대형할인점,M9_alpha10,log_ridge_smear,amt,193,0.582028807864669,0.0248489129241024,0.536542599719911,0.61215126510231,4487928781.22216,-0.0477495775316065,0.0689912720755223,1.39554803864249e+22,0
main,4004,대형할인점,M9_alpha10,log_ridge_smear,cnt,193,0.429433711420257,0.0178559143194268,0.395826985693292,0.45120522936713,95206.9512772481,0.318944557396059,5.14343185027324e-05,7277063036540.07,0
main,4004,대형할인점,M9_alpha10,log_ridge_smear,ticket,193,0.236889084968232,0.00490569003576434,0.229200614792709,0.244752901038412,8268.80574312555,0.14061908969789,0.00273329609911248,31077011221.6537,0
main,4004,대형할인점,M9_broad_supply,log_ridge_smear,amt,193,0.733756853447337,0.0594602500671376,0.657743561251705,0.856959982997324,5657878882.46761,-1.25542595483114,0.209196579390865,3.00411027125708e+22,0
main,4004,대형할인점,M9_broad_supply,log_ridge_smear,cnt,193,0.515064919952505,0.0292849299482037,0.471371276680533,0.562587172922605,114191.688808865,0.0731641957164379,0.0826887407038429,9903221016054.71,0
main,4004,대형할인점,M9_broad_supply,log_ridge_smear,ticket,193,0.270243342721432,0.00837204726678205,0.258381680942635,0.282193344043652,9433.06317653301,-0.0733298327127396,0.0158667332524438,38813851757.5675,0
main,4004,대형할인점,M9_current_stores,log_ridge_smear,amt,193,0.706055809160961,0.0552735796392116,0.63331102479948,0.806333342367404,5444280668.35372,-1.24365195421533,0.199494094584007,2.988427913737e+22,0
main,4004,대형할인점,M9_current_stores,log_ridge_smear,cnt,193,0.498687720119703,0.0314974653186773,0.456602616019325,0.559389201751667,110560.806497873,0.081462171623552,0.0754347094449521,9814557318542.97,0
main,4004,대형할인점,M9_current_stores,log_ridge_smear,ticket,193,0.258108027819617,0.00561480568767759,0.249399462136497,0.26526982974436,9009.47016224015,0.0166428107745967,0.0126747796328887,35560252779.7698,0
main,4004,대형할인점,M9_mall_area,log_ridge_smear,amt,193,0.72254086173755,0.0515571129590053,0.649184862103272,0.823154376917284,5571394207.95645,-1.43679188448693,0.211449917467364,3.24568027313101e+22,0
main,4004,대형할인점,M9_mall_area,log_ridge_smear,cnt,193,0.505507607620163,0.0301903221793638,0.460026814120297,0.561421849550932,112072.799337991,0.0536496859151428,0.0798603331075333,10111733141599.5,0
main,4004,대형할인점,M9_mall_area,log_ridge_smear,ticket,193,0.263919481601551,0.00620313097039449,0.253065647404264,0.271218989924464,9212.32367241522,-0.0273166531313095,0.0143898048344994,37149918941.4506,0
main,4004,대형할인점,M9_taxable_pay,log_ridge_smear,amt,193,0.712892103325257,0.0560589140292214,0.637500533304846,0.823208782951163,5496994212.63584,-1.47089337763054,0.206022663231954,3.29110169146598e+22,0
main,4004,대형할인점,M9_taxable_pay,log_ridge_smear,cnt,193,0.498454688130059,0.0311396403047482,0.454196015967495,0.55378546509754,110509.142493176,0.0670663721780847,0.0756193077491728,9968376131921.1,0
main,4004,대형할인점,M9_taxable_pay,log_ridge_smear,ticket,193,0.259469482479058,0.00616726625339534,0.249368162871324,0.268524744705505,9056.9928419301,-0.000814169174331469,0.0133738946606657,36191533688.2302,0
main,4004,대형할인점,M9_workplace,log_ridge_smear,amt,193,0.71041268919919,0.0548877864846473,0.626846142576607,0.801696513302816,5477875856.52256,-1.2474936995899,0.200712546151679,2.99354491911445e+22,0
main,4004,대형할인점,M9_workplace,log_ridge_smear,cnt,193,0.502248455822892,0.0334487252199804,0.453756093930981,0.572195255516018,111350.234019722,0.080788273165219,0.0752638604527646,9821757909353.57,0
main,4004,대형할인점,M9_workplace,log_ridge_smear,ticket,193,0.261723841772483,0.00619742519271173,0.251338223674874,0.270213089358043,9135.6830824494,-0.0177558009175275,0.0129536163507377,36804178527.6546,0
main,4004,대형할인점,without_M1,log_ridge_smear,amt,193,0.74448381800416,0.0465964695632633,0.699388091917584,0.863205271175685,5740592748.72165,-0.632776182142473,0.173234463936717,2.17477310169793e+22,0
main,4004,대형할인점,without_M1,log_ridge_smear,cnt,193,0.582428458577411,0.0337555072946883,0.544648236064882,0.665914042053159,129126.420221807,-0.034834565118792,0.085312018045621,11057185497215.5,0
main,4004,대형할인점,without_M1,log_ridge_smear,ticket,193,0.258378365395612,0.00577524539493145,0.250236409695132,0.268078023235835,9018.90651470559,0.0356744625778221,0.0124183022245948,34872028443.4304,0
main,4004,대형할인점,without_M2,log_ridge_smear,amt,193,0.704391051447361,0.0438745428147536,0.638488388460949,0.778574275939325,5431443994.36839,-1.69086272423001,0.203357535874794,3.58408944043894e+22,0
main,4004,대형할인점,without_M2,log_ridge_smear,cnt,193,0.492518463890331,0.0202540869335578,0.470597805832251,0.538190777624005,109193.060879337,0.0579417073977401,0.0734966582812873,10065872982603.3,0
main,4004,대형할인점,without_M2,log_ridge_smear,ticket,193,0.252020353944236,0.0086907673775309,0.234831279456113,0.267063071531737,8796.97496555442,0.0295438218392593,0.0109026585394585,35093725235.5563,0
main,4004,대형할인점,without_M3,log_ridge_smear,amt,193,0.702812121829199,0.0581573450704038,0.615917553219098,0.808912774523377,5419269126.76541,-1.44863277911165,0.200342182554609,3.26145172999786e+22,0
main,4004,대형할인점,without_M3,log_ridge_smear,cnt,193,0.492757044716592,0.0315741827136793,0.446004394932438,0.54866277517372,109245.955080462,0.0841790989821388,0.073255905247768,9785527007033.32,0
main,4004,대형할인점,without_M3,log_ridge_smear,ticket,193,0.256198769663977,0.00558781445477932,0.248173761654558,0.265245758512339,8942.82595698021,0.0173035154938267,0.0117388171253142,35536360315.174,0
main,4004,대형할인점,without_M4,log_ridge_smear,amt,193,0.622531025465017,0.0311994911110129,0.568701214736293,0.679914464541167,4800234745.49015,-0.119993917302221,0.125223314082805,1.49177374832727e+22,0
main,4004,대형할인점,without_M4,log_ridge_smear,cnt,193,0.454788723382357,0.0251694511303534,0.418043570332231,0.496875675713746,100828.245843355,0.258006875642694,0.0473310629111387,7928180880521.14,0
main,4004,대형할인점,without_M4,log_ridge_smear,ticket,193,0.249375985138959,0.00549868730219275,0.244058356721076,0.260739090232441,8704.67112653648,0.0880739174426507,0.00786499788113029,32977154555.3539,0
main,4004,대형할인점,without_M5,log_ridge_smear,amt,193,0.695701369351785,0.049136581161416,0.633378657153863,0.806794932968353,5364439279.39649,-0.915435977257198,0.181346796704347,2.55126127323675e+22,0
main,4004,대형할인점,without_M5,log_ridge_smear,cnt,193,0.494174967871857,0.0262806704529655,0.456658828276336,0.536570255316496,109560.313588348,0.143036836332225,0.0688345691777841,9156633325122.35,0
main,4004,대형할인점,without_M5,log_ridge_smear,ticket,193,0.256449670862632,0.00569894763682098,0.2488780535568,0.268009425124848,8951.58386692221,0.0187799943966975,0.0111929904762022,35482967749.8016,0
main,4004,대형할인점,without_M6,log_ridge_smear,amt,193,0.729785091526985,0.0597162711819352,0.655527819617106,0.850008806007934,5627253277.01021,-1.50796729959724,0.205335921330491,3.34048223066628e+22,0
main,4004,대형할인점,without_M6,log_ridge_smear,cnt,193,0.503447316221273,0.0285944570091895,0.466120686153863,0.556132974452262,111616.025550525,0.0774058068581798,0.0753748750702765,9857899490487.09,0
main,4004,대형할인점,without_M6,log_ridge_smear,ticket,193,0.26736495437851,0.0079248594571578,0.255232699998123,0.279959180197479,9332.59069564983,-0.0483384423262546,0.0135766903703549,37910110808.5016,0
main,4004,대형할인점,without_M7,log_ridge_smear,amt,193,0.711175968898198,0.0563638109679453,0.618668454063848,0.824589378924714,5483761381.23029,-1.55247533791644,0.20631400142115,3.39976462687257e+22,0
main,4004,대형할인점,without_M7,log_ridge_smear,cnt,193,0.497893020598404,0.0329880134420338,0.443448032242838,0.548148120932507,110384.618842847,0.064862954209777,0.0752763409396227,9991919606428.72,0
main,4004,대형할인점,without_M7,log_ridge_smear,ticket,193,0.261163010862818,0.0068211890555718,0.247110713413751,0.269847861675745,9116.10682444079,-0.00715756366820329,0.0131531367154285,36420924101.1498,0
main,4004,대형할인점,without_M8,log_ridge_smear,amt,193,0.667238590153894,0.0360601983443985,0.61450376665038,0.733608084318578,5144967452.17812,-0.221209290739159,0.173425409303651,1.62658737069413e+22,0
main,4004,대형할인점,without_M8,log_ridge_smear,cnt,193,0.480201027576726,0.0252785866361148,0.443085508431046,0.526648812435851,106462.242297136,0.250333739600853,0.0621357617918045,8010168177254.18,0
main,4004,대형할인점,without_M8,log_ridge_smear,ticket,193,0.256807865497292,0.00901145057877312,0.242039948209802,0.269687753215285,8964.08694131513,0.0110209075324144,0.0105098324796905,35763552559.937,0
main,4004,대형할인점,without_M9,log_ridge_smear,amt,193,0.670754033502168,0.0243879157279556,0.637912998084227,0.711451661530293,5172074459.88682,-0.291542905453418,0.171654645533598,1.72026809380772e+22,0
main,4004,대형할인점,without_M9,log_ridge_smear,cnt,193,0.518941148520628,0.0152382215038815,0.494790135542968,0.548653581484632,115051.062199007,0.127038985756908,0.0670415423151085,9327570021025.73,0
main,4004,대형할인점,without_M9,log_ridge_smear,ticket,193,0.239124631976426,0.00733497767020393,0.230464618728879,0.250817452420724,8346.83932556292,0.108844141185809,0.00503891195921301,32226059821.2209,0
main,4010,편의점,M1,log_ridge_smear,amt,251,0.24593085104235,0.00135023742786482,0.243628236543536,0.247868920269193,2009981969.74264,0.795189770947163,0.0546332406774399,2.37095447796515e+21,0
main,4010,편의점,M1,log_ridge_smear,cnt,251,0.269126662535066,0.00160322160873645,0.265714010596275,0.271032761804323,273069.085075711,0.750749915753775,0.070721424044336,49317904615320.8,0
main,4010,편의점,M1,log_ridge_smear,ticket,251,0.0752438687102227,0.000549468615478418,0.0745487820429467,0.0762386668055418,663.27243466709,0.542812331895749,-0.000103273536719991,184452358.092841,0
main,4010,편의점,M1,raw_ridge,amt,251,0.238793681349046,0.000853299380122165,0.237499480758957,0.239891575485662,1951650197.46709,0.829740602490944,8.43928713468651e-05,1.97098202959191e+21,0
main,4010,편의점,M1,raw_ridge,cnt,251,0.249305642134949,0.00175635512093679,0.247368358722899,0.251880708622915,252957.70757434,0.814151545931677,0.00023514824662311,36772931725840.3,0
main,4010,편의점,M1,raw_ridge,ticket,251,0.0860547693890893,0.000724981494784786,0.0855598492586675,0.0879567665406761,758.570198287286,0.391546483435954,-0.000216529578402944,245480562.468995,0
main,4010,편의점,M2,log_ridge_smear,amt,251,0.215896309684921,0.00360617016754783,0.208852340063088,0.220668356811517,1764510991.44913,0.824530961919361,0.0299674444127232,2.03129064161244e+21,0
main,4010,편의점,M2,log_ridge_smear,cnt,251,0.238717090679372,0.0041571272348344,0.231355128233479,0.244118637739801,242214.044976901,0.779158575877735,0.0410948180469307,43696820897417.4,0
main,4010,편의점,M2,log_ridge_smear,ticket,251,0.0496788254174579,0.000468026308530651,0.0491273970860227,0.0505769033658261,437.917348627263,0.767155778300983,-0.000332530967820758,93940997.8811641,0
main,4010,편의점,M2,raw_ridge,amt,251,0.205690675194422,0.00271286914641656,0.202133031772339,0.209778717287838,1681100792.08315,0.863207079931481,-0.000181689968470054,1.58356244163329e+21,5.7
main,4010,편의점,M2,raw_ridge,cnt,251,0.210822898351368,0.00296749004558111,0.207114574715326,0.216535018287936,213911.232070203,0.861542220048187,-0.000429765995734654,27395969014666.3,9.5
main,4010,편의점,M2,raw_ridge,ticket,251,0.0508139969142233,0.000410842792799314,0.0503548924891737,0.0517815273076488,447.923851154717,0.759816125512629,-0.000221030732782065,96902180.6926083,0
main,4010,편의점,M3,log_ridge_smear,amt,251,0.172003772433829,0.0033170900409382,0.167630188610897,0.177312955568425,1405779225.56036,0.89224926176491,0.0238487968588832,1.24736003911518e+21,0
main,4010,편의점,M3,log_ridge_smear,cnt,251,0.190919516978698,0.00383208902516947,0.185816086682521,0.197100352399685,193716.287094657,0.865396237487937,0.0337251655248449,26633393286541.1,0
main,4010,편의점,M3,log_ridge_smear,ticket,251,0.0464627549808443,0.000534325339661457,0.0455241591623057,0.0471629655872511,409.567784667858,0.795074817710156,-0.000207957736341145,82677061.8348083,0
main,4010,편의점,M3,raw_ridge,amt,251,0.164838320385165,0.00171544556749146,0.161435458864932,0.167232159583499,1347216302.84518,0.908511473854332,0.000566745931693377,1.05910301331455e+21,2.8
main,4010,편의점,M3,raw_ridge,cnt,251,0.163992142139123,0.00221606820736688,0.159329682034629,0.16726367127422,166394.454535703,0.914637530798373,-0.000303439218713497,16890257536103,6
main,4010,편의점,M3,raw_ridge,ticket,251,0.0506031962657851,0.000437355976081729,0.0502497594297443,0.0515648857540722,446.065649792724,0.761946484463183,-0.000381615112753066,96042687.4047793,0
main,4010,편의점,M4,log_ridge_smear,amt,251,0.147485256536207,0.00285819481650138,0.141941920489158,0.153110346951315,1205390479.41406,0.91634762044342,0.0190467212367115,9.68389053707602e+20,0
main,4010,편의점,M4,log_ridge_smear,cnt,251,0.172172392261468,0.00303958086146373,0.165472228501757,0.177505057955511,174694.536718411,0.883574921086622,0.0287937722629494,23036465379923.4,0
main,4010,편의점,M4,log_ridge_smear,ticket,251,0.0467198743125871,0.000882796286474355,0.0454999932425162,0.0486424071066589,411.834283827036,0.795682955217056,6.77691526446132e-05,82431708.7664337,0
main,4010,편의점,M4,raw_ridge,amt,251,0.16205962726692,0.00261175244918752,0.157469461246405,0.167591062371114,1324506166.87221,0.914464100131914,0.00106855697186001,9.90193340229594e+20,8.6
main,4010,편의점,M4,raw_ridge,cnt,251,0.164913589255889,0.00291748138148468,0.159511628652518,0.170539187886369,167329.399883557,0.91713398222109,0.000130652657804699,16396296807806,10.1
main,4010,편의점,M4,raw_ridge,ticket,251,0.048732883164824,0.000698382534697936,0.0473399771212964,0.0497729829658238,429.578896183048,0.783299157561486,-3.39693735456207e-05,87427951.7516963,0
main,4010,편의점,M5,log_ridge_smear,amt,251,0.138918083742757,0.00350770225433667,0.132346877342469,0.145954350808513,1135371355.0402,0.920953405623849,0.0152266208403539,9.15070881814604e+20,0
main,4010,편의점,M5,log_ridge_smear,cnt,251,0.15645479148574,0.0035515033897677,0.148940867116928,0.162404924605992,158746.689622979,0.898389232477107,0.0224587050486985,20105229475602.3,0
main,4010,편의점,M5,log_ridge_smear,ticket,251,0.0452099655787284,0.000551532718974523,0.0443568820455799,0.0461368061388563,398.524483849998,0.804811808543573,0.000331412447873628,78748673.0237113,0
main,4010,편의점,M5,raw_ridge,amt,251,0.159790212986196,0.00243924630402786,0.156360114456666,0.16453559424582,1305958344.3164,0.913464438240976,0.00135000258841504,1.00176577412477e+21,7.9
main,4010,편의점,M5,raw_ridge,cnt,251,0.15533847631029,0.00271752855703452,0.149372566426551,0.160151135204074,157614.02160434,0.920983793830698,0.000557637189113055,15634553266880.9,10.1
main,4010,편의점,M5,raw_ridge,ticket,251,0.0484496556370242,0.000672978240884164,0.0470030882308115,0.0492614770613265,427.082254062585,0.785759990167406,-3.77813149554674e-06,86435128.8723831,0
main,4010,편의점,M6,log_ridge_smear,amt,251,0.137176439118818,0.00358068284931341,0.131303065489312,0.141994586393273,1121136970.54968,0.92404292491085,0.00831623995594577,8.79305531508859e+20,0
main,4010,편의점,M6,log_ridge_smear,cnt,251,0.155258772550096,0.00336790467163675,0.148329140737371,0.159404495790712,157533.150267892,0.901102918620806,0.015654867977103,19568285567255.9,0
main,4010,편의점,M6,log_ridge_smear,ticket,251,0.0455563338315108,0.000471033190287393,0.0445884374476916,0.0462590253605834,401.577709557984,0.79981527593449,4.16513896175902e-05,80764524.0326739,0
main,4010,편의점,M7,log_ridge_smear,amt,251,0.136705344942632,0.00297003588633908,0.13099136146201,0.140373558716393,1117286738.68095,0.927568395593957,0.00792304460702165,8.38493456146688e+20,0
main,4010,편의점,M7,log_ridge_smear,cnt,251,0.154624020860428,0.00351279014044942,0.146147555578284,0.158296462350328,156889.100133597,0.90734630045266,0.0136897471598675,18332937901911.8,0
main,4010,편의점,M7,log_ridge_smear,ticket,251,0.0460869205743088,0.000492381917292034,0.0454477855762336,0.0469210601421321,406.254815702712,0.804393338747779,-9.87513651318648e-05,78917504.6567799,0
main,4010,편의점,M8,log_ridge_smear,amt,251,0.130819273838005,0.00431018863053199,0.126432859842263,0.141544728395736,1069180139.84319,0.933482652009706,0.00742335555049584,7.70027965933612e+20,0
main,4010,편의점,M8,log_ridge_smear,cnt,251,0.139519684630153,0.00394393842765103,0.135033929980049,0.148779383957113,141563.501264181,0.92680094419898,0.00939966423914782,14483541952828.6,0
main,4010,편의점,M8,log_ridge_smear,ticket,251,0.0439548047591848,0.000981739742513376,0.0421247948475443,0.0458928719146812,387.460279058993,0.827656508431464,-0.000282141236636116,69531979.1839208,0
main,4010,편의점,M9,log_ridge_smear,amt,251,0.0997595844192445,0.00585126887967468,0.0929296567215025,0.113015099548535,815330671.779652,0.963721819426951,0.0022455888855921,4.19968841790164e+20,0
main,4010,편의점,M9,log_ridge_smear,cnt,251,0.100784952189012,0.00533109268298124,0.0961397707710913,0.114787190960017,102261.345733691,0.96543860675054,0.00306368666280781,6838495163619.06,0
main,4010,편의점,M9,log_ridge_smear,ticket,251,0.04113357752837,0.00102503283620771,0.0392464580993607,0.0425259381858211,362.591246057272,0.851884164710346,-5.43537640833244e-05,59757331.6081608,0
main,4010,편의점,M9,raw_ridge,amt,251,0.150903965646111,0.0055668754997226,0.141448636354933,0.162524484227432,1233331437.78336,0.924820563854445,0.00646408200578055,8.70303312507959e+20,9.2
main,4010,편의점,M9,raw_ridge,cnt,251,0.148351245443602,0.00637381666780781,0.140006520981403,0.162328697196361,150524.435154574,0.933123401043262,0.00620134267558392,13232548098508.6,14.4
main,4010,편의점,M9,raw_ridge,ticket,251,0.0437643663073966,0.0009816637379771,0.0418356778997001,0.0451446810829659,385.781569846708,0.831770929127547,-0.000178633711105296,67872016.2135164,0
main,4010,편의점,M9_alpha10,log_ridge_smear,amt,251,0.132370215457462,0.00581934852488053,0.12286065502752,0.144556535954535,1081855917.11156,0.932182073270315,-0.021690969838433,7.8508391797452e+20,0
main,4010,편의점,M9_alpha10,log_ridge_smear,cnt,251,0.13376634960739,0.00527291441052241,0.126207279408038,0.14525619729852,135725.885934651,0.935461907237998,-0.0205098181489289,12769839225999.5,0
main,4010,편의점,M9_alpha10,log_ridge_smear,ticket,251,0.0398485732381419,0.000831868289060486,0.0385220853646868,0.0408778094305551,351.26397197173,0.861776188436506,-0.000436079611824296,55766394.778726,0
main,4010,편의점,M9_broad_supply,log_ridge_smear,amt,251,0.100624480144736,0.0048536291955328,0.0959601194671964,0.112442407519011,822399426.295715,0.963050552254045,0.00091366533532036,4.2773966416009e+20,0
main,4010,편의점,M9_broad_supply,log_ridge_smear,cnt,251,0.100299919276233,0.00488257698744197,0.0955209112272701,0.113096160836534,101769.207598894,0.964602633282575,0.00156334140819274,7003905176934.46,0
main,4010,편의점,M9_broad_supply,log_ridge_smear,ticket,251,0.0411829143979802,0.00103970598791483,0.0393060637987893,0.0424156966407665,363.026149075766,0.851574851794744,-2.85765742842862e-05,59882123.8994926,0
main,4010,편의점,M9_taxable_pay,log_ridge_smear,amt,251,0.0997298881139902,0.00588175482585099,0.0928402575962285,0.113045683138715,815087965.190072,0.963740794707794,0.00225903661219282,4.19749177336428e+20,0
main,4010,편의점,M9_taxable_pay,log_ridge_smear,cnt,251,0.100719704335632,0.00537284892258281,0.0959442482964151,0.114824270694533,102195.142067886,0.965480071788082,0.00309375136506844,6830290677861.13,0
main,4010,편의점,M9_taxable_pay,log_ridge_smear,ticket,251,0.0411407776446095,0.00102309446328458,0.0392569609226027,0.0425454578492701,362.654714864896,0.851770644914679,-5.85796491524749e-05,59803131.1680827,0
main,4010,편의점,M9_workplace,log_ridge_smear,amt,251,0.102038197272713,0.00646988114389086,0.0963060120976823,0.118489395071341,833953673.863712,0.961371210199315,0.00237914019315873,4.47180312135094e+20,0
main,4010,편의점,M9_workplace,log_ridge_smear,cnt,251,0.103550455947172,0.00677400520983718,0.0993764649495639,0.122241437349553,105067.361213171,0.962984409457493,0.00321034166178063,7324095272327.97,0
main,4010,편의점,M9_workplace,log_ridge_smear,ticket,251,0.0413240623007089,0.00104564594293862,0.0394878827635351,0.0425355155138567,364.270363583815,0.850962853164219,-0.000104095180829523,60129034.7381376,0
main,4010,편의점,without_M1,log_ridge_smear,amt,251,0.305974778010086,0.0075257162329349,0.292033371341561,0.315138920725741,2500718329.52091,0.624583676594076,0.0171821169683979,4.34594999086135e+21,0
main,4010,편의점,without_M1,log_ridge_smear,cnt,251,0.309620215053557,0.00768151264644387,0.2961595914306,0.318994763777637,314155.82554777,0.647221456676027,0.0203832868049994,69802578412757.3,0
main,4010,편의점,without_M1,log_ridge_smear,ticket,251,0.0414212169631077,0.000924959129649162,0.0399401419674929,0.0426356050694031,365.126779004408,0.84984236159857,-0.000221881336211513,60581097.0441139,0
main,4010,편의점,without_M2,log_ridge_smear,amt,251,0.101915338689677,0.00655037675323409,0.0926468786858115,0.116833588334848,832949556.097746,0.961011486942538,0.000707292368276946,4.51344593726047e+20,0
main,4010,편의점,without_M2,log_ridge_smear,cnt,251,0.101617954216956,0.00635534577179553,0.095023971829278,0.116878406616783,103106.550365198,0.964173350384973,0.00170471786521574,7088845300669.9,0
main,4010,편의점,without_M2,log_ridge_smear,ticket,251,0.0427134130818724,0.00110842977115309,0.0409458097403967,0.0443308909170959,376.517448841723,0.842775292122018,-1.02902877321162e-05,63432306.1223491,0
main,4010,편의점,without_M3,log_ridge_smear,amt,251,0.0990897234029073,0.00641576042918928,0.0919423415659122,0.113670434882162,809855927.316464,0.965266021845295,0.00135523663429956,4.02092617269604e+20,0
main,4010,편의점,without_M3,log_ridge_smear,cnt,251,0.0999485829237197,0.00544478331167279,0.0952772876954045,0.114094146784622,101412.724538349,0.966534341575304,0.00210402753853336,6621687431197.14,0
main,4010,편의점,without_M3,log_ridge_smear,ticket,251,0.0419200646023842,0.00098195897625067,0.0406177520846988,0.0435747054080965,369.52410590828,0.847793037548752,-0.000165578834616125,61407896.8024117,0
main,4010,편의점,without_M4,log_ridge_smear,amt,251,0.0977205284305492,0.00675803215751426,0.0921145379541803,0.114626429888408,798665557.357438,0.963772150014786,0.0019337888620423,4.19386197392195e+20,0
main,4010,편의점,without_M4,log_ridge_smear,cnt,251,0.0982721728548323,0.0062829880215952,0.0936417522982388,0.114845244237988,99711.7568251889,0.967204243168054,0.00277029550135488,6489137253921.24,0
main,4010,편의점,without_M4,log_ridge_smear,ticket,251,0.0423583396381481,0.00091276865461714,0.0408140227416702,0.0433729877544776,373.387487137978,0.841014929207294,-0.00028777753395456,64142524.514867,0
main,4010,편의점,without_M5,log_ridge_smear,amt,251,0.0983361765089751,0.00602857969635257,0.089599200429572,0.111514409472161,803697221.876542,0.96467183484389,0.00234488557939008,4.0897113275315e+20,0
main,4010,편의점,without_M5,log_ridge_smear,cnt,251,0.101947836140604,0.00553640193438898,0.0953940968273155,0.11569743440939,103441.264712061,0.964593983338086,0.00426756137897053,7005616699474.29,0
main,4010,편의점,without_M5,log_ridge_smear,ticket,251,0.043237725908641,0.000950431387522952,0.0420670302389904,0.04473984775295,381.139250605762,0.832262366030293,-0.000268032766304254,67673746.0022022,0
main,4010,편의점,without_M6,log_ridge_smear,amt,251,0.117148935400649,0.00459528661094854,0.112546985314593,0.126280975572142,957453068.339534,0.948549744187304,0.0115652414319341,5.95606064090153e+20,0
main,4010,편의점,without_M6,log_ridge_smear,cnt,251,0.120971878517263,0.0040389725686037,0.114937683510496,0.129357512925624,122743.989300187,0.946321112529467,0.013193034481858,10621180972252.2,0
main,4010,편의점,without_M6,log_ridge_smear,ticket,251,0.0406963387837906,0.00112286837299764,0.0388011534961345,0.0422410536526336,358.736999703129,0.855771753679188,0.000125970675658845,58188883.8948355,0
main,4010,편의점,without_M7,log_ridge_smear,amt,251,0.0989709248346788,0.00592644272631807,0.0915692326257716,0.112494667803082,808884991.871974,0.964342368064006,0.00267163874993482,4.12785154839444e+20,0
main,4010,편의점,without_M7,log_ridge_smear,cnt,251,0.0995370165326338,0.00548554669984047,0.0945653116927564,0.114133840405441,100995.129132517,0.966584640731442,0.00366655320578936,6611734981262.63,0
main,4010,편의점,without_M7,log_ridge_smear,ticket,251,0.0410473144177232,0.00089211542419158,0.0391888639901325,0.0422508271347012,361.830839337078,0.848809858412188,8.5659664458252e-05,60997660.439746,0
main,4010,편의점,without_M8,log_ridge_smear,amt,251,0.0946625540387487,0.0023615790893499,0.0900061140393502,0.0975424985440832,773672867.886383,0.96886883395087,0.00182437887855348,3.60385210688967e+20,0
main,4010,편의점,without_M8,log_ridge_smear,cnt,251,0.102674968838134,0.00250722285112947,0.0966891196458805,0.105049054008961,104179.049138816,0.964819968278086,0.00427656369347118,6960902156050.47,0
main,4010,편의점,without_M8,log_ridge_smear,ticket,251,0.0423841101921241,0.000914858313240465,0.04042359295989,0.0434663011406222,373.614653794496,0.846950268466309,0.000132570541168901,61747911.9765501,0
main,4010,편의점,without_M9,log_ridge_smear,amt,251,0.130819273838005,0.00431018863053199,0.126432859842263,0.141544728395736,1069180139.84319,0.933482652009706,0.00742335555049584,7.70027965933612e+20,0
main,4010,편의점,without_M9,log_ridge_smear,cnt,251,0.139519684630153,0.00394393842765103,0.135033929980049,0.148779383957113,141563.501264181,0.92680094419898,0.00939966423914782,14483541952828.6,0
main,4010,편의점,without_M9,log_ridge_smear,ticket,251,0.0439548047591848,0.000981739742513376,0.0421247948475443,0.0458928719146812,387.460279058993,0.827656508431464,-0.000282141236636116,69531979.1839208,0
main,4020,슈퍼마켓,M1,log_ridge_smear,amt,251,0.343680370382391,0.0016133395729921,0.341577545017945,0.346329120421537,3009691445.65015,0.624087185002221,0.0535088977973207,5.68005075209742e+21,0
main,4020,슈퍼마켓,M1,log_ridge_smear,cnt,251,0.381174900104066,0.00218537413004083,0.379331827898666,0.385448854307138,174945.541665111,0.548453072254206,0.0602797731742046,20496255097083.4,0
main,4020,슈퍼마켓,M1,log_ridge_smear,ticket,251,0.18549525234697,0.000666200214362978,0.184605417379144,0.186631780102234,3928.86070691194,0.132950920706156,0.000251610328362986,5919630922.99861,0
main,4020,슈퍼마켓,M1,raw_ridge,amt,251,0.333097828685758,0.00117310762343676,0.330897827115966,0.334699303752861,2917017589.46758,0.657600047818536,-0.000487285263087734,5.17367067126439e+21,0
main,4020,슈퍼마켓,M1,raw_ridge,cnt,251,0.371386341406576,0.00335474447256925,0.368252756415606,0.38004694356984,170452.946001059,0.617974050953853,-0.000176201995214225,17340614727343,0
main,4020,슈퍼마켓,M1,raw_ridge,ticket,251,0.189149701848302,0.000589780717141282,0.187855320596967,0.189930251787248,4006.26335128971,0.0920585493638024,-0.000200637030398386,6198816671.18035,0
main,4020,슈퍼마켓,M2,log_ridge_smear,amt,251,0.298037221054627,0.00301476750822072,0.295289703456601,0.305647475311934,2609983438.08645,0.716682200822886,0.0332225744483901,4.28093806354556e+21,0
main,4020,슈퍼마켓,M2,log_ridge_smear,cnt,251,0.340772422986008,0.00372562196645302,0.337234421768431,0.348875348688678,156402.26076676,0.643809515631912,0.0322900196902865,16167912086586,0
main,4020,슈퍼마켓,M2,log_ridge_smear,ticket,251,0.16193491624182,0.00181129561090842,0.158704054657511,0.164039432094388,3429.84373696805,0.31515541656694,0.00129556145449424,4675660548.35118,0
main,4020,슈퍼마켓,M2,raw_ridge,amt,251,0.325218780361528,0.00369497954183775,0.318283952696701,0.328772075350679,2848018873.26242,0.689986354442714,0.000195223103262414,4.68431287882147e+21,4.5
main,4020,슈퍼마켓,M2,raw_ridge,cnt,251,0.356249678179833,0.00478550843246497,0.35034746117823,0.365860808325892,163505.763102915,0.654492458556752,-0.00146101857592577,15683000530508.8,10.6
main,4020,슈퍼마켓,M2,raw_ridge,ticket,251,0.162476472954089,0.00157373912441856,0.159876867403078,0.164881801584654,3441.3141161852,0.318268182625284,0.00135308267455369,4654408664.62848,0
main,4020,슈퍼마켓,M3,log_ridge_smear,amt,251,0.287338193215814,0.00280250529546815,0.284925385803551,0.292474559958739,2516289484.81404,0.739164376387934,0.0334545471700618,3.94123190527641e+21,0
main,4020,슈퍼마켓,M3,log_ridge_smear,cnt,251,0.335601686404362,0.00528556725385661,0.327860041493389,0.34448811324456,154029.079028306,0.650661841226409,0.0304493510982717,15856876832522.3,0
main,4020,슈퍼마켓,M3,log_ridge_smear,ticket,251,0.160133225267041,0.00212842947841463,0.156146346908666,0.162705149426064,3391.68322996183,0.329581399627279,0.00146041049248203,4577169589.2371,0
main,4020,슈퍼마켓,M3,raw_ridge,amt,251,0.304796850087258,0.00411538299846366,0.29776307891886,0.309681204950189,2669179131.02824,0.727377182290548,0.00162479916232777,4.1193366626212e+21,3.6
main,4020,슈퍼마켓,M3,raw_ridge,cnt,251,0.346136619704708,0.00558452426876554,0.340701570597949,0.356679072915828,158864.233735848,0.671870355671171,0.000754261963533587,14894196996652.2,9.6
main,4020,슈퍼마켓,M3,raw_ridge,ticket,251,0.161852459279658,0.00140768071006565,0.159479795802006,0.164022927080724,3428.09726683176,0.326988121893416,0.00071636437801397,4594874754.29857,0
main,4020,슈퍼마켓,M4,log_ridge_smear,amt,251,0.284246265370194,0.00505665586404863,0.277646989347644,0.29515678457355,2489212730.97682,0.737926761546532,0.0330537835136821,3.95993229225511e+21,0
main,4020,슈퍼마켓,M4,log_ridge_smear,cnt,251,0.331949681508786,0.00684746270293233,0.321630223151938,0.340749778232825,152352.940398911,0.656784392562173,0.0265194071788081,15578966904867.1,0
main,4020,슈퍼마켓,M4,log_ridge_smear,ticket,251,0.164001965970146,0.00307454347966195,0.158803675037299,0.169554056955947,3473.62464431797,0.299744487502758,0.00298185931409657,4780876059.69775,0
main,4020,슈퍼마켓,M4,raw_ridge,amt,251,0.304151631748714,0.00488489752864503,0.294731175691711,0.309386893374584,2663528799.26232,0.734001937014105,0.000298991448359351,4.01923647569296e+21,7.1
main,4020,슈퍼마켓,M4,raw_ridge,cnt,251,0.346031795278536,0.00638530691566895,0.337252348541207,0.354607051283287,158816.123102091,0.674547709838589,-0.00136928278719121,14772668688897.8,11
main,4020,슈퍼마켓,M4,raw_ridge,ticket,251,0.161032030764488,0.00218105354411427,0.157867472996732,0.164463579545714,3410.72027569426,0.330115330938672,0.00225502020201459,4573524263.52584,0
main,4020,슈퍼마켓,M5,log_ridge_smear,amt,251,0.273013658482332,0.0067510672495239,0.263289810389078,0.284391927453526,2390846097.9767,0.759370354192434,0.0285139443264355,3.63591914432147e+21,0
main,4020,슈퍼마켓,M5,log_ridge_smear,cnt,251,0.283001773692018,0.00684553393567257,0.273147052497125,0.294729756532182,129887.614785812,0.754391708949832,0.0164984001792871,11148454076420.9,0
main,4020,슈퍼마켓,M5,log_ridge_smear,ticket,251,0.152854496309409,0.00321142668708225,0.14646620555102,0.156916860714005,3237.51695435057,0.372056063701553,0.00262574393053395,4287181005.08126,0
main,4020,슈퍼마켓,M5,raw_ridge,amt,251,0.302062634656264,0.0052889718503268,0.293074717142836,0.308727877126117,2645234950.61412,0.737043207604288,-0.000973528873966309,3.97328281140194e+21,6.2
main,4020,슈퍼마켓,M5,raw_ridge,cnt,251,0.329142555831498,0.0062988394866753,0.319312983766012,0.337828946729387,151064.570881398,0.70582900906326,-0.00213030614834569,13352773104893.3,10.6
main,4020,슈퍼마켓,M5,raw_ridge,ticket,251,0.158355770905486,0.0022369716563767,0.155425903548557,0.161343268897634,3354.03606373473,0.356333976818123,0.00195817886422033,4394520893.80476,0
main,4020,슈퍼마켓,M6,log_ridge_smear,amt,251,0.265525620948128,0.00637381386734523,0.255647861147459,0.275932524489573,2325271557.05565,0.769516822099595,0.023904984629344,3.48260579514092e+21,0
main,4020,슈퍼마켓,M6,log_ridge_smear,cnt,251,0.277860473503231,0.00749330606108068,0.268618175331902,0.292645135513343,127527.943290798,0.757441385469478,0.0121968050567372,11010025611804.2,0
main,4020,슈퍼마켓,M6,log_ridge_smear,ticket,251,0.153119354113606,0.00340932435208775,0.145970240138157,0.1568396206952,3243.1267443946,0.37277040793709,0.0026237957329975,4282303940.64818,0
main,4020,슈퍼마켓,M7,log_ridge_smear,amt,251,0.261419313214937,0.0070088782919413,0.252853889406802,0.274022237758701,2289311635.21304,0.7761096747288,0.0236620916964217,3.38298764954723e+21,0
main,4020,슈퍼마켓,M7,log_ridge_smear,cnt,251,0.268050198644524,0.00818938894582744,0.259590675412657,0.283227388921378,123025.380691394,0.773400362976606,0.0125032666763134,10285628535939.6,0
main,4020,슈퍼마켓,M7,log_ridge_smear,ticket,251,0.154690208227618,0.00325506604539657,0.149480212484011,0.16041531259978,3276.39803800855,0.372208418622148,0.00230973937281078,4286140827.63252,0
main,4020,슈퍼마켓,M8,log_ridge_smear,amt,251,0.272671594380046,0.00758399270514303,0.264714454651359,0.283587597655367,2387850560.57848,0.777504796880381,0.0297629388936946,3.3619073237105e+21,0
main,4020,슈퍼마켓,M8,log_ridge_smear,cnt,251,0.259577982509364,0.00958913887067283,0.248630956826604,0.277734126268003,119136.938822675,0.793364992407817,0.0242434457679034,9379410128511.47,0
main,4020,슈퍼마켓,M8,log_ridge_smear,ticket,251,0.139478031572824,0.002475321173704,0.135479947624177,0.14447110029791,2954.19829235777,0.460091912478344,0.000123198976561229,3686131139.28132,0
main,4020,슈퍼마켓,M9,log_ridge_smear,amt,251,0.248257390659277,0.00719329975422924,0.238364742443248,0.260800411504876,2174049522.10485,0.817934903325242,0.0407262685338468,2.75100754227882e+21,0
main,4020,슈퍼마켓,M9,log_ridge_smear,cnt,251,0.222188023130934,0.0113398441950961,0.207013424586036,0.240609398664453,101976.294996154,0.85887598774888,0.0297596462022583,6405787699326.93,0
main,4020,슈퍼마켓,M9,log_ridge_smear,ticket,251,0.129984676603817,0.00371738012189092,0.122652199822123,0.1354132112697,2753.12538702683,0.514311050726792,0.000921188292944569,3315959144.34044,0
main,4020,슈퍼마켓,M9,raw_ridge,amt,251,0.277002637872812,0.00654055665204641,0.264007003686257,0.287050020226364,2425778547.37742,0.799597066050748,0.00534760391969043,3.02809265948463e+21,12.7
main,4020,슈퍼마켓,M9,raw_ridge,cnt,251,0.268751734055962,0.00597517893769881,0.259800470062236,0.277826439086222,123347.36016202,0.805894044433085,0.00549336938868317,8810701472433.33,18.2
main,4020,슈퍼마켓,M9,raw_ridge,ticket,251,0.128180186216491,0.00225576384353311,0.124960441897268,0.131480331092176,2714.90558738741,0.524741509270286,0.00141860789924309,3244746953.00128,0
main,4020,슈퍼마켓,M9_alpha10,log_ridge_smear,amt,251,0.244819780019662,0.00808725331276249,0.23355033575613,0.258892336989377,2143945541.11806,0.838374301578463,0.00715397941821173,2.4421677933032e+21,0
main,4020,슈퍼마켓,M9_alpha10,log_ridge_smear,cnt,251,0.221581737481287,0.00980674274795841,0.209463033987228,0.239421582161579,101698.031733404,0.861145962653775,8.38014309387033e-05,6302750823520.96,0
main,4020,슈퍼마켓,M9_alpha10,log_ridge_smear,ticket,251,0.124496635750165,0.00275293397877299,0.11924668584367,0.128400823869418,2636.88657339128,0.549514743027617,-0.000155611327268942,3075611890.04497,0
main,4020,슈퍼마켓,M9_broad_supply,log_ridge_smear,amt,251,0.257455622836895,0.00843253259998827,0.246951287266551,0.269461451688414,2254600647.76058,0.803185924358033,0.0431010266294287,2.97386493296356e+21,0
main,4020,슈퍼마켓,M9_broad_supply,log_ridge_smear,cnt,251,0.229452355342893,0.00936785214990917,0.218980655316755,0.246557442227747,105310.361676067,0.850898029034568,0.0313821617457829,6767916786947.67,0
main,4020,슈퍼마켓,M9_broad_supply,log_ridge_smear,ticket,251,0.126787308189809,0.004115088125706,0.121360751863328,0.132926430344615,2685.40389567664,0.52952408902787,0.000292605998646293,3212094698.70472,0
main,4020,슈퍼마켓,M9_taxable_pay,log_ridge_smear,amt,251,0.248335363295249,0.00718322260839453,0.238401962932371,0.2607104206493,2174732347.18217,0.817652673590145,0.040831029615309,2.7552720396706e+21,0
main,4020,슈퍼마켓,M9_taxable_pay,log_ridge_smear,cnt,251,0.222220702504299,0.0114298974147622,0.20683451380527,0.240882834558814,101991.293650769,0.858718679017829,0.0298650231114111,6412928130769.39,0
main,4020,슈퍼마켓,M9_taxable_pay,log_ridge_smear,ticket,251,0.129994068062491,0.00372660866422931,0.122652737994019,0.135431594133295,2753.3243017295,0.514269760596346,0.00091364291345923,3316241045.72163,0
main,4020,슈퍼마켓,M9_workplace,log_ridge_smear,amt,251,0.249957781760201,0.00766405806038054,0.237540413421511,0.260137270027416,2188940254.86627,0.820541467459356,0.0406308985320952,2.71162230192606e+21,0
main,4020,슈퍼마켓,M9_workplace,log_ridge_smear,cnt,251,0.22507406317245,0.0126397175226835,0.208089862199527,0.245374813649445,103300.883362786,0.858597388377773,0.0295629948790339,6418433657984.2,0
main,4020,슈퍼마켓,M9_workplace,log_ridge_smear,ticket,251,0.130730527291351,0.00322734330705165,0.12591596183816,0.136579125875358,2768.92279112424,0.509390939738197,0.00085040196822969,3349550369.8526,0
main,4020,슈퍼마켓,without_M1,log_ridge_smear,amt,251,0.376385788221832,0.00830668139215674,0.365527558497982,0.386268625819365,3296100635.06141,0.54187639130668,0.0520453896414217,6.92225762010122e+21,0
main,4020,슈퍼마켓,without_M1,log_ridge_smear,cnt,251,0.357707148183167,0.0136346949247472,0.338237124415345,0.376914560743378,164174.689307458,0.582048068451921,0.0469467258153051,18971338040308.4,0
main,4020,슈퍼마켓,without_M1,log_ridge_smear,ticket,251,0.129366739683808,0.00376183423465403,0.12212930305013,0.135341117642508,2740.03724566658,0.518459787328867,0.000802211435732939,3287634346.97024,0
main,4020,슈퍼마켓,without_M2,log_ridge_smear,amt,251,0.243912762901467,0.00450629536747664,0.2390229896619,0.252175283291371,2136002574.63833,0.814542040612361,0.0542247387893868,2.8022737711361e+21,0
main,4020,슈퍼마켓,without_M2,log_ridge_smear,cnt,251,0.21907212606216,0.00849538053484982,0.205525056623904,0.230474234051574,100546.21053802,0.864151922621136,0.0415333957700569,6166306705497.12,0
main,4020,슈퍼마켓,without_M2,log_ridge_smear,ticket,251,0.130689397689135,0.00267366868439561,0.126103623250088,0.134058689339107,2768.05165034844,0.505713117346273,0.000814835829992158,3374660080.1106,0
main,4020,슈퍼마켓,without_M3,log_ridge_smear,amt,251,0.248115677410412,0.00562368644840915,0.238844443312958,0.258746570117076,2172808505.1903,0.817369893582258,0.0390393347177932,2.75954485169614e+21,0
main,4020,슈퍼마켓,without_M3,log_ridge_smear,cnt,251,0.221898027264626,0.0103407617707966,0.208003750093864,0.238472083657396,101843.197344923,0.859073338276034,0.0291502222072009,6396829722869.7,0
main,4020,슈퍼마켓,without_M3,log_ridge_smear,ticket,251,0.130269645548696,0.00368265365905444,0.123676262887396,0.136707308330417,2759.16113875664,0.516442785931401,0.000395901726268267,3301405082.82512,0
main,4020,슈퍼마켓,without_M4,log_ridge_smear,amt,251,0.245813600061528,0.00360607098986863,0.240879630229262,0.251277073224825,2152648661.6227,0.827594259701165,0.0401605065821562,2.60505445885396e+21,0
main,4020,슈퍼마켓,without_M4,log_ridge_smear,cnt,251,0.216356902947911,0.0064378178238963,0.20579608628368,0.226352015706325,99300.0209847883,0.872826191294786,0.0299860163800171,5772571276040.58,0
main,4020,슈퍼마켓,without_M4,log_ridge_smear,ticket,251,0.127829310897922,0.00342754091088608,0.121783518011659,0.13179056884397,2707.47391334342,0.528592157799048,-0.000393093582538321,3218457301.52847,0
main,4020,슈퍼마켓,without_M5,log_ridge_smear,amt,251,0.244899832860009,0.00637589383397317,0.233749801576121,0.253703452449414,2144646583.04409,0.824687552278553,0.0378310779954448,2.64897487077723e+21,0
main,4020,슈퍼마켓,without_M5,log_ridge_smear,cnt,251,0.219875249335881,0.00997620796931683,0.206509509549422,0.235009106716775,100914.815176223,0.862714556444787,0.0299160381519055,6231550475320.65,0
main,4020,슈퍼마켓,without_M5,log_ridge_smear,ticket,251,0.131529591436302,0.00371518128896023,0.124769150731078,0.137453403909556,2785.84727669291,0.504166823049241,0.00148093700333124,3385217142.85983,0
main,4020,슈퍼마켓,without_M6,log_ridge_smear,amt,251,0.255405510643385,0.00830277268490682,0.246214743965708,0.270191471029387,2236647323.50012,0.807043691548402,0.04319828904191,2.91557398741226e+21,0
main,4020,슈퍼마켓,without_M6,log_ridge_smear,cnt,251,0.229502307608091,0.00904313538394397,0.219824541106418,0.24758696166754,105333.287965522,0.851557444193195,0.0317103206262967,6737985144242.05,0
main,4020,슈퍼마켓,without_M6,log_ridge_smear,ticket,251,0.127882888649151,0.00366712116479691,0.12197662529232,0.133263488932072,2708.60871069756,0.526558617042595,0.00060408965798921,3232340957.05911,0
main,4020,슈퍼마켓,without_M7,log_ridge_smear,amt,251,0.246590533281481,0.00616022122144542,0.239074105261841,0.254248885226238,2159452452.20095,0.819227311640478,0.0426102291757308,2.73147922472727e+21,0
main,4020,슈퍼마켓,without_M7,log_ridge_smear,cnt,251,0.218747514973094,0.0117255017213695,0.201102447620698,0.236714894896079,100397.22574707,0.860131858437902,0.0317299419209358,6348782226740.42,0
main,4020,슈퍼마켓,without_M7,log_ridge_smear,ticket,251,0.12858907648345,0.00376592187238596,0.120711646538815,0.134326610032841,2723.56604032606,0.523652320001919,0.000929615990268197,3252183208.489,0
main,4020,슈퍼마켓,without_M8,log_ridge_smear,amt,251,0.241765541920505,0.00813309641884818,0.232500037498917,0.256589306784839,2117198845.43165,0.822466055490606,0.0359756489543843,2.68254173521423e+21,0
main,4020,슈퍼마켓,without_M8,log_ridge_smear,cnt,251,0.221739821164192,0.00965239326333737,0.210988650918349,0.239642715837618,101770.586446546,0.863593727459921,0.0248664414537257,6191643851461.84,0
main,4020,슈퍼마켓,without_M8,log_ridge_smear,ticket,251,0.131150805066538,0.003851742464767,0.124555293687865,0.136332565526915,2777.82443586194,0.516100595635695,0.00204513284039485,3303741329.18578,0
main,4020,슈퍼마켓,without_M9,log_ridge_smear,amt,251,0.272671594380046,0.00758399270514303,0.264714454651359,0.283587597655367,2387850560.57848,0.777504796880381,0.0297629388936946,3.3619073237105e+21,0
main,4020,슈퍼마켓,without_M9,log_ridge_smear,cnt,251,0.259577982509364,0.00958913887067283,0.248630956826604,0.277734126268003,119136.938822675,0.793364992407817,0.0242434457679034,9379410128511.47,0
main,4020,슈퍼마켓,without_M9,log_ridge_smear,ticket,251,0.139478031572824,0.002475321173704,0.135479947624177,0.14447110029791,2954.19829235777,0.460091912478344,0.000123198976561229,3686131139.28132,0
main,8001,일반한식,M1,log_ridge_smear,amt,251,0.306066377016837,0.0016484280223612,0.303575482098651,0.308520877350962,6761103295.00162,0.649502473702976,0.0405397392259103,2.68820972920361e+22,0
main,8001,일반한식,M1,log_ridge_smear,cnt,251,0.311017498445798,0.00167152755583885,0.308726633513024,0.314390553513548,186073.126503182,0.638802282252342,0.0559289966946856,20697853777551,0
main,8001,일반한식,M1,log_ridge_smear,ticket,251,0.141490974982687,0.000807689591382369,0.140410983529066,0.143094374316157,5431.34315652243,0.0180215472609685,-0.000326360369759775,13431361211.73,0
main,8001,일반한식,M1,raw_ridge,amt,251,0.306784219820184,0.00232548096493065,0.304293083278492,0.310212552385624,6776960670.09229,0.669774737544966,-0.00020933839445848,2.53272761362703e+22,0
main,8001,일반한식,M1,raw_ridge,cnt,251,0.306342002309626,0.00258909651145218,0.303185592370828,0.311023708401305,183275.907091546,0.672973508606008,-0.000168811279921704,18739726658481.3,0
main,8001,일반한식,M1,raw_ridge,ticket,251,0.141420017447443,0.000480013389256079,0.140672804916744,0.142088975852803,5428.61934517336,0.0194040226211861,7.55967949054567e-05,13412451910.9428,0
main,8001,일반한식,M2,log_ridge_smear,amt,251,0.292379450547555,0.00427148741870539,0.286562316155894,0.298857043976848,6458754750.37589,0.684608178806804,0.019076115487447,2.41895961777575e+22,0
main,8001,일반한식,M2,log_ridge_smear,cnt,251,0.3048516116785,0.00602556305230367,0.295883030765871,0.315831245125761,182384.247793177,0.66542124102798,0.0403644212290567,19172497194778.5,0
main,8001,일반한식,M2,log_ridge_smear,ticket,251,0.136520742865796,0.00193156028543861,0.13427285934561,0.140945359881629,5240.55334679992,-0.004671830467183,-0.00107475546232005,13741757995.4179,0
main,8001,일반한식,M2,raw_ridge,amt,251,0.298377049385211,0.00388162852798426,0.291882070699298,0.302773060148756,6591243610.01023,0.702132645850124,-0.00311800781521563,2.28455227030409e+22,6.2
main,8001,일반한식,M2,raw_ridge,cnt,251,0.293873721157733,0.0035205613992021,0.288107165677769,0.29972531563303,175816.480957496,0.716434943414666,-0.00328534079949219,16249239098810.1,4.9
main,8001,일반한식,M2,raw_ridge,ticket,251,0.135200238022724,0.00128490416917434,0.133576138847427,0.13801316311985,5189.86378908465,0.0126337606692024,-0.000734877534160662,13505054588.2434,0
main,8001,일반한식,M3,log_ridge_smear,amt,251,0.232347703028512,0.00453284765182863,0.224032447056271,0.238788898945188,5132634416.89875,0.799265936449414,0.0146003395956026,1.53956938960526e+22,0
main,8001,일반한식,M3,log_ridge_smear,cnt,251,0.242526255612505,0.00518990257459133,0.232768995536912,0.250937108213406,145096.719208528,0.780716464847677,0.0348827402829483,12565689990262.1,0
main,8001,일반한식,M3,log_ridge_smear,ticket,251,0.137910841342792,0.0019301146533457,0.135128413925065,0.141827359783511,5293.91436046774,0.017256545237011,-0.00115453949307318,13441824800.2974,0
main,8001,일반한식,M3,raw_ridge,amt,251,0.22757308017263,0.00206673870736195,0.223830020598989,0.230302103420489,5027161484.3998,0.816645306459558,-0.00259322434906518,1.4062748923736e+22,5.6
main,8001,일반한식,M3,raw_ridge,cnt,251,0.220803810613481,0.00160750416681119,0.218861030930569,0.223280858913394,132100.784007261,0.839724819497702,-0.00309179493938129,9184311215733.51,4.4
main,8001,일반한식,M3,raw_ridge,ticket,251,0.135800758251189,0.001268333579997,0.133939443720951,0.138475280720268,5212.91565817822,0.0133358142075243,-0.000899445217013013,13495452000.0839,0
main,8001,일반한식,M4,log_ridge_smear,amt,251,0.195938439692391,0.00445802773570979,0.18878612448387,0.203678271993599,4328342247.6322,0.858017549581266,0.0111861217296711,1.08896233483931e+22,0
main,8001,일반한식,M4,log_ridge_smear,cnt,251,0.220759509982218,0.00519096903397279,0.210204768765245,0.228701645755036,132074.28017064,0.822937909247285,0.0313092144860663,10146258084907.1,0
main,8001,일반한식,M4,log_ridge_smear,ticket,251,0.127146408191703,0.00122467632731389,0.124587908446921,0.128901654558213,4880.70545907903,0.18202396414849,-0.000173383897400851,11188159546.0837,0
main,8001,일반한식,M4,raw_ridge,amt,251,0.220075811544634,0.00322651013761077,0.215905062487833,0.225293403944051,4861544443.68361,0.83643672462295,-0.00241506207823738,1.2544807173229e+22,9.5
main,8001,일반한식,M4,raw_ridge,cnt,251,0.216862575612685,0.00264916919679056,0.2135203425049,0.222717068497065,129742.852628652,0.845686059546066,-0.00291784853546897,8842711950867.38,5.2
main,8001,일반한식,M4,raw_ridge,ticket,251,0.124415971824627,0.00097559677533174,0.123166145409215,0.126111169823277,4775.89356645867,0.205356741748508,0.000239518034590135,10869017142.1494,0
main,8001,일반한식,M5,log_ridge_smear,amt,251,0.178849469979636,0.00458810622377825,0.172098661148455,0.184644763864305,3950841489.26978,0.881229971579497,0.00456576630110604,9.10930097883824e+21,0
main,8001,일반한식,M5,log_ridge_smear,cnt,251,0.20207038606245,0.00563689217990988,0.192278108782674,0.209145506941591,120893.096678603,0.857501378098173,0.0204467441631353,8165654140946.39,0
main,8001,일반한식,M5,log_ridge_smear,ticket,251,0.126068576295195,0.000715513856034703,0.125044529038726,0.127246904065906,4839.3312661618,0.20590263757083,-3.89400047269595e-05,10861550456.9557,0
main,8001,일반한식,M5,raw_ridge,amt,251,0.206968843822145,0.00304665481344292,0.202870316181357,0.211464736550061,4572007371.62841,0.853746378644514,-0.00138784224695189,1.12172092058048e+22,8.4
main,8001,일반한식,M5,raw_ridge,cnt,251,0.199658210668514,0.00288622018300487,0.194407590350955,0.204194341691719,119449.959171978,0.864547084536748,-0.00195638672352283,7761911275308.84,5.8
main,8001,일반한식,M5,raw_ridge,ticket,251,0.12409134280431,0.000783713295967857,0.123017364755321,0.125455082512404,4763.43219492506,0.208945076112169,9.8346972059966e-05,10819936416.5465,0
main,8001,일반한식,M6,log_ridge_smear,amt,251,0.180248726455567,0.00472546126770234,0.172802203325077,0.186786961741748,3981751508.40412,0.877917007622976,0.00625032005236204,9.3633952668782e+21,0
main,8001,일반한식,M6,log_ridge_smear,cnt,251,0.204118532711879,0.0062912492013154,0.191941851156894,0.211403582657424,122118.445903327,0.845321599708036,0.0247636780128426,8863596735196.5,0
main,8001,일반한식,M6,log_ridge_smear,ticket,251,0.126906032780169,0.00119199368517973,0.124792529392534,0.128382211705389,4871.47828860691,0.213191278364304,-9.83483354403685e-05,10761857467.8004,0
main,8001,일반한식,M7,log_ridge_smear,amt,251,0.179524478292103,0.0046770294739507,0.17301531271879,0.187238068314181,3965752636.87789,0.88058296553033,0.00677504223533616,9.15892438059516e+21,0
main,8001,일반한식,M7,log_ridge_smear,cnt,251,0.200567300433298,0.00533497784394719,0.191058692961862,0.205873076787866,119993.842315694,0.857375508227819,0.0222608071625019,8172866911247.99,0
main,8001,일반한식,M7,log_ridge_smear,ticket,251,0.127098636166694,0.00201829212247774,0.12355839371378,0.129498725461231,4878.87165829323,0.220136902811623,-0.000239194814390332,10666856207.3015,0
main,8001,일반한식,M8,log_ridge_smear,amt,251,0.161084686205015,0.00579705782641582,0.152132096039469,0.170912348497673,3558411784.03962,0.903486544125217,0.00604742734187165,7.40228936342879e+21,0
main,8001,일반한식,M8,log_ridge_smear,cnt,251,0.184331395098588,0.00622719722729301,0.174877352850882,0.195412715684016,110280.351330988,0.881008864292325,0.0190343360636327,6818595485763.32,0
main,8001,일반한식,M8,log_ridge_smear,ticket,251,0.132115772984489,0.00244828620967706,0.127963949445702,0.136243710524335,5071.46197526577,0.178186512814597,0.000307709039009599,11240647658.0725,0
main,8001,일반한식,M9,log_ridge_smear,amt,251,0.115792196959494,0.0034645820934777,0.109619521301068,0.11926868991052,2557886338.34564,0.953769544495895,0.0032659956748615,3.54573573127971e+21,0
main,8001,일반한식,M9,log_ridge_smear,cnt,251,0.142490077653335,0.00700403968780604,0.132032673187129,0.152892026219311,85247.8538253622,0.93441832645502,0.0204366513292343,3758052232404.75,0
main,8001,일반한식,M9,log_ridge_smear,ticket,251,0.132654745602666,0.00379563472442236,0.126064307659228,0.1380648387543,5092.15124708433,0.162119651231669,0.000825799284833378,11460407899.1014,0
main,8001,일반한식,M9,raw_ridge,amt,251,0.163787047275148,0.00282452681737835,0.159610774534224,0.169801003896081,3618107796.75961,0.908674012576368,0.0024961256193176,7.00442626557329e+21,5.5
main,8001,일반한식,M9,raw_ridge,cnt,251,0.164719170924728,0.00438346072639091,0.156008714013925,0.169205705596869,98546.902608818,0.908148737183014,0.00242626351541593,5263388758169.16,3.8
main,8001,일반한식,M9,raw_ridge,ticket,251,0.125885542619375,0.00202034955314709,0.121690557895841,0.128932611536256,4832.305244165,0.199005756292705,-0.000122470320571708,10955885015.3389,0
main,8001,일반한식,M9_alpha10,log_ridge_smear,amt,251,0.148082124467769,0.00459125821515965,0.142930359075117,0.157731678068672,3271181073.29637,0.913688191117614,-0.0240200415245463,6.61985397826078e+21,0
main,8001,일반한식,M9_alpha10,log_ridge_smear,cnt,251,0.169162384338356,0.00618837343614643,0.155670763500821,0.176879424160699,101205.153722424,0.898371901708107,-0.00791120773638986,5823634576799.09,0
main,8001,일반한식,M9_alpha10,log_ridge_smear,ticket,251,0.126185889718266,0.00229071869155729,0.12248285711253,0.129013037162439,4843.8345177483,0.227198850009239,-0.000951573485605959,10570263900.8157,0
main,8001,일반한식,M9_broad_supply,log_ridge_smear,amt,251,0.111023652485238,0.00313360551722801,0.105083997473685,0.113777518577866,2452547679.22373,0.959270747687179,0.00317813044138772,3.12381013033827e+21,0
main,8001,일반한식,M9_broad_supply,log_ridge_smear,cnt,251,0.141485343379495,0.00710946093731358,0.131967071027113,0.14928663231037,84646.7492297283,0.935385298290204,0.0201531090243435,3702641467972.27,0
main,8001,일반한식,M9_broad_supply,log_ridge_smear,ticket,251,0.133026304519548,0.00359866637163647,0.126262593947127,0.137852253799496,5106.41409304109,0.154976281324128,0.000694603634035291,11558113893.7997,0
main,8001,일반한식,M9_taxable_pay,log_ridge_smear,amt,251,0.115738389234188,0.00348121881474418,0.109522351446239,0.119232307487707,2556697708.63594,0.953821555872214,0.00329381848119737,3.54174661645404e+21,0
main,8001,일반한식,M9_taxable_pay,log_ridge_smear,cnt,251,0.142515064056809,0.00695952206816631,0.132137227161878,0.153034562991253,85262.8024962174,0.934401451305254,0.0205300913219356,3759019235697.29,0
main,8001,일반한식,M9_taxable_pay,log_ridge_smear,ticket,251,0.13271766803646,0.00381729009974607,0.126119901981734,0.138195957727136,5094.56661902039,0.161303452887138,0.000817602512285557,11471571743.6392,0
main,8001,일반한식,M9_workplace,log_ridge_smear,amt,251,0.115919074702628,0.00347539823095803,0.109899753495385,0.120575232671488,2560689107.91322,0.954128741917019,0.00283739330871012,3.51818637843914e+21,0
main,8001,일반한식,M9_workplace,log_ridge_smear,cnt,251,0.143727085354654,0.0075186254150524,0.132874042933377,0.156004124303434,85987.9211580466,0.933570989172711,0.0206368876779212,3806607531366.36,0
main,8001,일반한식,M9_workplace,log_ridge_smear,ticket,251,0.133421743955747,0.00373511708739576,0.127009222968647,0.139364383772157,5121.59362852654,0.165191183024081,0.000917589537928727,11418395925.3538,0
main,8001,일반한식,without_M1,log_ridge_smear,amt,251,0.333401872617264,0.00815783014020299,0.314313491071116,0.343554445466599,7364953058.49386,0.499962535831311,0.0263485555889263,3.83513570080219e+22,0
main,8001,일반한식,without_M1,log_ridge_smear,cnt,251,0.353571077196621,0.00856186046063605,0.339245291883238,0.365100086043593,211531.750155012,0.470350622136555,0.0472049188043277,30350704995448.5,0
main,8001,일반한식,without_M1,log_ridge_smear,ticket,251,0.1317972965581,0.00378077502326452,0.1257696134188,0.136719109823109,5059.23678027228,0.167310935947486,0.000375631404501411,11389402247.2192,0
main,8001,일반한식,without_M2,log_ridge_smear,amt,251,0.113280513917513,0.00375001239279372,0.105321690736376,0.11761755090206,2502402463.71471,0.955634995254434,0.00592463686359794,3.40266131556454e+21,0
main,8001,일반한식,without_M2,log_ridge_smear,cnt,251,0.14720640157464,0.00465489353673989,0.140164142859282,0.153831858478905,88069.4993662863,0.929556817730213,0.0241321384891811,4036633164066.74,0
main,8001,일반한식,without_M2,log_ridge_smear,ticket,251,0.129882851322038,0.00432432208085738,0.123855787643839,0.136323659448538,4985.74793031068,0.208877743934859,0.00119808918789755,10820857376.4638,0
main,8001,일반한식,without_M3,log_ridge_smear,amt,251,0.11324761433608,0.0032170664894047,0.10966792256971,0.118299061374705,2501675701.5313,0.953393499005107,0.00232967836310867,3.5745772799673e+21,0
main,8001,일반한식,without_M3,log_ridge_smear,cnt,251,0.14042055692607,0.006323440178712,0.132020556730699,0.151155538709511,84009.7170838297,0.936372063189557,0.0196810311893062,3646096493859.51,0
main,8001,일반한식,without_M3,log_ridge_smear,ticket,251,0.135784297093187,0.00290776796715783,0.129536108024523,0.139192247786916,5212.28377195458,0.126057249318746,0.000433694523633406,11953664288.6933,0
main,8001,일반한식,without_M4,log_ridge_smear,amt,251,0.117355111724883,0.00225084813475429,0.11385998426717,0.122824337321086,2592411620.97574,0.952488591691083,0.00556992483159573,3.64398092658605e+21,0
main,8001,일반한식,without_M4,log_ridge_smear,cnt,251,0.145797144512276,0.0057818740151184,0.137402816281439,0.15411527904252,87226.3800274996,0.931183434683469,0.017436922749261,3943422498006.88,0
main,8001,일반한식,without_M4,log_ridge_smear,ticket,251,0.145646499652341,0.00108944231035802,0.143900851185442,0.147100972049225,5590.8591997121,-0.0372499740524244,-8.82945296415528e-05,14187357196.5822,0
main,8001,일반한식,without_M5,log_ridge_smear,amt,251,0.126764807143485,0.004433551589807,0.120171092823278,0.134425599930743,2800274775.75857,0.9456629882527,0.00770124839734064,4.16748400989167e+21,0
main,8001,일반한식,without_M5,log_ridge_smear,cnt,251,0.160523654058324,0.0065800728704863,0.152753955945147,0.171680344890555,96036.8414562145,0.913545664415519,0.0296266950292477,4954126530813.37,0
main,8001,일반한식,without_M5,log_ridge_smear,ticket,251,0.134890964239434,0.00348014687696082,0.128631978679564,0.139748640381749,5177.9918513404,0.116418695744645,0.00130040935106457,12085499049.6814,0
main,8001,일반한식,without_M6,log_ridge_smear,amt,251,0.122449660977999,0.00354528902867285,0.11493146917479,0.12588093837096,2704951829.01007,0.947474119340615,0.00145919099412391,4.02857574817486e+21,0
main,8001,일반한식,without_M6,log_ridge_smear,cnt,251,0.154464860660926,0.00705734736134093,0.142772507226526,0.16342495000191,92412.0337334194,0.922075571989071,0.0182920179034824,4465333908328.54,0
main,8001,일반한식,without_M6,log_ridge_smear,ticket,251,0.132459073209874,0.00324097248780716,0.126053795296455,0.13740613522679,5084.64006899227,0.159959738294071,0.000776486295018288,11489950880.182,0
main,8001,일반한식,without_M7,log_ridge_smear,amt,251,0.114930223255945,0.00355462444284629,0.110015493610561,0.119598619613884,2538845065.97827,0.954129375323759,0.00323913333791764,3.51813779806314e+21,0
main,8001,일반한식,without_M7,log_ridge_smear,cnt,251,0.144787156481443,0.00656263139201322,0.136398941028238,0.154948367545723,86622.1322550527,0.932599636327148,0.0215186656404162,3862269342546.26,0
main,8001,일반한식,without_M7,log_ridge_smear,ticket,251,0.131991296334364,0.00365932107858203,0.126356535328834,0.138246571601612,5066.68375247178,0.172771489370757,0.00100713480510294,11314713576.3636,0
main,8001,일반한식,without_M8,log_ridge_smear,amt,251,0.114879637023189,0.00322923073943354,0.110180265752733,0.120846127199993,2537727600.06023,0.953224706237438,0.00354935015570989,3.58752317333956e+21,0
main,8001,일반한식,without_M8,log_ridge_smear,cnt,251,0.141893197859191,0.00590260583836896,0.135997960130963,0.151309424223924,84890.7572311257,0.935865877614463,0.017462326444669,3675102643408.15,0
main,8001,일반한식,without_M8,log_ridge_smear,ticket,251,0.126890216024863,0.00285839300289103,0.122348572147599,0.129775572727896,4870.87113874665,0.221302955058379,0.00146829595073923,10650907110.9906,0
main,8001,일반한식,without_M9,log_ridge_smear,amt,251,0.161084686205015,0.00579705782641582,0.152132096039469,0.170912348497673,3558411784.03962,0.903486544125217,0.00604742734187165,7.40228936342879e+21,0
main,8001,일반한식,without_M9,log_ridge_smear,cnt,251,0.184331395098588,0.00622719722729301,0.174877352850882,0.195412715684016,110280.351330988,0.881008864292325,0.0190343360636327,6818595485763.32,0
main,8001,일반한식,without_M9,log_ridge_smear,ticket,251,0.132115772984489,0.00244828620967706,0.127963949445702,0.136243710524335,5071.46197526577,0.178186512814597,0.000307709039009599,11240647658.0725,0
main,8002,갈비전문점,M1,log_ridge_smear,amt,82,0.91642572613191,0.0247799497101587,0.898608637063945,0.982779018508788,94680523.8953183,-0.0357589244753631,-0.00186181131777474,1.47442055854228e+18,0
main,8002,갈비전문점,M1,log_ridge_smear,cnt,82,0.843208827139593,0.0154364258831482,0.827849757970672,0.884160537362384,1128.22369374725,-0.0268467026898182,-0.0018542839860431,205825358.011872,0
main,8002,갈비전문점,M1,log_ridge_smear,ticket,82,0.296447934090626,0.0062344158950264,0.287990606832878,0.306703474227525,21265.7201977017,-0.0573953860218799,0.00246990324917812,65254362032.2796,0
main,8002,갈비전문점,M1,raw_ridge,amt,82,0.922720891460946,0.0265055385500892,0.902377632962724,0.991276885268125,95330908.9012877,-0.0416977780846615,0.00151771175901682,1.48287461831315e+18,0
main,8002,갈비전문점,M1,raw_ridge,cnt,82,0.854216076657869,0.0198832781210315,0.836639183154022,0.907185378979354,1142.95152783746,-0.0380364160025376,0.00102784209010693,208068269.970013,0
main,8002,갈비전문점,M1,raw_ridge,ticket,82,0.294169287573942,0.00472920554228996,0.287688836975637,0.303223508600613,21102.2612773287,-0.0424120203581558,0.00150793554270632,64329703214.5775,0
main,8002,갈비전문점,M2,log_ridge_smear,amt,82,1.00988366649532,0.0424873016281062,0.950915859416997,1.07916035944107,104336131.003964,-0.226329857905031,0.0092349111466966,1.74570154436784e+18,0
main,8002,갈비전문점,M2,log_ridge_smear,cnt,82,0.905611065128205,0.0320592710499837,0.86017663536498,0.956696337938836,1211.71864917892,-0.138368842801988,-0.0204500968783674,228179312.457759,0
main,8002,갈비전문점,M2,log_ridge_smear,ticket,82,0.313636050855725,0.00765487868721185,0.3035265331137,0.326586300503885,22498.7113567505,-0.183847320150298,0.00214137336461986,73058008991.9487,0
main,8002,갈비전문점,M2,raw_ridge,amt,82,0.974314808810586,0.0300838702648129,0.945447448866834,1.04812971921704,100661334.472266,-0.134180516065678,-0.00511735030615945,1.61452537889777e+18,0.5
main,8002,갈비전문점,M2,raw_ridge,cnt,82,0.897902529133687,0.0225994665780899,0.872271417683401,0.947491379728277,1201.40453401172,-0.0853456297345101,0.000449904343456225,217551122.501103,0.1
main,8002,갈비전문점,M2,raw_ridge,ticket,82,0.291857238358166,0.00824107419831294,0.282519681251491,0.305215279179513,20936.4062112212,-0.0750450884294791,0.000786866598596137,66343566776.2123,0
main,8002,갈비전문점,M3,log_ridge_smear,amt,82,0.969249577355955,0.0648281341993816,0.908249699438842,1.11576888714383,100138020.08453,-0.234087980138625,0.0290042243547117,1.75674536416663e+18,0
main,8002,갈비전문점,M3,log_ridge_smear,cnt,82,0.870285730230032,0.0544222263280255,0.795755089281835,0.992986840265341,1164.4529202884,-0.171187441101176,-0.00971011753598539,234757606.692608,0
main,8002,갈비전문점,M3,log_ridge_smear,ticket,82,0.303654624002543,0.00893606675668242,0.291060445529565,0.314325360509551,21782.692770604,-0.161137671320348,-0.00119310521918643,71656543025.7025,0
main,8002,갈비전문점,M3,raw_ridge,amt,82,0.958377652819001,0.0342047497021234,0.925410652227651,1.04767821240763,99014787.2009951,-0.123661488086227,-0.00484733204525445,1.59955136251008e+18,0.8
main,8002,갈비전문점,M3,raw_ridge,cnt,82,0.877728076521534,0.0260877383010442,0.83885899872707,0.933628894250716,1174.41087038675,-0.0629428386577019,0.000865444970045653,213060615.318511,0.1
main,8002,갈비전문점,M3,raw_ridge,ticket,82,0.289268248188557,0.00734684513785154,0.280545333260638,0.299935786120785,20750.684759964,-0.0751090614781619,0.00153563930866698,66347514703.86,0
main,8002,갈비전문점,M4,log_ridge_smear,amt,82,1.12781154261261,0.136282673189557,0.93711048719347,1.31445493386401,116519849.525022,-1.25166851259827,0.171764538917955,3.20528867050682e+18,0
main,8002,갈비전문점,M4,log_ridge_smear,cnt,82,0.966457004955213,0.0821875871784195,0.86363498456014,1.09837370568977,1293.13125869111,-0.857950592184681,0.0992378153343016,372415224.982515,0
main,8002,갈비전문점,M4,log_ridge_smear,ticket,82,0.337011750284219,0.0216913318189547,0.303896545915816,0.375036060677705,24175.5693351905,-0.660502288246575,0.0120650234954382,102473510765.28,0
main,8002,갈비전문점,M4,raw_ridge,amt,82,0.973024307769621,0.0548676873013097,0.91024744864691,1.11157946182326,100528006.357218,-0.144695012517092,0.00709537723344962,1.62949294457772e+18,1.7
main,8002,갈비전문점,M4,raw_ridge,cnt,82,0.875735148614486,0.0325491010847159,0.836758294748931,0.947788282832642,1171.74430854312,-0.0783578869236862,0.0173343909442614,216150470.71738,1.5
main,8002,갈비전문점,M4,raw_ridge,ticket,82,0.304210341520343,0.0125927520688328,0.282734193185743,0.319313475457132,21822.5572185677,-0.245951722150364,-0.00161322071934253,76890618047.6371,0
main,8002,갈비전문점,M5,log_ridge_smear,amt,82,1.14972846322426,0.143404760041686,0.968500239068772,1.36829753824095,118784196.178014,-1.37514427849679,0.184652562246977,3.38105853685361e+18,0
main,8002,갈비전문점,M5,log_ridge_smear,cnt,82,0.986359199809394,0.0859716165618211,0.895274025592137,1.13337476923804,1319.7606381157,-1.00541571411232,0.111542844038604,401973737.889567,0
main,8002,갈비전문점,M5,log_ridge_smear,ticket,82,0.341983743797752,0.0227517521726496,0.301568076262307,0.378549103800981,24532.2357535547,-0.741251607622017,0.014721949236359,107456741626.736,0
main,8002,갈비전문점,M5,raw_ridge,amt,82,0.981684418818336,0.0585890578846143,0.915337350478611,1.12635609799382,101422725.730216,-0.171434344296001,0.00513174528639608,1.66755684107417e+18,1.4
main,8002,갈비전문점,M5,raw_ridge,cnt,82,0.887167913147864,0.0340286722994513,0.845398926117176,0.957748490457233,1187.04148691273,-0.107148179690324,0.015321327320215,221921314.895423,1.4
main,8002,갈비전문점,M5,raw_ridge,ticket,82,0.30418804747245,0.0135858140060349,0.283007073908662,0.321281653525448,21820.9579529631,-0.237831207127244,-0.00225599398506945,76389481921.8206,0
main,8002,갈비전문점,M6,log_ridge_smear,amt,82,1.10185512740599,0.121890888917694,0.93156824334383,1.26831414526886,113838162.48795,-1.02490097911226,0.131356633148503,2.88248120490757e+18,0
main,8002,갈비전문점,M6,log_ridge_smear,cnt,82,0.963275811015616,0.0699478545891188,0.847609276307278,1.04396756613418,1288.87478240488,-1.04555219919735,0.0887382944435874,410018859.318426,0
main,8002,갈비전문점,M6,log_ridge_smear,ticket,82,0.348435382009896,0.0269680721960313,0.300826522320677,0.393203561366075,24995.0446223604,-0.748478731798474,0.0105596732674546,107902744497.277,0
main,8002,갈비전문점,M7,log_ridge_smear,amt,82,1.07365394883293,0.132905126553751,0.92933738467255,1.36895627376731,110924557.723674,-1.07831097579569,0.121595090556235,2.95851124942938e+18,0
main,8002,갈비전문점,M7,log_ridge_smear,cnt,82,0.983548288621995,0.084509373813353,0.860835176149331,1.10991791569608,1315.99960466755,-1.16547426496618,0.0978914234258494,434056529.260528,0
main,8002,갈비전문점,M7,log_ridge_smear,ticket,82,0.358103249902336,0.0252747966638567,0.315666181783156,0.399755544518039,25688.5700272165,-0.887425375612488,0.00806245243683678,116477469447.347,0
main,8002,갈비전문점,M8,log_ridge_smear,amt,82,2.05303702297057,0.679203438662106,1.10358271846146,3.03854707337487,212109520.028205,-53.5282862601881,1.07018987889577,7.76219488765915e+19,0
main,8002,갈비전문점,M8,log_ridge_smear,cnt,82,1.51894693627974,0.349260423753574,0.935383858096934,1.94333071110045,2032.36952448542,-24.1784777211952,0.634350374955894,5046877179.99558,0
main,8002,갈비전문점,M8,log_ridge_smear,ticket,82,0.395646197388231,0.0358714731506168,0.341924267473911,0.444540355303448,28381.7168662429,-1.37800635666982,0.0094474427439603,146752378310.438,0
main,8002,갈비전문점,M9,log_ridge_smear,amt,82,1.19705135735771,0.426926421748649,0.883040045178717,2.30501258811734,123673360.985411,-14.5841243346304,0.266370750178748,2.21842677508154e+19,0
main,8002,갈비전문점,M9,log_ridge_smear,cnt,82,1.01423644562838,0.247756173447138,0.7693304859218,1.65468150792751,1357.06073298791,-6.72215225541588,0.209803642048665,1547859820.19487,0
main,8002,갈비전문점,M9,log_ridge_smear,ticket,82,0.406474063209268,0.035979152003519,0.347454800222611,0.475468432038194,29158.4548306843,-1.44213470167221,0.0160024496160476,150709889660.152,0
main,8002,갈비전문점,M9,raw_ridge,amt,82,1.03864067650666,0.0648839465727645,0.9598001917795,1.15119665739948,107307161.493286,-0.337498554911929,-0.0220809377771266,1.90395208748177e+18,11.8
main,8002,갈비전문점,M9,raw_ridge,cnt,82,0.872958270432269,0.0518259498674193,0.807780847228699,0.955523375898905,1168.02881167094,-0.183940635672695,0.00170669247019099,237313909.2367,7.3
main,8002,갈비전문점,M9,raw_ridge,ticket,82,0.344495232930186,0.0201516017221021,0.315180553120271,0.376862681079538,24712.3976606827,-0.638070841756868,-0.0162653395556788,101089213321.3,0.6
main,8002,갈비전문점,M9_alpha10,log_ridge_smear,amt,82,0.878186563583276,0.0871201641124856,0.768175452181811,1.02909662680699,90729844.8166061,-1.08974294304579,-0.0907939062182368,2.97478485049602e+18,0
main,8002,갈비전문점,M9_alpha10,log_ridge_smear,cnt,82,0.8059544724109,0.0839369450615123,0.723574518447708,0.964043690377339,1078.37691279886,-0.803772651076865,-0.0690129422514308,361555576.608856,0
main,8002,갈비전문점,M9_alpha10,log_ridge_smear,ticket,82,0.324757530803969,0.0164984535313071,0.306169351865114,0.357475214690832,23296.5117579886,-0.527577795875013,-0.0110068719660654,94270426977.6691,0
main,8002,갈비전문점,M9_broad_supply,log_ridge_smear,amt,82,1.15632324177878,0.402320770395353,0.85470624206819,2.18690204097834,119465535.724375,-12.4725970013334,0.23646571960242,1.91784724479036e+19,0
main,8002,갈비전문점,M9_broad_supply,log_ridge_smear,cnt,82,0.95561408938706,0.185819220806981,0.765581619937942,1.42932236926982,1278.62330543024,-4.44928075256176,0.164508953162401,1092276148.78171,0
main,8002,갈비전문점,M9_broad_supply,log_ridge_smear,ticket,82,0.406784853176579,0.0346517679045032,0.353586654209895,0.472959485388601,29180.7493779726,-1.45707364695311,0.016076322183696,151631807191.311,0
main,8002,갈비전문점,M9_taxable_pay,log_ridge_smear,amt,82,1.19879774278227,0.43303703459086,0.883005122306107,2.32541681924121,123853788.79555,-14.8686840774959,0.268747572192928,2.25893434157216e+19,0
main,8002,갈비전문점,M9_taxable_pay,log_ridge_smear,cnt,82,1.01449729746918,0.251457689389637,0.767092896231329,1.66647214828822,1357.40975593202,-6.82656856896589,0.21046954489632,1568789453.66637,0
main,8002,갈비전문점,M9_taxable_pay,log_ridge_smear,ticket,82,0.406433382186933,0.0359256051971632,0.347853135710784,0.475538706419963,29155.5365737533,-1.44358257537288,0.0161880028235526,150799241359.516,0
main,8002,갈비전문점,M9_workplace,log_ridge_smear,amt,82,1.21353638138526,0.558270724836263,0.871351583821933,2.7437095018946,125376511.242818,-19.9763904089771,0.28165869125815,2.98602508094929e+19,0
main,8002,갈비전문점,M9_workplace,log_ridge_smear,cnt,82,0.954025323317179,0.256654198374588,0.747334741150327,1.6278325983039,1276.49751705355,-5.62100067368423,0.164354564710581,1327140487.95028,0
main,8002,갈비전문점,M9_workplace,log_ridge_smear,ticket,82,0.408473428260842,0.0367737268676781,0.352426287675477,0.468603336294244,29301.8794691129,-1.48329479800011,0.0161717284373816,153249976237.576,0
main,8002,갈비전문점,without_M1,log_ridge_smear,amt,82,1.79009193457852,1.36642631083094,1.02322254998694,5.59465426108496,184943348.220979,-120.541317430817,0.799615894675875,1.73016145840192e+20,0
main,8002,갈비전문점,without_M1,log_ridge_smear,cnt,82,1.45037925992461,0.805436598592701,0.926596457118697,3.68144681835306,1940.62513733108,-52.1089689962416,0.586175839459844,10645379226.187,0
main,8002,갈비전문점,without_M1,log_ridge_smear,ticket,82,0.407291368019221,0.0362098015720498,0.343661936447919,0.474259397529069,29217.0842674453,-1.45636476106478,0.0187749726194154,151588060171.977,0
main,8002,갈비전문점,without_M2,log_ridge_smear,amt,82,1.12729383074631,0.176272886266305,0.863785663202545,1.5238156287793,116466362.123555,-4.02104493472643,0.192610764209125,7.14754341206868e+18,0
main,8002,갈비전문점,without_M2,log_ridge_smear,cnt,82,0.985318931571921,0.170150819152214,0.799633871612554,1.40400299437954,1318.36874652776,-3.40183261825157,0.172203163188181,882321355.453236,0
main,8002,갈비전문점,without_M2,log_ridge_smear,ticket,82,0.405288303336851,0.0221896162393578,0.374646132336092,0.445980842925169,29073.3942356566,-1.23182063610622,0.0217768993665333,137730912868.362,0
main,8002,갈비전문점,without_M3,log_ridge_smear,amt,82,1.16624823137103,0.436291403405904,0.87046936660443,2.33336134915506,120490936.024098,-14.4863261003861,0.242464962485356,2.20450502903123e+19,0
main,8002,갈비전문점,without_M3,log_ridge_smear,cnt,82,0.987354821334338,0.260296254899981,0.763331918373736,1.67328024792497,1321.0927918578,-6.66566182301297,0.18648692022095,1536536646.5964,0
main,8002,갈비전문점,without_M3,log_ridge_smear,ticket,82,0.396515914100942,0.0374495911653037,0.34281805545249,0.468749430113338,28444.106075736,-1.35529615750445,0.0152970507641208,145350878381.695,0
main,8002,갈비전문점,without_M4,log_ridge_smear,amt,82,1.460592050669,0.571355637221759,0.897795885629807,2.94311903837639,150901067.714868,-28.2964083003305,0.536011416528647,4.17039386953248e+19,0
main,8002,갈비전문점,without_M4,log_ridge_smear,cnt,82,1.2350347019393,0.386946150562466,0.875877603192876,2.23040441249911,1652.49149259359,-15.0830984072029,0.391010911916262,3223762104.8316,0
main,8002,갈비전문점,without_M4,log_ridge_smear,ticket,82,0.374175181918992,0.0381689216241954,0.330554847631582,0.465829841273139,26841.4915692443,-0.872824252174184,0.0107795707573293,115576399698.493,0
main,8002,갈비전문점,without_M5,log_ridge_smear,amt,82,1.26774597477543,0.550635525696675,0.858440181822385,2.73925946698141,130977175.383923,-21.9178233616458,0.326470323661895,3.26239138499983e+19,0
main,8002,갈비전문점,without_M5,log_ridge_smear,cnt,82,1.0144148327858,0.274563348043282,0.755928217299133,1.73169298371012,1357.29941718,-7.37159188977538,0.207830618413647,1678036159.95327,0
main,8002,갈비전문점,without_M5,log_ridge_smear,ticket,82,0.417377952590503,0.0405701043520343,0.365910383318314,0.505873618246218,29940.6463523063,-1.55673017363509,0.0221286659437473,157781846388.523,0
main,8002,갈비전문점,without_M6,log_ridge_smear,amt,82,1.19092423271651,0.410086863866705,0.873035383879201,2.23373029855612,123040337.103106,-14.4515608726966,0.262709584473787,2.19955613936042e+19,0
main,8002,갈비전문점,without_M6,log_ridge_smear,cnt,82,0.993415073619487,0.207992566813567,0.767205364130046,1.50517887693069,1329.20148332084,-5.80900529097431,0.187842711840649,1364824903.31652,0
main,8002,갈비전문점,without_M6,log_ridge_smear,ticket,82,0.397573898843603,0.0284288350180497,0.350180309386162,0.446943864122577,28520.0007099147,-1.29959103086226,0.0132332800724127,141913183694.339,0
main,8002,갈비전문점,without_M7,log_ridge_smear,amt,82,1.08115930064382,0.157537059709306,0.87941542781467,1.28438624316883,111699973.146017,-4.16084445199283,0.168741712211026,7.34655041790866e+18,0
main,8002,갈비전문점,without_M7,log_ridge_smear,cnt,82,0.954023029250509,0.1187248874888,0.773662598710908,1.14971044239662,1276.49444756437,-2.7903346278396,0.156254675736168,759750194.178246,0
main,8002,갈비전문점,without_M7,log_ridge_smear,ticket,82,0.396320962762409,0.0310464448322828,0.351730077099645,0.457122032702202,28430.1212232858,-1.29247455295341,0.0139829426125723,141474009065.815,0
main,8002,갈비전문점,without_M8,log_ridge_smear,amt,82,0.871059149454445,0.0928711969116174,0.738768299687776,1.05001165730131,89993476.0258859,-0.390724008206966,0.00647366671940731,1.97971943133129e+18,0
main,8002,갈비전문점,without_M8,log_ridge_smear,cnt,82,0.805707068138077,0.0722419716535498,0.694175190081249,0.90911652364906,1078.0458828647,-0.321424254507143,0.057840680728986,264871688.789619,0
main,8002,갈비전문점,without_M8,log_ridge_smear,ticket,82,0.379016523151522,0.0165740665272625,0.358624155469398,0.407082121093939,27188.7856340466,-1.34619175573604,0.0264271317293754,144789024285.36,0
main,8002,갈비전문점,without_M9,log_ridge_smear,amt,82,2.05303702297057,0.679203438662106,1.10358271846146,3.03854707337487,212109520.028205,-53.5282862601881,1.07018987889577,7.76219488765915e+19,0
main,8002,갈비전문점,without_M9,log_ridge_smear,cnt,82,1.51894693627974,0.349260423753574,0.935383858096934,1.94333071110045,2032.36952448542,-24.1784777211952,0.634350374955894,5046877179.99558,0
main,8002,갈비전문점,without_M9,log_ridge_smear,ticket,82,0.395646197388231,0.0358714731506168,0.341924267473911,0.444540355303448,28381.7168662429,-1.37800635666982,0.0094474427439603,146752378310.438,0
main,8003,한정식,M1,log_ridge_smear,amt,16,1.00767727384935,0.0524172830031916,0.935092411870539,1.08346309944693,65852969.4426476,-0.176152475182922,0.0224671013778081,1.25286082881606e+17,0
main,8003,한정식,M1,log_ridge_smear,cnt,16,0.992757948917868,0.0415443353845632,0.927569411546466,1.07261995759051,818.653023626397,-0.178111974742209,0.0441996522857312,18657146.4312375,0
main,8003,한정식,M1,log_ridge_smear,ticket,16,0.593639017003212,0.0518239731887284,0.523936283177282,0.699802647895465,55030.9542311556,-0.247879944823068,-0.00133302170313726,135374405958.5,0
main,8003,한정식,M1,raw_ridge,amt,16,1.03115234660884,0.0451369086428163,0.954819619410205,1.09379720830704,67387094.7913212,-0.185323892533045,0.0459564694667871,1.26263040358221e+17,0
main,8003,한정식,M1,raw_ridge,cnt,16,0.950977449722852,0.0320781892214272,0.901103696076783,1.00060146891164,784.199779477707,-0.136910020944264,0.0326982242556976,18004652.5242559,0
main,8003,한정식,M1,raw_ridge,ticket,16,0.597353689379499,0.0359601833902978,0.556148402529642,0.664570107980531,55375.3082235112,-0.251096880288657,0.0186265562552932,135723390433.703,0
main,8003,한정식,M2,log_ridge_smear,amt,16,1.0904108343341,0.152812172126292,0.902031977031372,1.4083341883045,71259711.0372762,-0.746521679049397,-0.217010734103418,1.86042936143865e+17,0
main,8003,한정식,M2,log_ridge_smear,cnt,16,0.973306905563722,0.0854884597384385,0.884473464284005,1.16614728865665,802.613207000484,-0.478475711561012,-0.204349806117878,23413850.6670028,0
main,8003,한정식,M2,log_ridge_smear,ticket,16,0.631426733638216,0.121159241719703,0.533988855583913,0.952328279740795,58533.9148605602,-0.354749406140508,-0.109402789826389,146967981046.37,0
main,8003,한정식,M2,raw_ridge,amt,16,1.11299927550446,0.109034204814346,0.897204858913443,1.32185855543529,72735893.903311,-0.417729014761425,0.00406574428941022,1.51019292646927e+17,0.5
main,8003,한정식,M2,raw_ridge,cnt,16,0.976242002357623,0.0753559952153084,0.852914686672946,1.11899561481844,805.033561194155,-0.239357084277593,0.00696174701827206,19627053.3681811,0
main,8003,한정식,M2,raw_ridge,ticket,16,0.719560201693658,0.0545802155139099,0.646997199917698,0.808985574469521,66703.9790037091,-0.563447693778968,-0.00109116648260748,169608305406.754,0
main,8003,한정식,M3,log_ridge_smear,amt,16,1.21102613361359,0.196421220529756,0.8968201372053,1.49485539586651,79142071.6143149,-1.1657453970752,-0.0914856705008481,2.30699473957422e+17,0
main,8003,한정식,M3,log_ridge_smear,cnt,16,1.06712390058022,0.13225495174103,0.89350626632771,1.27527853463414,879.977046515966,-0.833679549241361,-0.111127583445953,29039029.0495499,0
main,8003,한정식,M3,log_ridge_smear,ticket,16,0.662588432796198,0.0871285808290469,0.564765701350884,0.850860330477005,61422.6367791175,-0.418082836297972,-0.0876817769366157,153838614331.606,0
main,8003,한정식,M3,raw_ridge,amt,16,1.13845056030121,0.103732046340617,0.921423201598128,1.33676658150369,74399167.1788847,-0.451991596145263,0.0153748828341281,1.54669010435708e+17,0.9
main,8003,한정식,M3,raw_ridge,cnt,16,0.988856876522572,0.0743650863740252,0.867878966033219,1.13600509828773,815.436101802426,-0.249896025920555,0.00440939364179904,19793953.1040963,0
main,8003,한정식,M3,raw_ridge,ticket,16,0.747153779589472,0.0756989792552531,0.66375378196384,0.873625136181298,69261.9323705952,-0.66491344977489,0.0183359849352578,180615667533.265,0
main,8003,한정식,M4,log_ridge_smear,amt,16,2.86783063170341,2.44905080219212,1.24702441211315,9.44012104652078,187416316.570108,-83.8959419085328,1.45892910034778,9.04328328060546e+18,0
main,8003,한정식,M4,log_ridge_smear,cnt,16,3.21603015822711,3.1232981578083,1.16254103988026,11.4466000988355,2652.01886922803,-143.509179635889,1.92327822595513,2288516696.99287,0
main,8003,한정식,M4,log_ridge_smear,ticket,16,0.723606225666971,0.0742434437123663,0.647845101190138,0.899090661726058,67079.0496336983,-0.63348307289206,0.00721597093029925,177205989689.481,0
main,8003,한정식,M4,raw_ridge,amt,16,1.31138126937917,0.144451694150596,1.05242205803868,1.5934785399298,85700405.1805158,-0.655477127308216,0.0204221328388147,1.76344690809143e+17,1.4
main,8003,한정식,M4,raw_ridge,cnt,16,1.16266089133155,0.157743240627073,0.995445859580985,1.54763081080747,958.759237514279,-0.548269963301587,0.00591287169181771,24519145.9213588,1.1
main,8003,한정식,M4,raw_ridge,ticket,16,0.647748133562336,0.087417435111497,0.537534098240854,0.770337731014967,60046.9256069677,-0.431087412149288,0.00697461463822122,155249396464.87,0
main,8003,한정식,M5,log_ridge_smear,amt,16,2.43367789779182,1.74967263927019,1.15559617854908,6.69409122219171,159043892.718068,-45.1746393934864,1.03072500555548,4.91861371730811e+18,0
main,8003,한정식,M5,log_ridge_smear,cnt,16,2.22233173851143,1.65013952028655,0.894268094117903,5.7537186377981,1832.59030986999,-43.1716651182569,0.942120070834466,699523680.169057,0
main,8003,한정식,M5,log_ridge_smear,ticket,16,0.767794450035525,0.0764391902063548,0.691208713411637,0.92008091397076,71175.3439862117,-0.765170150700951,0.0388372185799531,191491867112.824,0
main,8003,한정식,M5,raw_ridge,amt,16,1.34048915042443,0.142237062697864,1.08829020688331,1.61164098941414,87602641.5916748,-0.722793006456758,0.033912519146681,1.83515311108982e+17,1.5
main,8003,한정식,M5,raw_ridge,cnt,16,1.18012848968595,0.158600874887042,1.00473252882904,1.55999295894012,973.163455807279,-0.579537918032789,0.0117657067502773,25014320.2532834,1.1
main,8003,한정식,M5,raw_ridge,ticket,16,0.665032983878053,0.0972884043115934,0.554658794230611,0.803336185161247,61649.2492066166,-0.515932767379804,0.0229510121754553,164453719052.406,0
main,8003,한정식,M6,log_ridge_smear,amt,16,2.02729794987583,1.18174697278339,1.13549045868556,5.12628232788343,132486455.146823,-21.2413192086684,0.610608903663111,2.36918921701891e+18,0
main,8003,한정식,M6,log_ridge_smear,cnt,16,1.7266266442589,1.03318886444893,0.918402672644938,4.33313789127234,1423.81949652199,-16.9354381576129,0.442511766260731,284034203.190414,0
main,8003,한정식,M6,log_ridge_smear,ticket,16,0.791591517123663,0.0875513226671265,0.679804639241029,0.955483088892128,73381.3568530446,-0.829632400365213,0.0446033945448275,198484958708.895,0
main,8003,한정식,M7,log_ridge_smear,amt,16,1.76615387919671,0.708066397148886,1.05292441614706,3.0761511347347,115420363.697854,-8.35806865596607,0.358798416447965,9.96839942083853e+17,0
main,8003,한정식,M7,log_ridge_smear,cnt,16,1.57716227752148,0.642683795925212,0.935364294365835,2.77921535085716,1300.56744310115,-8.17321539936104,0.293077211368366,145271439.914369,0
main,8003,한정식,M7,log_ridge_smear,ticket,16,0.780627353626574,0.0605992958651971,0.698562168575611,0.873057757852784,72364.9674946814,-0.770206349882909,0.0479400637872655,192038211715.423,0
main,8003,한정식,M8,log_ridge_smear,amt,16,1.40491584082561,0.480876925601108,0.93410331084596,2.6332961880503,91813006.3427549,-3.62421930180077,0.0713931026154939,4.92580966271427e+17,0
main,8003,한정식,M8,log_ridge_smear,cnt,16,1.18929088873921,0.19466817510728,0.927801875615796,1.5131891137975,980.718999126571,-1.74310368331824,0.0237374594149454,43441105.9330197,0
main,8003,한정식,M8,log_ridge_smear,ticket,16,0.74644524560497,0.140401958716219,0.587172842688879,1.05666218560346,69196.2505333919,-0.673225818391088,0.00757779559232135,181517422520.348,0
main,8003,한정식,M9,log_ridge_smear,amt,16,1.15005807640137,0.370217108745274,0.789048192168697,2.11282414384625,75157732.8654248,-1.74077384614164,-0.0975079549559792,2.91952639213751e+17,0
main,8003,한정식,M9,log_ridge_smear,cnt,16,0.832087053762792,0.081676053530514,0.676274341702036,0.921688025663493,686.159786709142,-0.386926922675747,-0.177842882267629,21964040.1256843,0
main,8003,한정식,M9,log_ridge_smear,ticket,16,0.794014767092277,0.142462677333608,0.646372761094803,1.12160291297219,73605.9946451941,-0.760984962280482,0.0281848508908179,191037843151.147,0
main,8003,한정식,M9,raw_ridge,amt,16,1.10810136218655,0.103688629696365,0.949917659444646,1.27503719888017,72415809.1455937,-0.51554862168346,-0.0730010164624045,1.61439230230593e+17,1.1
main,8003,한정식,M9,raw_ridge,cnt,16,0.818049345163954,0.0331244542322215,0.774692698344779,0.877987394849068,674.583941255826,-0.236782321678416,-0.0660348717550833,19586278.1924182,0
main,8003,한정식,M9,raw_ridge,ticket,16,0.796933617317239,0.0978775396051521,0.690607622343052,0.975647227976033,73876.5750965067,-0.842982838886496,0.00506478594391731,199933261241.203,0.9
main,8003,한정식,M9_alpha10,log_ridge_smear,amt,16,0.91934861532845,0.0868293169859038,0.778299219984274,1.04434375307606,60080581.1974834,-0.291791874048769,-0.306597161672382,1.37604219871823e+17,0
main,8003,한정식,M9_alpha10,log_ridge_smear,cnt,16,0.724223884550844,0.0322234703805588,0.686409596842416,0.784033344554058,597.21312079774,-0.185704221234683,-0.307320698937284,18777380.8890726,0
main,8003,한정식,M9_alpha10,log_ridge_smear,ticket,16,0.6150980822541,0.0933414828807974,0.515662360285504,0.800358440621269,57020.23189627,-0.315195427150683,-0.0784796711152239,142677026270.426,0
main,8003,한정식,M9_broad_supply,log_ridge_smear,amt,16,1.10160050463024,0.363549595377607,0.754427283711102,2.05469729093172,71990969.9782166,-1.59372573373185,-0.118126604855311,2.76288784069381e+17,0
main,8003,한정식,M9_broad_supply,log_ridge_smear,cnt,16,0.808261311542964,0.0790592354778579,0.666974731106934,0.89586039530486,666.512484031117,-0.350282543577585,-0.176639337040874,21383722.1581449,0
main,8003,한정식,M9_broad_supply,log_ridge_smear,ticket,16,0.788613309553573,0.138757528912871,0.651150928981348,1.10664376535886,73105.2739141099,-0.741722239798086,0.0141605137284503,188948155257.679,0
main,8003,한정식,M9_taxable_pay,log_ridge_smear,amt,16,1.14842400642461,0.364073315879527,0.789486249463197,2.09204624190814,75050944.3498564,-1.69802780218429,-0.0992779894389092,2.87399246248891e+17,0
main,8003,한정식,M9_taxable_pay,log_ridge_smear,cnt,16,0.831987818761505,0.0813379521600671,0.676730797224404,0.921571062734581,686.077955046206,-0.385884688352589,-0.178109539481099,21947534.8029308,0
main,8003,한정식,M9_taxable_pay,log_ridge_smear,ticket,16,0.793953049425912,0.141295399452455,0.646942660457246,1.11834320927979,73600.2733533388,-0.759369149415471,0.0279496166032783,190862554087.765,0
main,8003,한정식,M9_workplace,log_ridge_smear,amt,16,1.15158776079711,0.336533837251524,0.807716601181893,2.01992202461929,75257699.6527921,-1.56438797937303,-0.103934779705514,2.73163668574822e+17,0
main,8003,한정식,M9_workplace,log_ridge_smear,cnt,16,0.826469562069771,0.0765617885438997,0.682418601565522,0.922753098878722,681.527462621785,-0.36690401860332,-0.189816908079432,21646947.8108051,0
main,8003,한정식,M9_workplace,log_ridge_smear,ticket,16,0.769742551122632,0.143154038335822,0.616537891592372,1.08467662577016,71355.9349829145,-0.778127796017498,0.0150300218280261,192897558056.592,0
main,8003,한정식,without_M1,log_ridge_smear,amt,16,1.18099645319151,0.459572947874012,0.780201473741546,2.41271666038634,77179594.4616315,-2.53478168665438,-0.0613049945209439,3.76531921419192e+17,0
main,8003,한정식,without_M1,log_ridge_smear,cnt,16,0.83947557915898,0.0880420115074343,0.691377298368219,0.942652254654902,692.252549463974,-0.424088938291574,-0.166868891297122,22552555.6334535,0
main,8003,한정식,without_M1,log_ridge_smear,ticket,16,0.793434636475477,0.152130008940841,0.634914886365977,1.14032320514322,73552.2159337099,-0.79371049362788,0.0314041975664071,194588023907.084,0
main,8003,한정식,without_M2,log_ridge_smear,amt,16,1.15169611803826,0.577096040232354,0.75140734621742,2.74047105498377,75264780.933948,-3.69292755846125,0.0331954984964127,4.99899905371799e+17,0
main,8003,한정식,without_M2,log_ridge_smear,cnt,16,0.81120866068699,0.0879816274405009,0.65902192587601,0.941082395374725,668.942941819009,-0.428712204801426,-0.103484221869835,22625771.8999156,0
main,8003,한정식,without_M2,log_ridge_smear,ticket,16,0.791537487453235,0.182410145404616,0.597687898589246,1.21671375624979,73376.3482464077,-0.8873204820113,0.0672210618983139,204743164729.532,0
main,8003,한정식,without_M3,log_ridge_smear,amt,16,1.10678934047289,0.276360655745953,0.793910843314989,1.80171604776887,72330066.8865789,-1.10512374747607,-0.137619158039184,2.24241936200751e+17,0
main,8003,한정식,without_M3,log_ridge_smear,cnt,16,0.827413204435903,0.081876064300717,0.68600373207807,0.952531903564588,682.305613707956,-0.391889665288878,-0.177017178089075,22042632.4985816,0
main,8003,한정식,without_M3,log_ridge_smear,ticket,16,0.77482978612271,0.114594075853352,0.647162771072101,1.04110418735883,71827.5269578923,-0.664672940510974,0.00690914584988276,180589576242.299,0
main,8003,한정식,without_M4,log_ridge_smear,amt,16,1.30435089184632,0.252698527059722,0.907849166198042,1.77008442728601,85240961.2207719,-1.68007244986733,0.0100655476259268,2.85486606683853e+17,0
main,8003,한정식,without_M4,log_ridge_smear,cnt,16,0.854324204885087,0.196004467401715,0.713771046712503,1.39434241482795,704.497097453365,-0.77952947012146,-0.142430310920855,28181482.4181067,0
main,8003,한정식,without_M4,log_ridge_smear,ticket,16,0.856333151751241,0.164893072217446,0.691049300324504,1.19651126582142,79382.9737110907,-0.921085408059426,0.0259405774609737,208406102678.78,0
main,8003,한정식,without_M5,log_ridge_smear,amt,16,1.09849227603446,0.372544722338939,0.776825523369396,2.07721354075441,71787843.3541971,-1.57192853851239,-0.126215096804545,2.73966903816205e+17,0
main,8003,한정식,without_M5,log_ridge_smear,cnt,16,0.812046553731996,0.0764685173798057,0.691471434302592,0.893956189818375,669.633889371247,-0.350085714506717,-0.171551202411958,21380605.0785499,0
main,8003,한정식,without_M5,log_ridge_smear,ticket,16,0.781668213966694,0.140542804955403,0.643800575213001,1.12749716705842,72461.4563306534,-0.728349925182241,0.0118511590950467,187497479529.681,0
main,8003,한정식,without_M6,log_ridge_smear,amt,16,1.13181181191966,0.324542489244386,0.788345348798569,1.95734480770977,73965316.6737148,-1.37481605519234,-0.113340876500949,2.52970093076684e+17,0
main,8003,한정식,without_M6,log_ridge_smear,cnt,16,0.831709011440534,0.077789874959915,0.684635313390809,0.929626550958671,685.84804355915,-0.37420023609339,-0.182496054304666,21762494.2113382,0
main,8003,한정식,without_M6,log_ridge_smear,ticket,16,0.795127287674025,0.140496880385781,0.65680084473684,1.12215021928564,73709.1264600881,-0.742300681208987,0.0300830318512348,189010906616.66,0
main,8003,한정식,without_M7,log_ridge_smear,amt,16,1.11371936662468,0.38055418256523,0.782180116939701,2.12756387250861,72782952.758131,-1.72698778189517,-0.131924526627963,2.90484120442386e+17,0
main,8003,한정식,without_M7,log_ridge_smear,cnt,16,0.785495537371427,0.069556366183456,0.671961982846022,0.877061029316135,647.739257504913,-0.254090783769894,-0.22166041463515,19860383.3018335,0
main,8003,한정식,without_M7,log_ridge_smear,ticket,16,0.794528865063706,0.174368538401431,0.644467567793261,1.23170970227335,73653.6520617819,-0.819026561320148,0.032971997027128,197334399982.173,0
main,8003,한정식,without_M8,log_ridge_smear,amt,16,1.02543658565686,0.113861061022992,0.851092772377715,1.26033445055856,67013562.6684081,-0.462480275850576,-0.18411317808943,1.55786285298114e+17,0
main,8003,한정식,without_M8,log_ridge_smear,cnt,16,0.661942327064583,0.065520641046522,0.564174682461747,0.774723807910742,545.854191455631,-0.054587967806004,-0.310662955469596,16700960.9967534,0
main,8003,한정식,without_M8,log_ridge_smear,ticket,16,0.901578357955076,0.0690082003959685,0.766478870076274,0.987854064580345,83577.2513789431,-1.04825584947598,0.132284770835191,222201999498.556,0
main,8003,한정식,without_M9,log_ridge_smear,amt,16,1.40491584082561,0.480876925601108,0.93410331084596,2.6332961880503,91813006.3427549,-3.62421930180077,0.0713931026154939,4.92580966271427e+17,0
main,8003,한정식,without_M9,log_ridge_smear,cnt,16,1.18929088873921,0.19466817510728,0.927801875615796,1.5131891137975,980.718999126571,-1.74310368331824,0.0237374594149454,43441105.9330197,0
main,8003,한정식,without_M9,log_ridge_smear,ticket,16,0.74644524560497,0.140401958716219,0.587172842688879,1.05666218560346,69196.2505333919,-0.673225818391088,0.00757779559232135,181517422520.348,0
main,8004,일식회집,M1,log_ridge_smear,amt,239,0.705746646701377,0.0063528488715235,0.697097450547464,0.713352194679579,1274127445.25921,0.0875098240884496,0.310179145467283,9.59679254473566e+20,0
main,8004,일식회집,M1,log_ridge_smear,cnt,239,0.740816166231013,0.00827225300209895,0.730711490398417,0.753027784695217,26611.5952237012,0.0541697402980268,0.331860617580994,499561291391.834,0
main,8004,일식회집,M1,log_ridge_smear,ticket,239,0.193426468977942,0.00154754735863129,0.191766304148453,0.19738112604311,11602.0264775345,0.290184890917477,-0.00277855361395669,61988135589.2957,0
main,8004,일식회집,M1,raw_ridge,amt,239,0.527431391841854,0.00406891980870661,0.521695966724531,0.53327248626072,952204045.145569,0.398720382879448,0.000263111714916276,6.3237456130633e+20,0
main,8004,일식회집,M1,raw_ridge,cnt,239,0.548529334953545,0.0047469477722804,0.542278660703887,0.556379628966288,19704.2684750994,0.372739266953046,0.000422773396041468,331301709398.747,0.1
main,8004,일식회집,M1,raw_ridge,ticket,239,0.210321903983456,0.000967497895779197,0.208953593946893,0.211724963969584,12615.4414735234,0.216875485601388,-0.000230054034424398,68390244108.2002,0
main,8004,일식회집,M2,log_ridge_smear,amt,239,0.524986493814594,0.00652966936022714,0.512427008921397,0.533465700128252,947790121.690244,0.459369380259144,0.16612116271005,5.68589124348861e+20,0
main,8004,일식회집,M2,log_ridge_smear,cnt,239,0.467834685576576,0.00781647366956337,0.45575981369554,0.477428265190562,16805.5556178145,0.553179926623992,0.140405138782017,235997961141.406,0
main,8004,일식회집,M2,log_ridge_smear,ticket,239,0.172006496817463,0.00242959279149413,0.167534989540222,0.175120670346145,10317.2225648793,0.374420500179976,-0.0012042890198111,54631841955.0845,0
main,8004,일식회집,M2,raw_ridge,amt,239,0.502559197164707,0.00661989139473146,0.492061405342304,0.513118728114131,907300755.827649,0.538900876990116,-0.0042930576527205,4.84944686847164e+20,26.8
main,8004,일식회집,M2,raw_ridge,cnt,239,0.506668276291662,0.00735521405107191,0.494919677687767,0.517933193916396,18200.5357009981,0.575618197729431,-0.0054213076919567,224146689123.988,40.4
main,8004,일식회집,M2,raw_ridge,ticket,239,0.172260377231567,0.00162052949196809,0.170002240900263,0.175316223091849,10332.4507148948,0.391101342316451,0.000790695969579831,53175104431.6525,0
main,8004,일식회집,M3,log_ridge_smear,amt,239,0.446751271165065,0.0118669291729493,0.433693621541385,0.465261666244729,806547304.838563,0.629356687906366,0.168151847675839,3.89810988452889e+20,0
main,8004,일식회집,M3,log_ridge_smear,cnt,239,0.369117692251356,0.0120182248029424,0.356670550146315,0.39059609866712,13259.4441966277,0.761080193294426,0.142384816011562,126190810615.99,0
main,8004,일식회집,M3,log_ridge_smear,ticket,239,0.171514399098653,0.00243397809965323,0.166682006406679,0.174056588554483,10287.7057629993,0.376704152581086,-0.00106173264771415,54432410648.4421,0
main,8004,일식회집,M3,raw_ridge,amt,239,0.403962182888181,0.00595669685435187,0.395793751472303,0.411928610692029,729297555.249225,0.713026560878421,-0.00762701580513106,3.01814160174156e+20,21.4
main,8004,일식회집,M3,raw_ridge,cnt,239,0.389385268617882,0.00618028255225888,0.380631691350608,0.398677131400989,13987.4959900645,0.761292163282105,-0.00940033399849645,126078853951.783,34.6
main,8004,일식회집,M3,raw_ridge,ticket,239,0.172640423611652,0.00163990410066984,0.170518978554004,0.175505715681012,10355.2464997103,0.38979815355782,0.000810113311376472,53288911873.1043,0
main,8004,일식회집,M4,log_ridge_smear,amt,239,0.353569655681388,0.0114347492426458,0.336558909089577,0.367221057146112,638320853.836267,0.628178174705532,0.130871817079366,3.91050448010724e+20,0
main,8004,일식회집,M4,log_ridge_smear,cnt,239,0.301049793427439,0.014773586147104,0.270488073608805,0.316758005988975,10814.3094198779,0.760357198963779,0.123014000582206,126572676154.528,0
main,8004,일식회집,M4,log_ridge_smear,ticket,239,0.164876528129342,0.00196205110723856,0.161817781713299,0.167684525620169,9889.55573137574,0.415956637999779,0.000555378689641578,51004492085.9648,0
main,8004,일식회집,M4,raw_ridge,amt,239,0.368463204546699,0.00755327807484048,0.354864601840077,0.382356099885466,665209085.54845,0.76854426772601,-0.00481554929856305,2.43425376465496e+20,30.5
main,8004,일식회집,M4,raw_ridge,cnt,239,0.366696881997938,0.00618215824458048,0.353963836336407,0.374856297770664,13172.4838608334,0.782235307302189,-0.00732973602026577,115017266563.181,39.4
main,8004,일식회집,M4,raw_ridge,ticket,239,0.164249798679359,0.00114254848270125,0.162489274702742,0.165852026050432,9851.96350466877,0.440700591233986,0.00214144852133658,48843603273.5531,0
main,8004,일식회집,M5,log_ridge_smear,amt,239,0.354747089700887,0.0125019845396007,0.334231056599565,0.370198969486527,640446547.250806,0.642013238284109,0.126022628087868,3.76499909439259e+20,0
main,8004,일식회집,M5,log_ridge_smear,cnt,239,0.298478681350109,0.0145493473098675,0.272060678391397,0.320863590907488,10721.9499425938,0.777297252846695,0.113765682931079,117625409869.494,0
main,8004,일식회집,M5,log_ridge_smear,ticket,239,0.165114030510257,0.002489738140982,0.160415887184642,0.168251254133228,9903.80150097708,0.430597761922178,0.000589012867537743,49725883102.7686,0
main,8004,일식회집,M5,raw_ridge,amt,239,0.346316985745865,0.00805963227059896,0.332163013550644,0.356805937752388,625227166.661915,0.802987139133416,-0.00248956566323457,2.07201305207777e+20,29.2
main,8004,일식회집,M5,raw_ridge,cnt,239,0.339017320352385,0.0074621030917057,0.326561262348954,0.349933393822205,12178.1787632159,0.821463455890997,-0.00425282292214428,94298047266.781,39
main,8004,일식회집,M5,raw_ridge,ticket,239,0.164888805800025,0.00146480611618516,0.162617012683647,0.166862091937058,9890.2921655417,0.440621459469186,0.00182973240030719,48850513848.5791,0
main,8004,일식회집,M6,log_ridge_smear,amt,239,0.228037837365266,0.00760604673516565,0.216601245412374,0.239089908723303,411690609.516395,0.806946215259508,0.0825791577235263,2.03037486982231e+20,0
main,8004,일식회집,M6,log_ridge_smear,cnt,239,0.230514580185416,0.0106036973686373,0.212388041967395,0.248747639098927,8280.54378492435,0.849618107476301,0.0931975743275253,79427541739.6338,0
main,8004,일식회집,M6,log_ridge_smear,ticket,239,0.137306227895104,0.00189119631762125,0.133874212610101,0.139552263624636,8235.84538345184,0.593348494602856,0.00293469741309434,35512865718.978,0
main,8004,일식회집,M7,log_ridge_smear,amt,239,0.225537205921337,0.00608633473704855,0.213728721231165,0.234043140854984,407176067.126319,0.819899998948027,0.0754648116757501,1.89413803351456e+20,0
main,8004,일식회집,M7,log_ridge_smear,cnt,239,0.22780022790133,0.00718818818826043,0.214969541668573,0.237890680567049,8183.03883353254,0.859693725965461,0.0842817729884834,74105879705.2616,0
main,8004,일식회집,M7,log_ridge_smear,ticket,239,0.137417347729252,0.00192342077894886,0.133929063625468,0.140193315668426,8242.51052739402,0.591750726897403,0.00256292300393705,35652398732.4325,0
main,8004,일식회집,M8,log_ridge_smear,amt,239,0.23183771279921,0.00928708203153465,0.218189192525717,0.249663471547399,418550756.286603,0.837079616242481,0.0596013514820047,1.71345748754799e+20,0
main,8004,일식회집,M8,log_ridge_smear,cnt,239,0.220991535867335,0.00694908304765073,0.209907624891378,0.229111134592481,7938.45702677563,0.855082587477236,0.0611408590486382,76541355071.3066,0
main,8004,일식회집,M8,log_ridge_smear,ticket,239,0.144921473508828,0.00225047897219425,0.140849409662709,0.149121609947577,8692.61989683778,0.543617610366788,0.00468099054381315,39855862586.1277,0
main,8004,일식회집,M9,log_ridge_smear,amt,239,0.23375241559855,0.00843224753711504,0.224047281927282,0.253542339480153,422007485.975022,0.853904485166814,0.0617016014925767,1.53650788203811e+20,0
main,8004,일식회집,M9,log_ridge_smear,cnt,239,0.224943881111754,0.00917359679080541,0.215331695128457,0.239982155983516,8080.43315610862,0.868362037468453,0.0625542980739495,69527518160.7856,0
main,8004,일식회집,M9,log_ridge_smear,ticket,239,0.145807636102212,0.00367256689268137,0.141375813490476,0.152788275511292,8745.77333507282,0.516126535005001,0.00614717520049001,42256657504.7153,0
main,8004,일식회집,M9,raw_ridge,amt,239,0.338571598838154,0.0103144715249484,0.318979119114943,0.351279373928334,611243947.500491,0.809990278031246,-0.00207268413469587,1.99836001674805e+20,31.8
main,8004,일식회집,M9,raw_ridge,cnt,239,0.333274748315654,0.00886115906834662,0.318297658763016,0.344840906530434,11971.8941145399,0.810731110019988,-0.00369437894235525,99966574476.5943,38.4
main,8004,일식회집,M9,raw_ridge,ticket,239,0.141085311026763,0.00307235746934053,0.134536428131254,0.14604260619976,8462.52078514835,0.591765253145688,0.00339999617407445,35651130155.5359,0
main,8004,일식회집,M9_alpha10,log_ridge_smear,amt,239,0.203787984867558,0.00687151946732798,0.193481448049764,0.216346963962608,367910872.474454,0.903115333819565,0.0170779555266652,1.01895019436322e+20,0
main,8004,일식회집,M9_alpha10,log_ridge_smear,cnt,239,0.189209976133227,0.0057765999455586,0.17626969813775,0.195351971037391,6796.79997098425,0.933997016276207,0.0181224709008777,34860944071.679,0
main,8004,일식회집,M9_alpha10,log_ridge_smear,ticket,239,0.137622385126332,0.00270424041680377,0.134013328932337,0.141719053800643,8254.80899575972,0.564473627504056,0.00159995264966529,38034507135.0883,0
main,8004,일식회집,M9_broad_supply,log_ridge_smear,amt,239,0.237015259626371,0.00853336739432358,0.227107854891036,0.254371006339163,427898097.209065,0.85870685992964,0.0553671193213496,1.48600060476811e+20,0
main,8004,일식회집,M9_broad_supply,log_ridge_smear,cnt,239,0.224546308613829,0.00900504229732483,0.215413570089355,0.238838783819864,8066.15155850165,0.875177065185126,0.0566148298384528,65928009673.8344,0
main,8004,일식회집,M9_broad_supply,log_ridge_smear,ticket,239,0.146609776027724,0.00385381951796448,0.142361239688879,0.153741077883185,8793.88696038819,0.513186656209149,0.00581722763853064,42513397045.8741,0
main,8004,일식회집,M9_taxable_pay,log_ridge_smear,amt,239,0.233700854811623,0.00845776611815849,0.223902144876432,0.253551433151118,421914400.143115,0.854304240705479,0.0614811580116659,1.53230359461184e+20,0
main,8004,일식회집,M9_taxable_pay,log_ridge_smear,cnt,239,0.224918863779997,0.00921165704898967,0.215282345978372,0.240021516948696,8079.53448362194,0.868612790766096,0.0624322100007843,69395077228.6983,0
main,8004,일식회집,M9_taxable_pay,log_ridge_smear,ticket,239,0.145790302503159,0.00367002890857973,0.141289806905126,0.15275926216159,8744.7336383021,0.516005471875628,0.00611915331154227,42267229944.7528,0
main,8004,일식회집,M9_workplace,log_ridge_smear,amt,239,0.234262955852842,0.00917434941727771,0.223165667407962,0.254228878943247,422929195.419825,0.853870729170085,0.061253036268222,1.5368628987893e+20,0
main,8004,일식회집,M9_workplace,log_ridge_smear,cnt,239,0.225238773793758,0.00736393612154448,0.217066865116156,0.236955383676646,8091.02628979773,0.870804622855493,0.0620727455098932,68237412353.9896,0
main,8004,일식회집,M9_workplace,log_ridge_smear,ticket,239,0.146862354229702,0.00393285052777214,0.14159792024181,0.153216052566212,8809.03700165439,0.514433287793022,0.00617897642925251,42404528741.0688,0
main,8004,일식회집,without_M1,log_ridge_smear,amt,239,0.401991123039876,0.018706517482594,0.376683308245738,0.429479394048143,725739080.744653,0.434954773807118,0.0992827102095619,5.9426632278526e+20,0
main,8004,일식회집,without_M1,log_ridge_smear,cnt,239,0.384540221077643,0.0180484692538854,0.350955037310385,0.413914003228442,13813.4522125962,0.627412826932281,0.0923228776423922,196790203553.427,0
main,8004,일식회집,without_M1,log_ridge_smear,ticket,239,0.145285772194091,0.00384866047987626,0.140549063320549,0.152916012847791,8714.47110993436,0.520244926338546,0.00539930235214252,41896998493.3376,0
main,8004,일식회집,without_M2,log_ridge_smear,amt,239,0.225049293758031,0.014550588324024,0.210866003260302,0.261021859337141,406295209.553632,0.841502179408894,0.0687546736029031,1.6669447443487e+20,0
main,8004,일식회집,without_M2,log_ridge_smear,cnt,239,0.24721679693489,0.0168820606660083,0.220532330659698,0.277388211606804,8880.5207451152,0.776153837542482,0.0763594279555402,118229330097.368,0
main,8004,일식회집,without_M2,log_ridge_smear,ticket,239,0.143917390137284,0.00371638525026481,0.136767660416367,0.148137495839414,8632.39338324911,0.531430056890154,0.00455029650302694,40920201324.1238,0
main,8004,일식회집,without_M3,log_ridge_smear,amt,239,0.221833870858013,0.010437490231529,0.206698058967512,0.244718282973634,400490210.572516,0.884921262493469,0.0562859083655936,1.21029990164773e+20,0
main,8004,일식회집,without_M3,log_ridge_smear,cnt,239,0.214382957308278,0.0130079011160775,0.198297782983045,0.242502619511932,7701.06369542814,0.907058322847032,0.0514404379398368,49089214250.017,0
main,8004,일식회집,without_M3,log_ridge_smear,ticket,239,0.146319930194306,0.00403856300682531,0.139928559547753,0.152354931027964,8776.50154746364,0.519968548353108,0.00635610668708946,41921134575.8414,0
main,8004,일식회집,without_M4,log_ridge_smear,amt,239,0.22461536545596,0.00504878218549838,0.214296314412199,0.230816417015343,405511812.336619,0.880159901912597,0.0600861980698955,1.26037582677171e+20,0
main,8004,일식회집,without_M4,log_ridge_smear,cnt,239,0.205724823295809,0.00852137808394155,0.192459304494976,0.216750403474227,7390.04624165873,0.90872028054528,0.0620985962840114,48211414321.902,0
main,8004,일식회집,without_M4,log_ridge_smear,ticket,239,0.144042806487892,0.00395740529969188,0.13808248481333,0.151417494215836,8639.91605492979,0.538662214985205,0.00612653299761284,40288617139.9287,0
main,8004,일식회집,without_M5,log_ridge_smear,amt,239,0.233810725745302,0.00856567799512488,0.22428178289173,0.254013864806441,422112756.837676,0.856202797664518,0.0685078862583554,1.51233619359072e+20,0
main,8004,일식회집,without_M5,log_ridge_smear,cnt,239,0.227247739026809,0.0083979183607278,0.218020846313284,0.240313691425927,8163.19233049369,0.875012577547597,0.0715337689453417,66014887478.577,0
main,8004,일식회집,without_M5,log_ridge_smear,ticket,239,0.146315075582016,0.00346517340384065,0.141701496291854,0.153102637936197,8776.21036011673,0.510445785592361,0.00577604306558982,42752757207.77,0
main,8004,일식회집,without_M6,log_ridge_smear,amt,239,0.355755083141952,0.0138537080086247,0.333610555878972,0.376783780703792,642266339.259603,0.637634923234195,0.110225647533869,3.8110464736836e+20,0
main,8004,일식회집,without_M6,log_ridge_smear,cnt,239,0.300215119034138,0.0109587954767274,0.280575472140443,0.317690554986545,10784.3262498141,0.74306267498065,0.0888323336339035,135707163708.078,0
main,8004,일식회집,without_M6,log_ridge_smear,ticket,239,0.167143886155388,0.00530601758079839,0.161211968262514,0.180039563697816,10025.5554629081,0.40003595087445,0.00420834408756785,52394845291.4288,0
main,8004,일식회집,without_M7,log_ridge_smear,amt,239,0.231967188000079,0.00867467893937833,0.220593755522745,0.25023705806367,418784505.759844,0.854797478479572,0.0619866313561285,1.52711614085271e+20,0
main,8004,일식회집,without_M7,log_ridge_smear,cnt,239,0.2250018655089,0.0103407795339816,0.213234141035856,0.239567286763587,8082.51607138032,0.857976104773777,0.0670411584422695,75013079545.6539,0
main,8004,일식회집,without_M7,log_ridge_smear,ticket,239,0.143807286608545,0.00317149324233581,0.138984920002312,0.148443757623877,8625.78919891776,0.524843275447888,0.00563467992594675,41495424781.4942,0
main,8004,일식회집,without_M8,log_ridge_smear,amt,239,0.223427124904504,0.00678147395959092,0.212821822876868,0.231756628183702,403366609.231147,0.849760606042168,0.0704274967748021,1.58008966443918e+20,0
main,8004,일식회집,without_M8,log_ridge_smear,cnt,239,0.214417502392526,0.00721691885849459,0.20256138327717,0.226232715270879,7702.30462379994,0.891743260799372,0.0704357148570543,57178204949.7711,0
main,8004,일식회집,without_M8,log_ridge_smear,ticket,239,0.138801083065663,0.00270328364790542,0.134920948443569,0.14532508740087,8325.50916814765,0.562867935764442,0.00368553408125059,38174732154.2464,0
main,8004,일식회집,without_M9,log_ridge_smear,amt,239,0.23183771279921,0.00928708203153465,0.218189192525717,0.249663471547399,418550756.286603,0.837079616242481,0.0596013514820047,1.71345748754799e+20,0
main,8004,일식회집,without_M9,log_ridge_smear,cnt,239,0.220991535867335,0.00694908304765073,0.209907624891378,0.229111134592481,7938.45702677563,0.855082587477236,0.0611408590486382,76541355071.3066,0
main,8004,일식회집,without_M9,log_ridge_smear,ticket,239,0.144921473508828,0.00225047897219425,0.140849409662709,0.149121609947577,8692.61989683778,0.543617610366788,0.00468099054381315,39855862586.1277,0
main,8005,중국음식,M1,log_ridge_smear,amt,251,0.339453995316147,0.00314023580213444,0.334911310186905,0.344770079283637,587452011.208883,0.513508641943232,0.0247957516406056,3.45451199723867e+20,0
main,8005,중국음식,M1,log_ridge_smear,cnt,251,0.297371720747832,0.00192916523634349,0.294668486068963,0.300510581049868,18203.0352828512,0.577396405198231,0.0329763094005065,326104825180.885,0
main,8005,중국음식,M1,log_ridge_smear,ticket,251,0.0839385536694088,0.00059401443353521,0.0831089361327914,0.084877469518154,2356.5049312346,-0.000808222533919778,-9.20682235720716e-05,2565251799.78169,0
main,8005,중국음식,M1,raw_ridge,amt,251,0.342786010649273,0.00422589197234412,0.338442060097218,0.350037459537532,593218327.516342,0.516620419079762,0.00044411280503983,3.43241567163525e+20,0
main,8005,중국음식,M1,raw_ridge,cnt,251,0.302508909212894,0.00222772882388774,0.299541618971391,0.30649821226735,18517.4983483001,0.590924271518728,0.000340357195766629,315665958744.868,0
main,8005,중국음식,M1,raw_ridge,ticket,251,0.0846748405306312,0.00074209445447659,0.0837156468367253,0.0860398809077333,2377.17557116613,-0.0159430883973874,9.13259716933172e-06,2604045187.98689,0
main,8005,중국음식,M2,log_ridge_smear,amt,251,0.303183387065258,0.00503187428767723,0.294956233823783,0.312852797803868,524682852.327987,0.621062392625868,0.00560731091600934,2.69078677185075e+20,0
main,8005,중국음식,M2,log_ridge_smear,cnt,251,0.270334741784777,0.00469086983506184,0.265513331796566,0.277128270995543,16548.0188583959,0.654475399736091,0.0177274470265584,266626315418.852,0
main,8005,중국음식,M2,log_ridge_smear,ticket,251,0.082172680618552,0.00144567429662138,0.0807146899329473,0.0852290109415652,2306.92951719224,0.0364964209650979,-0.000248351107537791,2469633276.95043,0
main,8005,중국음식,M2,raw_ridge,amt,251,0.352598416416533,0.00566606993548327,0.344710361705184,0.362058958117785,610199472.479464,0.632650374362215,-0.000607151636862999,2.60850201741669e+20,18.6
main,8005,중국음식,M2,raw_ridge,cnt,251,0.289674908067211,0.00426922466637606,0.283760795103429,0.296709317221358,17731.8897669343,0.698377669856724,-0.000769919589654124,232748841826.966,11.6
main,8005,중국음식,M2,raw_ridge,ticket,251,0.0824951363168161,0.00125715752290564,0.0812052444475702,0.0854382434847454,2315.98219215322,0.0426814850925388,-0.000258679814794421,2453779843.16817,0
main,8005,중국음식,M3,log_ridge_smear,amt,251,0.220225044661584,0.00414597244311644,0.216292610908239,0.229706263032487,381116873.538415,0.807144739748557,0.00368568456713808,1.36944017449834e+20,0
main,8005,중국음식,M3,log_ridge_smear,cnt,251,0.205197176764587,0.00404395637887295,0.19729456072982,0.210350956838514,12560.7486791074,0.770431346916588,0.0145806177916208,177148151131.78,0
main,8005,중국음식,M3,log_ridge_smear,ticket,251,0.0811397408216999,0.00121369662324078,0.0795662012835278,0.0836116534050655,2277.93059335401,0.0141737956878135,-0.000278844347325119,2526850187.62231,0
main,8005,중국음식,M3,raw_ridge,amt,251,0.234372954199615,0.00431422251139736,0.229917848559058,0.243548429473523,405600950.989844,0.816419558041602,-0.00183097543905823,1.30358089347532e+20,9.5
main,8005,중국음식,M3,raw_ridge,cnt,251,0.204849810525793,0.00194894537965238,0.201925488129954,0.20816580859264,12539.4853260053,0.794106682682727,-0.000487237328834267,158878923595.424,6.5
main,8005,중국음식,M3,raw_ridge,ticket,251,0.0774765351045823,0.000834089205574887,0.0764413068701333,0.0796049537480987,2175.08914613879,0.148620547154518,-0.000383206747494227,2182238939.02411,0
main,8005,중국음식,M4,log_ridge_smear,amt,251,0.208164884777343,0.00524686708185638,0.201101242249307,0.216694032403849,360245812.136118,0.81229778519079,0.0023676737028962,1.33284906756971e+20,0
main,8005,중국음식,M4,log_ridge_smear,cnt,251,0.197358309580172,0.00400952440841397,0.191858810260434,0.203839919571825,12080.9075712285,0.773423768910614,0.0108182014622551,174839029147.886,0
main,8005,중국음식,M4,log_ridge_smear,ticket,251,0.0736808605924536,0.000639310464677008,0.0728242632993005,0.0744811284268237,2068.52874791676,0.213613763212659,0.000151859240818748,2015649615.8023,0
main,8005,중국음식,M4,raw_ridge,amt,251,0.238283150180702,0.00308047828788129,0.234156591986989,0.24455982772968,412367854.679315,0.812007277876316,-0.00210048222772011,1.33491192230807e+20,10.2
main,8005,중국음식,M4,raw_ridge,cnt,251,0.215754162599395,0.00292424561921012,0.210703596010607,0.219802485382463,13206.9741680285,0.780514154341072,-0.00132333302264918,169367686902.562,9.8
main,8005,중국음식,M4,raw_ridge,ticket,251,0.0699720275779065,0.000499572448159904,0.0692805212654474,0.0707231929902345,1964.4063523567,0.332401321965523,0.000416570064217911,1711175699.59991,0
main,8005,중국음식,M5,log_ridge_smear,amt,251,0.197572404150094,0.004440666259933,0.192546898009264,0.204630141654149,341914685.874448,0.827545040021549,-0.00198598744403877,1.22458028978874e+20,0
main,8005,중국음식,M5,log_ridge_smear,cnt,251,0.182791083210225,0.00427918012644937,0.176767689661371,0.19172029777031,11189.2029568201,0.791564170716052,0.00505554838835229,160840869567.042,0
main,8005,중국음식,M5,log_ridge_smear,ticket,251,0.0719488889395293,0.000975390243157477,0.0704954279923926,0.0737953462418552,2019.90508736444,0.208089867529022,-0.000160598320208864,2029808355.73389,0
main,8005,중국음식,M5,raw_ridge,amt,251,0.212346571914594,0.0037203278833799,0.206564594518376,0.217947882319809,367482552.76348,0.842203530960404,-0.000129595978563762,1.12049224799503e+20,7.3
main,8005,중국음식,M5,raw_ridge,cnt,251,0.200262065555908,0.00542360535014605,0.189602451105146,0.207423768589178,12258.65538244,0.797788703533404,0.000540117356755622,156037668148.022,8.7
main,8005,중국음식,M5,raw_ridge,ticket,251,0.0687331232542097,0.000688673763968446,0.0677593107437682,0.0699700546275523,1929.62514609935,0.340976963183773,0.000533018719732901,1689194786.0002,0
main,8005,중국음식,M6,log_ridge_smear,amt,251,0.186984171694529,0.00562975397427927,0.181567118963872,0.199169727340608,323590911.410178,0.841554781213245,0.00189123828900944,1.12509893575557e+20,0
main,8005,중국음식,M6,log_ridge_smear,cnt,251,0.17900796132003,0.00564428581485107,0.16979390369327,0.189698666202816,10957.6264603282,0.789415859306177,0.00803313396056326,162498628103.337,0
main,8005,중국음식,M6,log_ridge_smear,ticket,251,0.0723541433965407,0.00106047671361256,0.0706841744220805,0.0745271041663249,2031.28226846423,0.200897682487925,-0.000123277143601041,2048243221.8807,0
main,8005,중국음식,M7,log_ridge_smear,amt,251,0.194086199128775,0.00741080768342541,0.18298951319843,0.206031497367441,335881532.1054,0.831027252500328,0.00970344020029843,1.1998535508947e+20,0
main,8005,중국음식,M7,log_ridge_smear,cnt,251,0.18791299802452,0.00676621481377022,0.175487631026714,0.197554689735752,11502.7310752501,0.77220043220581,0.0128991290479767,175783024909.315,0
main,8005,중국음식,M7,log_ridge_smear,ticket,251,0.071381545245279,0.0010951163459939,0.0695735256669141,0.0728096186253279,2003.97738603101,0.233774679099431,-0.000171416854321779,1963973555.79467,0
main,8005,중국음식,M8,log_ridge_smear,amt,251,0.196302302545802,0.0118063456900534,0.17905748521066,0.224536687335791,339716674.502729,0.812359921903465,0.0166679644918657,1.33240784283704e+20,0
main,8005,중국음식,M8,log_ridge_smear,cnt,251,0.180308850061109,0.00831902653737395,0.167063626732144,0.192047892085414,11037.2578509439,0.768165054422045,0.0149548506232663,178896950542.936,0
main,8005,중국음식,M8,log_ridge_smear,ticket,251,0.0737877456346093,0.00242315438543601,0.0704377337003143,0.0792739669181638,2071.52945638628,0.203193706974568,0.00103541190533746,2042358097.42419,0
main,8005,중국음식,M9,log_ridge_smear,amt,251,0.178572764612901,0.0089137979386249,0.167568997498889,0.199155665216311,309034305.580286,0.842978515430719,0.00748200842932834,1.11498918384798e+20,0
main,8005,중국음식,M9,log_ridge_smear,cnt,251,0.1632442810178,0.00886249104935555,0.150703990174723,0.177853010218132,9992.68323032816,0.798710161583393,0.00996592518119808,155326619023.027,0
main,8005,중국음식,M9,log_ridge_smear,ticket,251,0.0720459025833011,0.00155996220490779,0.0697207472709152,0.0745202525758963,2022.62866455217,0.218135200792737,-5.81136834301721e-05,2004060356.61283,0
main,8005,중국음식,M9,raw_ridge,amt,251,0.222708263539596,0.00619859986976543,0.214451968541861,0.236165172200909,385414280.386732,0.842724561116032,0.00237286660419461,1.11679248047865e+20,9.8
main,8005,중국음식,M9,raw_ridge,cnt,251,0.211161019240027,0.0065991017962602,0.201135510034312,0.226358364637402,12925.8137724821,0.790106772637455,0.00368899743798151,161965480316.893,9.4
main,8005,중국음식,M9,raw_ridge,ticket,251,0.0656332513887624,0.00153496981022498,0.0635255590790378,0.0688096303249855,1842.59882722933,0.344538789579042,0.000512571150901594,1680065183.17995,0
main,8005,중국음식,M9_alpha10,log_ridge_smear,amt,251,0.184411563793561,0.00654377342947921,0.174959613609147,0.195564998918577,319138809.781301,0.855876300042025,-0.0217656913947882,1.02340368918363e+20,0
main,8005,중국음식,M9_alpha10,log_ridge_smear,cnt,251,0.169641616050791,0.0066601160375058,0.159885975062104,0.181714129501579,10384.2837329883,0.820128285238032,-0.0156459835933705,138799183960.921,0
main,8005,중국음식,M9_alpha10,log_ridge_smear,ticket,251,0.0681968622246157,0.0015076660410042,0.0663190318993375,0.0709880954309598,1914.57006466866,0.289828207741651,-0.000414864565626535,1820298262.17098,0
main,8005,중국음식,M9_broad_supply,log_ridge_smear,amt,251,0.179398375401933,0.00939474318769612,0.167256916944203,0.201161176578018,310463090.408819,0.842027949764851,0.00767802548424485,1.12173902727792e+20,0
main,8005,중국음식,M9_broad_supply,log_ridge_smear,cnt,251,0.163752667575628,0.00938744967699503,0.149914979866863,0.178931612423947,10023.803131125,0.798368174293922,0.0100014865654835,155590515749.46,0
main,8005,중국음식,M9_broad_supply,log_ridge_smear,ticket,251,0.0718887803127174,0.0016343175627881,0.0693001215295095,0.0744836866975619,2018.21758776741,0.22052752574132,-0.000100063259278841,1997928396.72098,0
main,8005,중국음식,M9_taxable_pay,log_ridge_smear,amt,251,0.178597374567348,0.00897423238329295,0.167491058882005,0.199211003542049,309076895.054663,0.842985462331111,0.00752169160284467,1.11493985480985e+20,0
main,8005,중국음식,M9_taxable_pay,log_ridge_smear,cnt,251,0.163367949799929,0.00889288758168177,0.150701314744996,0.17801178323212,10000.2533758646,0.798735611767642,0.00999168682243912,155306980222.063,0
main,8005,중국음식,M9_taxable_pay,log_ridge_smear,ticket,251,0.0720791729007771,0.0015580123981763,0.0697378089343382,0.0745270933892738,2023.5627009844,0.216710070450518,-6.95679848133125e-05,2007713222.45964,0
main,8005,중국음식,M9_workplace,log_ridge_smear,amt,251,0.179465861964765,0.00836301205899938,0.16914281075157,0.198472843670092,310579881.248263,0.8434986825576,0.00802164975540692,1.11129554458672e+20,0
main,8005,중국음식,M9_workplace,log_ridge_smear,cnt,251,0.164315135845887,0.00886873969694102,0.151455711744288,0.177909215716567,10058.2335394479,0.797150534356459,0.0104963420114591,156530115563.148,0
main,8005,중국음식,M9_workplace,log_ridge_smear,ticket,251,0.0723200154093515,0.00177921010781219,0.0694138515826343,0.074639116651803,2030.32415366968,0.218188345972376,-8.60735797884897e-05,2003924135.94173,0
main,8005,중국음식,without_M1,log_ridge_smear,amt,251,0.330843711406324,0.0107545534739973,0.317203312334926,0.352856850985561,572551233.284044,0.629104516058438,0.0207246782232807,2.63368069705416e+20,0
main,8005,중국음식,without_M1,log_ridge_smear,cnt,251,0.327021653590179,0.00879620510345261,0.319499171688917,0.34796901277944,20017.9986300926,0.568125537426663,0.0254229214736157,333258750871.792,0
main,8005,중국음식,without_M1,log_ridge_smear,ticket,251,0.0717184604534873,0.00174676366534243,0.0688287329545482,0.0743356386955928,2013.43599968163,0.228344347303544,5.75830070612231e-05,1977892474.62364,0
main,8005,중국음식,without_M2,log_ridge_smear,amt,251,0.172685849617675,0.00805265862012999,0.163146610818222,0.190935990683384,298846533.153155,0.852344712524876,0.0063635878810219,1.0484810338173e+20,0
main,8005,중국음식,without_M2,log_ridge_smear,cnt,251,0.158640980597545,0.00769604045142606,0.147344535728202,0.170497535642607,9710.9010899258,0.803924213231641,0.0107941075588167,151303162000.534,0
main,8005,중국음식,without_M2,log_ridge_smear,ticket,251,0.0711596849691552,0.00179070093674954,0.0677787249790594,0.0737555469542069,1997.74884370004,0.234462652080296,-0.000758011980492527,1962210157.08588,0
main,8005,중국음식,without_M3,log_ridge_smear,amt,251,0.173781847067786,0.00826044527476602,0.162650009365644,0.193251665168273,300743243.503399,0.854327872767416,0.00598916098959419,1.03439887030742e+20,0
main,8005,중국음식,without_M3,log_ridge_smear,cnt,251,0.16088756740607,0.00759912713767555,0.15034022761204,0.174373396140061,9848.4215603953,0.805485137295926,0.00928874369364477,150098664747.398,0
main,8005,중국음식,without_M3,log_ridge_smear,ticket,251,0.0722346907132868,0.00126810993128684,0.0693778300257598,0.0736606561088919,2027.92873394605,0.226767880309098,-2.34547829527174e-05,1981933243.57791,0
main,8005,중국음식,without_M4,log_ridge_smear,amt,251,0.168097917333589,0.0102191399829858,0.159918318623977,0.194942905152483,290906753.139471,0.859854959538855,0.00676105678986825,9.95151744442774e+19,0
main,8005,중국음식,without_M4,log_ridge_smear,cnt,251,0.155516681033123,0.00752095419444458,0.145431211128118,0.16921547716355,9519.65312908288,0.809574927945445,0.00974129551520249,146942751070.389,0
main,8005,중국음식,without_M4,log_ridge_smear,ticket,251,0.0749053303416374,0.00218507232529142,0.0724264809143631,0.0801170906000039,2102.90471552592,0.147654084060983,-0.000739402415104701,2184716158.06997,0
main,8005,중국음식,without_M5,log_ridge_smear,amt,251,0.183784998901798,0.00839641206601433,0.174199183083777,0.203011045561366,318054489.635132,0.833122235186773,0.00991693593974473,1.18497735072284e+20,0
main,8005,중국음식,without_M5,log_ridge_smear,cnt,251,0.167485225772749,0.00910018247157582,0.155260606236222,0.184407593504065,10252.2844688482,0.78759977193313,0.0135707562411771,163900023790.893,0
main,8005,중국음식,without_M5,log_ridge_smear,ticket,251,0.0735011554203462,0.001775887618888,0.0704893464691361,0.0758665137190101,2063.48367499464,0.189796392287259,0.000508595381746376,2076697828.89327,0
main,8005,중국음식,without_M6,log_ridge_smear,amt,251,0.198954013536615,0.0102434208820911,0.185548331105346,0.223254632408083,344305670.290646,0.82575821793761,0.00191863240927146,1.23726828151495e+20,0
main,8005,중국음식,without_M6,log_ridge_smear,cnt,251,0.178551245508613,0.00656060634669346,0.167484433256677,0.190300671116801,10929.669484431,0.799771498966541,0.00619311428840839,154507631096.643,0
main,8005,중국음식,without_M6,log_ridge_smear,ticket,251,0.0717600917145954,0.00163956488297922,0.0698896008136524,0.0745158630595895,2014.60476263746,0.196824958200676,0.000285457966186713,2058682348.05157,0
main,8005,중국음식,without_M7,log_ridge_smear,amt,251,0.182815041194114,0.00873507645868802,0.168664307168034,0.198677105579166,316375901.036886,0.831276436894328,0.00267256720839772,1.19808412485179e+20,0
main,8005,중국음식,without_M7,log_ridge_smear,cnt,251,0.162413007533576,0.00773655961648618,0.150462629863252,0.173946038658554,9941.79843023695,0.795906261416927,0.00736423789708816,157490266906.9,0
main,8005,중국음식,without_M7,log_ridge_smear,ticket,251,0.0725062105132262,0.00131286930006646,0.0707847494730353,0.0752324401444215,2035.55142601679,0.208889633264571,-0.000260486978572903,2027758412.05205,0
main,8005,중국음식,without_M8,log_ridge_smear,amt,251,0.164463122119798,0.00493465216631094,0.158621655324303,0.175088303288922,284616452.279452,0.86408073870929,0.00197818225154649,9.65145034970566e+19,0
main,8005,중국음식,without_M8,log_ridge_smear,cnt,251,0.156713077674436,0.00637419496250631,0.150549146484213,0.168158782027423,9592.88823771841,0.816441036258309,0.00727883522240354,141644473728.262,0
main,8005,중국음식,without_M8,log_ridge_smear,ticket,251,0.0702624044930292,0.00234291156555369,0.066393993516011,0.0740402354284814,1972.55844221875,0.259049844604656,-0.000293090341233538,1899188752.53047,0
main,8005,중국음식,without_M9,log_ridge_smear,amt,251,0.196302302545802,0.0118063456900534,0.17905748521066,0.224536687335791,339716674.502729,0.812359921903465,0.0166679644918657,1.33240784283704e+20,0
main,8005,중국음식,without_M9,log_ridge_smear,cnt,251,0.180308850061109,0.00831902653737395,0.167063626732144,0.192047892085414,11037.2578509439,0.768165054422045,0.0149548506232663,178896950542.936,0
main,8005,중국음식,without_M9,log_ridge_smear,ticket,251,0.0737877456346093,0.00242315438543601,0.0704377337003143,0.0792739669181638,2071.52945638628,0.203193706974568,0.00103541190533746,2042358097.42419,0
main,8006,서양음식,M1,log_ridge_smear,amt,251,0.458215006093516,0.00457774104348812,0.452159267288201,0.467945317343781,2941085310.7286,0.36853861624311,0.0488649710003532,1.03719135742825e+22,0
main,8006,서양음식,M1,log_ridge_smear,cnt,251,0.434874857058122,0.00422624148103783,0.428003460964925,0.441973788373691,253396.178789722,0.425509018283169,0.0686212985730567,70724032755249.1,0
main,8006,서양음식,M1,log_ridge_smear,ticket,251,0.126302741380184,0.000546147814707372,0.125314749154277,0.127396797977471,1497.45915156081,0.300564229792772,-0.000159552298743946,926169158.104553,0
main,8006,서양음식,M1,raw_ridge,amt,251,0.435210301208849,0.00685753181280313,0.425720227590668,0.446391996389289,2793427991.09875,0.366950591865637,-0.000455780815393279,1.03979972779272e+22,0
main,8006,서양음식,M1,raw_ridge,cnt,251,0.408378631259475,0.00473553817888778,0.400181082099768,0.415876341880019,237957.157055639,0.443487778939472,-0.000302894900418566,68510716100990.6,0.3
main,8006,서양음식,M1,raw_ridge,ticket,251,0.131221350058941,0.000594960787888887,0.13043104552632,0.131918443748526,1555.77471540737,0.209827395774585,-0.000280862738090513,1046319800.59571,0
main,8006,서양음식,M2,log_ridge_smear,amt,251,0.385761741256402,0.00627004233677275,0.377606617783552,0.395403636006584,2476038924.00403,0.503940184492671,0.00539537733153226,8.1479084334591e+21,0
main,8006,서양음식,M2,log_ridge_smear,cnt,251,0.37763045865798,0.00582088402419363,0.36943261102603,0.385963571278315,220040.5787216,0.52428143219654,0.0316314526381926,58564427714891,0
main,8006,서양음식,M2,log_ridge_smear,ticket,251,0.123377542050492,0.00175712787595022,0.121129089282741,0.12689223966762,1462.77766754455,0.293544782786091,-0.000489619357808835,935464072.093025,0
main,8006,서양음식,M2,raw_ridge,amt,251,0.472705336944764,0.00755439094147099,0.463425650017509,0.484407581894631,3034092520.54814,0.452810384119532,-0.00565056680554355,8.98772838790414e+21,29.2
main,8006,서양음식,M2,raw_ridge,cnt,251,0.409308030593032,0.00555484692849697,0.40098712635526,0.418303072759383,238498.706505717,0.521021732626477,-0.0053348723998722,58965720522789.2,29.8
main,8006,서양음식,M2,raw_ridge,ticket,251,0.1221468600677,0.00133494242488005,0.120541686076384,0.124549893294172,1448.18656700584,0.295399274935697,-0.00102274640641427,933008416.397287,0
main,8006,서양음식,M3,log_ridge_smear,amt,251,0.280061700581952,0.00583174153081848,0.270349714401183,0.286637027948597,1797595763.39834,0.772733126719118,0.00548636316583516,3.73291610318679e+21,0
main,8006,서양음식,M3,log_ridge_smear,cnt,251,0.292882107929267,0.00552355454891492,0.284497500925845,0.300943814096499,170658.767184685,0.76753107828209,0.027931070137491,28618620931213.8,0
main,8006,서양음식,M3,log_ridge_smear,ticket,251,0.121289163191295,0.00208982930594097,0.118583643332599,0.125819489819718,1438.01761878823,0.297988603523563,-0.000506106806800313,929579715.177775,0
main,8006,서양음식,M3,raw_ridge,amt,251,0.336986490168547,0.00799754395943877,0.323827666524218,0.349820541248197,2162971537.31021,0.695522164179917,-0.0166939429324255,5.00112576896119e+21,24
main,8006,서양음식,M3,raw_ridge,cnt,251,0.305608250577711,0.00899275536789186,0.291542326737667,0.316874531865076,178074.132468537,0.709369361447849,-0.015670025322767,35778752765126.5,24.4
main,8006,서양음식,M3,raw_ridge,ticket,251,0.12002967782064,0.00118983273025678,0.11861456399196,0.121688589021069,1423.08502212457,0.306844855228777,-0.00101512889505059,917852566.617229,0
main,8006,서양음식,M4,log_ridge_smear,amt,251,0.236096023793289,0.00603101520107717,0.229401703869715,0.249258228580024,1515398968.31348,0.831394781563502,0.0041741895122297,2.76938352649864e+21,0
main,8006,서양음식,M4,log_ridge_smear,cnt,251,0.276600743329042,0.00510501858286373,0.266992030593258,0.284792649109692,161171.818219439,0.745752174416962,0.0257363341608251,31299762949714.6,0
main,8006,서양음식,M4,log_ridge_smear,ticket,251,0.104392812171712,0.00158915158034239,0.101634596185459,0.106272463902896,1237.69262832664,0.504881063931193,0.000454832563921623,655619726.232483,0
main,8006,서양음식,M4,raw_ridge,amt,251,0.328592642908517,0.00722982698464218,0.31892588212632,0.341226785833264,2109095037.0894,0.715829776538827,-0.0156494042736268,4.66756807928346e+21,29.2
main,8006,서양음식,M4,raw_ridge,cnt,251,0.310025255540421,0.008484532980607,0.298337444710154,0.326174087616498,180647.866408497,0.712605733841357,-0.0154159799489494,35380331702914.7,28.2
main,8006,서양음식,M4,raw_ridge,ticket,251,0.104869247705266,0.00167992998140784,0.101721803743216,0.107387217121361,1243.34130025611,0.505306497935195,-0.000197950526337016,655056380.933173,0
main,8006,서양음식,M5,log_ridge_smear,amt,251,0.200792729531856,0.00582340538549819,0.193997752735417,0.213686925280102,1288802285.98781,0.870698153442817,-0.00825047793972536,2.12381566313255e+21,0
main,8006,서양음식,M5,log_ridge_smear,cnt,251,0.228904104033272,0.00583994688727679,0.221154460722698,0.237575799353689,133379.578814242,0.807278280437923,0.00786070732204971,23725450252019,0
main,8006,서양음식,M5,log_ridge_smear,ticket,251,0.0995120367604912,0.00242652896047802,0.0966243084361471,0.104712195244871,1179.8256198486,0.524970264265211,-1.45450189272676e-05,629018287.540208,0
main,8006,서양음식,M5,raw_ridge,amt,251,0.273941288904031,0.00666670799895159,0.262607777172013,0.286744353372934,1758311469.6887,0.792763426585873,-0.0144227484348726,3.40391334161028e+21,26.2
main,8006,서양음식,M5,raw_ridge,cnt,251,0.260658532829988,0.00943543851816118,0.242989962504701,0.273237205180807,151882.490137218,0.770939055387796,-0.0150239146215665,28199074076478.6,22.2
main,8006,서양음식,M5,raw_ridge,ticket,251,0.100355592022653,0.00148891310560253,0.0979588705342506,0.102720230510627,1189.82690353705,0.537244111893889,0.000213779327146638,612765674.206481,0
main,8006,서양음식,M6,log_ridge_smear,amt,251,0.178095026800147,0.00562708306016108,0.171248057852364,0.188359197581259,1143115481.31366,0.906766452898977,-0.00139446814288741,1.53138468579403e+21,0
main,8006,서양음식,M6,log_ridge_smear,cnt,251,0.227278981312224,0.00520579542360195,0.217780157572663,0.233672367163205,132432.639985993,0.816731979730164,0.0101111425381743,22561630871591.8,0
main,8006,서양음식,M6,log_ridge_smear,ticket,251,0.0921543465013524,0.00220969730282378,0.0891257712598082,0.0953400003166599,1092.59203732697,0.600906687125915,-4.95747600114835e-05,528465848.236836,0
main,8006,서양음식,M7,log_ridge_smear,amt,251,0.176472876707634,0.00488966200119447,0.167919809412131,0.185508475476062,1132703596.61882,0.911717905609314,0.00467776837334516,1.45005581771151e+21,0
main,8006,서양음식,M7,log_ridge_smear,cnt,251,0.223592230657346,0.0050718991722807,0.212478398132569,0.228856847718389,130284.416162669,0.817814397239786,0.0120614436924309,22428377376164.3,0
main,8006,서양음식,M7,log_ridge_smear,ticket,251,0.0890444151131119,0.00225605111568456,0.0858622744964051,0.0920180592421232,1055.72034976772,0.619060639809352,-0.000191942791639835,504426998.939628,0
main,8006,서양음식,M8,log_ridge_smear,amt,251,0.169510154100648,0.00780002281095443,0.159883438123161,0.186738910773396,1088012870.84651,0.913984417986795,0.00154613925696347,1.41282777637918e+21,0
main,8006,서양음식,M8,log_ridge_smear,cnt,251,0.194300699158415,0.0052540826478238,0.186783664756503,0.203710262111904,113216.60451005,0.853510748976296,0.00942514116413986,18033895948603.4,0
main,8006,서양음식,M8,log_ridge_smear,ticket,251,0.0881866292182508,0.00196137080221694,0.0857250639630431,0.0911414219109672,1045.55034613753,0.629761482739187,-0.00186643880016837,490257305.152881,0
main,8006,서양음식,M9,log_ridge_smear,amt,251,0.141170958855696,0.00520445743049679,0.136981525534341,0.152966779811147,906115748.874498,0.878471655089629,-0.0107211578818724,1.99613392466963e+21,0
main,8006,서양음식,M9,log_ridge_smear,cnt,251,0.153724233822863,0.00600776118198813,0.146911824263622,0.166661561822255,89573.2020508263,0.807769263799561,-0.00381311857277148,23665006616773.5,0
main,8006,서양음식,M9,log_ridge_smear,ticket,251,0.0876324817334963,0.00199471912060146,0.0845685877916496,0.0909902947063971,1038.9803127931,0.610011539830782,-0.000338137501231192,516409510.65228,0
main,8006,서양음식,M9,raw_ridge,amt,251,0.261848850623179,0.00741020758317184,0.251332680587941,0.272209989158086,1680695302.33112,0.789677959452058,-0.0136426898059828,3.4545929227714e+21,26.5
main,8006,서양음식,M9,raw_ridge,cnt,251,0.228553873563497,0.00876197452529952,0.215527201330442,0.241923805724541,133175.503868781,0.785590709174537,-0.0117145929787031,26395348560656.9,24.2
main,8006,서양음식,M9,raw_ridge,ticket,251,0.0839356620189079,0.00117625646084143,0.0820255565712075,0.0857297446490861,995.15041288129,0.651721878747705,-0.000516528055069207,461178092.522927,0
main,8006,서양음식,M9_alpha10,log_ridge_smear,amt,251,0.158528597614054,0.00560319463031972,0.151497069919342,0.167594730917907,1017526976.57821,0.849425326968384,-0.0359545289540566,2.47322723975316e+21,0
main,8006,서양음식,M9_alpha10,log_ridge_smear,cnt,251,0.171616600275067,0.00355090536647934,0.166563782785199,0.176236868019128,99998.8617892735,0.785232885040016,-0.0281529082206264,26439399323185.6,0
main,8006,서양음식,M9_alpha10,log_ridge_smear,ticket,251,0.083868509281299,0.00149791898527997,0.0812540966659627,0.0861014557969386,994.35424266055,0.648766225022827,-0.00136921811555899,465091869.082007,0
main,8006,서양음식,M9_broad_supply,log_ridge_smear,amt,251,0.138915567514702,0.00591602341110226,0.133495240244061,0.153386535070258,891639360.596657,0.888755018595193,-0.0115217936813362,1.82722706785113e+21,0
main,8006,서양음식,M9_broad_supply,log_ridge_smear,cnt,251,0.148326566194533,0.00573002551025401,0.138912181249864,0.159970980824306,86428.0481537978,0.819199664236881,-0.0041052368242676,22257840898490.5,0
main,8006,서양음식,M9_broad_supply,log_ridge_smear,ticket,251,0.0940528779842784,0.00203572637165221,0.0903588026677594,0.0970124247519991,1115.10123477246,0.544842516010762,-0.000434012482733812,602704124.821071,0
main,8006,서양음식,M9_taxable_pay,log_ridge_smear,amt,251,0.141066757739107,0.00525476304195733,0.136803822012342,0.152988632810089,905446926.663776,0.878784362168694,-0.0106122693106703,1.99099763149074e+21,0
main,8006,서양음식,M9_taxable_pay,log_ridge_smear,cnt,251,0.153717015795342,0.00600854620667079,0.146830776367721,0.166694535310199,89568.9961958255,0.808147605625318,-0.00368884344155066,23618429976705.9,0
main,8006,서양음식,M9_taxable_pay,log_ridge_smear,ticket,251,0.0876836581046239,0.00199774161636562,0.0845893549717747,0.0910437124205088,1039.58706546095,0.609551729372857,-0.000356653909804264,517018376.087598,0
main,8006,서양음식,M9_workplace,log_ridge_smear,amt,251,0.142160390962298,0.00503771626633383,0.136996804821773,0.15362840863447,912466488.584001,0.878001395476293,-0.0113002828508796,2.00385805823102e+21,0
main,8006,서양음식,M9_workplace,log_ridge_smear,cnt,251,0.154643007156548,0.00650104483293145,0.148351188474171,0.167820688451859,90108.5598627371,0.806058303437291,-0.00420498038452388,23875638324763.9,0
main,8006,서양음식,M9_workplace,log_ridge_smear,ticket,251,0.0881432028463621,0.00223856124278945,0.0849949959701424,0.0923419949877594,1045.03547831048,0.606652363473951,-0.000404979636702819,520857618.213908,0
main,8006,서양음식,without_M1,log_ridge_smear,amt,251,0.372061733773212,0.0161570157920422,0.34961765315119,0.396488880356622,2388104460.42285,0.5171613036709,0.0331110628525058,7.93074819373704e+21,0
main,8006,서양음식,without_M1,log_ridge_smear,cnt,251,0.379621091637236,0.0165400328693554,0.354127178208823,0.403092173021119,221200.495838282,0.441515382266102,0.038481631530275,68753532526962.8,0
main,8006,서양음식,without_M1,log_ridge_smear,ticket,251,0.0872599852048579,0.00191035458806389,0.0842922906364516,0.0904960418277386,1034.56395310337,0.612457015251108,-0.000463481160663371,513171294.925141,0
main,8006,서양음식,without_M2,log_ridge_smear,amt,251,0.129352475903516,0.00530751909277993,0.122072269263914,0.139393155204174,830257983.101853,0.915403956777881,-0.00842404104669518,1.38951149127416e+21,0
main,8006,서양음식,without_M2,log_ridge_smear,cnt,251,0.142145873586334,0.00330109518113596,0.137163558915572,0.147934605040541,82826.6353248607,0.858085620317119,-0.00238226126359571,17470695896981.2,0
main,8006,서양음식,without_M2,log_ridge_smear,ticket,251,0.0849986988409009,0.00212564261870955,0.0807088906984586,0.0874484348278555,1007.7538940104,0.640127144583691,-5.17230211501251e-05,476531446.807265,0
main,8006,서양음식,without_M3,log_ridge_smear,amt,251,0.137199275491119,0.00336608613636576,0.131723025461805,0.142266413375968,880623219.282308,0.886165003602306,-0.0124593215392008,1.86976872178806e+21,0
main,8006,서양음식,without_M3,log_ridge_smear,cnt,251,0.156276952960105,0.00608170836972976,0.14909020878533,0.169376388550253,91060.6397915969,0.813456701579003,-0.00527200333443076,22964841516523.1,0
main,8006,서양음식,without_M3,log_ridge_smear,ticket,251,0.0865942615784101,0.00175990524996558,0.0836269622515318,0.0891677211180845,1026.67106078812,0.620371658483081,-0.000452972270731829,502690992.414043,0
main,8006,서양음식,without_M4,log_ridge_smear,amt,251,0.135922288222299,0.00419339419110616,0.13226776740758,0.144128113100107,872426786.497766,0.891566948958449,-0.00660397243078784,1.78104039760523e+21,0
main,8006,서양음식,without_M4,log_ridge_smear,cnt,251,0.147264054671259,0.00471100938523795,0.140864292960574,0.156609279908807,85808.9358838015,0.830036073294617,-0.00232939846777846,20923799854263.5,0
main,8006,서양음식,without_M4,log_ridge_smear,ticket,251,0.0857014196517066,0.00117881795381743,0.0833067569390848,0.0871082506538791,1016.08542900033,0.624701487922447,-0.000446551858831932,496957578.915037,0
main,8006,서양음식,without_M5,log_ridge_smear,amt,251,0.153325791236808,0.00407361697919135,0.148014650542254,0.16200796102635,984132397.162005,0.873685447487389,-0.00500448985085296,2.0747485998912e+21,0
main,8006,서양음식,without_M5,log_ridge_smear,cnt,251,0.165893640906636,0.00373609835020865,0.159587233841437,0.172999064364763,96664.1644348678,0.803897249982043,0.00298911024957982,24141679777491.4,0
main,8006,서양음식,without_M5,log_ridge_smear,ticket,251,0.0886803834509368,0.00150320047672787,0.0858732486121956,0.0907605664055338,1051.40435046299,0.611873774455298,0.000136251570856272,513943602.633492,0
main,8006,서양음식,without_M6,log_ridge_smear,amt,251,0.1757736355788,0.00884470674531176,0.162829727168737,0.193053116133628,1128215468.15222,0.840033436898903,-0.0122111857530641,2.62749141901345e+21,0
main,8006,서양음식,without_M6,log_ridge_smear,cnt,251,0.162543212845493,0.00671191579930896,0.154389711465012,0.176549685236274,94711.9116103496,0.79449453439709,-0.0040353393939575,25299222691448.4,0
main,8006,서양음식,without_M6,log_ridge_smear,ticket,251,0.0975775638187845,0.0017152463433958,0.0947920346473186,0.099895433292857,1156.89029652664,0.505641914200814,-0.000187060398448012,654612234.074268,0
main,8006,서양음식,without_M7,log_ridge_smear,amt,251,0.139249915548283,0.00565714464977613,0.134415912977389,0.15103216303017,893785397.014407,0.883568630361612,-0.0115740515490474,1.91241481155976e+21,0
main,8006,서양음식,without_M7,log_ridge_smear,cnt,251,0.148863233961721,0.00497434888624609,0.144262956910511,0.160252161813947,86740.757797223,0.817594767193738,-0.00393861330015762,22455415437796.3,0
main,8006,서양음식,without_M7,log_ridge_smear,ticket,251,0.0871142475496601,0.00194222107273188,0.0840847121906131,0.0904773736300808,1032.83607148245,0.614689607839171,-0.000383922324165341,510214971.434474,0
main,8006,서양음식,without_M8,log_ridge_smear,amt,251,0.138360019847318,0.00357786837061265,0.132534317267849,0.144618679835577,888073538.739614,0.885252737766627,-0.00777669042535475,1.88475291978942e+21,0
main,8006,서양음식,without_M8,log_ridge_smear,cnt,251,0.162713215003969,0.00399592910264997,0.157799981265672,0.17080330552945,94810.9697569518,0.796274411971494,-0.000892640251385267,25080106771654,0
main,8006,서양음식,without_M8,log_ridge_smear,ticket,251,0.0869297296487559,0.00227737279528224,0.0831944753581864,0.0894435597669844,1030.64840701597,0.632940691443217,0.000370673997029893,486047504.661868,0
main,8006,서양음식,without_M9,log_ridge_smear,amt,251,0.169510154100648,0.00780002281095443,0.159883438123161,0.186738910773396,1088012870.84651,0.913984417986795,0.00154613925696347,1.41282777637918e+21,0
main,8006,서양음식,without_M9,log_ridge_smear,cnt,251,0.194300699158415,0.0052540826478238,0.186783664756503,0.203710262111904,113216.60451005,0.853510748976296,0.00942514116413986,18033895948603.4,0
main,8006,서양음식,without_M9,log_ridge_smear,ticket,251,0.0881866292182508,0.00196137080221694,0.0857250639630431,0.0911414219109672,1045.55034613753,0.629761482739187,-0.00186643880016837,490257305.152881,0
main,8021,스넥,M1,log_ridge_smear,amt,251,0.316242092060224,0.00139886774229967,0.314111372672953,0.318247034547065,617704112.276194,0.657192759327266,0.0567598647378547,2.39906219168917e+20,0
main,8021,스넥,M1,log_ridge_smear,cnt,251,0.397472673333404,0.00163112177697514,0.395249342831602,0.400904492289228,48439.0730692779,0.555209299525902,0.104266555379875,1463374584877.37,0
main,8021,스넥,M1,log_ridge_smear,ticket,251,0.124629762928598,0.000745512531557406,0.123481250288029,0.126075384434016,2293.57572489848,0.3572928468319,-0.00104907336622599,2531415916.93427,0
main,8021,스넥,M1,raw_ridge,amt,251,0.307595092807953,0.00189546891485449,0.304591149462018,0.310168651033609,600814244.889536,0.69443159415451,0.000268075305512027,2.13845427535321e+20,0
main,8021,스넥,M1,raw_ridge,cnt,251,0.365311661862846,0.00250408301640611,0.360492688828775,0.367666206010412,44519.6851739055,0.63990434216038,0.000435340505163893,1184725384873.2,0
main,8021,스넥,M1,raw_ridge,ticket,251,0.134332286890293,0.000664026757182712,0.133511117749395,0.135688852715671,2472.13237866937,0.272898155915809,-0.000206659173953018,2863819349.56553,0
main,8021,스넥,M2,log_ridge_smear,amt,251,0.291780688070353,0.00483534994059811,0.284272276361454,0.298512245085715,569924546.506959,0.699902619188537,0.0369401411252163,2.10016649215715e+20,0
main,8021,스넥,M2,log_ridge_smear,cnt,251,0.357454290304458,0.0054452473514743,0.349939181160634,0.364708041798462,43562.1255211694,0.621562835522702,0.0864639635788362,1245069485218.22,0
main,8021,스넥,M2,log_ridge_smear,ticket,251,0.109756179377967,0.00250445069862264,0.107044793564879,0.114633401642214,2019.8554724294,0.422707127122657,-0.0013365933354649,2273770192.11765,0
main,8021,스넥,M2,raw_ridge,amt,251,0.282549053211614,0.00284757303465595,0.27702288716336,0.28692594003747,551892731.772474,0.75328856166525,-0.00241108073685955,1.72655654181819e+20,11.4
main,8021,스넥,M2,raw_ridge,cnt,251,0.325559835407513,0.00349516523554986,0.319939404431284,0.331278273147949,39675.2222573518,0.72202997215897,-0.0036180365297176,914529628579.559,16.6
main,8021,스넥,M2,raw_ridge,ticket,251,0.11044453936589,0.00163430651787506,0.10898282945358,0.113204320472434,2032.52343970457,0.408708443299073,-0.000450602861362948,2328906486.88654,0
main,8021,스넥,M3,log_ridge_smear,amt,251,0.239467635100359,0.0048562072807117,0.229706278066975,0.245133878430552,467743373.422845,0.790131825472671,0.0327921130979377,1.46871694354904e+20,0
main,8021,스넥,M3,log_ridge_smear,cnt,251,0.312185358255914,0.00672993805086396,0.299647388809214,0.320088765234822,38045.3057386223,0.685748764168724,0.0816119861131338,1033895877975.03,0
main,8021,스넥,M3,log_ridge_smear,ticket,251,0.111049636165562,0.00222846676316879,0.108404142116843,0.114816337616889,2043.65910504108,0.422339373903218,-0.000657779802312485,2275218653.28477,0
main,8021,스넥,M3,raw_ridge,amt,251,0.228435823123952,0.00289301803909238,0.22274965847166,0.233577057805635,446195338.563569,0.830009641437085,-0.00243738581605467,1.18964068955972e+20,8.3
main,8021,스넥,M3,raw_ridge,cnt,251,0.277795051737666,0.00407684006755934,0.269788721947072,0.284620256331254,33854.2388249104,0.792325819001944,-0.00430575809622695,683254209415.46,12.6
main,8021,스넥,M3,raw_ridge,ticket,251,0.111028869513588,0.00169131380951595,0.109407710025224,0.114288711820891,2043.27693397909,0.406480322386946,-0.00067131504210007,2337682335.59775,0
main,8021,스넥,M4,log_ridge_smear,amt,251,0.232167016993295,0.00527491718861547,0.224949329211856,0.24060557139437,453483343.08497,0.807599871318173,0.0311810824908653,1.34647060981234e+20,0
main,8021,스넥,M4,log_ridge_smear,cnt,251,0.31383779185179,0.00822905474695531,0.301361379976962,0.326779701912569,38246.6839894125,0.702878382595768,0.0766002437883576,977538925754.433,0
main,8021,스넥,M4,log_ridge_smear,ticket,251,0.109815327715245,0.00180841352263639,0.106727969466718,0.112724758299664,2020.94398601846,0.472900211108193,0.000772773703503833,2076075843.93016,0
main,8021,스넥,M4,raw_ridge,amt,251,0.227043526420649,0.00382081601387123,0.22030573296931,0.232296066595372,443475816.334456,0.833632485442608,-0.00256951424784269,1.16428700081329e+20,10.8
main,8021,스넥,M4,raw_ridge,cnt,251,0.281663313068656,0.0057265530752448,0.274105768761961,0.2893149851761,34325.6548638835,0.788710001483533,-0.00499114881486353,695150356197.208,16.1
main,8021,스넥,M4,raw_ridge,ticket,251,0.108528538345808,0.00133853041525076,0.106747964047624,0.110883152395345,1997.2630546627,0.487199675641879,0.000674943609623893,2019754871.07996,0
main,8021,스넥,M5,log_ridge_smear,amt,251,0.216270247634089,0.00545485268653033,0.207664896710217,0.226410894908012,422432764.89939,0.831141825616177,0.0245469239039668,1.18171734391287e+20,0
main,8021,스넥,M5,log_ridge_smear,cnt,251,0.282649320214537,0.00815418295868632,0.271166044147042,0.297704873975371,34445.8172684725,0.758455015909264,0.0621094602100426,794690155271.3,0
main,8021,스넥,M5,log_ridge_smear,ticket,251,0.107876375566368,0.00170753668190819,0.105581408947467,0.110249038739741,1985.2612287388,0.487708026352365,0.00117560181332271,2017752641.80094,0
main,8021,스넥,M5,raw_ridge,amt,251,0.212510188865262,0.00227020204510468,0.208934670492103,0.217495870954896,415088379.625522,0.852601532396833,-0.00162026990856878,1.03153623606587e+20,8.9
main,8021,스넥,M5,raw_ridge,cnt,251,0.255630409268967,0.00463891990418136,0.25085286599202,0.264244864405163,31153.0852409628,0.821222316588331,-0.00368673710487902,588183876077.067,11.5
main,8021,스넥,M5,raw_ridge,ticket,251,0.106593651841476,0.00129159560759779,0.105242244941431,0.108989302144216,1961.65511790274,0.498031189631647,0.000416808106374873,1977093035.46317,0
main,8021,스넥,M6,log_ridge_smear,amt,251,0.215619717986911,0.00546759284232624,0.205999034265253,0.225627020868992,421162109.131837,0.832895319728835,0.0232720476036749,1.16944589532628e+20,0
main,8021,스넥,M6,log_ridge_smear,cnt,251,0.280745257668582,0.00926376950058477,0.266932401571884,0.298290495380691,34213.7735809946,0.763001847678576,0.060340260783574,779730944015.687,0
main,8021,스넥,M6,log_ridge_smear,ticket,251,0.105628454486658,0.00160104943214353,0.103292762165135,0.107961055087231,1943.89248102751,0.507095592707116,0.00197926298173593,1941391279.05725,0
main,8021,스넥,M7,log_ridge_smear,amt,251,0.213424970397694,0.00611964717975445,0.205841435321278,0.225808026917619,416875188.93587,0.836116958479214,0.0248593478505856,1.14689995462168e+20,0
main,8021,스넥,M7,log_ridge_smear,cnt,251,0.278089595642086,0.00982214187350619,0.265831080363968,0.298183038806063,33890.1342075757,0.767350552065702,0.0612343755062706,765423577718.502,0
main,8021,스넥,M7,log_ridge_smear,ticket,251,0.106328574693587,0.0021790367897794,0.103581418515255,0.110253180039136,1956.77687295276,0.49755455226378,0.00221802552512674,1978970356.1273,0
main,8021,스넥,M8,log_ridge_smear,amt,251,0.201779248379884,0.00754934908867917,0.189004646520443,0.212212289022778,394128026.045687,0.844564296244553,0.0276607574388376,1.0877830917063e+20,0
main,8021,스넥,M8,log_ridge_smear,cnt,251,0.264725698793511,0.00945842347924711,0.246326677508098,0.276022377412722,32261.5070858429,0.768620321724801,0.0653104608552969,761245997913.455,0
main,8021,스넥,M8,log_ridge_smear,ticket,251,0.108997314014128,0.00174701162038018,0.105174324145064,0.111119722615143,2005.88998668935,0.474984374170883,0.00130159910419758,2067866998.69735,0
main,8021,스넥,M9,log_ridge_smear,amt,251,0.172878320577755,0.0067861429583918,0.161179589574247,0.181169360052696,337676900.7838,0.911403780799338,0.0162814399570156,6.20021442352865e+19,0
main,8021,스넥,M9,log_ridge_smear,cnt,251,0.223413301940966,0.0116828654475269,0.204322862383181,0.238687966565159,27226.8610735147,0.860035650409148,0.0461881183002073,460486857665.477,0
main,8021,스넥,M9,log_ridge_smear,ticket,251,0.108947059401893,0.00283163256644135,0.105025816900224,0.114263001389329,2004.96514533541,0.495842333629174,0.00150884710751523,1985714232.37567,0
main,8021,스넥,M9,raw_ridge,amt,251,0.184106700685268,0.0037930488298709,0.179214486466072,0.189663911020248,359608884.984341,0.901113771530757,0.00342904424112099,6.92033842499193e+19,5
main,8021,스넥,M9,raw_ridge,cnt,251,0.223359608813042,0.0059257086661239,0.215756155106913,0.232786182807944,27220.3176165143,0.876044257726723,0.00271197652209423,407818065213.542,10.9
main,8021,스넥,M9,raw_ridge,ticket,251,0.106937207775082,0.00220048246283227,0.103193222042291,0.110181246793627,1967.97761688652,0.503010953536846,-0.000292127834179745,1957479353.63302,0
main,8021,스넥,M9_alpha10,log_ridge_smear,amt,251,0.190992855004256,0.00347142306923422,0.18637352348691,0.196592311761471,373059358.363444,0.893389706141192,-0.00868704256844698,7.46089040417052e+19,0
main,8021,스넥,M9_alpha10,log_ridge_smear,cnt,251,0.224822768556639,0.00726227741159592,0.21027445762422,0.2336862310403,27398.6295018012,0.868934055031412,0.0164104988886666,431210842775.109,0
main,8021,스넥,M9_alpha10,log_ridge_smear,ticket,251,0.102230126735797,0.00228687254893515,0.0993951688977816,0.105319983215788,1881.35266829361,0.540547469652075,-0.0012109012037943,1809635138.9048,0
main,8021,스넥,M9_broad_supply,log_ridge_smear,amt,251,0.173601492352002,0.00645258646656012,0.16186594918307,0.180596803394019,339089445.761366,0.912262270520729,0.016227440131615,6.14013488061991e+19,0
main,8021,스넥,M9_broad_supply,log_ridge_smear,cnt,251,0.222723813776414,0.011149209184643,0.206246886475902,0.235681982355712,27142.8347496343,0.865743248415584,0.0451681272789166,441708691093.171,0
main,8021,스넥,M9_broad_supply,log_ridge_smear,ticket,251,0.1092817631499,0.0029066512629272,0.10381617658717,0.113570072423867,2011.12473653916,0.488913997460458,0.00108723553758587,2013002711.06913,0
main,8021,스넥,M9_taxable_pay,log_ridge_smear,amt,251,0.172788944560499,0.00678018801446372,0.161063447576677,0.181119907277603,337502325.878107,0.911491719706311,0.0162969576700883,6.19406020967706e+19,0
main,8021,스넥,M9_taxable_pay,log_ridge_smear,cnt,251,0.223337239825079,0.0116409464389201,0.20425371129805,0.23856229216334,27217.5915598187,0.860111546009072,0.0462042631148192,460237158892.743,0
main,8021,스넥,M9_taxable_pay,log_ridge_smear,ticket,251,0.108942881093531,0.00283397260272383,0.105020210577718,0.11426710714213,2004.88825145063,0.495837691893407,0.00151366553274723,1985732514.67383,0
main,8021,스넥,M9_workplace,log_ridge_smear,amt,251,0.175048033847899,0.00614590203439543,0.164953472031817,0.185101880304443,341914922.359918,0.909970828128749,0.0162345062718099,6.30049651114568e+19,0
main,8021,스넥,M9_workplace,log_ridge_smear,cnt,251,0.225762686996301,0.0107023258749524,0.207729827907562,0.24180228514947,27513.1751826304,0.85917091405317,0.0456039468719055,463331865901.057,0
main,8021,스넥,M9_workplace,log_ridge_smear,ticket,251,0.108950156186889,0.00279961971488161,0.104658996946134,0.11435268188489,2005.02213582248,0.495308132640262,0.00143603413273863,1987818277.55318,0
main,8021,스넥,without_M1,log_ridge_smear,amt,251,0.354617494285058,0.0135716471298201,0.327345689173201,0.371923067397716,692661381.911316,0.574100988455464,0.0371049670589776,2.9805619451595e+20,0
main,8021,스넥,without_M1,log_ridge_smear,cnt,251,0.405404542210951,0.0169712925992963,0.374497616224437,0.428194036192257,49405.711537561,0.535370012806353,0.0746297932439076,1528646426074.9,0
main,8021,스넥,without_M1,log_ridge_smear,ticket,251,0.110157749692565,0.0028111064710957,0.106131474944822,0.114293722859237,2027.24561667552,0.488208091965417,0.000465999052165319,2015783044.84508,0
main,8021,스넥,without_M2,log_ridge_smear,amt,251,0.165449401281901,0.00593336495627149,0.155884717888861,0.172736887487571,323166264.426313,0.919690574666677,0.0139992002377258,5.62028111119719e+19,0
main,8021,스넥,without_M2,log_ridge_smear,cnt,251,0.212200953314981,0.00939087122381267,0.19505961489598,0.223130212340951,25860.4381448201,0.878557537106682,0.0448436413152364,399549301578.403,0
main,8021,스넥,without_M2,log_ridge_smear,ticket,251,0.106791660934878,0.00255325004686261,0.103149024819776,0.11097413355789,1965.29910180566,0.516589715064674,0.000545903634052287,1903996997.17509,0
main,8021,스넥,without_M3,log_ridge_smear,amt,251,0.17140023282533,0.00715806237862612,0.160184290492731,0.181224420896346,334789806.036133,0.912607102864296,0.0145389766852607,6.11600253626512e+19,0
main,8021,스넥,without_M3,log_ridge_smear,cnt,251,0.223000046871505,0.0124835439379538,0.201982882764324,0.247862410658949,27176.4986364245,0.859845979188266,0.0478587680385354,461110881602.636,0
main,8021,스넥,without_M3,log_ridge_smear,ticket,251,0.113228784342854,0.00306262234912746,0.108927973681789,0.117738979709319,2083.76221719462,0.446768198721345,-0.000562671497316864,2179001401.50567,0
main,8021,스넥,without_M4,log_ridge_smear,amt,251,0.163970789334453,0.00597384288995561,0.154166731710624,0.17327911841724,320278145.787679,0.921417876114689,0.0161985559538836,5.4993996622102e+19,0
main,8021,스넥,without_M4,log_ridge_smear,cnt,251,0.212166955418324,0.00998375162391836,0.197493100434945,0.229483857150623,25856.2948999863,0.879785326715941,0.0465332885400148,395509837381.309,0
main,8021,스넥,without_M4,log_ridge_smear,ticket,251,0.115559170433558,0.00412233648808511,0.110836907027622,0.121809948700338,2126.64857789757,0.392378531960086,-0.00184986320212005,2393224733.97913,0
main,8021,스넥,without_M5,log_ridge_smear,amt,251,0.18165263153683,0.00666656225254957,0.171585378569049,0.191797359418056,354815441.471099,0.898762878614785,0.0227696250462177,7.08486057161726e+19,0
main,8021,스넥,without_M5,log_ridge_smear,cnt,251,0.245576457637274,0.0117118896015744,0.225464867289543,0.265066823270741,29927.8334679584,0.819165414204371,0.0611912517114813,594951145871.722,0
main,8021,스넥,without_M5,log_ridge_smear,ticket,251,0.111315616021858,0.00307299431937967,0.105826383615928,0.115895686890898,2048.55396263671,0.473900976798517,0.000725586987371321,2072134151.06877,0
main,8021,스넥,without_M6,log_ridge_smear,amt,251,0.176408973933952,0.00545148445590627,0.166783121345952,0.182356622577433,344573196.855385,0.907655287890673,0.0172931248933019,6.46254457721342e+19,0
main,8021,스넥,without_M6,log_ridge_smear,cnt,251,0.229528009009847,0.0105136680905766,0.212511143135841,0.242332050042045,27972.0462456744,0.854769401373505,0.0477534740268987,477812973045.547,0
main,8021,스넥,without_M6,log_ridge_smear,ticket,251,0.111034191028434,0.0030826538080727,0.106448165974171,0.116527592241351,2043.37486642301,0.482351469372044,0.000365200040288527,2038850389.87035,0
main,8021,스넥,without_M7,log_ridge_smear,amt,251,0.172080682058616,0.00692103810262226,0.158996054967343,0.181242388029942,336118902.636962,0.912037821138457,0.0149850333604238,6.15584248428368e+19,0
main,8021,스넥,without_M7,log_ridge_smear,cnt,251,0.220237246598525,0.0119161317242051,0.20359335555287,0.234475453783572,26839.8025733307,0.8659395776276,0.0439213984471709,441062762167.89,0
main,8021,스넥,without_M7,log_ridge_smear,ticket,251,0.107283535669538,0.00251586826909571,0.104241673745899,0.111922401841705,1974.35112858158,0.508884691788772,0.00144798996593169,1934344595.55613,0
main,8021,스넥,without_M8,log_ridge_smear,amt,251,0.167548259143847,0.005122315898667,0.162192514315285,0.177168383029314,327265886.725044,0.912431887886232,0.0132982839415965,6.12826457683538e+19,0
main,8021,스넥,without_M8,log_ridge_smear,cnt,251,0.214755485860946,0.00971708663842816,0.202005703774932,0.235106152782898,26171.7531029381,0.865898536603968,0.0403510152775387,441197788351.79,0
main,8021,스넥,without_M8,log_ridge_smear,ticket,251,0.10422909416267,0.00175062077338944,0.100551915180598,0.107118107055415,1918.13989357114,0.526082460571088,0.00218110935375817,1866608138.26495,0
main,8021,스넥,without_M9,log_ridge_smear,amt,251,0.201779248379884,0.00754934908867917,0.189004646520443,0.212212289022778,394128026.045687,0.844564296244553,0.0276607574388376,1.0877830917063e+20,0
main,8021,스넥,without_M9,log_ridge_smear,cnt,251,0.264725698793511,0.00945842347924711,0.246326677508098,0.276022377412722,32261.5070858429,0.768620321724801,0.0653104608552969,761245997913.455,0
main,8021,스넥,without_M9,log_ridge_smear,ticket,251,0.108997314014128,0.00174701162038018,0.105174324145064,0.111119722615143,2005.88998668935,0.474984374170883,0.00130159910419758,2067866998.69735,0
main,8301,제과점,M1,log_ridge_smear,amt,250,0.394760892950012,0.00287487235785417,0.3909069311005,0.39861581974114,643455549.958676,0.484718235281699,0.086642961509722,3.36009183606241e+20,0
main,8301,제과점,M1,log_ridge_smear,cnt,250,0.386131702688587,0.00294546116488728,0.383163825499493,0.39133388334816,49709.866387474,0.552909081554,0.11510176821371,1737785406277.71,0
main,8301,제과점,M1,log_ridge_smear,ticket,250,0.112459613249222,0.000682584482716479,0.111526232588959,0.113535574237826,1598.88110309361,0.413482810441383,2.75229751336786e-05,1270640793.77946,0
main,8301,제과점,M1,raw_ridge,amt,250,0.358662623344906,0.00343001874389385,0.355835220502948,0.365958532008508,584615800.793727,0.568493942803793,-9.42058699558483e-05,2.81380029194144e+20,0
main,8301,제과점,M1,raw_ridge,cnt,250,0.354248211269608,0.00212553738076258,0.351198568584705,0.358900972561829,45605.2458982265,0.695168364973438,0.000263307390343538,1184841706385.31,0
main,8301,제과점,M1,raw_ridge,ticket,250,0.126309687964057,0.0005369388361344,0.12540122314063,0.126905985171111,1795.79288411591,0.332723665490753,-0.000263085783993132,1445598776.03782,0
main,8301,제과점,M2,log_ridge_smear,amt,250,0.341816924422141,0.00473598081615166,0.334269386512721,0.35127376233252,557157512.35035,0.55426432923148,0.0457634300485101,2.90658992989959e+20,0
main,8301,제과점,M2,log_ridge_smear,cnt,250,0.318123131762523,0.00568586720422694,0.309210805985944,0.32908274502613,40954.5713666345,0.675211556680485,0.0622983160961128,1262411276189.86,0
main,8301,제과점,M2,log_ridge_smear,ticket,250,0.0893734312153485,0.000634900360607893,0.0885378553335282,0.090153972026823,1270.65607074588,0.596030560114081,-0.000156193332963118,875166250.703706,0
main,8301,제과점,M2,raw_ridge,amt,250,0.336677117361038,0.0036020593586513,0.332838049722315,0.34458827225881,548779688.107253,0.614094088382393,-0.00317146527095726,2.51644710117662e+20,17.9
main,8301,제과점,M2,raw_ridge,cnt,250,0.301466883067226,0.00360763717825934,0.296884131894285,0.309503584139191,38810.2773565994,0.785860851732606,-0.00240114265984436,832331571540.884,23.1
main,8301,제과점,M2,raw_ridge,ticket,250,0.0908050434782171,0.00080209050916975,0.0896266863778252,0.0920856247673644,1291.00984689648,0.588840931292084,7.64463118646384e-05,890741984.605445,0
main,8301,제과점,M3,log_ridge_smear,amt,250,0.308194133129069,0.0043405728888812,0.301051574432705,0.315589108495743,502352763.326316,0.582216361003277,0.0454206886772929,2.72431801540807e+20,0
main,8301,제과점,M3,log_ridge_smear,cnt,250,0.282385420207853,0.00338337829959046,0.276527283911615,0.288237071296287,36353.7658538856,0.696177052592467,0.0605003004125498,1180921066194.42,0
main,8301,제과점,M3,log_ridge_smear,ticket,250,0.0890268834580008,0.000604537164333271,0.0877401814783317,0.0900098242507478,1265.72906944707,0.59646487383334,0.00014371897352947,874225346.091168,0
main,8301,제과점,M3,raw_ridge,amt,250,0.298434624157801,0.00322657898351595,0.293768191233891,0.304242188447536,486444880.036495,0.661729497379087,-0.00313442819593507,2.2058221968298e+20,16.5
main,8301,제과점,M3,raw_ridge,cnt,250,0.262477504351571,0.00309122175338462,0.25885762649507,0.269200237447673,33790.858352693,0.830798651282683,-0.00228452129695982,657664073216.851,22
main,8301,제과점,M3,raw_ridge,ticket,250,0.0902993916563435,0.000758844210920026,0.0894034534654804,0.0918569868374158,1283.82080258644,0.591671247078858,9.0818252078025e-05,884610340.449101,0
main,8301,제과점,M4,log_ridge_smear,amt,250,0.295188418224141,0.00744584867307032,0.28669238556233,0.306005402572136,481153603.059405,0.599922428637702,0.0424320476395742,2.60885882903511e+20,0
main,8301,제과점,M4,log_ridge_smear,cnt,250,0.271111357685849,0.00667858705092352,0.264508295375474,0.281797980914518,34902.3643302329,0.731554488857705,0.0519236686419307,1043413481233.99,0
main,8301,제과점,M4,log_ridge_smear,ticket,250,0.0876984921510523,0.000869792430911652,0.0865378327407011,0.0893988407937537,1246.84282489377,0.60235363830138,0.000298332522496707,861467826.803997,0
main,8301,제과점,M4,raw_ridge,amt,250,0.297602257377716,0.00549736718658279,0.292273980273751,0.310600072475863,485088132.10677,0.669756791307322,-0.00349808629010717,2.15347715642519e+20,18.8
main,8301,제과점,M4,raw_ridge,cnt,250,0.259884828444174,0.00459511910982178,0.25503534148567,0.270308598377591,33457.0821513469,0.838345193236269,-0.0023198418011075,628331626652.322,22.8
main,8301,제과점,M4,raw_ridge,ticket,250,0.0897220841405186,0.00095077091065264,0.0887978630788858,0.0917235493106135,1275.61300201646,0.599464583439724,5.33819626731953e-05,867726724.289081,0
main,8301,제과점,M5,log_ridge_smear,amt,250,0.278951685174019,0.0087691216903637,0.268003731911753,0.296658688340262,454687921.729564,0.632726008838054,0.0309809071304996,2.39495053735497e+20,0
main,8301,제과점,M5,log_ridge_smear,cnt,250,0.245732936478123,0.00783286714297108,0.235931952460857,0.259688198144329,31635.1942984095,0.775305531684264,0.0410232447765897,873358755010.313,0
main,8301,제과점,M5,log_ridge_smear,ticket,250,0.0854063992815334,0.00141616068694605,0.0830406668999266,0.0880966934771494,1214.25526861712,0.620151195515327,-1.73474623656665e-05,822910896.797081,0
main,8301,제과점,M5,raw_ridge,amt,250,0.277473027279996,0.00682701313331711,0.270802213315515,0.29466952639803,452277726.987909,0.683081583056168,-0.00190936272465647,2.06658775525066e+20,14.3
main,8301,제과점,M5,raw_ridge,cnt,250,0.2302003980499,0.00448840815308102,0.224523240838275,0.241085640842506,29635.5646265926,0.859887490575838,-0.00109738848290712,544599463036.657,18.7
main,8301,제과점,M5,raw_ridge,ticket,250,0.0887834074516313,0.000973946233278839,0.087371191100422,0.0905579435298435,1262.26747844214,0.606101555480502,0.000294508537522746,853348275.417818,0
main,8301,제과점,M6,log_ridge_smear,amt,250,0.271476687489464,0.00738841835954766,0.26182605865886,0.284404077896756,442503764.605712,0.621792620024082,0.0267337306389359,2.46624588100915e+20,0
main,8301,제과점,M6,log_ridge_smear,cnt,250,0.242328556737723,0.00714692009477803,0.232690434279608,0.253607384737741,31196.9208780994,0.763202795665592,0.036017199093026,920400547096.771,0
main,8301,제과점,M6,log_ridge_smear,ticket,250,0.0859907908440862,0.00137468097948443,0.0835111958882265,0.0881846778618696,1222.56378577432,0.614852671656881,-0.000157016524478723,834389708.810114,0
main,8301,제과점,M7,log_ridge_smear,amt,250,0.269624702960724,0.00886127301828343,0.258957391233948,0.285371563120512,439485051.899522,0.631840614613696,0.0244854038599133,2.40072408904778e+20,0
main,8301,제과점,M7,log_ridge_smear,cnt,250,0.240771397221815,0.00802096000172115,0.229658448458816,0.252799710551883,30996.4551019385,0.774628760471177,0.0328885050556884,875989278442.949,0
main,8301,제과점,M7,log_ridge_smear,ticket,250,0.0871007416808691,0.00169313914601348,0.0839652822853491,0.0898215265241005,1238.34437906484,0.608466427032397,-0.000192285046871858,848224977.551394,0
main,8301,제과점,M8,log_ridge_smear,amt,250,0.254756959398061,0.0100492709383886,0.240880459023566,0.270329890201164,415250807.115884,0.666523509696428,0.0232497895770278,2.17456100586123e+20,0
main,8301,제과점,M8,log_ridge_smear,cnt,250,0.218349150633572,0.00887017461127398,0.204442908033859,0.234598814110986,28109.8574093696,0.825506776294739,0.0290483188727329,678232916703.673,0
main,8301,제과점,M8,log_ridge_smear,ticket,250,0.0900303283288436,0.00217002921781875,0.0862695446428956,0.092943567893091,1279.99542690315,0.589332316106944,6.8811654702816e-05,889677440.202792,0
main,8301,제과점,M9,log_ridge_smear,amt,250,0.245098095018033,0.0143319345638921,0.22904219902283,0.273191946453178,399506973.310101,0.657116276495491,0.0180949356558121,2.23590446810403e+20,0
main,8301,제과점,M9,log_ridge_smear,cnt,250,0.194992385899446,0.0113132550520633,0.181332375639786,0.213102162934499,25102.9516150701,0.844676949799209,0.0249205606659993,603720896044.272,0
main,8301,제과점,M9,log_ridge_smear,ticket,250,0.0851777336214551,0.00292778074826812,0.0817365786614195,0.0905171883559428,1211.00424193952,0.592840898092052,0.000510327103500832,882076388.6429,0
main,8301,제과점,M9,raw_ridge,amt,250,0.273729478518978,0.00851093435573377,0.264454420582771,0.285458020830167,446175787.130551,0.620592300712232,-0.00144040522073021,2.47407302219009e+20,18.2
main,8301,제과점,M9,raw_ridge,cnt,250,0.217351074651337,0.00709965137983531,0.207390372722669,0.230231695942732,27981.3669917842,0.866521756549177,0.000121803392736564,518812916913.318,20.2
main,8301,제과점,M9,raw_ridge,ticket,250,0.0843306164383004,0.00258483378548425,0.0812433806785266,0.0901990715859333,1198.96045468898,0.602711950659892,0.000417019326659823,860691572.82927,0
main,8301,제과점,M9_alpha10,log_ridge_smear,amt,250,0.250856563776491,0.00674838750621958,0.240729499297569,0.264283711380169,408893208.74544,0.655165074464352,-0.00896894698875252,2.24862802725991e+20,0
main,8301,제과점,M9_alpha10,log_ridge_smear,cnt,250,0.209529264516518,0.00556144211916756,0.200258722979548,0.21757430015024,26974.4019226052,0.837268969731636,-0.00114308724142024,632514770221.294,0
main,8301,제과점,M9_alpha10,log_ridge_smear,ticket,250,0.0818308691550467,0.00218674957460666,0.079197488473193,0.0863059059746793,1163.42059661703,0.620686463251433,6.09180417303995e-05,821751283.689062,0
main,8301,제과점,M9_broad_supply,log_ridge_smear,amt,250,0.244881683501676,0.0154887709339748,0.228180615573904,0.275398122878433,399154225.118064,0.652848197718447,0.0181480948085111,2.2637361082597e+20,0
main,8301,제과점,M9_broad_supply,log_ridge_smear,cnt,250,0.196788687748125,0.0121490078125064,0.182841151979539,0.218654828996465,25334.2041236512,0.837034300225307,0.0250942496384846,633426900677.477,0
main,8301,제과점,M9_broad_supply,log_ridge_smear,ticket,250,0.085376729181921,0.00290424484293843,0.082020344617091,0.0911075677214177,1213.83343752392,0.592855312962748,0.000465964448143876,882045160.022377,0
main,8301,제과점,M9_taxable_pay,log_ridge_smear,amt,250,0.245108688415849,0.0144431714565773,0.228871969283422,0.273490880377599,399524240.422269,0.656908187602221,0.0182349438695349,2.23726139132416e+20,0
main,8301,제과점,M9_taxable_pay,log_ridge_smear,cnt,250,0.195037561822982,0.0114240928905973,0.181053185461707,0.21321631832742,25108.767478174,0.844463416169524,0.0250712881969043,604550874042.271,0
main,8301,제과점,M9_taxable_pay,log_ridge_smear,ticket,250,0.0851663213003432,0.00292312136294205,0.0817434509083917,0.0905030416585918,1210.84198862883,0.592833661363084,0.000504464322576407,882092066.415358,0
main,8301,제과점,M9_workplace,log_ridge_smear,amt,250,0.247114359874408,0.0144843478649053,0.231492041068124,0.277553122574567,402793460.992116,0.653194349584912,0.0187825303743189,2.2614788926154e+20,0
main,8301,제과점,M9_workplace,log_ridge_smear,cnt,250,0.196399534332209,0.0115462387618485,0.184062559317193,0.213454472743631,25284.1052476077,0.842519280374073,0.0257088392995041,612107482046.971,0
main,8301,제과점,M9_workplace,log_ridge_smear,ticket,250,0.0859075291282395,0.00294411150895851,0.0822331895147291,0.0913953793226122,1221.38002228597,0.588291481232468,0.00057261550130852,891932322.539817,0
main,8301,제과점,without_M1,log_ridge_smear,amt,250,0.412282151785919,0.0107635884643395,0.396551511686385,0.433637778916222,672014993.007799,0.344502574697888,0.0425141064651528,4.27442168174077e+20,0
main,8301,제과점,without_M1,log_ridge_smear,cnt,250,0.374633660970883,0.0106496191732805,0.357987735188762,0.398145633587634,48229.6302050396,0.488036303579411,0.0508559256929443,1989937624490.47,0
main,8301,제과점,without_M1,log_ridge_smear,ticket,250,0.0850583010519264,0.00300692721953592,0.0814684782006087,0.0906843607865775,1209.30622366437,0.596287063656089,0.000411439599964596,874610557.076943,0
main,8301,제과점,without_M2,log_ridge_smear,amt,250,0.228552172362976,0.00958885013818585,0.214341988862533,0.246498320885456,372537316.609756,0.68112597143626,0.0181007627610079,2.07934006881672e+20,0
main,8301,제과점,without_M2,log_ridge_smear,cnt,250,0.17809965193889,0.00815530655718942,0.167191880695952,0.18875755039015,22928.2129384699,0.881708434153375,0.0226329175447284,459784237014.943,0
main,8301,제과점,without_M2,log_ridge_smear,ticket,250,0.0829743734469892,0.00280431350652354,0.0797828911922396,0.0879370246734662,1179.67823214385,0.603896169128559,0.00101660038309617,858126061.840295,0
main,8301,제과점,without_M3,log_ridge_smear,amt,250,0.242790129328963,0.012449447472829,0.230481317209958,0.265047246043313,395745016.747868,0.660637170512054,0.0170224012540045,2.21294513196847e+20,0
main,8301,제과점,without_M3,log_ridge_smear,cnt,250,0.191949542154516,0.0101422875241933,0.179168252061261,0.21144855801283,24711.2216562368,0.85192530663888,0.0230186294258791,575547457005.841,0
main,8301,제과점,without_M3,log_ridge_smear,ticket,250,0.0841135205171721,0.00283550067949933,0.0809382714491399,0.0894061911102037,1195.87391939136,0.596147498346345,0.000826357640398824,874912913.732663,0
main,8301,제과점,without_M4,log_ridge_smear,amt,250,0.231775597692689,0.00787411959829038,0.223709257103116,0.247053636977453,377791461.473959,0.686040506606678,0.0167121098765656,2.04729296248609e+20,0
main,8301,제과점,without_M4,log_ridge_smear,cnt,250,0.183752594139885,0.0048461527591132,0.176055289603955,0.192352774190977,23655.962044671,0.872627748776462,0.023732767747531,495079703498.242,0
main,8301,제과점,without_M4,log_ridge_smear,ticket,250,0.0826393531870317,0.00221235258037586,0.0804392798319531,0.0869944057574468,1174.91512166069,0.604438194995453,0.000715229050484055,856951807.80304,0
main,8301,제과점,without_M5,log_ridge_smear,amt,250,0.24728805806904,0.0119560763221655,0.233809275036039,0.273418673444155,403076586.978883,0.644447336182287,0.0229709927404554,2.318517139137e+20,0
main,8301,제과점,without_M5,log_ridge_smear,cnt,250,0.196245633417384,0.0101060478779315,0.181593162139548,0.21008554551225,25264.2923343981,0.835839224258585,0.0291910777688127,638072008615.66,0
main,8301,제과점,without_M5,log_ridge_smear,ticket,250,0.0841848362004114,0.00251423953102865,0.0809597506140395,0.088677629224324,1196.88784158966,0.591931268644193,0.00066191120998287,884047025.316896,0
main,8301,제과점,without_M6,log_ridge_smear,amt,250,0.252038034732889,0.0141714786242481,0.238527690076386,0.278855738280271,410818992.321235,0.658399120771687,0.0222612987851905,2.22753919132825e+20,0
main,8301,제과점,without_M6,log_ridge_smear,cnt,250,0.199651711695445,0.0107493458776357,0.186156908845666,0.214817905664961,25702.7844212399,0.844868574955277,0.0288230686292136,602976073490.398,0
main,8301,제과점,without_M6,log_ridge_smear,ticket,250,0.0850140375972727,0.00293774241905197,0.0814124571215617,0.0908844927993087,1208.676913291,0.592871165509979,0.000663575247325263,882010816.795006,0
main,8301,제과점,without_M7,log_ridge_smear,amt,250,0.24543736535351,0.012783994254995,0.229906040922949,0.271031254538881,400059979.912826,0.65670762582827,0.0173057305861016,2.23856923108372e+20,0
main,8301,제과점,without_M7,log_ridge_smear,cnt,250,0.196528164025993,0.011067124305874,0.183038918754202,0.213775505131854,25300.6647915327,0.84270522260371,0.0255522711059578,611384748303.693,0
main,8301,제과점,without_M7,log_ridge_smear,ticket,250,0.0845332116191439,0.00264195190912565,0.0814738824124834,0.0894861024442787,1201.84082744565,0.59778323523176,0.000500200690104986,871369225.582514,0
main,8301,제과점,without_M8,log_ridge_smear,amt,250,0.242431846283784,0.0107608373913954,0.229669207878826,0.265037380494334,395161019.65496,0.64986997371101,0.0166359347566579,2.28315675703586e+20,0
main,8301,제과점,without_M8,log_ridge_smear,cnt,250,0.198868467102732,0.00925291424533343,0.183470027232773,0.212012810356614,25601.9509911398,0.830386167204965,0.024610223484941,659267346244.788,0
main,8301,제과점,without_M8,log_ridge_smear,ticket,250,0.0829277667468746,0.00163269641616432,0.0810077612447825,0.0858212144255065,1179.01560695835,0.611474162132365,0.00026010617709408,841708969.183799,0
main,8301,제과점,without_M9,log_ridge_smear,amt,250,0.254756959398061,0.0100492709383886,0.240880459023566,0.270329890201164,415250807.115884,0.666523509696428,0.0232497895770278,2.17456100586123e+20,0
main,8301,제과점,without_M9,log_ridge_smear,cnt,250,0.218349150633572,0.00887017461127398,0.204442908033859,0.234598814110986,28109.8574093696,0.825506776294739,0.0290483188727329,678232916703.673,0
main,8301,제과점,without_M9,log_ridge_smear,ticket,250,0.0900303283288436,0.00217002921781875,0.0862695446428956,0.092943567893091,1279.99542690315,0.589332316106944,6.8811654702816e-05,889677440.202792,0
parent_group_cv,4004,대형할인점,M5,log_ridge_smear,amt,193,0.663660172428461,0.0253085570110798,0.632279882038907,0.711899043896845,5117374859.3645,-0.251154022586824,0.1811366134922,1.66647219879985e+22,0
parent_group_cv,4004,대형할인점,M5,log_ridge_smear,cnt,193,0.519983917186372,0.0141707642188214,0.501511077928944,0.54988311360048,115282.247648386,0.164426402738085,0.0789981267483114,8928086259314.35,0
parent_group_cv,4004,대형할인점,M5,log_ridge_smear,ticket,193,0.24549857485383,0.00595622430871674,0.234478245600948,0.25418665169321,8569.32697406772,0.0409554022613809,0.00220459237989014,34681058618.7118,0
parent_group_cv,4004,대형할인점,M9,log_ridge_smear,amt,193,0.688115869800808,0.0373828469467915,0.646047610646015,0.742881947497765,5305948735.12313,-0.806599176947067,0.165001599375908,2.40629630597543e+22,0
parent_group_cv,4004,대형할인점,M9,log_ridge_smear,cnt,193,0.490371493607272,0.0201856602756994,0.455454566714267,0.524487215855822,108717.070080998,0.160425148329637,0.0555468079712814,8970839578257.35,0
parent_group_cv,4004,대형할인점,M9,log_ridge_smear,ticket,193,0.258517446589821,0.00766198299825472,0.246081805503482,0.26947030395185,9023.76125665196,0.0126886159552845,0.00662265640219069,35703244735.1405,0
parent_group_cv,4010,편의점,M5,log_ridge_smear,amt,251,0.139256907984731,0.00283279681616439,0.135430630877669,0.14304025861075,1138140550.58598,0.923633724618395,0.0144415918603018,8.84042576481008e+20,0
parent_group_cv,4010,편의점,M5,log_ridge_smear,cnt,251,0.155592248689478,0.00375133731340088,0.150328808710716,0.160119822274976,157871.511481968,0.903023092614429,0.0213808533025866,19188350057309.1,0
parent_group_cv,4010,편의점,M5,log_ridge_smear,ticket,251,0.0453144704813815,0.000659681202848756,0.0443977956144881,0.0461579442462441,399.44569141688,0.807056397806881,-0.000195541015482566,77843093.5178518,0
parent_group_cv,4010,편의점,M9,log_ridge_smear,amt,251,0.103808552075842,0.00539238318376605,0.0962402302955906,0.114524928855069,848422705.379094,0.961971622516814,0.00288068380055313,4.40229730226263e+20,0
parent_group_cv,4010,편의점,M9,log_ridge_smear,cnt,251,0.103922802399053,0.00660543484336663,0.0942057663929822,0.115385249722319,105445.162148941,0.964259892037808,0.00385263598133518,7071721723790.53,0
parent_group_cv,4010,편의점,M9,log_ridge_smear,ticket,251,0.0406416642505405,0.000815167133440927,0.0395248108082139,0.0419349791584077,358.25504534054,0.858460616613242,-0.000274705436628721,57104062.1829304,0
parent_group_cv,4020,슈퍼마켓,M5,log_ridge_smear,amt,251,0.275420954608783,0.00493419194495009,0.268810249616356,0.283692955199767,2411927367.61938,0.755190068509856,0.0293614687504792,3.69908335125454e+21,0
parent_group_cv,4020,슈퍼마켓,M5,log_ridge_smear,cnt,251,0.283694340219586,0.00576236828470449,0.277525600369228,0.293712225329831,130205.477861979,0.756572916778515,0.0186685800910497,11049446444369,0
parent_group_cv,4020,슈퍼마켓,M5,log_ridge_smear,ticket,251,0.154406250030745,0.00248738415019038,0.151371937908473,0.158921651114845,3270.38369430982,0.368756124962965,0.00129079354294109,4309710778.61709,0
parent_group_cv,4020,슈퍼마켓,M9,log_ridge_smear,amt,251,0.251133047315164,0.0105002532773858,0.237985513031032,0.269067935731042,2199232337.25435,0.811864077623327,0.0451181791902378,2.84273784972848e+21,0
parent_group_cv,4020,슈퍼마켓,M9,log_ridge_smear,cnt,251,0.221319281387034,0.00802748083143863,0.206487714195998,0.235568331330452,101577.573845017,0.863594756798983,0.0326531318090205,6191597128530.75,0
parent_group_cv,4020,슈퍼마켓,M9,log_ridge_smear,ticket,251,0.130908276718333,0.00283875877682948,0.127053648956223,0.134778556786629,2772.68759227419,0.508318353161183,-0.000872301060257791,3356873273.27355,0
parent_group_cv,8001,일반한식,M5,log_ridge_smear,amt,251,0.181185520478771,0.00379314644658432,0.175769249557485,0.188960536099883,4002445585.35161,0.880480498086929,0.00616223914661689,9.16678332274482e+21,0
parent_group_cv,8001,일반한식,M5,log_ridge_smear,cnt,251,0.203079356052311,0.00214151187715835,0.200193193223267,0.207161073239412,121496.735385427,0.858057648368271,0.0218066989014076,8133777968574.38,0
parent_group_cv,8001,일반한식,M5,log_ridge_smear,ticket,251,0.12669815676323,0.00201451686329379,0.123599541551571,0.129483705059242,4863.49865610991,0.195867444760747,0.000157295153152394,10998810392.8388,0
parent_group_cv,8001,일반한식,M9,log_ridge_smear,amt,251,0.119974768169046,0.00377366029210662,0.114295206914401,0.12535569749145,2650280662.2897,0.950260059391187,0.00501063357042653,3.81490259538405e+21,0
parent_group_cv,8001,일반한식,M9,log_ridge_smear,cnt,251,0.143044833247202,0.00322225050258636,0.138590125368844,0.149016964291947,85579.7486811557,0.932357016635949,0.0199645217650997,3876172273393.39,0
parent_group_cv,8001,일반한식,M9,log_ridge_smear,ticket,251,0.134711225148212,0.00204197961056336,0.130878266284267,0.137696486380957,5171.09229691167,0.150766595043258,0.00128117760039283,11615693382.2994,0
parent_group_cv,8002,갈비전문점,M5,log_ridge_smear,amt,82,1.10914816473062,0.0761707668027764,0.988231826453023,1.21477179451243,114591642.639144,-1.0021290777092,0.150029516299361,2.85006501346343e+18,0
parent_group_cv,8002,갈비전문점,M5,log_ridge_smear,cnt,82,0.956368632658366,0.0592526226685508,0.877910737942374,1.0706638635804,1279.632893529,-0.714825637671375,0.0855709765329873,343726673.004924,0
parent_group_cv,8002,갈비전문점,M5,log_ridge_smear,ticket,82,0.327645967138754,0.016019759364594,0.299808596406899,0.361683490815953,23503.71400783,-0.496561695937435,-0.000755433634794462,92356350331.4957,0
parent_group_cv,8002,갈비전문점,M9,log_ridge_smear,amt,82,1.23318911230489,0.45476206558644,0.886815809070106,2.14304473587132,127406933.13778,-14.0794544039263,0.274962675489782,2.14658614657959e+19,0
parent_group_cv,8002,갈비전문점,M9,log_ridge_smear,cnt,82,1.06776692399212,0.384047115731688,0.751500720757166,1.97126171734705,1428.68516584931,-10.6049057610642,0.27666086182008,2326134832.69527,0
parent_group_cv,8002,갈비전문점,M9,log_ridge_smear,ticket,82,0.40574744349908,0.0306382292579866,0.351123179373426,0.450093254071278,29106.3306980119,-1.28443258308702,-0.00687360814990156,140977720146.787,0
parent_group_cv,8003,한정식,M5,log_ridge_smear,amt,16,2.9543992944861,1.90281662373217,1.12174426539323,6.50683202656624,193073686.893785,-56.7745641726616,1.57372176883794,6.1542605981074e+18,0
parent_group_cv,8003,한정식,M5,log_ridge_smear,cnt,16,2.2381486444528,1.23005765261664,0.980232484885616,4.42836803381144,1845.63332593189,-33.2791573414553,0.995921784670017,542861181.085021,0
parent_group_cv,8003,한정식,M5,log_ridge_smear,ticket,16,0.930292297614095,0.162373171317597,0.675116618720187,1.17492930410795,86239.0634463988,-1.48225580408116,0.17935497531661,269283841212.922,0
parent_group_cv,8003,한정식,M9,log_ridge_smear,amt,16,1.10390112344402,0.172482640695826,0.824649871063568,1.48093685731792,72141318.2934711,-0.666471172317178,-0.162165449573225,1.7751579818107e+17,0
parent_group_cv,8003,한정식,M9,log_ridge_smear,cnt,16,0.814296435390188,0.0932273265632525,0.675834198997569,0.966681865528193,671.489198033634,-0.363120438268261,-0.175186851345125,21587029.2174464,0
parent_group_cv,8003,한정식,M9,log_ridge_smear,ticket,16,0.846974476974802,0.124248991956237,0.669405052380982,1.09249699179002,78515.41482676,-0.998053445494042,0.0501722915141817,216755866122.554,0
parent_group_cv,8004,일식회집,M5,log_ridge_smear,amt,239,0.346611176700261,0.0108163258985041,0.332914152988866,0.362690167622521,625758287.526457,0.676204513790709,0.116505317265498,3.40540445267609e+20,0
parent_group_cv,8004,일식회집,M5,log_ridge_smear,cnt,239,0.2941794693313,0.0106220895807879,0.279514363859743,0.310281577075509,10567.5136664425,0.796583778073626,0.110629429730641,107438802547.517,0
parent_group_cv,8004,일식회집,M5,log_ridge_smear,ticket,239,0.164865794877006,0.00328104497441929,0.158802315786354,0.171316971098902,9888.91193387251,0.428682547612243,-0.00217062092292207,49893138720.1931,0
parent_group_cv,8004,일식회집,M9,log_ridge_smear,amt,239,0.233785750815665,0.00947907365632441,0.216734194439985,0.245946237712545,422067668.074673,0.848728310290187,0.0700362723099279,1.59094646973757e+20,0
parent_group_cv,8004,일식회집,M9,log_ridge_smear,cnt,239,0.229261629088797,0.0124857487525374,0.212147860619765,0.245884301810949,8235.5352808741,0.858844550904734,0.078646900993835,74554390403.2467,0
parent_group_cv,8004,일식회집,M9,log_ridge_smear,ticket,239,0.145395917335025,0.00633424818722858,0.134650035494193,0.155189628256535,8721.07779023119,0.512405053776493,0.00465350583903688,42581654366.622,0
parent_group_cv,8005,중국음식,M5,log_ridge_smear,amt,251,0.200236258370074,0.00482802110520173,0.193707571884401,0.209792716403249,346524696.481739,0.82445678567938,0.000574610534020674,1.24650958308218e+20,0
parent_group_cv,8005,중국음식,M5,log_ridge_smear,cnt,251,0.186064045110812,0.00346464024564117,0.1813438727224,0.19179000764827,11389.5509953154,0.786548029068699,0.00748657775344305,164711608044.219,0
parent_group_cv,8005,중국음식,M5,log_ridge_smear,ticket,251,0.0722124537807568,0.00133341734847114,0.0699496965939027,0.0743381885409674,2027.30445059982,0.207481222261766,0.000246176014642066,2031368423.21945,0
parent_group_cv,8005,중국음식,M9,log_ridge_smear,amt,251,0.179340252570528,0.00552685825932034,0.169704859369388,0.185393399326305,310362504.247875,0.838211984687096,0.00947479328162739,1.14883570006324e+20,0
parent_group_cv,8005,중국음식,M9,log_ridge_smear,cnt,251,0.165559105674508,0.00589482442958141,0.156698024790316,0.178273520357131,10134.3807488202,0.794473889272262,0.0117851143913801,158595566231.316,0
parent_group_cv,8005,중국음식,M9,log_ridge_smear,ticket,251,0.0728233982614917,0.00195248808260308,0.0699702484962308,0.0762737171439961,2044.45620767241,0.210336900650567,0.000862855453469074,2024048804.97339,0
parent_group_cv,8006,서양음식,M5,log_ridge_smear,amt,251,0.199479702052812,0.00416403770288869,0.189567686321665,0.20402260582106,1280374526.5739,0.878464464278367,-0.00548046661514829,1.99625203557056e+21,0
parent_group_cv,8006,서양음식,M5,log_ridge_smear,cnt,251,0.224944466297324,0.00485340581961225,0.214451675157547,0.231823576369592,131072.34707758,0.819819350801152,0.00720155264093483,22181552959664.3,0
parent_group_cv,8006,서양음식,M5,log_ridge_smear,ticket,251,0.0975728826796132,0.00204282921348868,0.094784443045296,0.10100937505198,1156.83479642731,0.548943411241727,0.00130342903661794,597273858.247182,0
parent_group_cv,8006,서양음식,M9,log_ridge_smear,amt,251,0.144062345812056,0.00519498979147782,0.137778799775058,0.152260321109099,924674319.833315,0.88192237425152,-0.010279453358972,1.93945498619946e+21,0
parent_group_cv,8006,서양음식,M9,log_ridge_smear,cnt,251,0.154624704037126,0.0075974809187845,0.145459419571497,0.169567621380143,90097.8948623435,0.80795972038652,-0.00598655015050918,23641560020876.8,0
parent_group_cv,8006,서양음식,M9,log_ridge_smear,ticket,251,0.0867523165012371,0.00268368349279499,0.0817483933543659,0.0915940317715128,1028.54497728471,0.624187887352679,-1.70840383917742e-05,497637671.39467,0
parent_group_cv,8021,스넥,M5,log_ridge_smear,amt,251,0.214416158796135,0.00575566360188902,0.203041816356813,0.221835546195233,418811240.983112,0.836550941718525,0.0262949010913248,1.14386281696026e+20,0
parent_group_cv,8021,스넥,M5,log_ridge_smear,cnt,251,0.277838733557577,0.00781157417500466,0.260999721297508,0.28887420337506,33859.5622270167,0.772024498126585,0.0635765957441212,750046156676.89,0
parent_group_cv,8021,스넥,M5,log_ridge_smear,ticket,251,0.10729229697082,0.00304465578049482,0.10301514077823,0.1125976785414,1974.51236380716,0.488836017827693,2.26181122609085e-05,2013309847.65942,0
parent_group_cv,8021,스넥,M9,log_ridge_smear,amt,251,0.182077017474213,0.00860816888632052,0.16994491907792,0.19696115059562,355644379.001223,0.897861616196871,0.0223492773454982,7.14793346900892e+19,0
parent_group_cv,8021,스넥,M9,log_ridge_smear,cnt,251,0.233097284808677,0.0111733764318763,0.219452206032619,0.253025932765061,28407.0256111085,0.837820775155611,0.0544175184426513,533574455534.76,0
parent_group_cv,8021,스넥,M9,log_ridge_smear,ticket,251,0.110837191252062,0.00374538732966024,0.103757799544915,0.115602374995174,2039.74945709638,0.472597940841746,-0.000907864524556383,2077266388.89287,0
parent_group_cv,8301,제과점,M5,log_ridge_smear,amt,250,0.271669379887308,0.00638710191542734,0.262855260995557,0.28365823397128,442817850.917304,0.648161578042414,0.033178937607272,2.2942970044342e+20,0
parent_group_cv,8301,제과점,M5,log_ridge_smear,cnt,250,0.239204628625661,0.00550407462269253,0.230290186482524,0.249760491754159,30794.7522709288,0.791729215465876,0.0414013136369902,809521989789.925,0
parent_group_cv,8301,제과점,M5,log_ridge_smear,ticket,250,0.0857668569917747,0.00123351654636917,0.0844271740109265,0.088060169633791,1219.3800330078,0.615632380359554,0.00012649233994557,832700534.643492,0
parent_group_cv,8301,제과점,M9,log_ridge_smear,amt,250,0.247306658377096,0.00918342039852251,0.236116047188309,0.266125023226511,403106905.259298,0.653045666442978,0.0152865435423787,2.26244843791193e+20,0
parent_group_cv,8301,제과점,M9,log_ridge_smear,cnt,250,0.198979664457392,0.0052433479082523,0.190967585404798,0.2077968640918,25616.2663286381,0.840164966365392,0.0209101686656473,621258400478.286,0
parent_group_cv,8301,제과점,M9,log_ridge_smear,ticket,250,0.0864636730316477,0.00236734603358641,0.0831895862630568,0.0901952374266755,1229.28693172722,0.579714772672096,-0.000136081599533355,910513049.528173,0
