scope,industry,target,repeat,comparison,block,wape_gain_pp,sse_reduction
4004,대형할인점,amt,0,sequential,2,0.536543531327971,-0.00829364999419835
4004,대형할인점,amt,0,sequential,3,-1.21053519355426,-0.108538418643208
4004,대형할인점,amt,0,sequential,4,-2.65491491352686,-0.0927089030571682
4004,대형할인점,amt,0,sequential,5,-0.466922595086339,-0.00095690613874444
4004,대형할인점,amt,0,sequential,6,2.3880853791831,0.0879466605155913
4004,대형할인점,amt,0,sequential,7,-0.87408321110205,-0.0259991728211268
4004,대형할인점,amt,0,sequential,8,-2.07752667295413,-0.032791397489913
4004,대형할인점,amt,0,sequential,9,-3.4687131035223,-0.650398266778644
4004,대형할인점,amt,0,sequential,10,1.44812747645121,0.224484283584773
4004,대형할인점,amt,0,leave_one_block_out,1,2.99716445683321,-0.126166086433819
4004,대형할인점,amt,0,leave_one_block_out,2,2.76848244787128,0.384037000477711
4004,대형할인점,amt,0,leave_one_block_out,3,-2.59644698206778,-0.105626372792049
4004,대형할인점,amt,0,leave_one_block_out,4,-6.90958520787656,-0.587891392047741
4004,대형할인점,amt,0,leave_one_block_out,5,-2.01900139467378,-0.250315572684484
4004,대형할인점,amt,0,leave_one_block_out,6,3.8776343591115,0.180387534166536
4004,대형할인점,amt,0,leave_one_block_out,7,-0.902700495553677,-0.000296912743846578
4004,대형할인점,amt,0,leave_one_block_out,8,-3.2066372478385,-0.664529927958817
4004,대형할인점,amt,0,leave_one_block_out,9,-3.4687131035223,-0.650398266778644
4004,대형할인점,amt,1,sequential,2,3.28611216014713,0.0703762153521762
4004,대형할인점,amt,1,sequential,3,-2.38557287606294,-0.10350467289526
4004,대형할인점,amt,1,sequential,4,-2.45877166125474,-0.154762051926483
4004,대형할인점,amt,1,sequential,5,-0.767113781784357,-0.0168269557578695
4004,대형할인점,amt,1,sequential,6,2.3340960770769,0.0588383088062023
4004,대형할인점,amt,1,sequential,7,0.541568780197466,0.00519980116926488
4004,대형할인점,amt,1,sequential,8,-1.8598516742402,-0.0499040721268791
4004,대형할인점,amt,1,sequential,9,-6.32847434649677,-0.772694523368226
4004,대형할인점,amt,1,sequential,10,-0.260057169532535,0.0921081203341781
4004,대형할인점,amt,1,leave_one_block_out,1,5.13241591805985,-0.312117708187673
4004,대형할인점,amt,1,leave_one_block_out,2,-3.76841108627685,-0.314847105309007
4004,대형할인점,amt,1,leave_one_block_out,3,-0.0951672840387996,0.0440047897228942
4004,대형할인점,amt,1,leave_one_block_out,4,-7.95798859797024,-0.986182026820804
4004,대형할인점,amt,1,leave_one_block_out,5,-1.70308410942231,-0.20862129350302
4004,대형할인점,amt,1,leave_one_block_out,6,3.23516447733174,-0.0654656383798309
4004,대형할인점,amt,1,leave_one_block_out,7,-0.0927343044536011,0.00362444679804752
4004,대형할인점,amt,1,leave_one_block_out,8,-6.5322070757721,-0.958171285826045
4004,대형할인점,amt,1,leave_one_block_out,9,-6.32847434649677,-0.772694523368226
4004,대형할인점,amt,2,sequential,2,4.41523000919474,0.0909103495851387
4004,대형할인점,amt,2,sequential,3,-3.17132078681448,-0.163553068344635
4004,대형할인점,amt,2,sequential,4,-5.53207801115794,-0.352477426584506
4004,대형할인점,amt,2,sequential,5,-0.714396583963395,-0.00850299328639514
4004,대형할인점,amt,2,sequential,6,2.2654924171308,0.0625477436235964
4004,대형할인점,amt,2,sequential,7,-1.91427395274983,-0.0909953739786014
4004,대형할인점,amt,2,sequential,8,1.39032850908912,0.0736844115029305
4004,대형할인점,amt,2,sequential,9,1.96930057888343,0.0463077535878043
4004,대형할인점,amt,2,sequential,10,1.02924493223382,0.081031393092035
4004,대형할인점,amt,2,leave_one_block_out,1,9.20696401075262,0.0926801525716564
4004,대형할인점,amt,2,leave_one_block_out,2,0.134979656200396,0.0636312910062126
4004,대형할인점,amt,2,leave_one_block_out,3,-2.12210386798466,-0.064402492633848
4004,대형할인점,amt,2,leave_one_block_out,4,-6.84373771626515,-0.384856038166014
4004,대형할인점,amt,2,leave_one_block_out,5,-0.375993474508163,-0.0531994615233597
4004,대형할인점,amt,2,leave_one_block_out,6,1.83892277181618,0.0598932433334081
4004,대형할인점,amt,2,leave_one_block_out,7,-1.84701378350967,-0.0416977323965131
4004,대형할인점,amt,2,leave_one_block_out,8,-2.26348252485646,-0.193192125526753
4004,대형할인점,amt,2,leave_one_block_out,9,1.96930057888343,0.0463077535878043
4004,대형할인점,amt,3,sequential,2,1.62779735248478,0.0277077255644554
4004,대형할인점,amt,3,sequential,3,-0.534093324190277,-0.0887489971209452
4004,대형할인점,amt,3,sequential,4,-3.63769025593843,-0.197712617063793
4004,대형할인점,amt,3,sequential,5,-1.19025565797668,-0.00600740068394279
4004,대형할인점,amt,3,sequential,6,-0.347821913269519,-0.00745079004019789
4004,대형할인점,amt,3,sequential,7,-0.19961904070277,-0.00567738021251896
4004,대형할인점,amt,3,sequential,8,-0.653673598406757,-0.0478072500473525
4004,대형할인점,amt,3,sequential,9,-1.99699404597334,-0.481745139982688
4004,대형할인점,amt,3,sequential,10,0.594080898691507,0.12306576479374
4004,대형할인점,amt,3,leave_one_block_out,1,0.888514749710589,-0.593092836559751
4004,대형할인점,amt,3,leave_one_block_out,2,3.03683856023937,0.253782130372037
4004,대형할인점,amt,3,leave_one_block_out,3,0.209661954946994,0.157731931437583
4004,대형할인점,amt,3,leave_one_block_out,4,-9.20339366242468,-0.886722304317685
4004,대형할인점,amt,3,leave_one_block_out,5,0.45782852418691,-0.199380949903712
4004,대형할인점,amt,3,leave_one_block_out,6,-0.7527724829965,-0.0923464286782967
4004,대형할인점,amt,3,leave_one_block_out,7,0.945766666613912,0.0709033590802648
4004,대형할인점,amt,3,leave_one_block_out,8,-4.19606940690921,-0.859183834772874
4004,대형할인점,amt,3,leave_one_block_out,9,-1.99699404597334,-0.481745139982688
4004,대형할인점,amt,4,sequential,2,0.431068846076388,0.00566970422997659
4004,대형할인점,amt,4,sequential,3,-2.32877065252121,-0.0667439958432168
4004,대형할인점,amt,4,sequential,4,-4.8740679550295,-0.195572324984679
4004,대형할인점,amt,4,sequential,5,-0.471443279282413,-0.00403320889409819
4004,대형할인점,amt,4,sequential,6,1.57269411272332,0.0428251586711
4004,대형할인점,amt,4,sequential,7,-0.750678929314585,-0.0560054819787716
4004,대형할인점,amt,4,sequential,8,-0.0533618330181507,-0.0749692044376322
4004,대형할인점,amt,4,sequential,9,-12.915436175136,-3.26107873997211
4004,대형할인점,amt,4,sequential,10,2.04039286189593,0.153162108143146
4004,대형할인점,amt,4,leave_one_block_out,1,-8.18866448788286,-2.60949250704003
4004,대형할인점,amt,4,leave_one_block_out,2,-5.77161923447427,-0.240080167802868
4004,대형할인점,amt,4,leave_one_block_out,3,-1.31876673983984,-0.0151410371252991
4004,대형할인점,amt,4,leave_one_block_out,4,-17.4750436693788,-3.97584715797417
4004,대형할인점,amt,4,leave_one_block_out,5,-1.53055089534221,-0.284002277345872
4004,대형할인점,amt,4,leave_one_block_out,6,2.79083640861595,0.222950405695494
4004,대형할인점,amt,4,leave_one_block_out,7,0.24889370029394,-0.0167335123060943
4004,대형할인점,amt,4,leave_one_block_out,8,-13.2067313830124,-3.82833697958463
4004,대형할인점,amt,4,leave_one_block_out,9,-12.915436175136,-3.26107873997211
4004,대형할인점,amt,5,sequential,2,0.868694115994184,0.0252681593393107
4004,대형할인점,amt,5,sequential,3,-0.226113291163721,-0.0711057764979668
4004,대형할인점,amt,5,sequential,4,-4.21026546705481,-0.245993422163442
4004,대형할인점,amt,5,sequential,5,-1.92555835448048,-0.00542128538565434
4004,대형할인점,amt,5,sequential,6,2.02233797764213,0.0776777454674732
4004,대형할인점,amt,5,sequential,7,-1.72719841696513,-0.0543861628633522
4004,대형할인점,amt,5,sequential,8,0.15296461341453,-0.0111790684706723
4004,대형할인점,amt,5,sequential,9,-2.4930109503925,-0.282892180009337
4004,대형할인점,amt,5,sequential,10,-0.0716892455376539,0.0515076291967197
4004,대형할인점,amt,5,leave_one_block_out,1,5.4092390744867,-0.165977452458405
4004,대형할인점,amt,5,leave_one_block_out,2,1.42117696269255,0.284749260181808
4004,대형할인점,amt,5,leave_one_block_out,3,-0.0513815957715047,-0.0387911713258096
4004,대형할인점,amt,5,leave_one_block_out,4,-6.58663148639568,-0.490576503926731
4004,대형할인점,amt,5,leave_one_block_out,5,-1.58174929944572,-0.220161833213223
4004,대형할인점,amt,5,leave_one_block_out,6,1.31012082659546,-0.0713371169765102
4004,대형할인점,amt,5,leave_one_block_out,7,-0.0419987428962987,0.0803894614759242
4004,대형할인점,amt,5,leave_one_block_out,8,0.939320848375302,-0.266403558376251
4004,대형할인점,amt,5,leave_one_block_out,9,-2.4930109503925,-0.282892180009337
4004,대형할인점,amt,6,sequential,2,-0.553694175516306,7.62986405058452e-05
4004,대형할인점,amt,6,sequential,3,-2.04229413310562,-0.109282909393303
4004,대형할인점,amt,6,sequential,4,-4.24318885139315,-0.206317749807818
4004,대형할인점,amt,6,sequential,5,-0.8196264259696,-0.0127729972054949
4004,대형할인점,amt,6,sequential,6,3.23614561663638,0.0746248021559471
4004,대형할인점,amt,6,sequential,7,-1.66422356635686,-0.03968017448909
4004,대형할인점,amt,6,sequential,8,3.45875209964572,0.0999758002605311
4004,대형할인점,amt,6,sequential,9,-3.23403264250678,-0.402175574350448
4004,대형할인점,amt,6,sequential,10,-2.39143434997028,-0.229016382156362
4004,대형할인점,amt,6,leave_one_block_out,1,2.91347674082885,-0.289455512118935
4004,대형할인점,amt,6,leave_one_block_out,2,-0.723722332992727,0.0064609199292216
4004,대형할인점,amt,6,leave_one_block_out,3,-0.820751544956977,-0.0358417642085977
4004,대형할인점,amt,6,leave_one_block_out,4,-8.04969310080216,-0.560125250786887
4004,대형할인점,amt,6,leave_one_block_out,5,-0.867228260565012,-0.184010320489073
4004,대형할인점,amt,6,leave_one_block_out,6,1.63684578650661,-0.0403954277372585
4004,대형할인점,amt,6,leave_one_block_out,7,1.45359455656284,0.173623174716665
4004,대형할인점,amt,6,leave_one_block_out,8,-0.10144437602021,-0.367067720185972
4004,대형할인점,amt,6,leave_one_block_out,9,-3.23403264250678,-0.402175574350448
4004,대형할인점,amt,7,sequential,2,0.844078171139828,0.0019788488701471
4004,대형할인점,amt,7,sequential,3,-4.36303523023985,-0.330805787704038
4004,대형할인점,amt,7,sequential,4,-1.07778105475616,-0.0605519889284227
4004,대형할인점,amt,7,sequential,5,-2.20863599318176,-0.000992200878338512
4004,대형할인점,amt,7,sequential,6,2.8217884982021,0.132633516349583
4004,대형할인점,amt,7,sequential,7,-0.223620120451029,-0.030919503156841
4004,대형할인점,amt,7,sequential,8,-5.18742637979394,-0.233984614271992
4004,대형할인점,amt,7,sequential,9,3.22822534955293,-0.232816175858374
4004,대형할인점,amt,7,sequential,10,0.116972053685716,0.0247702266784841
4004,대형할인점,amt,7,leave_one_block_out,1,8.05424756795849,-0.268662466877361
4004,대형할인점,amt,7,leave_one_block_out,2,2.27390929699921,0.171340017005203
4004,대형할인점,amt,7,leave_one_block_out,3,-1.45324701532243,-0.0527651998823835
4004,대형할인점,amt,7,leave_one_block_out,4,-5.72215645392915,-0.60996349810975
4004,대형할인점,amt,7,leave_one_block_out,5,-0.0265801210703298,-0.0369354657074568
4004,대형할인점,amt,7,leave_one_block_out,6,0.709722724798245,-0.100264658907607
4004,대형할인점,amt,7,leave_one_block_out,7,0.799974924709468,0.0216681134437128
4004,대형할인점,amt,7,leave_one_block_out,8,-5.43042396347377,-0.807788855848254
4004,대형할인점,amt,7,leave_one_block_out,9,3.22822534955293,-0.232816175858374
4004,대형할인점,amt,8,sequential,2,0.53030686651736,0.0187844842943972
4004,대형할인점,amt,8,sequential,3,-3.43422101970402,-0.125554333336737
4004,대형할인점,amt,8,sequential,4,-4.24894627529549,-0.282334223395307
4004,대형할인점,amt,8,sequential,5,-2.40661547262234,-0.0335474614170443
4004,대형할인점,amt,8,sequential,6,3.17523188190941,0.122201042748175
4004,대형할인점,amt,8,sequential,7,-1.18774481934719,-0.0271642697155066
4004,대형할인점,amt,8,sequential,8,2.6412109729145,0.0870296498154473
4004,대형할인점,amt,8,sequential,9,-9.33020515926498,-2.22100348913399
4004,대형할인점,amt,8,sequential,10,1.66758949279756,0.244311815203939
4004,대형할인점,amt,8,leave_one_block_out,1,-3.30063806880997,-1.82310234999127
4004,대형할인점,amt,8,leave_one_block_out,2,1.86308386223382,0.338003532606207
4004,대형할인점,amt,8,leave_one_block_out,3,-0.858739238522233,-0.017876032080572
4004,대형할인점,amt,8,leave_one_block_out,4,-11.7627620187105,-2.41961248676922
4004,대형할인점,amt,8,leave_one_block_out,5,-6.58574309059528,-0.9680200322169
4004,대형할인점,amt,8,leave_one_block_out,6,0.642279858753991,-0.25799739869092
4004,대형할인점,amt,8,leave_one_block_out,7,0.155557236117909,0.162858897617434
4004,대형할인점,amt,8,leave_one_block_out,8,-7.1751140731104,-2.27131020529234
4004,대형할인점,amt,8,leave_one_block_out,9,-9.33020515926498,-2.22100348913399
4004,대형할인점,amt,9,sequential,2,0.426248197756707,0.0319172752909648
4004,대형할인점,amt,9,sequential,3,-2.27882378714621,-0.114318935090155
4004,대형할인점,amt,9,sequential,4,-1.99158833706281,-0.0706716491139423
4004,대형할인점,amt,9,sequential,5,-1.10062154378853,-0.0402157484380272
4004,대형할인점,amt,9,sequential,6,1.09657193970241,0.0131954675272532
4004,대형할인점,amt,9,sequential,7,-1.50478579939668,-0.0779477862488864
4004,대형할인점,amt,9,sequential,8,-2.74945553094548,-0.175856091487325
4004,대형할인점,amt,9,sequential,9,-7.21301484184808,-0.780554601881907
4004,대형할인점,amt,9,sequential,10,-2.04952731103306,-0.164660198909068
4004,대형할인점,amt,9,leave_one_block_out,1,8.83470920334995,0.220298899194226
4004,대형할인점,amt,9,leave_one_block_out,2,-9.38005552400409,-0.577495143772283
4004,대형할인점,amt,9,leave_one_block_out,3,-0.617324696115584,0.00774564553986778
4004,대형할인점,amt,9,leave_one_block_out,4,-9.49437146010185,-0.804438929548593
4004,대형할인점,amt,9,leave_one_block_out,5,-2.60291736565156,-0.25847028287856
4004,대형할인점,amt,9,leave_one_block_out,6,1.95994795757938,-0.126940298962474
4004,대형할인점,amt,9,leave_one_block_out,7,-2.07975969855886,-0.152448569373672
4004,대형할인점,amt,9,leave_one_block_out,8,-4.12500948236071,-0.281768527726975
4004,대형할인점,amt,9,leave_one_block_out,9,-7.21301484184808,-0.780554601881907
4004,대형할인점,cnt,0,sequential,2,3.99043889614518,0.0863092207893353
4004,대형할인점,cnt,0,sequential,3,-1.2938285000499,-0.10038181305935
4004,대형할인점,cnt,0,sequential,4,-0.98615990000529,0.0170422432585777
4004,대형할인점,cnt,0,sequential,5,-0.143794049745427,-0.005428747914618
4004,대형할인점,cnt,0,sequential,6,3.13930339621513,0.0511194781275249
4004,대형할인점,cnt,0,sequential,7,-0.774133321476661,-0.0271551432431958
4004,대형할인점,cnt,0,sequential,8,-2.5978862706414,-0.0282739816488999
4004,대형할인점,cnt,0,sequential,9,5.08737345452968,0.0509756664229907
4004,대형할인점,cnt,0,sequential,10,-0.383238034381245,0.00524990371009126
4004,대형할인점,cnt,0,leave_one_block_out,1,10.2936481837769,0.266193345668199
4004,대형할인점,cnt,0,leave_one_block_out,2,1.32159739812177,0.0551955323401221
4004,대형할인점,cnt,0,leave_one_block_out,3,-0.686018058227877,-0.0322249205309864
4004,대형할인점,cnt,0,leave_one_block_out,4,-3.84408477769474,-0.0621826715283427
4004,대형할인점,cnt,0,leave_one_block_out,5,0.406515251245254,-0.0368985995124107
4004,대형할인점,cnt,0,leave_one_block_out,6,2.36844540341669,0.0343172973156292
4004,대형할인점,cnt,0,leave_one_block_out,7,-0.938110057801378,-0.0291008204670671
4004,대형할인점,cnt,0,leave_one_block_out,8,-0.188882590330508,-0.0887625592878765
4004,대형할인점,cnt,0,leave_one_block_out,9,5.08737345452968,0.0509756664229907
4004,대형할인점,cnt,1,sequential,2,5.9514595169425,0.119473469387076
4004,대형할인점,cnt,1,sequential,3,-1.77565951229975,-0.0965202619349672
4004,대형할인점,cnt,1,sequential,4,-0.87882902200882,-0.0191125824869744
4004,대형할인점,cnt,1,sequential,5,-0.496760325124257,-0.0151307985003413
4004,대형할인점,cnt,1,sequential,6,1.87932776729044,0.0307607456050645
4004,대형할인점,cnt,1,sequential,7,-0.263720350797797,-0.00730185218802504
4004,대형할인점,cnt,1,sequential,8,0.361984924830827,0.000689163347665334
4004,대형할인점,cnt,1,sequential,9,-0.143362011393128,-0.065653254125754
4004,대형할인점,cnt,1,sequential,10,-0.387975494005521,0.00802268576129928
4004,대형할인점,cnt,1,leave_one_block_out,1,7.97073289770828,0.179147278145119
4004,대형할인점,cnt,1,leave_one_block_out,2,-1.65677176701634,-0.0441340365856027
4004,대형할인점,cnt,1,leave_one_block_out,3,-0.47585131630512,-0.0014244783490307
4004,대형할인점,cnt,1,leave_one_block_out,4,-3.45975573447013,-0.19774508345732
4004,대형할인점,cnt,1,leave_one_block_out,5,-0.825724417032542,-0.0566522853720588
4004,대형할인점,cnt,1,leave_one_block_out,6,1.56992448977872,0.020303569038384
4004,대형할인점,cnt,1,leave_one_block_out,7,-0.132769347269673,0.0148142488100308
4004,대형할인점,cnt,1,leave_one_block_out,8,-2.72574016624098,-0.18785192590496
4004,대형할인점,cnt,1,leave_one_block_out,9,-0.143362011393128,-0.065653254125754
4004,대형할인점,cnt,2,sequential,2,5.92111436724752,0.122755322982593
4004,대형할인점,cnt,2,sequential,3,-1.69286297622886,-0.0841102437104801
4004,대형할인점,cnt,2,sequential,4,-2.86578144664921,-0.117199487073033
4004,대형할인점,cnt,2,sequential,5,0.00259106831508316,-0.00904507603219362
4004,대형할인점,cnt,2,sequential,6,2.32824153345988,0.0329964917128023
4004,대형할인점,cnt,2,sequential,7,-1.62717275819624,-0.0695483998277793
4004,대형할인점,cnt,2,sequential,8,0.609517634009438,0.0587518346405228
4004,대형할인점,cnt,2,sequential,9,5.38011519794322,0.171745382912346
4004,대형할인점,cnt,2,sequential,10,0.00701947089077337,0.0112794424205336
4004,대형할인점,cnt,2,leave_one_block_out,1,12.4937925021052,0.287711048886239
4004,대형할인점,cnt,2,leave_one_block_out,2,1.81799353395697,0.0446136269255875
4004,대형할인점,cnt,2,leave_one_block_out,3,-0.782189370745129,-0.0261226033206421
4004,대형할인점,cnt,2,leave_one_block_out,4,-3.57827183076583,-0.106865817977561
4004,대형할인점,cnt,2,leave_one_block_out,5,0.283253963644686,-0.0189644273071372
4004,대형할인점,cnt,2,leave_one_block_out,6,1.22943975139736,0.0202181647292843
4004,대형할인점,cnt,2,leave_one_block_out,7,-1.03782563970513,-0.0110663056642433
4004,대형할인점,cnt,2,leave_one_block_out,8,-1.07407802088431,-0.0152687908484583
4004,대형할인점,cnt,2,leave_one_block_out,9,5.38011519794322,0.171745382912346
4004,대형할인점,cnt,3,sequential,2,4.37257261721743,0.0750395198784858
4004,대형할인점,cnt,3,sequential,3,-1.09466781981437,-0.0658208644756331
4004,대형할인점,cnt,3,sequential,4,-1.85831754160372,-0.054048467155251
4004,대형할인점,cnt,3,sequential,5,0.269769379087281,-0.000753366107939968
4004,대형할인점,cnt,3,sequential,6,0.486089756048258,0.0046043122534114
4004,대형할인점,cnt,3,sequential,7,-0.457561728048772,-0.0170178514271646
4004,대형할인점,cnt,3,sequential,8,-0.572891475472803,-0.024513765542332
4004,대형할인점,cnt,3,sequential,9,3.27924836813484,0.0459475031824772
4004,대형할인점,cnt,3,sequential,10,-0.338258718416734,0.0291642286082369
4004,대형할인점,cnt,3,leave_one_block_out,1,7.19678314454766,0.0747718710874821
4004,대형할인점,cnt,3,leave_one_block_out,2,1.22077540493177,0.125905874080507
4004,대형할인점,cnt,3,leave_one_block_out,3,-0.73564147503119,0.022167867568653
4004,대형할인점,cnt,3,leave_one_block_out,4,-5.11174236457807,-0.182378337811928
4004,대형할인점,cnt,3,leave_one_block_out,5,1.15845268657284,-0.0277341264440369
4004,대형할인점,cnt,3,leave_one_block_out,6,-0.219487237803945,-0.0198930181513954
4004,대형할인점,cnt,3,leave_one_block_out,7,1.23301879455401,0.0499403928467809
4004,대형할인점,cnt,3,leave_one_block_out,8,-2.44676007924799,-0.211436095987577
4004,대형할인점,cnt,3,leave_one_block_out,9,3.27924836813484,0.0459475031824772
4004,대형할인점,cnt,4,sequential,2,3.91431195184068,0.0873538646221812
4004,대형할인점,cnt,4,sequential,3,-0.81675910266964,-0.0334177402752631
4004,대형할인점,cnt,4,sequential,4,-2.52506343678995,-0.0838927613534919
4004,대형할인점,cnt,4,sequential,5,-0.156293596767354,0.00398904422509838
4004,대형할인점,cnt,4,sequential,6,2.5433376283879,0.042811108149201
4004,대형할인점,cnt,4,sequential,7,-1.69583065313378,-0.0421307255239056
4004,대형할인점,cnt,4,sequential,8,0.17941461410611,-0.00943970324030441
4004,대형할인점,cnt,4,sequential,9,0.0250150030775442,-0.47029456258188
4004,대형할인점,cnt,4,sequential,10,0.727411326632965,0.0681889599678598
4004,대형할인점,cnt,4,leave_one_block_out,1,1.81347174220573,-0.401144964738918
4004,대형할인점,cnt,4,leave_one_block_out,2,-2.72415357183929,-0.100342683334809
4004,대형할인점,cnt,4,leave_one_block_out,3,-0.570739549707744,-0.0424758353302905
4004,대형할인점,cnt,4,leave_one_block_out,4,-6.16180312949119,-0.717984404153672
4004,대형할인점,cnt,4,leave_one_block_out,5,0.860391780687286,-0.0812475698789028
4004,대형할인점,cnt,4,leave_one_block_out,6,0.871334522500222,0.0769878358046072
4004,대형할인점,cnt,4,leave_one_block_out,7,-0.139137703913783,-0.0410630066314859
4004,대형할인점,cnt,4,leave_one_block_out,8,-3.37715435324731,-0.675894756283121
4004,대형할인점,cnt,4,leave_one_block_out,9,0.0250150030775442,-0.47029456258188
4004,대형할인점,cnt,5,sequential,2,3.37845711597692,0.0839029753029076
4004,대형할인점,cnt,5,sequential,3,-1.03593148056391,-0.0864645971959721
4004,대형할인점,cnt,5,sequential,4,-1.52074371293784,-0.0380251158360505
4004,대형할인점,cnt,5,sequential,5,-0.896738208051084,-0.0274113531575011
4004,대형할인점,cnt,5,sequential,6,2.12275148936156,0.0407674224055095
4004,대형할인점,cnt,5,sequential,7,-1.41706828396749,-0.0415623658235558
4004,대형할인점,cnt,5,sequential,8,0.249605047256951,-0.0105529376690976
4004,대형할인점,cnt,5,sequential,9,1.58047583246168,0.0579187030595651
4004,대형할인점,cnt,5,sequential,10,-0.532557757861207,0.0121492265553982
4004,대형할인점,cnt,5,leave_one_block_out,1,8.41078225315339,0.183952792000675
4004,대형할인점,cnt,5,leave_one_block_out,2,-1.34902206181397,0.0476327464400981
4004,대형할인점,cnt,5,leave_one_block_out,3,0.128309787807968,-0.0069002013285171
4004,대형할인점,cnt,5,leave_one_block_out,4,-2.89203638262785,-0.107165911978318
4004,대형할인점,cnt,5,leave_one_block_out,5,-0.535543223739432,-0.0594279422270902
4004,대형할인점,cnt,5,leave_one_block_out,6,0.364219701807411,-0.000784800711080447
4004,대형할인점,cnt,5,leave_one_block_out,7,-0.273454241439708,-6.60571507582475e-06
4004,대형할인점,cnt,5,leave_one_block_out,8,0.102190007095038,-0.0608117241800827
4004,대형할인점,cnt,5,leave_one_block_out,9,1.58047583246168,0.0579187030595651
4004,대형할인점,cnt,6,sequential,2,2.46263518635732,0.0634195978208011
4004,대형할인점,cnt,6,sequential,3,-1.20611573357673,-0.0832475765310683
4004,대형할인점,cnt,6,sequential,4,-2.8139563948106,-0.0471673852302354
4004,대형할인점,cnt,6,sequential,5,0.395647039703462,-0.000566387917899869
4004,대형할인점,cnt,6,sequential,6,2.35875974079013,0.0406139984147075
4004,대형할인점,cnt,6,sequential,7,-1.5827942023535,-0.038959312521456
4004,대형할인점,cnt,6,sequential,8,2.22542867085694,0.0390023269099539
4004,대형할인점,cnt,6,sequential,9,2.86137626984965,0.0678101800091599
4004,대형할인점,cnt,6,sequential,10,-0.826367864798699,-0.0154287100927804
4004,대형할인점,cnt,6,leave_one_block_out,1,9.80057872934453,0.177920971315342
4004,대형할인점,cnt,6,leave_one_block_out,2,-0.977067833588935,0.0147871321807858
4004,대형할인점,cnt,6,leave_one_block_out,3,-0.505655975339253,-0.0334919016102222
4004,대형할인점,cnt,6,leave_one_block_out,4,-4.24010370568375,-0.104301120149672
4004,대형할인점,cnt,6,leave_one_block_out,5,-0.79952911900778,-0.0663672737610743
4004,대형할인점,cnt,6,leave_one_block_out,6,-0.670292120619304,-0.0201747137722561
4004,대형할인점,cnt,6,leave_one_block_out,7,0.353898609080733,0.0399374911820726
4004,대형할인점,cnt,6,leave_one_block_out,8,0.818118917161736,-0.0546460891633149
4004,대형할인점,cnt,6,leave_one_block_out,9,2.86137626984965,0.0678101800091599
4004,대형할인점,cnt,7,sequential,2,3.40680114355725,0.0603356662499396
4004,대형할인점,cnt,7,sequential,3,-2.99603803096363,-0.187918918392399
4004,대형할인점,cnt,7,sequential,4,-0.888720854386871,0.026541179300054
4004,대형할인점,cnt,7,sequential,5,-0.770587524234645,-0.0189780078332615
4004,대형할인점,cnt,7,sequential,6,2.44106247562386,0.0587350598992443
4004,대형할인점,cnt,7,sequential,7,-0.256705120418033,-0.0173395020719018
4004,대형할인점,cnt,7,sequential,8,-2.54544962889062,-0.155400567115611
4004,대형할인점,cnt,7,sequential,9,5.92981945605384,0.0944957943362037
4004,대형할인점,cnt,7,sequential,10,-0.39578363962422,0.00227930152767142
4004,대형할인점,cnt,7,leave_one_block_out,1,11.6507870445365,0.126774124558154
4004,대형할인점,cnt,7,leave_one_block_out,2,1.40251752476502,0.05520845759806
4004,대형할인점,cnt,7,leave_one_block_out,3,-0.465179966524726,-0.0130267117104843
4004,대형할인점,cnt,7,leave_one_block_out,4,-3.06737573423718,-0.156042960363487
4004,대형할인점,cnt,7,leave_one_block_out,5,0.508354819456863,0.0204474429980375
4004,대형할인점,cnt,7,leave_one_block_out,6,0.108624593883222,-0.0385057457688294
4004,대형할인점,cnt,7,leave_one_block_out,7,0.715518139721227,0.00254985708363498
4004,대형할인점,cnt,7,leave_one_block_out,8,-2.87996397288672,-0.282935331463911
4004,대형할인점,cnt,7,leave_one_block_out,9,5.92981945605384,0.0944957943362037
4004,대형할인점,cnt,8,sequential,2,3.2031601469887,0.0583828211246588
4004,대형할인점,cnt,8,sequential,3,-2.4807248833051,-0.0949017077670737
4004,대형할인점,cnt,8,sequential,4,-2.57434654112081,-0.115785334220735
4004,대형할인점,cnt,8,sequential,5,-0.735267147418883,-0.0120825316601776
4004,대형할인점,cnt,8,sequential,6,3.00364368053753,0.0713222636670873
4004,대형할인점,cnt,8,sequential,7,-1.12630506217384,-0.0243303882319865
4004,대형할인점,cnt,8,sequential,8,2.05029697304469,0.0554704117684511
4004,대형할인점,cnt,8,sequential,9,-1.62865087146169,-0.391734277270604
4004,대형할인점,cnt,8,sequential,10,0.0986110908700932,0.0869752419572277
4004,대형할인점,cnt,8,leave_one_block_out,1,3.20868722412011,-0.280887444492185
4004,대형할인점,cnt,8,leave_one_block_out,2,0.712471247342994,0.151100453223658
4004,대형할인점,cnt,8,leave_one_block_out,3,-1.01405752730366,-0.057544641858978
4004,대형할인점,cnt,8,leave_one_block_out,4,-5.54146118006489,-0.562144708928343
4004,대형할인점,cnt,8,leave_one_block_out,5,-3.53602005221657,-0.376308505502319
4004,대형할인점,cnt,8,leave_one_block_out,6,-0.785980978909684,-0.111108992690355
4004,대형할인점,cnt,8,leave_one_block_out,7,0.299279301330257,0.093551390609756
4004,대형할인점,cnt,8,leave_one_block_out,8,-3.68937405887476,-0.606218484737767
4004,대형할인점,cnt,8,leave_one_block_out,9,-1.62865087146169,-0.391734277270604
4004,대형할인점,cnt,9,sequential,2,4.99270816108281,0.11142846424614
4004,대형할인점,cnt,9,sequential,3,-1.97512429492633,-0.068690901973478
4004,대형할인점,cnt,9,sequential,4,-1.39934058427826,-0.0465967096426521
4004,대형할인점,cnt,9,sequential,5,-0.0891655608715736,0.00145711135203064
4004,대형할인점,cnt,9,sequential,6,0.940883649709778,0.00573589617300296
4004,대형할인점,cnt,9,sequential,7,-1.19332369578038,-0.050358031071595
4004,대형할인점,cnt,9,sequential,8,-1.56368052495649,-0.121812965933714
4004,대형할인점,cnt,9,sequential,9,-1.81609676798967,-0.237792260361124
4004,대형할인점,cnt,9,sequential,10,-1.83148161277638,-0.0877153658668601
4004,대형할인점,cnt,9,leave_one_block_out,1,11.2033602664905,0.226453587431694
4004,대형할인점,cnt,9,leave_one_block_out,2,-5.63571057395119,-0.284635281134098
4004,대형할인점,cnt,9,leave_one_block_out,3,-0.521766421453396,0.0160764049385063
4004,대형할인점,cnt,9,leave_one_block_out,4,-5.70047636745085,-0.312056741488523
4004,대형할인점,cnt,9,leave_one_block_out,5,-1.73101840717582,-0.142470720036052
4004,대형할인점,cnt,9,leave_one_block_out,6,0.225253506400769,-0.0692032472497215
4004,대형할인점,cnt,9,leave_one_block_out,7,-0.573231845574729,-0.0958124870670598
4004,대형할인점,cnt,9,leave_one_block_out,8,-2.72316269524032,-0.22811337516084
4004,대형할인점,cnt,9,leave_one_block_out,9,-1.81609676798967,-0.237792260361124
4004,대형할인점,ticket,0,sequential,2,1.02138737105734,0.0309140744152501
4004,대형할인점,ticket,0,sequential,3,0.983259507785572,0.0707434105920891
4004,대형할인점,ticket,0,sequential,4,-0.52873814583885,-0.0413487240929196
4004,대형할인점,ticket,0,sequential,5,0.66203303651417,0.0433888462615972
4004,대형할인점,ticket,0,sequential,6,0.203664341265294,0.0445995394145131
4004,대형할인점,ticket,0,sequential,7,-0.123996234675341,-0.00777866405456251
4004,대형할인점,ticket,0,sequential,8,0.506997042662852,-0.00200314566833737
4004,대형할인점,ticket,0,sequential,9,-2.89461524378031,-0.348128850035834
4004,대형할인점,ticket,0,sequential,10,-0.24661781213331,0.0288326521921646
4004,대형할인점,ticket,0,leave_one_block_out,1,-0.4835734337646,-0.116743967877155
4004,대형할인점,ticket,0,leave_one_block_out,2,-0.260515466250416,0.0439952244653697
4004,대형할인점,ticket,0,leave_one_block_out,3,-0.608941528355605,-0.0377445583796041
4004,대형할인점,ticket,0,leave_one_block_out,4,-0.533873427890941,-0.204531547346025
4004,대형할인점,ticket,0,leave_one_block_out,5,-0.517290712143803,-0.0640476690422898
4004,대형할인점,ticket,0,leave_one_block_out,6,1.11311860871777,0.0726529849495349
4004,대형할인점,ticket,0,leave_one_block_out,7,0.403888606216979,0.018679855904062
4004,대형할인점,ticket,0,leave_one_block_out,8,-0.0108678491460068,-0.182113514543067
4004,대형할인점,ticket,0,leave_one_block_out,9,-2.89461524378031,-0.348128850035834
4004,대형할인점,ticket,1,sequential,2,1.60900416441801,0.0463451519562901
4004,대형할인점,ticket,1,sequential,3,0.876790603973757,0.0567334247133734
4004,대형할인점,ticket,1,sequential,4,-0.583308199479726,-0.0262222471683802
4004,대형할인점,ticket,1,sequential,5,0.712957390439031,0.0456112355989546
4004,대형할인점,ticket,1,sequential,6,0.447223782132505,0.0618647677719352
4004,대형할인점,ticket,1,sequential,7,0.288653192224467,0.0116374309313022
4004,대형할인점,ticket,1,sequential,8,-0.859411939870253,-0.104384214928648
4004,대형할인점,ticket,1,sequential,9,-1.90168019815026,-0.0946726300821121
4004,대형할인점,ticket,1,sequential,10,-0.421878203904796,-0.0535275934315487
4004,대형할인점,ticket,1,leave_one_block_out,1,0.0513217023863533,-0.0316018108946385
4004,대형할인점,ticket,1,leave_one_block_out,2,-0.576098120503127,-0.0465906559496132
4004,대형할인점,ticket,1,leave_one_block_out,3,-0.255463733778122,-0.0136355409710214
4004,대형할인점,ticket,1,leave_one_block_out,4,-1.04746571392985,-0.0806208697809614
4004,대형할인점,ticket,1,leave_one_block_out,5,-0.142646578863337,-0.00606771032258324
4004,대형할인점,ticket,1,leave_one_block_out,6,1.21218497692812,0.0359576293861641
4004,대형할인점,ticket,1,leave_one_block_out,7,0.194005912660405,0.00135643214956549
4004,대형할인점,ticket,1,leave_one_block_out,8,-1.2287743020887,-0.0708162032140383
4004,대형할인점,ticket,1,leave_one_block_out,9,-1.90168019815026,-0.0946726300821121
4004,대형할인점,ticket,2,sequential,2,1.22448297376349,0.0131281105337258
4004,대형할인점,ticket,2,sequential,3,0.535503891074973,0.044849127519985
4004,대형할인점,ticket,2,sequential,4,-0.505431447461879,-0.024811135390586
4004,대형할인점,ticket,2,sequential,5,0.230563115141438,0.0270901672607039
4004,대형할인점,ticket,2,sequential,6,0.823898921876529,0.0649600453250573
4004,대형할인점,ticket,2,sequential,7,0.0725390951890115,-0.00187600741181426
4004,대형할인점,ticket,2,sequential,8,-0.75319865469364,-0.0556388482654231
4004,대형할인점,ticket,2,sequential,9,-0.871919199377316,-0.0243425851990815
4004,대형할인점,ticket,2,sequential,10,-0.223323797499531,-0.0142378645463463
4004,대형할인점,ticket,2,leave_one_block_out,1,-0.194840922626716,-0.0320344064994937
4004,대형할인점,ticket,2,leave_one_block_out,2,-0.492793723815116,-0.0315363888483386
4004,대형할인점,ticket,2,leave_one_block_out,3,-0.414924972091496,-0.0245045796302652
4004,대형할인점,ticket,2,leave_one_block_out,4,-1.21444239012587,-0.0978441149827376
4004,대형할인점,ticket,2,leave_one_block_out,5,-0.334725805128666,-0.0152877146165611
4004,대형할인점,ticket,2,leave_one_block_out,6,1.13594188113327,0.0718612816199419
4004,대형할인점,ticket,2,leave_one_block_out,7,0.190900355381729,0.00294104086613911
4004,대형할인점,ticket,2,leave_one_block_out,8,-0.585336185715896,-0.00906670771563944
4004,대형할인점,ticket,2,leave_one_block_out,9,-0.871919199377316,-0.0243425851990815
4004,대형할인점,ticket,3,sequential,2,1.63551248271001,0.0572279324988592
4004,대형할인점,ticket,3,sequential,3,0.516212284668061,0.0502192699272748
4004,대형할인점,ticket,3,sequential,4,-0.43144793630219,-0.0240200783883018
4004,대형할인점,ticket,3,sequential,5,0.467080036315806,0.0301185222450779
4004,대형할인점,ticket,3,sequential,6,0.0256160205540923,0.042467211311096
4004,대형할인점,ticket,3,sequential,7,0.23096325540905,0.0120714296019586
4004,대형할인점,ticket,3,sequential,8,0.712821564300056,0.021912018467572
4004,대형할인점,ticket,3,sequential,9,-2.09739995613803,-0.116097700326129
4004,대형할인점,ticket,3,sequential,10,-0.120885894602019,-0.0133652549728573
4004,대형할인점,ticket,3,leave_one_block_out,1,-0.120220859512715,-0.0254467609854834
4004,대형할인점,ticket,3,leave_one_block_out,2,-0.0971002354005823,-0.0156670817044944
4004,대형할인점,ticket,3,leave_one_block_out,3,-0.033149506465191,0.00121544346136249
4004,대형할인점,ticket,3,leave_one_block_out,4,-0.644780053597849,-0.0833428175547279
4004,대형할인점,ticket,3,leave_one_block_out,5,-0.256056473345925,-0.0148809939282417
4004,대형할인점,ticket,3,leave_one_block_out,6,0.379408170786349,0.00490600473066716
4004,대형할인점,ticket,3,leave_one_block_out,7,0.241202937504575,8.81287832824595e-05
4004,대형할인점,ticket,3,leave_one_block_out,8,0.887862185855848,0.0539826315053613
4004,대형할인점,ticket,3,leave_one_block_out,9,-2.09739995613803,-0.116097700326129
4004,대형할인점,ticket,4,sequential,2,1.65639134456646,0.054654093523799
4004,대형할인점,ticket,4,sequential,3,0.391412985090922,0.0544441305677057
4004,대형할인점,ticket,4,sequential,4,-0.846509291522482,-0.0549858680948458
4004,대형할인점,ticket,4,sequential,5,0.526561584807131,0.0403476592799078
4004,대형할인점,ticket,4,sequential,6,0.161441800079473,0.0400626348292166
4004,대형할인점,ticket,4,sequential,7,-0.356525390998744,-0.0165074181758793
4004,대형할인점,ticket,4,sequential,8,-0.144041267970038,-0.0168769513325044
4004,대형할인점,ticket,4,sequential,9,-1.29358198165714,-0.12947973173445
4004,대형할인점,ticket,4,sequential,10,-0.123142898887219,-0.00554564107624955
4004,대형할인점,ticket,4,leave_one_block_out,1,-0.167773601948346,-0.0438701790940454
4004,대형할인점,ticket,4,leave_one_block_out,2,-0.554607868539458,-0.0593903050561582
4004,대형할인점,ticket,4,leave_one_block_out,3,-0.646329160254006,-0.0211529960558294
4004,대형할인점,ticket,4,leave_one_block_out,4,-1.49869283565307,-0.128132612339602
4004,대형할인점,ticket,4,leave_one_block_out,5,-0.651199962321503,-0.039239353080244
4004,대형할인점,ticket,4,leave_one_block_out,6,1.07047333053596,0.0604275221557051
4004,대형할인점,ticket,4,leave_one_block_out,7,0.0246667992195415,0.000115609988665111
4004,대형할인점,ticket,4,leave_one_block_out,8,0.0666966899191712,-0.0280345231085812
4004,대형할인점,ticket,4,leave_one_block_out,9,-1.29358198165714,-0.12947973173445
4004,대형할인점,ticket,5,sequential,2,1.38618897589661,0.0487432876889567
4004,대형할인점,ticket,5,sequential,3,0.64660508696891,0.0516062627594897
4004,대형할인점,ticket,5,sequential,4,-0.519881897338456,-0.0309844814638855
4004,대형할인점,ticket,5,sequential,5,0.363996446038339,0.019089872647401
4004,대형할인점,ticket,5,sequential,6,0.266422015023951,0.0258486694012726
4004,대형할인점,ticket,5,sequential,7,0.0535833398817437,0.0133047818265356
4004,대형할인점,ticket,5,sequential,8,-0.323770997001374,-0.0326873916332848
4004,대형할인점,ticket,5,sequential,9,-2.26729026919898,-0.0986572635310419
4004,대형할인점,ticket,5,sequential,10,-0.167025470918625,-0.0214817798693747
4004,대형할인점,ticket,5,leave_one_block_out,1,-0.0464811413022292,-0.017984514146361
4004,대형할인점,ticket,5,leave_one_block_out,2,-0.147976311711973,0.00990547061892144
4004,대형할인점,ticket,5,leave_one_block_out,3,-0.329707613651864,-0.0200468600940684
4004,대형할인점,ticket,5,leave_one_block_out,4,-2.06397175777642,-0.129016369105317
4004,대형할인점,ticket,5,leave_one_block_out,5,-0.0533409524009543,-0.00112537544276292
4004,대형할인점,ticket,5,leave_one_block_out,6,-0.00808958016569328,-0.00974795305322451
4004,대형할인점,ticket,5,leave_one_block_out,7,0.130502702688828,0.00713883912725755
4004,대형할인점,ticket,5,leave_one_block_out,8,-0.5122171242883,0.019590510003042
4004,대형할인점,ticket,5,leave_one_block_out,9,-2.26729026919898,-0.0986572635310419
4004,대형할인점,ticket,6,sequential,2,1.37341099117475,0.0212311253353161
4004,대형할인점,ticket,6,sequential,3,0.897556100060637,0.0691724556696028
4004,대형할인점,ticket,6,sequential,4,-0.387661984533497,-0.0251054967992952
4004,대형할인점,ticket,6,sequential,5,0.401200118800968,0.0230046030212784
4004,대형할인점,ticket,6,sequential,6,0.44338741443655,0.0668260102017351
4004,대형할인점,ticket,6,sequential,7,0.0465714226938863,0.0109556131562085
4004,대형할인점,ticket,6,sequential,8,0.501848214489453,0.00431055972428651
4004,대형할인점,ticket,6,sequential,9,-2.71297343197557,-0.180071197608142
4004,대형할인점,ticket,6,sequential,10,-0.287665459045189,-0.053942882185142
4004,대형할인점,ticket,6,leave_one_block_out,1,-0.326242521538339,-0.0451539235368819
4004,대형할인점,ticket,6,leave_one_block_out,2,-1.51753970725875,-0.0699049523238717
4004,대형할인점,ticket,6,leave_one_block_out,3,-0.290039843095335,-0.00988592050739112
4004,대형할인점,ticket,6,leave_one_block_out,4,-1.21492507312274,-0.123854650261389
4004,대형할인점,ticket,6,leave_one_block_out,5,-0.197432380635648,0.000369532235881431
4004,대형할인점,ticket,6,leave_one_block_out,6,0.700684576802552,0.061656898240207
4004,대형할인점,ticket,6,leave_one_block_out,7,0.35247172160458,0.0168901041321816
4004,대형할인점,ticket,6,leave_one_block_out,8,-0.393341182117951,-0.0220262450360111
4004,대형할인점,ticket,6,leave_one_block_out,9,-2.71297343197557,-0.180071197608142
4004,대형할인점,ticket,7,sequential,2,1.31546079168386,0.044785450219304
4004,대형할인점,ticket,7,sequential,3,0.301363493022083,0.0418402330388925
4004,대형할인점,ticket,7,sequential,4,0.116358457092164,0.0106599242628487
4004,대형할인점,ticket,7,sequential,5,0.445986687472491,0.0145976780454107
4004,대형할인점,ticket,7,sequential,6,0.344500171987477,0.0495027528592492
4004,대형할인점,ticket,7,sequential,7,0.0243111216093272,0.00695609684181098
4004,대형할인점,ticket,7,sequential,8,-0.731086074550241,-0.00651685133256974
4004,대형할인점,ticket,7,sequential,9,-1.41138256749345,-0.0462530380206396
4004,대형할인점,ticket,7,sequential,10,-0.225807087029223,-0.0174919853532851
4004,대형할인점,ticket,7,leave_one_block_out,1,0.144792968316493,-0.0114141281603262
4004,대형할인점,ticket,7,leave_one_block_out,2,-0.996064326943497,-0.0455546693069835
4004,대형할인점,ticket,7,leave_one_block_out,3,-0.481455744269826,-0.03976763187282
4004,대형할인점,ticket,7,leave_one_block_out,4,-0.910526672666692,-0.0344008485765221
4004,대형할인점,ticket,7,leave_one_block_out,5,-0.439544009234372,-0.0189147068273909
4004,대형할인점,ticket,7,leave_one_block_out,6,0.00189443921056465,0.0220700796394148
4004,대형할인점,ticket,7,leave_one_block_out,7,0.345672141113168,0.0182378282706875
4004,대형할인점,ticket,7,leave_one_block_out,8,-0.529754430354312,0.0375706783109079
4004,대형할인점,ticket,7,leave_one_block_out,9,-1.41138256749345,-0.0462530380206396
4004,대형할인점,ticket,8,sequential,2,1.21488713912893,0.0145795621166693
4004,대형할인점,ticket,8,sequential,3,-0.0978100240230928,0.0314349772828532
4004,대형할인점,ticket,8,sequential,4,0.467498188673041,0.0089285820712085
4004,대형할인점,ticket,8,sequential,5,0.36488506590851,-0.00202543120751875
4004,대형할인점,ticket,8,sequential,6,0.223871193122485,0.0418812796459226
4004,대형할인점,ticket,8,sequential,7,0.0944665924981047,-0.00321395044655604
4004,대형할인점,ticket,8,sequential,8,0.904797964073945,0.0677234453593515
4004,대형할인점,ticket,8,sequential,9,-3.42876504433627,-0.150637179023957
4004,대형할인점,ticket,8,sequential,10,-0.187617892904668,-0.0163245496379554
4004,대형할인점,ticket,8,leave_one_block_out,1,-0.130517770620575,-0.0255507805535278
4004,대형할인점,ticket,8,leave_one_block_out,2,-1.40613312902426,-0.0524052795981427
4004,대형할인점,ticket,8,leave_one_block_out,3,-0.14464928758865,-0.00702237625266267
4004,대형할인점,ticket,8,leave_one_block_out,4,-0.571318312108388,-0.0571686663274631
4004,대형할인점,ticket,8,leave_one_block_out,5,-0.495260447986845,-0.0326187044621895
4004,대형할인점,ticket,8,leave_one_block_out,6,1.35069068439533,0.0618324024366387
4004,대형할인점,ticket,8,leave_one_block_out,7,-0.0174265430180898,0.000949648901784395
4004,대형할인점,ticket,8,leave_one_block_out,8,0.323547986175998,0.0912612489406673
4004,대형할인점,ticket,8,leave_one_block_out,9,-3.42876504433627,-0.150637179023957
4004,대형할인점,ticket,9,sequential,2,1.12031310348377,0.00761298897927254
4004,대형할인점,ticket,9,sequential,3,0.73931142358275,0.0585495341235066
4004,대형할인점,ticket,9,sequential,4,0.352194328447256,0.0113347038372282
4004,대형할인점,ticket,9,sequential,5,0.254092274459819,0.0195916583478752
4004,대형할인점,ticket,9,sequential,6,0.142331658031347,0.0352385190656044
4004,대형할인점,ticket,9,sequential,7,-0.120395388878933,0.000670853825708195
4004,대형할인점,ticket,9,sequential,8,0.309640330044558,0.00951253181046863
4004,대형할인점,ticket,9,sequential,9,-1.53288533074773,-0.0516798445365285
4004,대형할인점,ticket,9,sequential,10,-0.18275205627796,-0.0105069531554898
4004,대형할인점,ticket,9,leave_one_block_out,1,0.11477577694228,-0.0157080614254095
4004,대형할인점,ticket,9,leave_one_block_out,2,-1.46794236559811,-0.0717621851570021
4004,대형할인점,ticket,9,leave_one_block_out,3,-0.133694145753604,-0.00784477542181738
4004,대형할인점,ticket,9,leave_one_block_out,4,-0.461143823450089,-0.0234945863659153
4004,대형할인점,ticket,9,leave_one_block_out,5,4.29854122296902e-05,-1.63412237008664e-06
4004,대형할인점,ticket,9,leave_one_block_out,6,0.871522090884888,0.0577129380561791
4004,대형할인점,ticket,9,leave_one_block_out,7,-0.239998969834312,-0.00431802365093192
4004,대형할인점,ticket,9,leave_one_block_out,8,-0.747075490229193,-0.0191773545546789
4004,대형할인점,ticket,9,leave_one_block_out,9,-1.53288533074773,-0.0516798445365285
4010,편의점,amt,0,sequential,2,2.50062533368299,0.141532191202817
4010,편의점,amt,0,sequential,3,4.90153771638385,0.405623355755909
4010,편의점,amt,0,sequential,4,2.64483013103899,0.252010788005579
4010,편의점,amt,0,sequential,5,0.859737967316729,0.0633856168122958
4010,편의점,amt,0,sequential,6,0.28990942999208,0.0549200192213795
4010,편의점,amt,0,sequential,7,-0.0929580765808624,0.0265791413405746
4010,편의점,amt,0,sequential,8,0.274141605104697,0.115397583323292
4010,편의점,amt,0,sequential,9,3.61944900874164,0.482955903161461
4010,편의점,amt,0,sequential,10,-0.121947542724039,-0.029840328767136
4010,편의점,amt,0,leave_one_block_out,1,21.0595849742909,0.911322837569653
4010,편의점,amt,0,leave_one_block_out,2,0.355711709770726,0.0998670090535886
4010,편의점,amt,0,leave_one_block_out,3,-0.17942261677151,-0.0884243903366284
4010,편의점,amt,0,leave_one_block_out,4,-0.287335079549009,-0.0545879855271099
4010,편의점,amt,0,leave_one_block_out,5,-0.128794453316704,-0.0379832571321155
4010,편의점,amt,0,leave_one_block_out,6,1.8385194574375,0.376979377310053
4010,편의점,amt,0,leave_one_block_out,7,-0.0227914199107795,-0.000940172994418953
4010,편의점,amt,0,leave_one_block_out,8,-0.305342788186755,-0.0681238179982333
4010,편의점,amt,0,leave_one_block_out,9,3.61944900874164,0.482955903161461
4010,편의점,amt,1,sequential,2,2.68157974075751,0.103659097958478
4010,편의점,amt,1,sequential,3,4.34795600045815,0.362149785743957
4010,편의점,amt,1,sequential,4,2.85070804062063,0.3045254797954
4010,편의점,amt,1,sequential,5,1.10338355020344,0.0828752704164697
4010,편의점,amt,1,sequential,6,0.386748680733703,0.0394667458601461
4010,편의점,amt,1,sequential,7,0.0481457798947121,0.0616376414168368
4010,편의점,amt,1,sequential,8,0.569126069959441,0.155207534114577
4010,편의점,amt,1,sequential,9,3.05877000861721,0.459996691924794
4010,편의점,amt,1,sequential,10,-0.219243462472496,-0.0416314911816233
4010,편의점,amt,1,leave_one_block_out,1,21.2033803422303,0.92250675063417
4010,편의점,amt,1,leave_one_block_out,2,0.213506179586559,0.0280177920221754
4010,편의점,amt,1,leave_one_block_out,3,-0.0787162653203721,-0.00149464712596759
4010,편의점,amt,1,leave_one_block_out,4,-0.312260529809912,-0.0712087384972142
4010,편의점,amt,1,leave_one_block_out,5,-0.122993220247716,-0.0136746377626078
4010,편의점,amt,1,leave_one_block_out,6,1.5527009807949,0.360196126760408
4010,편의점,amt,1,leave_one_block_out,7,-0.143149357696412,-0.0232989600621458
4010,편의점,amt,1,leave_one_block_out,8,-0.223874965072228,-0.0433634384514774
4010,편의점,amt,1,leave_one_block_out,9,3.05877000861721,0.459996691924794
4010,편의점,amt,2,sequential,2,3.90165802061054,0.239514234919153
4010,편의점,amt,2,sequential,3,4.12221514521914,0.350524285841565
4010,편의점,amt,2,sequential,4,2.09456880203875,0.157382859468154
4010,편의점,amt,2,sequential,5,0.708324100639335,0.0464740795278655
4010,편의점,amt,2,sequential,6,0.302516039471173,0.0600462493899806
4010,편의점,amt,2,sequential,7,-0.0195486621831858,0.0284474909076797
4010,편의점,amt,2,sequential,8,-0.477314258450054,-0.497883471587127
4010,편의점,amt,2,sequential,9,2.85296288472017,0.412074638506152
4010,편의점,amt,2,sequential,10,-0.547429552280593,-0.174889106882505
4010,편의점,amt,2,leave_one_block_out,1,20.2123821177206,0.833407663487117
4010,편의점,amt,2,leave_one_block_out,2,0.381848878631344,0.132904355419624
4010,편의점,amt,2,leave_one_block_out,3,0.0655335333627646,-0.032881781596007
4010,편의점,amt,2,leave_one_block_out,4,0.161133033987362,0.157286218821938
4010,편의점,amt,2,leave_one_block_out,5,-0.150069007637409,-0.0235099996630206
4010,편의점,amt,2,leave_one_block_out,6,1.32658760236078,0.000803231612165556
4010,편의점,amt,2,leave_one_block_out,7,-0.0520431745452174,0.0100491002511349
4010,편의점,amt,2,leave_one_block_out,8,-1.95549662637751,-1.0508980912947
4010,편의점,amt,2,leave_one_block_out,9,2.85296288472017,0.412074638506152
4010,편의점,amt,3,sequential,2,2.84682392143485,0.115192640149829
4010,편의점,amt,3,sequential,3,4.50046426159808,0.421460647317116
4010,편의점,amt,3,sequential,4,2.23897905704221,0.186741108410685
4010,편의점,amt,3,sequential,5,0.852530101127477,0.0656926477145425
4010,편의점,amt,3,sequential,6,-0.26362163482786,-0.0206223909570742
4010,편의점,amt,3,sequential,7,0.185122149904457,0.0594256653361348
4010,편의점,amt,3,sequential,8,1.07433977801477,0.177964777141241
4010,편의점,amt,3,sequential,9,2.75440519102704,0.432084063114373
4010,편의점,amt,3,sequential,10,-0.0780098426350448,-0.00917045068138145
4010,편의점,amt,3,leave_one_block_out,1,20.6542576479267,0.907803494490454
4010,편의점,amt,3,leave_one_block_out,2,0.426657812268526,0.0808111666424498
4010,편의점,amt,3,leave_one_block_out,3,0.0370648109878718,-0.0445021111242179
4010,편의점,amt,3,leave_one_block_out,4,-0.159306941355333,-0.0193595311914123
4010,편의점,amt,3,leave_one_block_out,5,-0.173604603579004,-0.0386401926117623
4010,편의점,amt,3,leave_one_block_out,6,1.65327677325896,0.243165212864761
4010,편의점,amt,3,leave_one_block_out,7,-0.0368300805193761,-0.0248399894775069
4010,편의점,amt,3,leave_one_block_out,8,-0.5893452096762,-0.124033749564141
4010,편의점,amt,3,leave_one_block_out,9,2.75440519102704,0.432084063114373
4010,편의점,amt,4,sequential,2,3.09147727872875,0.177092468824726
4010,편의점,amt,4,sequential,3,4.41582538470673,0.391965497423063
4010,편의점,amt,4,sequential,4,2.166666416665,0.1825626233398
4010,편의점,amt,4,sequential,5,0.787356475805073,0.0263388141891727
4010,편의점,amt,4,sequential,6,0.179610058903773,0.0610761223032583
4010,편의점,amt,4,sequential,7,-0.00559527757792722,0.0335611126350316
4010,편의점,amt,4,sequential,8,1.18638868612798,0.200011811893014
4010,편의점,amt,4,sequential,9,3.35032031207602,0.473370332330066
4010,편의점,amt,4,sequential,10,-0.337635537617982,-0.0765797013082274
4010,편의점,amt,4,leave_one_block_out,1,19.9103714620058,0.915649672362551
4010,편의점,amt,4,leave_one_block_out,2,-0.028277803569092,-0.0118087686855921
4010,편의점,amt,4,leave_one_block_out,3,-0.0987315155590224,-0.0641166505968993
4010,편의점,amt,4,leave_one_block_out,4,-0.0497906863812389,0.0120503310992591
4010,편의점,amt,4,leave_one_block_out,5,-0.333045629193046,-0.106404226909323
4010,편의점,amt,4,leave_one_block_out,6,2.07050803021299,0.35916584064526
4010,편의점,amt,4,leave_one_block_out,7,-0.136042409573083,-0.0474398949438191
4010,편의점,amt,4,leave_one_block_out,8,0.0260758544676123,-0.00741346379750407
4010,편의점,amt,4,leave_one_block_out,9,3.35032031207602,0.473370332330066
4010,편의점,amt,5,sequential,2,3.15560191564261,0.165322837760824
4010,편의점,amt,5,sequential,3,3.87682517625583,0.349929899018945
4010,편의점,amt,5,sequential,4,2.79800193115273,0.286041781745389
4010,편의점,amt,5,sequential,5,0.950855345523097,0.0463754371979007
4010,편의점,amt,5,sequential,6,0.0239913923835905,-0.000573381380891025
4010,편의점,amt,5,sequential,7,-0.0545598982826301,0.0480028111894848
4010,편의점,amt,5,sequential,8,0.699203615419458,0.160926845785895
4010,편의점,amt,5,sequential,9,2.75097286467184,0.434330319921947
4010,편의점,amt,5,sequential,10,-0.0848730222128724,-0.022406549562322
4010,편의점,amt,5,leave_one_block_out,1,20.8318695044037,0.910965289963039
4010,편의점,amt,5,leave_one_block_out,2,0.0593067831541491,0.0560495361602478
4010,편의점,amt,5,leave_one_block_out,3,0.0412617101263613,-0.0143638878336716
4010,편의점,amt,5,leave_one_block_out,4,-0.299286073956682,-0.0166407424857908
4010,편의점,amt,5,leave_one_block_out,5,-0.144568330563584,-0.028647962546531
4010,편의점,amt,5,leave_one_block_out,6,0.987689932632208,0.201831708930706
4010,편의점,amt,5,leave_one_block_out,7,-0.175150060713801,-0.0413984521283961
4010,편의점,amt,5,leave_one_block_out,8,-0.559879644097956,-0.0604974290064897
4010,편의점,amt,5,leave_one_block_out,9,2.75097286467184,0.434330319921947
4010,편의점,amt,6,sequential,2,2.89432322242329,0.0703051712378941
4010,편의점,amt,6,sequential,3,4.62119419766536,0.423436368839597
4010,편의점,amt,6,sequential,4,1.85087107838322,0.168437368808936
4010,편의점,amt,6,sequential,5,0.715599614280193,0.0175295463258102
4010,편의점,amt,6,sequential,6,0.395976441524012,0.0937661160209311
4010,편의점,amt,6,sequential,7,0.162102767688002,0.0729342689924874
4010,편의점,amt,6,sequential,8,1.21619988528274,0.219566653560514
4010,편의점,amt,6,sequential,9,3.49910276174196,0.470587154164117
4010,편의점,amt,6,sequential,10,-0.350598498585848,-0.0560003683469603
4010,편의점,amt,6,leave_one_block_out,1,21.6497370880044,0.914109236107769
4010,편의점,amt,6,leave_one_block_out,2,0.290564930465802,0.0841293081742996
4010,편의점,amt,6,leave_one_block_out,3,-0.030575803468616,-0.042388915615063
4010,편의점,amt,6,leave_one_block_out,4,-0.110599429196528,-0.0389058143876748
4010,편의점,amt,6,leave_one_block_out,5,-0.0455762200056012,-0.00100392088456691
4010,편의점,amt,6,leave_one_block_out,6,2.24711375542291,0.375614426885509
4010,편의점,amt,6,leave_one_block_out,7,-0.0265261545363868,-0.0105764087186797
4010,편의점,amt,6,leave_one_block_out,8,-0.321441820679534,-0.0914990612367512
4010,편의점,amt,6,leave_one_block_out,9,3.49910276174196,0.470587154164117
4010,편의점,amt,7,sequential,2,2.97143293960307,0.0878603109082449
4010,편의점,amt,7,sequential,3,3.94870336137102,0.376824255971466
4010,편의점,amt,7,sequential,4,2.82797174563604,0.243072114317337
4010,편의점,amt,7,sequential,5,0.766842681897159,0.0487119913813715
4010,편의점,amt,7,sequential,6,0.111175387320128,0.0303074595700756
4010,편의점,amt,7,sequential,7,0.204120503550712,0.0529670143682942
4010,편의점,amt,7,sequential,8,0.523092050415708,0.107794817963127
4010,편의점,amt,7,sequential,9,3.35779706118242,0.51171900931345
4010,편의점,amt,7,sequential,10,-0.0859963977921485,-0.020496906812675
4010,편의점,amt,7,leave_one_block_out,1,21.1535695267666,0.915934051864273
4010,편의점,amt,7,leave_one_block_out,2,0.272711666856841,0.0842691182236228
4010,편의점,amt,7,leave_one_block_out,3,0.0873447200690144,-0.0132402219193248
4010,편의점,amt,7,leave_one_block_out,4,-0.463203480123955,-0.145776345764491
4010,편의점,amt,7,leave_one_block_out,5,-0.210725526430371,-0.00939455896413355
4010,편의점,amt,7,leave_one_block_out,6,1.94727480425587,0.388877081124174
4010,편의점,amt,7,leave_one_block_out,7,-0.126626944070501,-0.0284942187446005
4010,편의점,amt,7,leave_one_block_out,8,-0.343938682170822,-0.034351614522198
4010,편의점,amt,7,leave_one_block_out,9,3.35779706118242,0.51171900931345
4010,편의점,amt,8,sequential,2,3.28352060735944,0.178660794325121
4010,편의점,amt,8,sequential,3,4.37244708303784,0.396290622294396
4010,편의점,amt,8,sequential,4,2.82093065930668,0.263887604313996
4010,편의점,amt,8,sequential,5,0.959504314668921,0.07418221081633
4010,편의점,amt,8,sequential,6,0.104381185315705,0.0304476370071689
4010,편의점,amt,8,sequential,7,0.0311704027301407,0.0541942527231013
4010,편의점,amt,8,sequential,8,0.28662100835822,0.0293602468679343
4010,편의점,amt,8,sequential,9,2.69989616996675,0.438562628824582
4010,편의점,amt,8,sequential,10,-0.20997971020532,-0.0526914742385496
4010,편의점,amt,8,leave_one_block_out,1,20.1587447559591,0.905305748654524
4010,편의점,amt,8,leave_one_block_out,2,0.264694469805707,0.0503777292249714
4010,편의점,amt,8,leave_one_block_out,3,-0.313127988323665,-0.0691973682338116
4010,편의점,amt,8,leave_one_block_out,4,-0.136823048063356,-0.0320137896785351
4010,편의점,amt,8,leave_one_block_out,5,-0.028638091334382,-0.0079847516110525
4010,편의점,amt,8,leave_one_block_out,6,2.21790514439009,0.368488555709181
4010,편의점,amt,8,leave_one_block_out,7,-0.135269295743004,-0.0496355642081998
4010,편의점,amt,8,leave_one_block_out,8,-0.507872892240789,-0.118562734105078
4010,편의점,amt,8,leave_one_block_out,9,2.69989616996675,0.438562628824582
4010,편의점,amt,9,sequential,2,2.70749837718553,0.150652560590656
4010,편의점,amt,9,sequential,3,4.78536892439597,0.374690733666714
4010,편의점,amt,9,sequential,4,2.22498803573794,0.177913454186595
4010,편의점,amt,9,sequential,5,0.863038641988137,0.0840362500316596
4010,편의점,amt,9,sequential,6,0.21095764312318,0.0311736044291787
4010,편의점,amt,9,sequential,7,0.0130944870428168,0.024653849414833
4010,편의점,amt,9,sequential,8,0.534272664394045,0.156765113988291
4010,편의점,amt,9,sequential,9,3.11601315601524,0.461930259560455
4010,편의점,amt,9,sequential,10,-0.242899286942551,-0.0556199894112717
4010,편의점,amt,9,leave_one_block_out,1,19.3812961715336,0.899814719159753
4010,편의점,amt,9,leave_one_block_out,2,-0.0809703565377615,0.0017998918040627
4010,편의점,amt,9,leave_one_block_out,3,-0.200491601439953,-0.0924300230807678
4010,편의점,amt,9,leave_one_block_out,4,-0.381583754246573,-0.058798760955435
4010,편의점,amt,9,leave_one_block_out,5,-0.0853928279615085,-0.0160688148417694
4010,편의점,amt,9,leave_one_block_out,6,1.54777450063851,0.33946949678085
4010,편의점,amt,9,leave_one_block_out,7,0.0657693127428957,0.0107064708950095
4010,편의점,amt,9,leave_one_block_out,8,-0.315913606461569,-0.0203067575207485
4010,편의점,amt,9,leave_one_block_out,9,3.11601315601524,0.461930259560455
4010,편의점,cnt,0,sequential,2,2.55659665592745,0.112624587103748
4010,편의점,cnt,0,sequential,3,5.26429128907407,0.40959551843655
4010,편의점,cnt,0,sequential,4,2.01099653441012,0.162013279455137
4010,편의점,cnt,0,sequential,5,1.46816880689777,0.139285485508817
4010,편의점,cnt,0,sequential,6,0.335266588611702,0.0420651008858904
4010,편의점,cnt,0,sequential,7,-0.151217045661242,0.0301867531609923
4010,편의점,cnt,0,sequential,8,1.52767069259763,0.225332911010146
4010,편의점,cnt,0,sequential,9,4.15895969884976,0.530233306150378
4010,편의점,cnt,0,sequential,10,-0.143087809240991,-0.0399805163063125
4010,편의점,cnt,0,leave_one_block_out,1,21.1009749823488,0.905822764249601
4010,편의점,cnt,0,leave_one_block_out,2,0.195874613441661,0.0691767376762725
4010,편의점,cnt,0,leave_one_block_out,3,-0.26682991617495,-0.0811620545852438
4010,편의점,cnt,0,leave_one_block_out,4,-0.351414852160301,-0.0953339855237134
4010,편의점,cnt,0,leave_one_block_out,5,0.151042103178567,0.0171988639655221
4010,편의점,cnt,0,leave_one_block_out,6,2.2549321505348,0.41063375595719
4010,편의점,cnt,0,leave_one_block_out,7,-0.0330965117384854,-0.0310493871790356
4010,편의점,cnt,0,leave_one_block_out,8,0.360138155502455,0.0440091404296254
4010,편의점,cnt,0,leave_one_block_out,9,4.15895969884976,0.530233306150378
4010,편의점,cnt,1,sequential,2,2.68530413510021,0.10291422297022
4010,편의점,cnt,1,sequential,3,4.5836733957034,0.346106087899102
4010,편의점,cnt,1,sequential,4,2.34239037022475,0.225659873807245
4010,편의점,cnt,1,sequential,5,1.85987346535333,0.14535301489567
4010,편의점,cnt,1,sequential,6,0.156681408425052,0.016406603663515
4010,편의점,cnt,1,sequential,7,0.185187569978315,0.0736127776943295
4010,편의점,cnt,1,sequential,8,1.35781534146356,0.243429824480175
4010,편의점,cnt,1,sequential,9,3.8248509903856,0.550533921947333
4010,편의점,cnt,1,sequential,10,-0.270534413470405,-0.0672171461031352
4010,편의점,cnt,1,leave_one_block_out,1,21.9162402836258,0.920901766029965
4010,편의점,cnt,1,leave_one_block_out,2,-0.0316235146349306,0.025905080494801
4010,편의점,cnt,1,leave_one_block_out,3,-0.182274049283924,-0.0348485512279884
4010,편의점,cnt,1,leave_one_block_out,4,-0.359904320858799,-0.0996525791820502
4010,편의점,cnt,1,leave_one_block_out,5,0.131481536173424,0.0514304019823497
4010,편의점,cnt,1,leave_one_block_out,6,2.04784195661551,0.413005888618416
4010,편의점,cnt,1,leave_one_block_out,7,-0.186210039922591,-0.043438956821501
4010,편의점,cnt,1,leave_one_block_out,8,0.521669306758196,0.1214243826369
4010,편의점,cnt,1,leave_one_block_out,9,3.8248509903856,0.550533921947333
4010,편의점,cnt,2,sequential,2,3.96776335708438,0.233256576543078
4010,편의점,cnt,2,sequential,3,4.26261942595611,0.334449194514433
4010,편의점,cnt,2,sequential,4,1.54266664225364,0.0666770416008164
4010,편의점,cnt,2,sequential,5,1.39275602218223,0.118031082545761
4010,편의점,cnt,2,sequential,6,0.256913966805897,0.0469746815998244
4010,편의점,cnt,2,sequential,7,0.00539483749015524,0.0497798426293011
4010,편의점,cnt,2,sequential,8,0.797223532948596,-0.0605464671479248
4010,편의점,cnt,2,sequential,9,3.39921929970958,0.451088884093929
4010,편의점,cnt,2,sequential,10,-0.745424638953583,-0.189272652446176
4010,편의점,cnt,2,leave_one_block_out,1,20.2080422900465,0.843818902015026
4010,편의점,cnt,2,leave_one_block_out,2,0.209121565676552,0.0291176660264011
4010,편의점,cnt,2,leave_one_block_out,3,-0.0693044175395383,0.0297867233610657
4010,편의점,cnt,2,leave_one_block_out,4,0.00580532779709403,0.104220669309451
4010,편의점,cnt,2,leave_one_block_out,5,0.0910243449372947,0.0109900285896283
4010,편의점,cnt,2,leave_one_block_out,6,1.45703219656064,0.0988308832926171
4010,편의점,cnt,2,leave_one_block_out,7,-0.0653350554575854,-0.00709143735828133
4010,편의점,cnt,2,leave_one_block_out,8,-1.0708608129707,-0.482627889812258
4010,편의점,cnt,2,leave_one_block_out,9,3.39921929970958,0.451088884093929
4010,편의점,cnt,3,sequential,2,2.64523986805461,0.0323497235083777
4010,편의점,cnt,3,sequential,3,4.86821123504473,0.44650342522569
4010,편의점,cnt,3,sequential,4,1.81735641001828,0.083553217396568
4010,편의점,cnt,3,sequential,5,1.50932978906124,0.133009582735127
4010,편의점,cnt,3,sequential,6,-0.209185821622501,-0.0282428514466866
4010,편의점,cnt,3,sequential,7,0.336382941323235,0.0858805993585614
4010,편의점,cnt,3,sequential,8,1.79790361752666,0.27237670599792
4010,편의점,cnt,3,sequential,9,3.75104524743344,0.538030593515397
4010,편의점,cnt,3,sequential,10,-0.130645253253514,-0.0171341881521712
4010,편의점,cnt,3,leave_one_block_out,1,20.9932562172074,0.908978889549415
4010,편의점,cnt,3,leave_one_block_out,2,0.630213668136068,0.116248853280604
4010,편의점,cnt,3,leave_one_block_out,3,-0.210748753471354,-0.0610073562945357
4010,편의점,cnt,3,leave_one_block_out,4,-0.362801234509942,-0.0626584027421306
4010,편의점,cnt,3,leave_one_block_out,5,0.0746086881974223,0.018259875779872
4010,편의점,cnt,3,leave_one_block_out,6,1.87571158995118,0.309823195705259
4010,편의점,cnt,3,leave_one_block_out,7,-0.078917161508768,-0.0210153502503152
4010,편의점,cnt,3,leave_one_block_out,8,-0.00281449138028328,0.0354810988171782
4010,편의점,cnt,3,leave_one_block_out,9,3.75104524743344,0.538030593515397
4010,편의점,cnt,4,sequential,2,3.26525119177359,0.154243705366477
4010,편의점,cnt,4,sequential,3,4.90751670039562,0.395406420101838
4010,편의점,cnt,4,sequential,4,1.27740877482758,0.0766367701838417
4010,편의점,cnt,4,sequential,5,1.57287313291666,0.103952348961911
4010,편의점,cnt,4,sequential,6,0.18848269111508,0.0447654053630018
4010,편의점,cnt,4,sequential,7,-0.198281465992273,0.0653622464503788
4010,편의점,cnt,4,sequential,8,2.20718149338793,0.267760706727875
4010,편의점,cnt,4,sequential,9,4.00848766453574,0.547183019358365
4010,편의점,cnt,4,sequential,10,-0.379062458003727,-0.0895840942065962
4010,편의점,cnt,4,leave_one_block_out,1,20.0942459849204,0.910402237533939
4010,편의점,cnt,4,leave_one_block_out,2,-0.111579894181328,-0.0207156726697764
4010,편의점,cnt,4,leave_one_block_out,3,0.00448000763085682,-0.0499492951397777
4010,편의점,cnt,4,leave_one_block_out,4,-0.123397193890379,-0.0304106735646732
4010,편의점,cnt,4,leave_one_block_out,5,-0.0745673943775851,-0.0322308449764681
4010,편의점,cnt,4,leave_one_block_out,6,2.1563452898992,0.396796919533477
4010,편의점,cnt,4,leave_one_block_out,7,-0.157445907833488,-0.0491835146615764
4010,편의점,cnt,4,leave_one_block_out,8,0.746134003965294,0.10376289212161
4010,편의점,cnt,4,leave_one_block_out,9,4.00848766453574,0.547183019358365
4010,편의점,cnt,5,sequential,2,3.45759658325786,0.147306328539831
4010,편의점,cnt,5,sequential,3,4.04861059559819,0.33518378154007
4010,편의점,cnt,5,sequential,4,2.32764721569842,0.215503196366861
4010,편의점,cnt,5,sequential,5,1.74519155025444,0.124825075657763
4010,편의점,cnt,5,sequential,6,-0.149492109581542,-0.0074153471946885
4010,편의점,cnt,5,sequential,7,0.12943617164122,0.064424963255602
4010,편의점,cnt,5,sequential,8,1.41565764082137,0.252762102154401
4010,편의점,cnt,5,sequential,9,3.77077652479981,0.522369737805834
4010,편의점,cnt,5,sequential,10,-0.0903982551164265,-0.0271793972516887
4010,편의점,cnt,5,leave_one_block_out,1,21.2270135942078,0.907250328298152
4010,편의점,cnt,5,leave_one_block_out,2,0.00654951346410193,0.0417374318563744
4010,편의점,cnt,5,leave_one_block_out,3,0.0782825869575607,-0.0125324935291486
4010,편의점,cnt,5,leave_one_block_out,4,-0.203426931846219,-0.0616182022198519
4010,편의점,cnt,5,leave_one_block_out,5,0.109672146004625,0.0215817644537875
4010,편의점,cnt,5,leave_one_block_out,6,1.21450350737188,0.258022964277945
4010,편의점,cnt,5,leave_one_block_out,7,-0.272975766959459,-0.06457401385242
4010,편의점,cnt,5,leave_one_block_out,8,0.0879542466461852,0.0935775866588217
4010,편의점,cnt,5,leave_one_block_out,9,3.77077652479981,0.522369737805834
4010,편의점,cnt,6,sequential,2,2.49859674486502,-0.0149480259576615
4010,편의점,cnt,6,sequential,3,5.41868651589669,0.456367367269897
4010,편의점,cnt,6,sequential,4,1.24267146253227,0.0898196059359593
4010,편의점,cnt,6,sequential,5,1.51001333495192,0.0995547819593798
4010,편의점,cnt,6,sequential,6,0.557406109045278,0.0915222328920916
4010,편의점,cnt,6,sequential,7,-0.095503744923503,0.0749694764631792
4010,편의점,cnt,6,sequential,8,2.27519709847248,0.295027320419719
4010,편의점,cnt,6,sequential,9,3.80252533792745,0.521970337725072
4010,편의점,cnt,6,sequential,10,-0.287254706395472,-0.0532069412900464
4010,편의점,cnt,6,leave_one_block_out,1,21.4614283645138,0.907225462373713
4010,편의점,cnt,6,leave_one_block_out,2,-0.0375366516023545,0.0405693171444389
4010,편의점,cnt,6,leave_one_block_out,3,0.065634160197546,-0.0227110303880884
4010,편의점,cnt,6,leave_one_block_out,4,-0.336692430253609,-0.123502517093877
4010,편의점,cnt,6,leave_one_block_out,5,0.0875111914379847,0.0355857546777113
4010,편의점,cnt,6,leave_one_block_out,6,2.35419577434405,0.40890858504059
4010,편의점,cnt,6,leave_one_block_out,7,-0.164567719901224,-0.043071224688884
4010,편의점,cnt,6,leave_one_block_out,8,-0.0319556954894412,0.00911707502727876
4010,편의점,cnt,6,leave_one_block_out,9,3.80252533792745,0.521970337725072
4010,편의점,cnt,7,sequential,2,3.09003398884829,0.0692528346821757
4010,편의점,cnt,7,sequential,3,4.41455391660352,0.373173397214493
4010,편의점,cnt,7,sequential,4,2.43969921170481,0.17975817706556
4010,편의점,cnt,7,sequential,5,1.36086434568319,0.110342167844005
4010,편의점,cnt,7,sequential,6,-0.208943396302494,0.00919781658671737
4010,편의점,cnt,7,sequential,7,0.430003145583194,0.0711916910982848
4010,편의점,cnt,7,sequential,8,1.25270990918853,0.178168280552476
4010,편의점,cnt,7,sequential,9,4.48386684906154,0.593035809341906
4010,편의점,cnt,7,sequential,10,-0.211535024425785,-0.0287243690414409
4010,편의점,cnt,7,leave_one_block_out,1,21.5571471845389,0.913724140524428
4010,편의점,cnt,7,leave_one_block_out,2,0.331729292190155,0.0734588536481665
4010,편의점,cnt,7,leave_one_block_out,3,0.0469024188027717,-0.0355828817986492
4010,편의점,cnt,7,leave_one_block_out,4,-0.364977865738877,-0.176568230569129
4010,편의점,cnt,7,leave_one_block_out,5,0.062519966591594,0.0261023285170777
4010,편의점,cnt,7,leave_one_block_out,6,2.46528127277866,0.429498515367268
4010,편의점,cnt,7,leave_one_block_out,7,-0.103502717884582,-0.0232819101683999
4010,편의점,cnt,7,leave_one_block_out,8,0.548899287738375,0.0737833818026554
4010,편의점,cnt,7,leave_one_block_out,9,4.48386684906154,0.593035809341906
4010,편의점,cnt,8,sequential,2,3.35390507776433,0.16278539656067
4010,편의점,cnt,8,sequential,3,5.0331998664097,0.400973319663625
4010,편의점,cnt,8,sequential,4,2.03438581807633,0.156129581825376
4010,편의점,cnt,8,sequential,5,1.65313613848298,0.143879468847989
4010,편의점,cnt,8,sequential,6,0.0611726379556227,0.0198109764210309
4010,편의점,cnt,8,sequential,7,0.218158515908712,0.0803097476979063
4010,편의점,cnt,8,sequential,8,0.957295376368994,0.148705323426921
4010,편의점,cnt,8,sequential,9,3.5207664252464,0.521417012422336
4010,편의점,cnt,8,sequential,10,-0.258854531996239,-0.0618295811383796
4010,편의점,cnt,8,leave_one_block_out,1,20.6297135256008,0.901364837508787
4010,편의점,cnt,8,leave_one_block_out,2,-0.0518356340716175,0.00609204103792915
4010,편의점,cnt,8,leave_one_block_out,3,-0.147097903827365,-0.0685807589197116
4010,편의점,cnt,8,leave_one_block_out,4,-0.16226191702074,-0.0928363682972095
4010,편의점,cnt,8,leave_one_block_out,5,0.227609007344309,0.0349454922660626
4010,편의점,cnt,8,leave_one_block_out,6,2.41343313672376,0.437587375802629
4010,편의점,cnt,8,leave_one_block_out,7,-0.250883663406469,-0.0773742163649085
4010,편의점,cnt,8,leave_one_block_out,8,0.229516934130919,0.067255450589444
4010,편의점,cnt,8,leave_one_block_out,9,3.5207664252464,0.521417012422336
4010,편의점,cnt,9,sequential,2,2.8892842530178,0.131209724137836
4010,편의점,cnt,9,sequential,3,4.99621075999217,0.388830638852839
4010,편의점,cnt,9,sequential,4,1.71190227748346,0.0732245045094513
4010,편의점,cnt,9,sequential,5,1.64539418994425,0.158144265224471
4010,편의점,cnt,9,sequential,6,0.207716861192053,0.0229062902897585
4010,편의점,cnt,9,sequential,7,-0.224809235679724,0.0332503896216941
4010,편의점,cnt,9,sequential,8,1.51568152749949,0.281798379968891
4010,편의점,cnt,9,sequential,9,4.01423440319131,0.532153892488454
4010,편의점,cnt,9,sequential,10,-0.2487066673034,-0.0462955191309777
4010,편의점,cnt,9,leave_one_block_out,1,19.6472004375349,0.900865353525748
4010,편의점,cnt,9,leave_one_block_out,2,-0.307910930474996,-0.0455895746944797
4010,편의점,cnt,9,leave_one_block_out,3,-0.155413398584173,-0.0504884476218463
4010,편의점,cnt,9,leave_one_block_out,4,-0.253707915698241,-0.0970677319866908
4010,편의점,cnt,9,leave_one_block_out,5,0.301982362104347,0.058953874995928
4010,편의점,cnt,9,leave_one_block_out,6,1.94764945347132,0.410194025830387
4010,편의점,cnt,9,leave_one_block_out,7,0.0649988882341454,-0.00795874411544251
4010,편의점,cnt,9,leave_one_block_out,8,0.50133571422043,0.148540195975274
4010,편의점,cnt,9,leave_one_block_out,9,4.01423440319131,0.532153892488454
4010,편의점,ticket,0,sequential,2,2.54213849569239,0.494224902468998
4010,편의점,ticket,0,sequential,3,0.360323792371699,0.126721748816788
4010,편의점,ticket,0,sequential,4,-0.0680639846683852,-0.00462957132733255
4010,편의점,ticket,0,sequential,5,0.098092721057836,0.0189398044992644
4010,편의점,ticket,0,sequential,6,-0.0671679673813562,-0.0312555891463573
4010,편의점,ticket,0,sequential,7,-0.0289864340187289,0.028854116346705
4010,편의점,ticket,0,sequential,8,0.173899433526007,0.103069580091302
4010,편의점,ticket,0,sequential,9,0.303847281903185,0.201615535527834
4010,편의점,ticket,0,sequential,10,-0.0656895639318172,-0.0205500947794957
4010,편의점,ticket,0,leave_one_block_out,1,0.0454144905251516,0.026863117952782
4010,편의점,ticket,0,leave_one_block_out,2,0.177275602900982,0.0996111959775586
4010,편의점,ticket,0,leave_one_block_out,3,0.0637550051628959,0.0350730248360801
4010,편의점,ticket,0,leave_one_block_out,4,0.126108800815634,0.0884304746455515
4010,편의점,ticket,0,leave_one_block_out,5,0.106819152074891,0.111074596135151
4010,편의점,ticket,0,leave_one_block_out,6,-0.109899030414889,-0.0573921075682586
4010,편의점,ticket,0,leave_one_block_out,7,-0.101020728009964,0.00841250033313257
4010,편의점,ticket,0,leave_one_block_out,8,0.0385083526360269,0.0303925938366715
4010,편의점,ticket,0,leave_one_block_out,9,0.303847281903185,0.201615535527834
4010,편의점,ticket,1,sequential,2,2.58994255929986,0.493730893139053
4010,편의점,ticket,1,sequential,3,0.346779278466552,0.131679403486422
4010,편의점,ticket,1,sequential,4,-0.0605591642808601,-0.0111380347590191
4010,편의점,ticket,1,sequential,5,0.140621184464326,0.0464745115492973
4010,편의점,ticket,1,sequential,6,-0.0150901673814312,-0.0226381192302532
4010,편의점,ticket,1,sequential,7,-0.0206726963177493,0.0380229266230744
4010,편의점,ticket,1,sequential,8,0.187405747345581,0.110419598914721
4010,편의점,ticket,1,sequential,9,0.33475126454561,0.165726656495624
4010,편의점,ticket,1,sequential,10,-0.0297996663139462,-0.020982982637866
4010,편의점,ticket,1,leave_one_block_out,1,0.011936726648433,0.0046973412531176
4010,편의점,ticket,1,leave_one_block_out,2,0.183371338585921,0.0640528557306391
4010,편의점,ticket,1,leave_one_block_out,3,0.072267631043188,0.0409452654074686
4010,편의점,ticket,1,leave_one_block_out,4,0.0625087871363068,0.0655715410534332
4010,편의점,ticket,1,leave_one_block_out,5,0.222799821505132,0.132555579693796
4010,편의점,ticket,1,leave_one_block_out,6,-0.0370353122736505,-0.0277658049052862
4010,편의점,ticket,1,leave_one_block_out,7,0.0826048914875165,0.0515992883322881
4010,편의점,ticket,1,leave_one_block_out,8,0.00560626543330764,-0.0110565115255459
4010,편의점,ticket,1,leave_one_block_out,9,0.33475126454561,0.165726656495624
4010,편의점,ticket,2,sequential,2,2.46210678603772,0.466932488255877
4010,편의점,ticket,2,sequential,3,0.374608561482862,0.14470474747106
4010,편의점,ticket,2,sequential,4,-0.0484894669792228,0.00660867805493348
4010,편의점,ticket,2,sequential,5,0.20104488652492,0.0689700616992001
4010,편의점,ticket,2,sequential,6,-0.00455218624729123,-0.0269987190117107
4010,편의점,ticket,2,sequential,7,-0.0515345259243377,0.0273174941206106
4010,편의점,ticket,2,sequential,8,-0.00267412374243547,0.020852722666561
4010,편의점,ticket,2,sequential,9,0.417090389359127,0.175908952077703
4010,편의점,ticket,2,sequential,10,-0.0119399078875461,-0.00126516011561684
4010,편의점,ticket,2,leave_one_block_out,1,0.0412778832428538,0.0356991892804733
4010,편의점,ticket,2,leave_one_block_out,2,0.230199014074644,0.106427478184974
4010,편의점,ticket,2,leave_one_block_out,3,0.000875002606294528,-0.00583471749850006
4010,편의점,ticket,2,leave_one_block_out,4,0.0950599646351739,0.0762525211863515
4010,편의점,ticket,2,leave_one_block_out,5,0.158063956472435,0.111413837202071
4010,편의점,ticket,2,leave_one_block_out,6,-0.00367463955981071,-0.0137719724583039
4010,편의점,ticket,2,leave_one_block_out,7,-0.0274764144608461,0.0182479967691715
4010,편의점,ticket,2,leave_one_block_out,8,0.0501693147251757,-0.0216459302950984
4010,편의점,ticket,2,leave_one_block_out,9,0.417090389359127,0.175908952077703
4010,편의점,ticket,3,sequential,2,2.6523197741238,0.511171483373815
4010,편의점,ticket,3,sequential,3,0.297257569229785,0.0971144472612795
4010,편의점,ticket,3,sequential,4,-0.00424417359763604,0.0031433578475909
4010,편의점,ticket,3,sequential,5,0.146389828896999,0.0494951454475246
4010,편의점,ticket,3,sequential,6,-0.039267389408771,-0.0122583155892573
4010,편의점,ticket,3,sequential,7,-0.0368202449676891,0.0191924845208206
4010,편의점,ticket,3,sequential,8,0.200777932971871,0.126076029279145
4010,편의점,ticket,3,sequential,9,0.161851887684445,0.0303351536700914
4010,편의점,ticket,3,sequential,10,-0.0326237686084828,-0.00709138298270995
4010,편의점,ticket,3,leave_one_block_out,1,-7.85026214152051e-05,0.015716140370976
4010,편의점,ticket,3,leave_one_block_out,2,0.130781867248601,0.00888843812332674
4010,편의점,ticket,3,leave_one_block_out,3,0.155113188455917,0.0436606650140059
4010,편의점,ticket,3,leave_one_block_out,4,0.134941423094032,0.0681664463812131
4010,편의점,ticket,3,leave_one_block_out,5,0.243389617422027,0.136398473874732
4010,편의점,ticket,3,leave_one_block_out,6,-0.0293345371482616,-0.0280180552471072
4010,편의점,ticket,3,leave_one_block_out,7,-0.0177183847932735,-0.00839184979792584
4010,편의점,ticket,3,leave_one_block_out,8,0.129023802086545,0.0075080015989859
4010,편의점,ticket,3,leave_one_block_out,9,0.161851887684445,0.0303351536700914
4010,편의점,ticket,4,sequential,2,2.58838151410804,0.482325807633122
4010,편의점,ticket,4,sequential,3,0.291880661232287,0.116431032368652
4010,편의점,ticket,4,sequential,4,0.00324867681096991,0.0215726142260217
4010,편의점,ticket,4,sequential,5,0.157431682103042,0.0477014074472741
4010,편의점,ticket,4,sequential,6,-0.0266461336029145,-0.0139634169870506
4010,편의점,ticket,4,sequential,7,-0.118167657221541,-0.0121915552390073
4010,편의점,ticket,4,sequential,8,0.260727852730409,0.15088668973148
4010,편의점,ticket,4,sequential,9,0.256125169412493,0.129955334924424
4010,편의점,ticket,4,sequential,10,-0.0189393585163795,-0.00878311300667489
4010,편의점,ticket,4,leave_one_block_out,1,0.0268755761158555,0.0092142258368838
4010,편의점,ticket,4,leave_one_block_out,2,0.063336116566514,0.0194787709206449
4010,편의점,ticket,4,leave_one_block_out,3,0.117308646564297,0.0400716174390655
4010,편의점,ticket,4,leave_one_block_out,4,0.114713949614795,0.0767093428033828
4010,편의점,ticket,4,leave_one_block_out,5,0.158443168381259,0.114613610536715
4010,편의점,ticket,4,leave_one_block_out,6,-0.0358841010890197,-0.0147626909277954
4010,편의점,ticket,4,leave_one_block_out,7,-0.0698626646387777,-0.00710164793989776
4010,편의점,ticket,4,leave_one_block_out,8,0.184636979288486,0.0788721365269063
4010,편의점,ticket,4,leave_one_block_out,9,0.256125169412493,0.129955334924424
4010,편의점,ticket,5,sequential,2,2.60371746136039,0.50020734739878
4010,편의점,ticket,5,sequential,3,0.303852660468676,0.103672381315239
4010,편의점,ticket,5,sequential,4,-0.147944151940777,-0.039672972400568
4010,편의점,ticket,5,sequential,5,0.250560096780261,0.0739745498983289
4010,편의점,ticket,5,sequential,6,-0.0122219221727053,-0.00241235693535935
4010,편의점,ticket,5,sequential,7,-0.0662034781548783,0.0253260929603234
4010,편의점,ticket,5,sequential,8,0.238448496817419,0.109970464837482
4010,편의점,ticket,5,sequential,9,0.296074958819846,0.152126521234386
4010,편의점,ticket,5,sequential,10,-0.00568554921051498,-0.00357312484596073
4010,편의점,ticket,5,leave_one_block_out,1,0.0198422148063197,0.0101846625907855
4010,편의점,ticket,5,leave_one_block_out,2,0.185954033214247,0.0953725313855049
4010,편의점,ticket,5,leave_one_block_out,3,0.044839468473816,0.0142313665864914
4010,편의점,ticket,5,leave_one_block_out,4,0.138947316214454,0.0736018982068924
4010,편의점,ticket,5,leave_one_block_out,5,0.260033712575665,0.123307011835172
4010,편의점,ticket,5,leave_one_block_out,6,-0.0572940008841803,-0.0306787253961047
4010,편의점,ticket,5,leave_one_block_out,7,-0.0102444739423134,0.0265069163687222
4010,편의점,ticket,5,leave_one_block_out,8,0.118869018855951,0.0181775566821699
4010,편의점,ticket,5,leave_one_block_out,9,0.296074958819846,0.152126521234386
4010,편의점,ticket,6,sequential,2,2.52602399175236,0.484392303063083
4010,편의점,ticket,6,sequential,3,0.353909991911721,0.131566151339139
4010,편의점,ticket,6,sequential,4,0.0424201049537623,0.0313243922727992
4010,편의점,ticket,6,sequential,5,0.11431111969363,0.0327413026573726
4010,편의점,ticket,6,sequential,6,-0.105360847790922,-0.0838989092664209
4010,편의점,ticket,6,sequential,7,-0.0797570617449811,0.0262501341171769
4010,편의점,ticket,6,sequential,8,0.408326629339465,0.206140755891859
4010,편의점,ticket,6,sequential,9,0.229933572260467,0.121658343579004
4010,편의점,ticket,6,sequential,10,0.00143567858246624,0.00199103567584868
4010,편의점,ticket,6,leave_one_block_out,1,0.0273922458221117,0.00763206017411577
4010,편의점,ticket,6,leave_one_block_out,2,0.180921133386183,0.0375231446218418
4010,편의점,ticket,6,leave_one_block_out,3,0.079229295975923,0.0258130746258114
4010,편의점,ticket,6,leave_one_block_out,4,0.175596247144912,0.0722103204404992
4010,편의점,ticket,6,leave_one_block_out,5,0.224157111405085,0.122583026433873
4010,편의점,ticket,6,leave_one_block_out,6,-0.102430562880512,-0.0737697481117316
4010,편의점,ticket,6,leave_one_block_out,7,0.0433688412385211,0.0390043383740197
4010,편의점,ticket,6,leave_one_block_out,8,0.302573244064612,0.0967518524108399
4010,편의점,ticket,6,leave_one_block_out,9,0.229933572260467,0.121658343579004
4010,편의점,ticket,7,sequential,2,2.49109680238263,0.47631985240507
4010,편의점,ticket,7,sequential,3,0.319939180987547,0.127065796956767
4010,편의점,ticket,7,sequential,4,0.0162019839557555,0.0182922165207536
4010,편의점,ticket,7,sequential,5,0.122220095797482,0.0182598587381604
4010,편의점,ticket,7,sequential,6,-0.0374268253558553,-0.0283284203363658
4010,편의점,ticket,7,sequential,7,-0.018183620131005,0.0323420797221184
4010,편의점,ticket,7,sequential,8,0.25248427631759,0.119857108941505
4010,편의점,ticket,7,sequential,9,0.236991633329096,0.13763278413405
4010,편의점,ticket,7,sequential,10,-0.00214243723168223,-0.00130163145984841
4010,편의점,ticket,7,leave_one_block_out,1,0.034643725026974,-0.00392915048847486
4010,편의점,ticket,7,leave_one_block_out,2,0.0775660102942374,0.00668430162183198
4010,편의점,ticket,7,leave_one_block_out,3,0.0596481838857077,0.0413855810519629
4010,편의점,ticket,7,leave_one_block_out,4,0.143341898749584,0.0771999779676705
4010,편의점,ticket,7,leave_one_block_out,5,0.216415398055658,0.0851092504408847
4010,편의점,ticket,7,leave_one_block_out,6,-0.0275676707567764,-0.00987221843590991
4010,편의점,ticket,7,leave_one_block_out,7,0.0473563385071818,0.0499128360549194
4010,편의점,ticket,7,leave_one_block_out,8,0.120519269759909,0.0268249108749518
4010,편의점,ticket,7,leave_one_block_out,9,0.236991633329096,0.13763278413405
4010,편의점,ticket,8,sequential,2,2.59542405781484,0.50710928832382
4010,편의점,ticket,8,sequential,3,0.227142211956093,0.0937788050525546
4010,편의점,ticket,8,sequential,4,-0.0296768140129827,0.00972128572008568
4010,편의점,ticket,8,sequential,5,0.137785889834254,0.0204165680673664
4010,편의점,ticket,8,sequential,6,-0.0224138541578052,-0.00760570858389631
4010,편의점,ticket,8,sequential,7,-0.0243262114629092,0.0250037809867329
4010,편의점,ticket,8,sequential,8,0.202891146434456,0.119222380017903
4010,편의점,ticket,8,sequential,9,0.502204757842994,0.222804968414709
4010,편의점,ticket,8,sequential,10,-0.02414246641744,-0.00602080465145804
4010,편의점,ticket,8,leave_one_block_out,1,0.0693683868132226,0.00481590551313926
4010,편의점,ticket,8,leave_one_block_out,2,0.169935164103605,0.0602761734648517
4010,편의점,ticket,8,leave_one_block_out,3,0.146007434808461,0.0499218820678158
4010,편의점,ticket,8,leave_one_block_out,4,0.156756464230956,0.0726739510920843
4010,편의점,ticket,8,leave_one_block_out,5,0.292635485665953,0.132666531550457
4010,편의점,ticket,8,leave_one_block_out,6,-0.00563043625355919,-0.00237656017188237
4010,편의점,ticket,8,leave_one_block_out,7,-0.0057594109228204,0.0259691725429289
4010,편의점,ticket,8,leave_one_block_out,8,0.247554764007165,0.0985921804951398
4010,편의점,ticket,8,leave_one_block_out,9,0.502204757842994,0.222804968414709
4010,편의점,ticket,9,sequential,2,2.51389185019275,0.490212392877182
4010,편의점,ticket,9,sequential,3,0.340376528506379,0.123861179479379
4010,편의점,ticket,9,sequential,4,0.0399876580165472,-0.00601667312514942
4010,편의점,ticket,9,sequential,5,0.141451228705963,0.0665562569317
4010,편의점,ticket,9,sequential,6,-0.0162209592833501,-0.0292934720922116
4010,편의점,ticket,9,sequential,7,-0.0859348128541992,0.0184679800612247
4010,편의점,ticket,9,sequential,8,0.209828423383641,0.117651186054004
4010,편의점,ticket,9,sequential,9,0.0823563156576064,0.0579827695554419
4010,편의점,ticket,9,sequential,10,-0.00095773280356648,0.00359863959069173
4010,편의점,ticket,9,leave_one_block_out,1,0.0109666883581973,0.0213415054956855
4010,편의점,ticket,9,leave_one_block_out,2,0.180495273127484,0.071713943946791
4010,편의점,ticket,9,leave_one_block_out,3,0.0474432170377466,-0.0152374389106076
4010,편의점,ticket,9,leave_one_block_out,4,0.0767872581423225,0.01388853327641
4010,편의점,ticket,9,leave_one_block_out,5,0.221390956712888,0.100129348655224
4010,편의점,ticket,9,leave_one_block_out,6,-0.0284884533187514,-0.0185473416756701
4010,편의점,ticket,9,leave_one_block_out,7,-0.027511105111986,0.00149725663290501
4010,편의점,ticket,9,leave_one_block_out,8,0.0530716528969064,-0.00497376999933663
4010,편의점,ticket,9,leave_one_block_out,9,0.0823563156576064,0.0579827695554419
4020,슈퍼마켓,amt,0,sequential,2,4.77720004282034,0.25857486380652
4020,슈퍼마켓,amt,0,sequential,3,1.00947919523075,0.0833515661024911
4020,슈퍼마켓,amt,0,sequential,4,0.0829241873601727,-0.0226817968493314
4020,슈퍼마켓,amt,0,sequential,5,1.05892100401976,0.0784164982449608
4020,슈퍼마켓,amt,0,sequential,6,1.26291227236866,0.0862414926514744
4020,슈퍼마켓,amt,0,sequential,7,0.355889141243798,0.0120438553477147
4020,슈퍼마켓,amt,0,sequential,8,-0.975286211348653,0.0500701519161677
4020,슈퍼마켓,amt,0,sequential,9,2.42868960731778,0.168460926002616
4020,슈퍼마켓,amt,0,sequential,10,-0.408827635523148,0.0127171205928034
4020,슈퍼마켓,amt,0,leave_one_block_out,1,12.5389161306668,0.617938734974218
4020,슈퍼마켓,amt,0,leave_one_block_out,2,-0.167794468122393,0.00107495307104111
4020,슈퍼마켓,amt,0,leave_one_block_out,3,0.232465548521427,0.00923594701829678
4020,슈퍼마켓,amt,0,leave_one_block_out,4,-0.170031708290791,-0.0295730350876284
4020,슈퍼마켓,amt,0,leave_one_block_out,5,-0.451403340543802,-0.032666252886026
4020,슈퍼마켓,amt,0,leave_one_block_out,6,1.5823587517175,0.138104257752876
4020,슈퍼마켓,amt,0,leave_one_block_out,7,-0.217430742403815,-0.0222069814684889
4020,슈퍼마켓,amt,0,leave_one_block_out,8,-0.821524496804055,-0.00613728439445738
4020,슈퍼마켓,amt,0,leave_one_block_out,9,2.42868960731778,0.168460926002616
4020,슈퍼마켓,amt,1,sequential,2,4.75006421952208,0.236644459863205
4020,슈퍼마켓,amt,1,sequential,3,1.08654828604208,0.0590897063019428
4020,슈퍼마켓,amt,1,sequential,4,0.309747375420699,0.0091337543710065
4020,슈퍼마켓,amt,1,sequential,5,0.694356460275841,0.0707383771253578
4020,슈퍼마켓,amt,1,sequential,6,0.949456460163423,0.0168654971088786
4020,슈퍼마켓,amt,1,sequential,7,0.0271237378286271,0.0142361838399703
4020,슈퍼마켓,amt,1,sequential,8,-1.00732169028139,0.0243746547217208
4020,슈퍼마켓,amt,1,sequential,9,2.41387305149223,0.213373961389882
4020,슈퍼마켓,amt,1,sequential,10,-0.186139512151129,0.0133720642133213
4020,슈퍼마켓,amt,1,leave_one_block_out,1,12.8388542285383,0.590456950884835
4020,슈퍼마켓,amt,1,leave_one_block_out,2,0.0211073701844589,0.0759767913419663
4020,슈퍼마켓,amt,1,leave_one_block_out,3,-0.151507176970439,-0.00136847695784459
4020,슈퍼마켓,amt,1,leave_one_block_out,4,-0.384091289685379,-0.0564850772484859
4020,슈퍼마켓,amt,1,leave_one_block_out,5,-0.245270917331791,-0.0269429453111645
4020,슈퍼마켓,amt,1,leave_one_block_out,6,-0.0498790464518839,-0.00148857505559774
4020,슈퍼마켓,amt,1,leave_one_block_out,7,-0.556454254635946,-0.0158533786775159
4020,슈퍼마켓,amt,1,leave_one_block_out,8,-0.1088292327249,0.0273056105293413
4020,슈퍼마켓,amt,1,leave_one_block_out,9,2.41387305149223,0.213373961389882
4020,슈퍼마켓,amt,2,sequential,2,4.82308054356652,0.248351492350625
4020,슈퍼마켓,amt,2,sequential,3,0.584846707672471,0.044517631779647
4020,슈퍼마켓,amt,2,sequential,4,-0.306631706047306,-0.0251607679812333
4020,슈퍼마켓,amt,2,sequential,5,1.07648571200238,0.0707642264641061
4020,슈퍼마켓,amt,2,sequential,6,0.845940296395303,0.0544029829144771
4020,슈퍼마켓,amt,2,sequential,7,0.19102867308719,0.0100796357718841
4020,슈퍼마켓,amt,2,sequential,8,-0.956535989666529,0.0238259867028707
4020,슈퍼마켓,amt,2,sequential,9,2.90273105033336,0.223707839585966
4020,슈퍼마켓,amt,2,sequential,10,-0.228090786944068,-0.00632512429323628
4020,슈퍼마켓,amt,2,leave_one_block_out,1,13.140289110205,0.577354560592183
4020,슈퍼마켓,amt,2,leave_one_block_out,2,-0.422680336980363,-0.0229778077119551
4020,슈퍼마켓,amt,2,leave_one_block_out,3,-0.519660273429665,-0.0481843517620562
4020,슈퍼마켓,amt,2,leave_one_block_out,4,-0.794736022430173,-0.0836296310346594
4020,슈퍼마켓,amt,2,leave_one_block_out,5,-0.211856863273668,-0.0379564344044114
4020,슈퍼마켓,amt,2,leave_one_block_out,6,0.810662787215111,0.0754077833875632
4020,슈퍼마켓,amt,2,leave_one_block_out,7,-0.031140192579493,0.00043221746079336
4020,슈퍼마켓,amt,2,leave_one_block_out,8,0.202901963280561,0.0507013242447333
4020,슈퍼마켓,amt,2,leave_one_block_out,9,2.90273105033336,0.223707839585966
4020,슈퍼마켓,amt,3,sequential,2,4.64809156781186,0.25459128415802
4020,슈퍼마켓,amt,3,sequential,3,0.950328084227348,0.0761163362861389
4020,슈퍼마켓,amt,3,sequential,4,0.229328000134549,0.000310140458753216
4020,슈퍼마켓,amt,3,sequential,5,1.4325169706426,0.0978647180266028
4020,슈퍼마켓,amt,3,sequential,6,0.3441294384183,0.0353362228857731
4020,슈퍼마켓,amt,3,sequential,7,0.478001223894825,0.043590578467037
4020,슈퍼마켓,amt,3,sequential,8,-0.25309515378163,0.0618806067941117
4020,슈퍼마켓,amt,3,sequential,9,2.42636965703261,0.141445220742453
4020,슈퍼마켓,amt,3,sequential,10,-0.0114785815432727,0.00932388091473113
4020,슈퍼마켓,amt,3,leave_one_block_out,1,14.5817867738332,0.648358459844297
4020,슈퍼마켓,amt,3,leave_one_block_out,2,-0.107370939694387,0.0645208693497169
4020,슈퍼마켓,amt,3,leave_one_block_out,3,0.0633072614364599,0.0146588081346004
4020,슈퍼마켓,amt,3,leave_one_block_out,4,0.0428872148228759,-0.0426865956093276
4020,슈퍼마켓,amt,3,leave_one_block_out,5,-0.0175761137080344,-0.0206989046265196
4020,슈퍼마켓,amt,3,leave_one_block_out,6,0.846038162871274,0.0783214944822427
4020,슈퍼마켓,amt,3,leave_one_block_out,7,-0.137665281919178,-0.0082338710151042
4020,슈퍼마켓,amt,3,leave_one_block_out,8,-0.486724777975284,0.00866218026439769
4020,슈퍼마켓,amt,3,leave_one_block_out,9,2.42636965703261,0.141445220742453
4020,슈퍼마켓,amt,4,sequential,2,4.43687511718645,0.257928310668919
4020,슈퍼마켓,amt,4,sequential,3,0.884047472047483,0.0813858344897049
4020,슈퍼마켓,amt,4,sequential,4,-0.213664773485805,-0.0681364568039811
4020,슈퍼마켓,amt,4,sequential,5,0.763216146912432,0.0744167391580385
4020,슈퍼마켓,amt,4,sequential,6,0.919241682433436,0.0433760490364695
4020,슈퍼마켓,amt,4,sequential,7,0.368063281822162,0.0403094147552764
4020,슈퍼마켓,amt,4,sequential,8,-1.16799876108597,-0.0203108642473211
4020,슈퍼마켓,amt,4,sequential,9,2.61486184497126,0.204556430139776
4020,슈퍼마켓,amt,4,sequential,10,-0.460614511748542,0.0143322007594486
4020,슈퍼마켓,amt,4,leave_one_block_out,1,11.6193806456917,0.57693323559167
4020,슈퍼마켓,amt,4,leave_one_block_out,2,-0.915472245158308,-0.0309543840639503
4020,슈퍼마켓,amt,4,leave_one_block_out,3,-0.386417925584015,-0.0130224310531253
4020,슈퍼마켓,amt,4,leave_one_block_out,4,-0.425405168510545,-0.0958833559503596
4020,슈퍼마켓,amt,4,leave_one_block_out,5,-0.728320227223647,-0.0794774164728147
4020,슈퍼마켓,amt,4,leave_one_block_out,6,0.936358322139375,0.0682193787372388
4020,슈퍼마켓,amt,4,leave_one_block_out,7,-0.300602928670624,-0.0269349129619656
4020,슈퍼마켓,amt,4,leave_one_block_out,8,-0.73921560169751,-0.0472499693021899
4020,슈퍼마켓,amt,4,leave_one_block_out,9,2.61486184497126,0.204556430139776
4020,슈퍼마켓,amt,5,sequential,2,4.68715272852486,0.24875663072964
4020,슈퍼마켓,amt,5,sequential,3,1.07310068313513,0.0976970448605958
4020,슈퍼마켓,amt,5,sequential,4,0.174920037583609,-0.0219787131154834
4020,슈퍼마켓,amt,5,sequential,5,1.33212480571176,0.0981468228453402
4020,슈퍼마켓,amt,5,sequential,6,0.50958889908963,0.0496949297631356
4020,슈퍼마켓,amt,5,sequential,7,1.04378396662009,0.0717141116432183
4020,슈퍼마켓,amt,5,sequential,8,-1.12942660677741,0.0042050027836269
4020,슈퍼마켓,amt,5,sequential,9,1.97133624721569,0.160046798602047
4020,슈퍼마켓,amt,5,sequential,10,-0.225695466961096,0.0114380923821649
4020,슈퍼마켓,amt,5,leave_one_block_out,1,13.6753711690041,0.669227361232294
4020,슈퍼마켓,amt,5,leave_one_block_out,2,-0.549978736056347,0.0164681974783527
4020,슈퍼마켓,amt,5,leave_one_block_out,3,0.21454613928307,0.0139873457297353
4020,슈퍼마켓,amt,5,leave_one_block_out,4,-0.19266002104123,-0.0289390687165672
4020,슈퍼마켓,amt,5,leave_one_block_out,5,-0.366282813828686,-0.0468023476289712
4020,슈퍼마켓,amt,5,leave_one_block_out,6,0.154125545067929,-0.0215578605567306
4020,슈퍼마켓,amt,5,leave_one_block_out,7,-0.0499253340356026,-0.00978021144770547
4020,슈퍼마켓,amt,5,leave_one_block_out,8,-1.28810465864046,-0.055743811786195
4020,슈퍼마켓,amt,5,leave_one_block_out,9,1.97133624721569,0.160046798602047
4020,슈퍼마켓,amt,6,sequential,2,4.77879281452294,0.254350257088369
4020,슈퍼마켓,amt,6,sequential,3,1.19643279594407,0.083810650728779
4020,슈퍼마켓,amt,6,sequential,4,0.507318469890511,-0.0110699515541972
4020,슈퍼마켓,amt,6,sequential,5,0.932854261736199,0.0720264793314269
4020,슈퍼마켓,amt,6,sequential,6,0.717710033432484,0.0157240789087806
4020,슈퍼마켓,amt,6,sequential,7,0.742862287575696,0.0399722138944786
4020,슈퍼마켓,amt,6,sequential,8,-1.18467150162905,0.0166151689710827
4020,슈퍼마켓,amt,6,sequential,9,2.31916495639194,0.171933745976142
4020,슈퍼마켓,amt,6,sequential,10,-0.157793116615121,2.73354391255864e-06
4020,슈퍼마켓,amt,6,leave_one_block_out,1,13.757803827762,0.60520666673866
4020,슈퍼마켓,amt,6,leave_one_block_out,2,-0.720148958098912,0.0353696599379525
4020,슈퍼마켓,amt,6,leave_one_block_out,3,0.4588495275378,0.0394730512475164
4020,슈퍼마켓,amt,6,leave_one_block_out,4,0.122988381370029,-0.0662899044588767
4020,슈퍼마켓,amt,6,leave_one_block_out,5,0.060151312564008,-0.0187815495275434
4020,슈퍼마켓,amt,6,leave_one_block_out,6,0.810276713238336,0.0217033826432792
4020,슈퍼마켓,amt,6,leave_one_block_out,7,0.557097212880578,0.0360152556289116
4020,슈퍼마켓,amt,6,leave_one_block_out,8,-0.528579537043711,-0.0303262084891356
4020,슈퍼마켓,amt,6,leave_one_block_out,9,2.31916495639194,0.171933745976142
4020,슈퍼마켓,amt,7,sequential,2,4.42067024942303,0.246454136001922
4020,슈퍼마켓,amt,7,sequential,3,0.759032755967082,0.0549254580867482
4020,슈퍼마켓,amt,7,sequential,4,1.13129152591847,0.0406555055081723
4020,슈퍼마켓,amt,7,sequential,5,0.866970762301472,0.0733795948522344
4020,슈퍼마켓,amt,7,sequential,6,0.424468750117146,0.0100350770943449
4020,슈퍼마켓,amt,7,sequential,7,0.459998927380134,0.0380661468173427
4020,슈퍼마켓,amt,7,sequential,8,-1.90208494046671,-0.104479501805984
4020,슈퍼마켓,amt,7,sequential,9,3.69467398407935,0.252043584408591
4020,슈퍼마켓,amt,7,sequential,10,-0.192777156113694,0.035998895101147
4020,슈퍼마켓,amt,7,leave_one_block_out,1,12.0256702513685,0.569695872759721
4020,슈퍼마켓,amt,7,leave_one_block_out,2,-0.34941519715386,-0.00404778001686168
4020,슈퍼마켓,amt,7,leave_one_block_out,3,0.104117702149023,0.041652096904519
4020,슈퍼마켓,amt,7,leave_one_block_out,4,-0.108728291940463,-0.0370008815734859
4020,슈퍼마켓,amt,7,leave_one_block_out,5,-0.225808843663539,-0.000315372363009603
4020,슈퍼마켓,amt,7,leave_one_block_out,6,0.0493374100267285,-0.00226721374990757
4020,슈퍼마켓,amt,7,leave_one_block_out,7,-0.337454566525769,-0.0233615614750022
4020,슈퍼마켓,amt,7,leave_one_block_out,8,-0.398241295510618,-0.118278420199688
4020,슈퍼마켓,amt,7,leave_one_block_out,9,3.69467398407935,0.252043584408591
4020,슈퍼마켓,amt,8,sequential,2,3.80613564053535,0.223763079952053
4020,슈퍼마켓,amt,8,sequential,3,2.04732409897275,0.125060880404367
4020,슈퍼마켓,amt,8,sequential,4,0.369657000525847,0.0181075020355248
4020,슈퍼마켓,amt,8,sequential,5,1.81878539278693,0.107667411280782
4020,슈퍼마켓,amt,8,sequential,6,0.764194924161954,0.0541592737469457
4020,슈퍼마켓,amt,8,sequential,7,0.279397174065732,0.00849292724295836
4020,슈퍼마켓,amt,8,sequential,8,-1.32139592048975,-0.00109324952102119
4020,슈퍼마켓,amt,8,sequential,9,2.7703106168451,0.162511862752121
4020,슈퍼마켓,amt,8,sequential,10,0.082432902173718,0.0147981191920332
4020,슈퍼마켓,amt,8,leave_one_block_out,1,12.7162816054734,0.59790250252301
4020,슈퍼마켓,amt,8,leave_one_block_out,2,0.480640832025389,0.0842670529461912
4020,슈퍼마켓,amt,8,leave_one_block_out,3,0.047970086971022,-0.0345576250717301
4020,슈퍼마켓,amt,8,leave_one_block_out,4,0.486658415380478,-0.0211338549801183
4020,슈퍼마켓,amt,8,leave_one_block_out,5,-0.461494086712677,-0.0582968092000891
4020,슈퍼마켓,amt,8,leave_one_block_out,6,1.06973538583208,0.0931132805264535
4020,슈퍼마켓,amt,8,leave_one_block_out,7,0.0767735843922535,0.00696919506985183
4020,슈퍼마켓,amt,8,leave_one_block_out,8,-0.586470494433122,-0.0215821611428482
4020,슈퍼마켓,amt,8,leave_one_block_out,9,2.7703106168451,0.162511862752121
4020,슈퍼마켓,amt,9,sequential,2,4.51508640385006,0.23356062044757
4020,슈퍼마켓,amt,9,sequential,3,1.10788775957456,0.0875604524901284
4020,슈퍼마켓,amt,9,sequential,4,0.807037728318738,0.0311866333717449
4020,슈퍼마켓,amt,9,sequential,5,1.25637537147285,0.077253008603127
4020,슈퍼마켓,amt,9,sequential,6,0.750394777623975,0.0568497443692688
4020,슈퍼마켓,amt,9,sequential,7,0.160159319672509,0.00679190638082516
4020,슈퍼마켓,amt,9,sequential,8,-1.35446438958202,0.00944451098308563
4020,슈퍼마켓,amt,9,sequential,9,0.872192705089514,0.0928181224975041
4020,슈퍼마켓,amt,9,sequential,10,0.0885927645027595,0.0358635838138865
4020,슈퍼마켓,amt,9,leave_one_block_out,1,11.2340438200122,0.553867713731273
4020,슈퍼마켓,amt,9,leave_one_block_out,2,-1.61351507875506,-0.0468506313930563
4020,슈퍼마켓,amt,9,leave_one_block_out,3,-0.205384138779968,0.0016590083069451
4020,슈퍼마켓,amt,9,leave_one_block_out,4,-1.02067210742438,-0.0965594246664323
4020,슈퍼마켓,amt,9,leave_one_block_out,5,-0.709695905546237,-0.0671489978157569
4020,슈퍼마켓,amt,9,leave_one_block_out,6,0.939105952451141,0.0932843641043146
4020,슈퍼마켓,amt,9,leave_one_block_out,7,-0.67005487429852,-0.0120936096435889
4020,슈퍼마켓,amt,9,leave_one_block_out,8,-1.73706060722268,-0.0794651114591174
4020,슈퍼마켓,amt,9,leave_one_block_out,9,0.872192705089514,0.0928181224975041
4020,슈퍼마켓,cnt,0,sequential,2,4.16096481322093,0.219412176153949
4020,슈퍼마켓,cnt,0,sequential,3,0.536122423202068,0.0362871218391079
4020,슈퍼마켓,cnt,0,sequential,4,0.364994500520105,0.0205693957058682
4020,슈퍼마켓,cnt,0,sequential,5,4.89254326196237,0.284579209353114
4020,슈퍼마켓,cnt,0,sequential,6,0.651678985725895,0.0313692866873199
4020,슈퍼마켓,cnt,0,sequential,7,0.80372772518788,0.0525135013701691
4020,슈퍼마켓,cnt,0,sequential,8,1.19858512290206,0.0753663561155202
4020,슈퍼마켓,cnt,0,sequential,9,3.97773096982722,0.351792883630056
4020,슈퍼마켓,cnt,0,sequential,10,0.00643721384110119,0.0166108781954736
4020,슈퍼마켓,cnt,0,leave_one_block_out,1,12.9167866415509,0.67589125358828
4020,슈퍼마켓,cnt,0,leave_one_block_out,2,-0.074097080422264,-0.0450497642285559
4020,슈퍼마켓,cnt,0,leave_one_block_out,3,0.043265735754211,0.012806072450077
4020,슈퍼마켓,cnt,0,leave_one_block_out,4,-0.261242073086973,-0.0731115936847597
4020,슈퍼마켓,cnt,0,leave_one_block_out,5,-0.252535922767597,-0.0231364072339242
4020,슈퍼마켓,cnt,0,leave_one_block_out,6,1.37638902777896,0.147738209198118
4020,슈퍼마켓,cnt,0,leave_one_block_out,7,-0.265747809139089,-0.0160440928044312
4020,슈퍼마켓,cnt,0,leave_one_block_out,8,-0.0294614979407387,-0.0144589879031161
4020,슈퍼마켓,cnt,0,leave_one_block_out,9,3.97773096982722,0.351792883630056
4020,슈퍼마켓,cnt,1,sequential,2,4.21136475009496,0.192484564027875
4020,슈퍼마켓,cnt,1,sequential,3,0.180668341088103,-0.0146497817274771
4020,슈퍼마켓,cnt,1,sequential,4,0.544474539299417,0.0430798904163155
4020,슈퍼마켓,cnt,1,sequential,5,4.39627130092817,0.260720706173122
4020,슈퍼마켓,cnt,1,sequential,6,0.733797281681459,0.00869588652112163
4020,슈퍼마켓,cnt,1,sequential,7,0.671057508813866,0.0566245365991908
4020,슈퍼마켓,cnt,1,sequential,8,1.15063679666866,0.101555756938149
4020,슈퍼마켓,cnt,1,sequential,9,3.05355830123692,0.331316113672439
4020,슈퍼마켓,cnt,1,sequential,10,-0.320020372258337,0.000410805480459242
4020,슈퍼마켓,cnt,1,leave_one_block_out,1,14.3485731619029,0.666003467961579
4020,슈퍼마켓,cnt,1,leave_one_block_out,2,-0.0284399537194224,0.000129365209138088
4020,슈퍼마켓,cnt,1,leave_one_block_out,3,-0.412259318249275,-0.0170104105189266
4020,슈퍼마켓,cnt,1,leave_one_block_out,4,-0.677421385374302,-0.0840073621378243
4020,슈퍼마켓,cnt,1,leave_one_block_out,5,-0.3295567474322,-0.0372777973813667
4020,슈퍼마켓,cnt,1,leave_one_block_out,6,-0.268189940708019,-0.0208003481412786
4020,슈퍼마켓,cnt,1,leave_one_block_out,7,-0.405389127931652,-0.0169498587331451
4020,슈퍼마켓,cnt,1,leave_one_block_out,8,-0.122193351842809,-0.0194442700924784
4020,슈퍼마켓,cnt,1,leave_one_block_out,9,3.05355830123692,0.331316113672439
4020,슈퍼마켓,cnt,2,sequential,2,4.41960031767227,0.218537461045764
4020,슈퍼마켓,cnt,2,sequential,3,-0.0663103291330625,-0.00960528995892407
4020,슈퍼마켓,cnt,2,sequential,4,0.117857004560468,-0.00136628279991524
4020,슈퍼마켓,cnt,2,sequential,5,5.06989038941592,0.270959598973445
4020,슈퍼마켓,cnt,2,sequential,6,0.401038965742639,0.0144853862829442
4020,슈퍼마켓,cnt,2,sequential,7,0.601242818135239,0.0601361467215721
4020,슈퍼마켓,cnt,2,sequential,8,1.15286509775312,0.0862774098955897
4020,슈퍼마켓,cnt,2,sequential,9,3.05450367521819,0.293450071545742
4020,슈퍼마켓,cnt,2,sequential,10,-0.413175145397804,-0.0277381680527307
4020,슈퍼마켓,cnt,2,leave_one_block_out,1,13.8972585829888,0.619805949568562
4020,슈퍼마켓,cnt,2,leave_one_block_out,2,-1.41321950658845,-0.173457748660431
4020,슈퍼마켓,cnt,2,leave_one_block_out,3,-0.11412534575983,-0.0385789205974776
4020,슈퍼마켓,cnt,2,leave_one_block_out,4,-1.52166392103876,-0.221235516996732
4020,슈퍼마켓,cnt,2,leave_one_block_out,5,-0.293286819671537,-0.0390735416595074
4020,슈퍼마켓,cnt,2,leave_one_block_out,6,0.461639660618546,0.0440760307405841
4020,슈퍼마켓,cnt,2,leave_one_block_out,7,-0.170394660211401,0.0162008028605078
4020,슈퍼마켓,cnt,2,leave_one_block_out,8,0.170074092412795,-0.00375630643696634
4020,슈퍼마켓,cnt,2,leave_one_block_out,9,3.05450367521819,0.293450071545742
4020,슈퍼마켓,cnt,3,sequential,2,3.583829700282,0.2060573936587
4020,슈퍼마켓,cnt,3,sequential,3,0.438723544411784,0.0157299879267843
4020,슈퍼마켓,cnt,3,sequential,4,1.15581367940463,0.0443788190081726
4020,슈퍼마켓,cnt,3,sequential,5,5.11215648194957,0.299837670775662
4020,슈퍼마켓,cnt,3,sequential,6,0.580282784278957,0.00264087143499336
4020,슈퍼마켓,cnt,3,sequential,7,0.926297441813151,0.0790810342594994
4020,슈퍼마켓,cnt,3,sequential,8,1.65713358649547,0.16463867063416
4020,슈퍼마켓,cnt,3,sequential,9,4.31578489191064,0.353178361349952
4020,슈퍼마켓,cnt,3,sequential,10,-0.107643761349135,0.00835361259965195
4020,슈퍼마켓,cnt,3,leave_one_block_out,1,14.4743089193317,0.703976263184002
4020,슈퍼마켓,cnt,3,leave_one_block_out,2,-0.14883679621312,-0.00132208191102667
4020,슈퍼마켓,cnt,3,leave_one_block_out,3,0.0990325507828654,0.0386546244680898
4020,슈퍼마켓,cnt,3,leave_one_block_out,4,-0.121733830235618,-0.0349925321244682
4020,슈퍼마켓,cnt,3,leave_one_block_out,5,-0.05039150366139,0.0203848741006843
4020,슈퍼마켓,cnt,3,leave_one_block_out,6,1.2811116520382,0.0772097452935598
4020,슈퍼마켓,cnt,3,leave_one_block_out,7,-0.591097696533768,-0.0204874448453956
4020,슈퍼마켓,cnt,3,leave_one_block_out,8,0.549384077444889,0.0901373965281821
4020,슈퍼마켓,cnt,3,leave_one_block_out,9,4.31578489191064,0.353178361349952
4020,슈퍼마켓,cnt,4,sequential,2,4.19761197837328,0.226716150280545
4020,슈퍼마켓,cnt,4,sequential,3,0.472968537752677,0.0257724279504603
4020,슈퍼마켓,cnt,4,sequential,4,-0.394459769075711,-0.0551089025830565
4020,슈퍼마켓,cnt,4,sequential,5,4.39037321460761,0.259009102637814
4020,슈퍼마켓,cnt,4,sequential,6,0.208462101883944,0.0103806279996246
4020,슈퍼마켓,cnt,4,sequential,7,0.941774659196482,0.048902004511422
4020,슈퍼마켓,cnt,4,sequential,8,0.549326265337541,0.0572336376344167
4020,슈퍼마켓,cnt,4,sequential,9,3.71247276035491,0.314558850663023
4020,슈퍼마켓,cnt,4,sequential,10,-0.476541498499114,-0.0220919582098948
4020,슈퍼마켓,cnt,4,leave_one_block_out,1,11.3506522809293,0.60150307973728
4020,슈퍼마켓,cnt,4,leave_one_block_out,2,-1.12432515153152,-0.0845660347103381
4020,슈퍼마켓,cnt,4,leave_one_block_out,3,-0.21373150070573,-0.0233781163730564
4020,슈퍼마켓,cnt,4,leave_one_block_out,4,-1.42573829581281,-0.207655313920245
4020,슈퍼마켓,cnt,4,leave_one_block_out,5,-0.693840625905043,-0.0710327684090666
4020,슈퍼마켓,cnt,4,leave_one_block_out,6,0.697756300308633,0.0761317453580485
4020,슈퍼마켓,cnt,4,leave_one_block_out,7,-0.389450376837447,-0.0203189972150846
4020,슈퍼마켓,cnt,4,leave_one_block_out,8,-0.890409230081454,-0.129509927055184
4020,슈퍼마켓,cnt,4,leave_one_block_out,9,3.71247276035491,0.314558850663023
4020,슈퍼마켓,cnt,5,sequential,2,3.73264072839297,0.208058711489645
4020,슈퍼마켓,cnt,5,sequential,3,0.630962606684049,0.0339188451509214
4020,슈퍼마켓,cnt,5,sequential,4,-0.487109427378818,-0.0120447569363396
4020,슈퍼마켓,cnt,5,sequential,5,5.27183175923119,0.298526182897485
4020,슈퍼마켓,cnt,5,sequential,6,0.552783154259873,0.0269124826568286
4020,슈퍼마켓,cnt,5,sequential,7,1.53867326501069,0.10267840200572
4020,슈퍼마켓,cnt,5,sequential,8,0.59275197128224,0.0712580567298214
4020,슈퍼마켓,cnt,5,sequential,9,3.51782171577837,0.284369370384686
4020,슈퍼마켓,cnt,5,sequential,10,-0.593995026614122,-0.0233389566532536
4020,슈퍼마켓,cnt,5,leave_one_block_out,1,14.9506905095842,0.72311525168753
4020,슈퍼마켓,cnt,5,leave_one_block_out,2,-0.469372534641668,-0.0479112421138876
4020,슈퍼마켓,cnt,5,leave_one_block_out,3,0.0937895871930411,0.00364561102316108
4020,슈퍼마켓,cnt,5,leave_one_block_out,4,-1.35096384000045,-0.139894401309806
4020,슈퍼마켓,cnt,5,leave_one_block_out,5,-0.307211203550203,-0.0309860265380144
4020,슈퍼마켓,cnt,5,leave_one_block_out,6,0.225709643157593,-0.0214847624414336
4020,슈퍼마켓,cnt,5,leave_one_block_out,7,-0.333028920298956,-0.0101237151427938
4020,슈퍼마켓,cnt,5,leave_one_block_out,8,-0.8643460798719,-0.0734208777120609
4020,슈퍼마켓,cnt,5,leave_one_block_out,9,3.51782171577837,0.284369370384686
4020,슈퍼마켓,cnt,6,sequential,2,4.34134182387916,0.226467679338503
4020,슈퍼마켓,cnt,6,sequential,3,0.816573220908134,0.0425473337760874
4020,슈퍼마켓,cnt,6,sequential,4,0.77211901215623,-0.0128673854822809
4020,슈퍼마켓,cnt,6,sequential,5,4.23083799947995,0.275724685614657
4020,슈퍼마켓,cnt,6,sequential,6,0.555105791844934,-0.00566529782848213
4020,슈퍼마켓,cnt,6,sequential,7,1.23097917600936,0.0787468473845452
4020,슈퍼마켓,cnt,6,sequential,8,1.28300366519921,0.181477299491259
4020,슈퍼마켓,cnt,6,sequential,9,3.34898948506324,0.287658235590952
4020,슈퍼마켓,cnt,6,sequential,10,-0.204046724164131,-0.0176231084365961
4020,슈퍼마켓,cnt,6,leave_one_block_out,1,14.3113907559312,0.681506516586306
4020,슈퍼마켓,cnt,6,leave_one_block_out,2,-0.553208005643305,-0.0281282757119987
4020,슈퍼마켓,cnt,6,leave_one_block_out,3,0.434316893100489,0.0360243864148595
4020,슈퍼마켓,cnt,6,leave_one_block_out,4,-0.255861628682322,-0.0865503327798887
4020,슈퍼마켓,cnt,6,leave_one_block_out,5,0.132141192540255,0.00133603843231178
4020,슈퍼마켓,cnt,6,leave_one_block_out,6,0.953582609839784,0.0417235336122053
4020,슈퍼마켓,cnt,6,leave_one_block_out,7,-0.0711758275990793,0.0210629998533953
4020,슈퍼마켓,cnt,6,leave_one_block_out,8,1.0444284651795,0.0594226304787151
4020,슈퍼마켓,cnt,6,leave_one_block_out,9,3.34898948506324,0.287658235590952
4020,슈퍼마켓,cnt,7,sequential,2,3.92091590673384,0.206881100037988
4020,슈퍼마켓,cnt,7,sequential,3,0.0945908319607336,-0.0231712134340682
4020,슈퍼마켓,cnt,7,sequential,4,0.659658757902631,0.0763694724067983
4020,슈퍼마켓,cnt,7,sequential,5,5.14798446973466,0.282584772013713
4020,슈퍼마켓,cnt,7,sequential,6,0.508176396637822,0.00582155726115563
4020,슈퍼마켓,cnt,7,sequential,7,1.19641460252536,0.0795410295933284
4020,슈퍼마켓,cnt,7,sequential,8,-0.202383075630103,-0.0349100791940042
4020,슈퍼마켓,cnt,7,sequential,9,4.84494135025929,0.349894107980762
4020,슈퍼마켓,cnt,7,sequential,10,-0.2124802342545,0.0256054455670244
4020,슈퍼마켓,cnt,7,leave_one_block_out,1,13.2347365300449,0.647251393929315
4020,슈퍼마켓,cnt,7,leave_one_block_out,2,0.642949346905727,0.0404724034447183
4020,슈퍼마켓,cnt,7,leave_one_block_out,3,-0.26337910698794,-0.00623652209537751
4020,슈퍼마켓,cnt,7,leave_one_block_out,4,-0.223126515818287,-0.0952926374658427
4020,슈퍼마켓,cnt,7,leave_one_block_out,5,-0.244558382265903,-0.0227332621721854
4020,슈퍼마켓,cnt,7,leave_one_block_out,6,0.392853930129455,0.0126553818150357
4020,슈퍼마켓,cnt,7,leave_one_block_out,7,-0.534630684477053,-0.0375156638743135
4020,슈퍼마켓,cnt,7,leave_one_block_out,8,-0.354280976114499,-0.180240909991802
4020,슈퍼마켓,cnt,7,leave_one_block_out,9,4.84494135025929,0.349894107980762
4020,슈퍼마켓,cnt,8,sequential,2,3.62446648638465,0.205655133985174
4020,슈퍼마켓,cnt,8,sequential,3,1.12899937726741,0.0485260893718722
4020,슈퍼마켓,cnt,8,sequential,4,0.334191189001121,0.0261103063115886
4020,슈퍼마켓,cnt,8,sequential,5,5.54918544901856,0.31310643342052
4020,슈퍼마켓,cnt,8,sequential,6,0.497087010209285,0.0174506160053064
4020,슈퍼마켓,cnt,8,sequential,7,1.00379851335282,0.0538562920670427
4020,슈퍼마켓,cnt,8,sequential,8,0.0109039548177259,0.0171659274825778
4020,슈퍼마켓,cnt,8,sequential,9,4.77277273481937,0.374541430145125
4020,슈퍼마켓,cnt,8,sequential,10,-0.341223833303389,0.00476283735855831
4020,슈퍼마켓,cnt,8,leave_one_block_out,1,12.6483215899058,0.650439667515863
4020,슈퍼마켓,cnt,8,leave_one_block_out,2,0.873818850761021,0.0780820769279451
4020,슈퍼마켓,cnt,8,leave_one_block_out,3,-0.0591011702197719,-0.0168009886042666
4020,슈퍼마켓,cnt,8,leave_one_block_out,4,0.328085907183354,-0.0278631515747214
4020,슈퍼마켓,cnt,8,leave_one_block_out,5,-0.289652699207998,-0.0423258080896647
4020,슈퍼마켓,cnt,8,leave_one_block_out,6,1.0607067371936,0.0387985326311813
4020,슈퍼마켓,cnt,8,leave_one_block_out,7,-0.301429118552546,-0.00737541797418495
4020,슈퍼마켓,cnt,8,leave_one_block_out,8,-0.0765257597937052,-0.0372467796075553
4020,슈퍼마켓,cnt,8,leave_one_block_out,9,4.77277273481937,0.374541430145125
4020,슈퍼마켓,cnt,9,sequential,2,4.2097406130235,0.201314072741142
4020,슈퍼마켓,cnt,9,sequential,3,0.937438027504234,0.0384003188739155
4020,슈퍼마켓,cnt,9,sequential,4,0.584465409186319,0.0389647422926759
4020,슈퍼마켓,cnt,9,sequential,5,4.88683349044005,0.302741385230634
4020,슈퍼마켓,cnt,9,sequential,6,0.452887716522316,0.0132840274612943
4020,슈퍼마켓,cnt,9,sequential,7,0.896309148661983,0.046217363777592
4020,슈퍼마켓,cnt,9,sequential,8,1.07939275033408,0.158502937079562
4020,슈퍼마켓,cnt,9,sequential,9,2.79138349396138,0.214515911330993
4020,슈퍼마켓,cnt,9,sequential,10,-0.223350659516752,0.0219943247476386
4020,슈퍼마켓,cnt,9,leave_one_block_out,1,13.3864060800626,0.637116406159985
4020,슈퍼마켓,cnt,9,leave_one_block_out,2,-0.821166237680851,-0.148781503320884
4020,슈퍼마켓,cnt,9,leave_one_block_out,3,0.102195808783603,0.00757851333790605
4020,슈퍼마켓,cnt,9,leave_one_block_out,4,-0.321454600156434,-0.114250551966458
4020,슈퍼마켓,cnt,9,leave_one_block_out,5,0.0161189168686682,-0.0241903104293659
4020,슈퍼마켓,cnt,9,leave_one_block_out,6,1.13272485680014,0.0837311169674756
4020,슈퍼마켓,cnt,9,leave_one_block_out,7,-0.378163936259548,-0.00101815749006184
4020,슈퍼마켓,cnt,9,leave_one_block_out,8,0.12512829386585,-0.0492050273739528
4020,슈퍼마켓,cnt,9,leave_one_block_out,9,2.79138349396138,0.214515911330993
4020,슈퍼마켓,ticket,0,sequential,2,2.4322389097661,0.207897065445945
4020,슈퍼마켓,ticket,0,sequential,3,-0.0163519289040098,-0.00194888165299689
4020,슈퍼마켓,ticket,0,sequential,4,-0.300043470115396,-0.0343564609502147
4020,슈퍼마켓,ticket,0,sequential,5,0.762245264160352,0.0543666118858832
4020,슈퍼마켓,ticket,0,sequential,6,0.084153922304972,0.0146714274317526
4020,슈퍼마켓,ticket,0,sequential,7,-0.0387269775301929,0.0184954523233343
4020,슈퍼마켓,ticket,0,sequential,8,1.70055531162805,0.150417743210919
4020,슈퍼마켓,ticket,0,sequential,9,0.471505224470303,0.0671052662177095
4020,슈퍼마켓,ticket,0,sequential,10,-0.0145308517515624,-0.00179710642110931
4020,슈퍼마켓,ticket,0,leave_one_block_out,1,-0.0862297441279719,-0.0104047616163092
4020,슈퍼마켓,ticket,0,leave_one_block_out,2,-0.331342536295692,-0.0193993693308687
4020,슈퍼마켓,ticket,0,leave_one_block_out,3,-0.0734435939080791,-0.0239847479252653
4020,슈퍼마켓,ticket,0,leave_one_block_out,4,-0.193341006820094,-0.0406157531288363
4020,슈퍼마켓,ticket,0,leave_one_block_out,5,0.0769986850452847,0.0131596059674817
4020,슈퍼마켓,ticket,0,leave_one_block_out,6,-0.077586341648328,8.30113180206871e-05
4020,슈퍼마켓,ticket,0,leave_one_block_out,7,-0.162319034848474,-0.0243928680653969
4020,슈퍼마켓,ticket,0,leave_one_block_out,8,0.268291070557319,0.01086156093489
4020,슈퍼마켓,ticket,0,leave_one_block_out,9,0.471505224470303,0.0671052662177095
4020,슈퍼마켓,ticket,1,sequential,2,2.36427800126539,0.214905121299716
4020,슈퍼마켓,ticket,1,sequential,3,0.110038941516538,0.017741468640066
4020,슈퍼마켓,ticket,1,sequential,4,-0.439659708586801,-0.0467989576173602
4020,슈퍼마켓,ticket,1,sequential,5,1.05261399960654,0.1093263272987
4020,슈퍼마켓,ticket,1,sequential,6,-0.183250119610137,-0.0242924670600215
4020,슈퍼마켓,ticket,1,sequential,7,-0.118861441909984,-0.000200403079907208
4020,슈퍼마켓,ticket,1,sequential,8,1.72153026240582,0.171234169473666
4020,슈퍼마켓,ticket,1,sequential,9,0.842338716268981,0.0803055129595051
4020,슈퍼마켓,ticket,1,sequential,10,0.00431575192507694,-0.00442049941516331
4020,슈퍼마켓,ticket,1,leave_one_block_out,1,-0.0423758821373438,-0.00383120285086158
4020,슈퍼마켓,ticket,1,leave_one_block_out,2,0.180032283578227,0.0433591932937694
4020,슈퍼마켓,ticket,1,leave_one_block_out,3,0.0557212373032412,0.00623108169359432
4020,슈퍼마켓,ticket,1,leave_one_block_out,4,-0.228060813337244,-0.019003211519441
4020,슈퍼마켓,ticket,1,leave_one_block_out,5,0.128518646360898,0.0147575127534922
4020,슈퍼마켓,ticket,1,leave_one_block_out,6,-0.451657979751854,-0.0521602184565928
4020,슈퍼마켓,ticket,1,leave_one_block_out,7,-0.161779384800617,-0.0257759701273783
4020,슈퍼마켓,ticket,1,leave_one_block_out,8,0.336259859851276,0.0314056265219752
4020,슈퍼마켓,ticket,1,leave_one_block_out,9,0.842338716268981,0.0803055129595051
4020,슈퍼마켓,ticket,2,sequential,2,2.23634776661491,0.202717576315598
4020,슈퍼마켓,ticket,2,sequential,3,0.132978743432655,0.0194302776563661
4020,슈퍼마켓,ticket,2,sequential,4,-0.0982969659220456,-0.00330336487549943
4020,슈퍼마켓,ticket,2,sequential,5,1.05673030988373,0.0903242198626313
4020,슈퍼마켓,ticket,2,sequential,6,0.104814010552981,0.011989594253503
4020,슈퍼마켓,ticket,2,sequential,7,-0.0708738365382267,-0.0035162316921451
4020,슈퍼마켓,ticket,2,sequential,8,1.66727332569518,0.157765304953897
4020,슈퍼마켓,ticket,2,sequential,9,0.467625166079561,0.0508270953714602
4020,슈퍼마켓,ticket,2,sequential,10,-0.0625698243265499,-0.00827872713697864
4020,슈퍼마켓,ticket,2,leave_one_block_out,1,-0.0590883499769185,-0.00787156063504124
4020,슈퍼마켓,ticket,2,leave_one_block_out,2,0.325499337572574,0.0343227365901686
4020,슈퍼마켓,ticket,2,leave_one_block_out,3,0.0410197515612415,-0.00292761777344386
4020,슈퍼마켓,ticket,2,leave_one_block_out,4,-0.140318620402222,-0.0126622346006269
4020,슈퍼마켓,ticket,2,leave_one_block_out,5,-0.00718625609172074,-0.000680645669534741
4020,슈퍼마켓,ticket,2,leave_one_block_out,6,-0.053309830722939,0.000556820083003173
4020,슈퍼마켓,ticket,2,leave_one_block_out,7,-0.0481206998894146,-0.00785168660777291
4020,슈퍼마켓,ticket,2,leave_one_block_out,8,-0.241606155384183,-0.0362022672516003
4020,슈퍼마켓,ticket,2,leave_one_block_out,9,0.467625166079561,0.0508270953714602
4020,슈퍼마켓,ticket,3,sequential,2,2.25923480078463,0.20343617384468
4020,슈퍼마켓,ticket,3,sequential,3,0.133428266832378,0.0116336369430085
4020,슈퍼마켓,ticket,3,sequential,4,-0.684890752988279,-0.0698915796436157
4020,슈퍼마켓,ticket,3,sequential,5,1.26371962419416,0.115217709139444
4020,슈퍼마켓,ticket,3,sequential,6,0.00772400188054911,0.00802892803837085
4020,슈퍼마켓,ticket,3,sequential,7,-0.0848735413655322,-0.00575905977838542
4020,슈퍼마켓,ticket,3,sequential,8,1.66460655612125,0.143901844038085
4020,슈퍼마켓,ticket,3,sequential,9,1.45339994398546,0.13954075024317
4020,슈퍼마켓,ticket,3,sequential,10,-0.0381900147146591,-0.00942180850534724
4020,슈퍼마켓,ticket,3,leave_one_block_out,1,-0.0262735898724081,-0.00560559110441905
4020,슈퍼마켓,ticket,3,leave_one_block_out,2,0.13104214868695,0.0278789268065899
4020,슈퍼마켓,ticket,3,leave_one_block_out,3,0.0281365770392755,-0.0157949210891177
4020,슈퍼마켓,ticket,3,leave_one_block_out,4,-0.225713659934891,-0.0391387700337258
4020,슈퍼마켓,ticket,3,leave_one_block_out,5,0.25987128523581,0.0111120717991421
4020,슈퍼마켓,ticket,3,leave_one_block_out,6,-0.186122831934969,-0.0220865383285622
4020,슈퍼마켓,ticket,3,leave_one_block_out,7,-0.0697047069588563,-0.0153028830783699
4020,슈퍼마켓,ticket,3,leave_one_block_out,8,0.299774055906091,0.0011251982171453
4020,슈퍼마켓,ticket,3,leave_one_block_out,9,1.45339994398546,0.13954075024317
4020,슈퍼마켓,ticket,4,sequential,2,2.24562398006189,0.202292457717551
4020,슈퍼마켓,ticket,4,sequential,3,0.29512261370496,0.0182434003330796
4020,슈퍼마켓,ticket,4,sequential,4,-0.60415529205487,-0.090289364736428
4020,슈퍼마켓,ticket,4,sequential,5,1.09798483630509,0.0847229152976489
4020,슈퍼마켓,ticket,4,sequential,6,-0.00654811503833785,0.00656272472170594
4020,슈퍼마켓,ticket,4,sequential,7,-0.461678747739616,-0.0297368877678765
4020,슈퍼마켓,ticket,4,sequential,8,1.59442123018698,0.147023640093341
4020,슈퍼마켓,ticket,4,sequential,9,1.18462241991987,0.135074268696105
4020,슈퍼마켓,ticket,4,sequential,10,-0.022790948086332,-0.00569771560210075
4020,슈퍼마켓,ticket,4,leave_one_block_out,1,-0.0737532443637418,-0.0062345362466214
4020,슈퍼마켓,ticket,4,leave_one_block_out,2,-0.0380277231672693,0.0137347771783309
4020,슈퍼마켓,ticket,4,leave_one_block_out,3,0.0151406194872167,-0.00460872038188787
4020,슈퍼마켓,ticket,4,leave_one_block_out,4,-0.0834307254741262,-0.0287846882449825
4020,슈퍼마켓,ticket,4,leave_one_block_out,5,0.322335211704108,0.0430260246860602
4020,슈퍼마켓,ticket,4,leave_one_block_out,6,-0.287372704989833,-0.0412742958704857
4020,슈퍼마켓,ticket,4,leave_one_block_out,7,-0.216943941750788,-0.0264212472715339
4020,슈퍼마켓,ticket,4,leave_one_block_out,8,0.224448748577843,0.0113413297007958
4020,슈퍼마켓,ticket,4,leave_one_block_out,9,1.18462241991987,0.135074268696105
4020,슈퍼마켓,ticket,5,sequential,2,2.3509137951659,0.208258271375525
4020,슈퍼마켓,ticket,5,sequential,3,0.138479017606119,0.0164808087883281
4020,슈퍼마켓,ticket,5,sequential,4,-0.429190095664034,-0.0380101798227419
4020,슈퍼마켓,ticket,5,sequential,5,1.26404838319676,0.112184204915941
4020,슈퍼마켓,ticket,5,sequential,6,-0.0378045641348329,0.00393233208672716
4020,슈퍼마켓,ticket,5,sequential,7,-0.128603145427317,0.00611730142174349
4020,슈퍼마켓,ticket,5,sequential,8,1.49693006981332,0.135738166835322
4020,슈퍼마켓,ticket,5,sequential,9,1.1690819025349,0.133881656168084
4020,슈퍼마켓,ticket,5,sequential,10,-0.0634173482353118,-0.00810413961815448
4020,슈퍼마켓,ticket,5,leave_one_block_out,1,-0.0440035680022405,-0.00287576911119336
4020,슈퍼마켓,ticket,5,leave_one_block_out,2,0.027688874417614,0.0051008015082592
4020,슈퍼마켓,ticket,5,leave_one_block_out,3,0.0180758559984812,-0.00415036228850818
4020,슈퍼마켓,ticket,5,leave_one_block_out,4,-0.253208582305758,-0.0301337079658153
4020,슈퍼마켓,ticket,5,leave_one_block_out,5,0.223903233974504,0.0279368885321135
4020,슈퍼마켓,ticket,5,leave_one_block_out,6,-0.329722474867238,-0.0471556577609864
4020,슈퍼마켓,ticket,5,leave_one_block_out,7,-0.0902497733347635,-0.0105339558895836
4020,슈퍼마켓,ticket,5,leave_one_block_out,8,0.189291459482258,0.0128222244424318
4020,슈퍼마켓,ticket,5,leave_one_block_out,9,1.1690819025349,0.133881656168084
4020,슈퍼마켓,ticket,6,sequential,2,2.50287121017191,0.226184936471338
4020,슈퍼마켓,ticket,6,sequential,3,0.335511476037378,0.0418834905451063
4020,슈퍼마켓,ticket,6,sequential,4,-0.323508498880373,-0.0290490591861867
4020,슈퍼마켓,ticket,6,sequential,5,0.99979353027648,0.0956667645441082
4020,슈퍼마켓,ticket,6,sequential,6,0.0454124527927952,0.00108235386292843
4020,슈퍼마켓,ticket,6,sequential,7,-0.148644274441972,-0.00180260504756702
4020,슈퍼마켓,ticket,6,sequential,8,1.03797927817343,0.10322078521578
4020,슈퍼마켓,ticket,6,sequential,9,1.12559967514798,0.0891426358627634
4020,슈퍼마켓,ticket,6,sequential,10,-0.0617167912130318,-0.0146262515391558
4020,슈퍼마켓,ticket,6,leave_one_block_out,1,-0.201361496434049,-0.0312939589045897
4020,슈퍼마켓,ticket,6,leave_one_block_out,2,0.088897853799666,0.00580614848348893
4020,슈퍼마켓,ticket,6,leave_one_block_out,3,-0.0396578074916415,-0.0105593268173407
4020,슈퍼마켓,ticket,6,leave_one_block_out,4,-0.292211572413145,-0.0309438000671638
4020,슈퍼마켓,ticket,6,leave_one_block_out,5,0.12715546312885,0.0178230074750244
4020,슈퍼마켓,ticket,6,leave_one_block_out,6,-0.222862392563103,-0.045039043806258
4020,슈퍼마켓,ticket,6,leave_one_block_out,7,-0.21986839315383,-0.0265301965000486
4020,슈퍼마켓,ticket,6,leave_one_block_out,8,-0.202908864769172,-0.0460793742666026
4020,슈퍼마켓,ticket,6,leave_one_block_out,9,1.12559967514798,0.0891426358627634
4020,슈퍼마켓,ticket,7,sequential,2,2.2030277845096,0.199773287975593
4020,슈퍼마켓,ticket,7,sequential,3,0.221627464718052,0.0207800389630093
4020,슈퍼마켓,ticket,7,sequential,4,-0.319501388380447,-0.056333838944973
4020,슈퍼마켓,ticket,7,sequential,5,1.45941087136935,0.150508821113489
4020,슈퍼마켓,ticket,7,sequential,6,-0.195557466139257,-0.00692578327431592
4020,슈퍼마켓,ticket,7,sequential,7,-0.206268695826867,0.00329355299704759
4020,슈퍼마켓,ticket,7,sequential,8,1.51597890047087,0.124426844351472
4020,슈퍼마켓,ticket,7,sequential,9,0.350090561899397,0.0421362760876203
4020,슈퍼마켓,ticket,7,sequential,10,-0.116591460565771,-0.0167301517659821
4020,슈퍼마켓,ticket,7,leave_one_block_out,1,-0.00720936271914607,-0.000221740888134869
4020,슈퍼마켓,ticket,7,leave_one_block_out,2,-0.2074026422759,-0.0239103659158091
4020,슈퍼마켓,ticket,7,leave_one_block_out,3,0.129409706071668,0.00249907309932895
4020,슈퍼마켓,ticket,7,leave_one_block_out,4,-0.411755870989428,-0.0485962874122596
4020,슈퍼마켓,ticket,7,leave_one_block_out,5,0.204019263985566,0.0403989850572287
4020,슈퍼마켓,ticket,7,leave_one_block_out,6,-0.214972233762761,-0.0234171109307559
4020,슈퍼마켓,ticket,7,leave_one_block_out,7,-0.108660123685861,-0.0169212979160585
4020,슈퍼마켓,ticket,7,leave_one_block_out,8,-0.129552895829205,-0.0316803805824271
4020,슈퍼마켓,ticket,7,leave_one_block_out,9,0.350090561899397,0.0421362760876203
4020,슈퍼마켓,ticket,8,sequential,2,2.33265627835613,0.207192250981788
4020,슈퍼마켓,ticket,8,sequential,3,0.195085604950399,0.0328372893434653
4020,슈퍼마켓,ticket,8,sequential,4,-0.403761717649337,-0.044208568424895
4020,슈퍼마켓,ticket,8,sequential,5,0.957175893116638,0.0913482468860083
4020,슈퍼마켓,ticket,8,sequential,6,-0.133398468092488,-0.0150637789765611
4020,슈퍼마켓,ticket,8,sequential,7,0.038673781353768,0.0160887561460081
4020,슈퍼마켓,ticket,8,sequential,8,1.52538533246533,0.137064995586028
4020,슈퍼마켓,ticket,8,sequential,9,1.03380648034524,0.11167250739414
4020,슈퍼마켓,ticket,8,sequential,10,-0.0439829989623802,-0.00821473956289753
4020,슈퍼마켓,ticket,8,leave_one_block_out,1,-0.0253520051759382,-0.00777269299329864
4020,슈퍼마켓,ticket,8,leave_one_block_out,2,0.183191146205572,0.0347829288397405
4020,슈퍼마켓,ticket,8,leave_one_block_out,3,0.00816029229012694,0.000687967434668035
4020,슈퍼마켓,ticket,8,leave_one_block_out,4,-0.240456673171632,-0.0313653584822069
4020,슈퍼마켓,ticket,8,leave_one_block_out,5,-0.00239579175337901,-0.000502449681199835
4020,슈퍼마켓,ticket,8,leave_one_block_out,6,-0.210623711444466,-0.0246166275100923
4020,슈퍼마켓,ticket,8,leave_one_block_out,7,-0.123898733613501,-0.018865765836896
4020,슈퍼마켓,ticket,8,leave_one_block_out,8,0.231821797755213,-0.00713821895466915
4020,슈퍼마켓,ticket,8,leave_one_block_out,9,1.03380648034524,0.11167250739414
4020,슈퍼마켓,ticket,9,sequential,2,2.63314357845372,0.228930673229222
4020,슈퍼마켓,ticket,9,sequential,3,0.255770774884492,0.0343727665363879
4020,슈퍼마켓,ticket,9,sequential,4,-0.265732812863259,-0.0306764578367198
4020,슈퍼마켓,ticket,9,sequential,5,1.23374694862784,0.129130830353862
4020,슈퍼마켓,ticket,9,sequential,6,0.0495965412863286,0.010158828356109
4020,슈퍼마켓,ticket,9,sequential,7,-0.350997234585432,-0.0117488883777634
4020,슈퍼마켓,ticket,9,sequential,8,1.28751638783338,0.124729759771412
4020,슈퍼마켓,ticket,9,sequential,9,1.39528487835548,0.15074895792194
4020,슈퍼마켓,ticket,9,sequential,10,-0.326376201603676,-0.0259625154525471
4020,슈퍼마켓,ticket,9,leave_one_block_out,1,-0.0522896771992742,-0.01096907194942
4020,슈퍼마켓,ticket,9,leave_one_block_out,2,0.345142342796495,0.0547364541691738
4020,슈퍼마켓,ticket,9,leave_one_block_out,3,0.102406306527292,0.00987908485997324
4020,슈퍼마켓,ticket,9,leave_one_block_out,4,-0.0868681810463554,-0.0202623557471211
4020,슈퍼마켓,ticket,9,leave_one_block_out,5,0.211695090895564,0.0350929820142711
4020,슈퍼마켓,ticket,9,leave_one_block_out,6,-0.0675574529802922,-0.00668964345175116
4020,슈퍼마켓,ticket,9,leave_one_block_out,7,-0.194055328330831,-0.0234325163598355
4020,슈퍼마켓,ticket,9,leave_one_block_out,8,0.190309386574168,0.0144022118582252
4020,슈퍼마켓,ticket,9,leave_one_block_out,9,1.39528487835548,0.15074895792194
8001,일반한식,amt,0,sequential,2,0.809874449993264,0.0688699462913771
8001,일반한식,amt,0,sequential,3,6.39659202858331,0.395126420746698
8001,일반한식,amt,0,sequential,4,3.95196189701766,0.316491460687688
8001,일반한식,amt,0,sequential,5,1.24992092659657,0.117160716526201
8001,일반한식,amt,0,sequential,6,-0.15777566785492,-0.0299159155282398
8001,일반한식,amt,0,sequential,7,0.368140801006897,0.0316381374458232
8001,일반한식,amt,0,sequential,8,1.18869092490061,0.130238041131963
8001,일반한식,amt,0,sequential,9,5.15326331593534,0.575007504358947
8001,일반한식,amt,0,sequential,10,0.0203541068739307,0.00851206810266858
8001,일반한식,amt,0,leave_one_block_out,1,21.3978299382508,0.905432772707739
8001,일반한식,amt,0,leave_one_block_out,2,-0.449971822670832,-0.0450299212752912
8001,일반한식,amt,0,leave_one_block_out,3,-0.57938907181871,-0.0358661572872851
8001,일반한식,amt,0,leave_one_block_out,4,-0.0280544803425598,0.00733049449961676
8001,일반한식,amt,0,leave_one_block_out,5,1.14160300804221,0.225601603610229
8001,일반한식,amt,0,leave_one_block_out,6,0.604012720070048,0.144058492241161
8001,일반한식,amt,0,leave_one_block_out,7,0.00589415378883379,0.00980983917931844
8001,일반한식,amt,0,leave_one_block_out,8,-0.215653388255857,0.053114071986728
8001,일반한식,amt,0,leave_one_block_out,9,5.15326331593534,0.575007504358947
8001,일반한식,amt,1,sequential,2,1.35848529471426,0.107528010113607
8001,일반한식,amt,1,sequential,3,5.61471254586316,0.327900878604839
8001,일반한식,amt,1,sequential,4,3.76902781179682,0.294809703159807
8001,일반한식,amt,1,sequential,5,1.97855861767592,0.174086040539178
8001,일반한식,amt,1,sequential,6,-0.149271971242851,-0.0383079208742543
8001,일반한식,amt,1,sequential,7,0.106251846641461,0.0446301149298164
8001,일반한식,amt,1,sequential,8,1.75829081306499,0.181171677722988
8001,일반한식,amt,1,sequential,9,4.58841302710785,0.491063338293017
8001,일반한식,amt,1,sequential,10,0.0286795476023283,0.0108846757959583
8001,일반한식,amt,1,leave_one_block_out,1,22.1977119385892,0.907080394414251
8001,일반한식,amt,1,leave_one_block_out,2,-0.301865160286927,-0.123863617603854
8001,일반한식,amt,1,leave_one_block_out,3,-0.0858452210438163,0.011859527411097
8001,일반한식,amt,1,leave_one_block_out,4,-0.0533374718677065,-0.0162518754051866
8001,일반한식,amt,1,leave_one_block_out,5,1.20158981610772,0.128551305333431
8001,일반한식,amt,1,leave_one_block_out,6,0.711887751161904,0.103770465065981
8001,일반한식,amt,1,leave_one_block_out,7,-0.134599919329839,-0.0249453996608957
8001,일반한식,amt,1,leave_one_block_out,8,-0.102132641259547,-0.0347304147643452
8001,일반한식,amt,1,leave_one_block_out,9,4.58841302710785,0.491063338293017
8001,일반한식,amt,2,sequential,2,1.67172433908729,0.114095518069538
8001,일반한식,amt,2,sequential,3,5.90764475094094,0.388541594869068
8001,일반한식,amt,2,sequential,4,3.40300985270809,0.281291244984126
8001,일반한식,amt,2,sequential,5,1.87446679880201,0.157433463900467
8001,일반한식,amt,2,sequential,6,0.00172968434908605,-0.00744712402690828
8001,일반한식,amt,2,sequential,7,-0.0326093140542355,0.0172608202657134
8001,일반한식,amt,2,sequential,8,1.87016523266932,0.21684509899784
8001,일반한식,amt,2,sequential,9,3.86771304279725,0.44311260717744
8001,일반한식,amt,2,sequential,10,-0.130654276096887,-0.00236231624263739
8001,일반한식,amt,2,leave_one_block_out,1,21.8859089633466,0.90546827619825
8001,일반한식,amt,2,leave_one_block_out,2,-0.24822363856661,-0.0275272192366045
8001,일반한식,amt,2,leave_one_block_out,3,-0.389276718604055,0.0400892068657298
8001,일반한식,amt,2,leave_one_block_out,4,-0.140745205946119,-0.0523175836866119
8001,일반한식,amt,2,leave_one_block_out,5,1.51569100202239,0.148859343372295
8001,일반한식,amt,2,leave_one_block_out,6,0.651276457718328,0.100739689928513
8001,일반한식,amt,2,leave_one_block_out,7,0.0329929703364804,0.0201772306909606
8001,일반한식,amt,2,leave_one_block_out,8,-0.674719549823145,-0.122992475738258
8001,일반한식,amt,2,leave_one_block_out,9,3.86771304279725,0.44311260717744
8001,일반한식,amt,3,sequential,2,0.669790618481386,0.0612499884133878
8001,일반한식,amt,3,sequential,3,6.07534618072787,0.363557290321647
8001,일반한식,amt,3,sequential,4,3.44253101759703,0.257982262352247
8001,일반한식,amt,3,sequential,5,1.9033508129294,0.1823263700454
8001,일반한식,amt,3,sequential,6,-0.214219787744271,-0.0296672434813217
8001,일반한식,amt,3,sequential,7,-0.0451106572433274,0.0192736965692378
8001,일반한식,amt,3,sequential,8,2.46682800989417,0.232137084307927
8001,일반한식,amt,3,sequential,9,4.41619973186822,0.509195466680306
8001,일반한식,amt,3,sequential,10,-0.0570195018117226,4.42403990118523e-05
8001,일반한식,amt,3,leave_one_block_out,1,22.5146654570042,0.903561698141362
8001,일반한식,amt,3,leave_one_block_out,2,-0.297161604399972,0.00808106220066196
8001,일반한식,amt,3,leave_one_block_out,3,-0.34193180265011,-0.00606017587656038
8001,일반한식,amt,3,leave_one_block_out,4,0.441654642452818,0.111884960052311
8001,일반한식,amt,3,leave_one_block_out,5,0.89426620975297,0.155580661414576
8001,일반한식,amt,3,leave_one_block_out,6,0.747314747440234,0.122053238460458
8001,일반한식,amt,3,leave_one_block_out,7,-0.307662126384003,-0.00168476744394264
8001,일반한식,amt,3,leave_one_block_out,8,-0.363570866880955,-0.00856604426724394
8001,일반한식,amt,3,leave_one_block_out,9,4.41619973186822,0.509195466680306
8001,일반한식,amt,4,sequential,2,1.76331795740072,0.121362184963141
8001,일반한식,amt,4,sequential,3,6.25298690996232,0.391101356790254
8001,일반한식,amt,4,sequential,4,3.38317757500126,0.26415621746065
8001,일반한식,amt,4,sequential,5,1.81020101578034,0.183676338335859
8001,일반한식,amt,4,sequential,6,-0.070354217662244,-0.00898885497768709
8001,일반한식,amt,4,sequential,7,-0.0213109393712635,0.0135689406692467
8001,일반한식,amt,4,sequential,8,1.73870740564691,0.193262697764939
8001,일반한식,amt,4,sequential,9,4.0721081973961,0.492796535435546
8001,일반한식,amt,4,sequential,10,-0.0424753690800195,0.00584971553804925
8001,일반한식,amt,4,leave_one_block_out,1,21.3824704826231,0.908911610537734
8001,일반한식,amt,4,leave_one_block_out,2,-0.509838194524626,-0.116347584291417
8001,일반한식,amt,4,leave_one_block_out,3,-0.0798595864069065,0.0322891220423289
8001,일반한식,amt,4,leave_one_block_out,4,0.202080504982126,0.00608202034073102
8001,일반한식,amt,4,leave_one_block_out,5,0.947363011927649,0.135502398733995
8001,일반한식,amt,4,leave_one_block_out,6,0.947064688507687,0.16704844349918
8001,일반한식,amt,4,leave_one_block_out,7,-0.070719894448501,-0.04849055408638
8001,일반한식,amt,4,leave_one_block_out,8,0.382756133373985,0.103779765029543
8001,일반한식,amt,4,leave_one_block_out,9,4.0721081973961,0.492796535435546
8001,일반한식,amt,5,sequential,2,1.6407872753085,0.119214915076432
8001,일반한식,amt,5,sequential,3,5.36573821254335,0.296908893013788
8001,일반한식,amt,5,sequential,4,3.87135500265807,0.313082443478766
8001,일반한식,amt,5,sequential,5,1.4044033197139,0.139809167331194
8001,일반한식,amt,5,sequential,6,-0.0215740916633456,-0.0161035551665527
8001,일반한식,amt,5,sequential,7,-0.0752718465947599,0.0178375753061989
8001,일반한식,amt,5,sequential,8,2.11426462759908,0.250321415412699
8001,일반한식,amt,5,sequential,9,5.25780328712461,0.568641876946245
8001,일반한식,amt,5,sequential,10,-0.0280232194316332,0.0130930247090807
8001,일반한식,amt,5,leave_one_block_out,1,22.9082664841064,0.915636339169163
8001,일반한식,amt,5,leave_one_block_out,2,-0.429783056469261,-0.0734657648000974
8001,일반한식,amt,5,leave_one_block_out,3,0.0410642440200948,0.0164484509788823
8001,일반한식,amt,5,leave_one_block_out,4,0.825622394962959,0.125035146682695
8001,일반한식,amt,5,leave_one_block_out,5,1.05515715222099,0.138042724326801
8001,일반한식,amt,5,leave_one_block_out,6,0.531194787372181,0.0992873517467021
8001,일반한식,amt,5,leave_one_block_out,7,0.0414962663021642,0.0140389736729902
8001,일반한식,amt,5,leave_one_block_out,8,0.0560744451665096,0.0303315505550511
8001,일반한식,amt,5,leave_one_block_out,9,5.25780328712461,0.568641876946245
8001,일반한식,amt,6,sequential,2,1.31681037455593,0.0887756139328075
8001,일반한식,amt,6,sequential,3,6.35295396715823,0.384097460855041
8001,일반한식,amt,6,sequential,4,3.51014990041267,0.265932459974519
8001,일반한식,amt,6,sequential,5,2.29266318771326,0.214501912046942
8001,일반한식,amt,6,sequential,6,-0.282467786437879,-0.020282557470044
8001,일반한식,amt,6,sequential,7,0.180203928657949,0.0377089079624862
8001,일반한식,amt,6,sequential,8,2.21315492760006,0.226915832817256
8001,일반한식,amt,6,sequential,9,3.85302435364831,0.49921449682465
8001,일반한식,amt,6,sequential,10,-0.0607251177389245,-0.00716500198729886
8001,일반한식,amt,6,leave_one_block_out,1,22.1192294630438,0.908339204134774
8001,일반한식,amt,6,leave_one_block_out,2,-0.121648974663237,0.00775565391596711
8001,일반한식,amt,6,leave_one_block_out,3,-0.185437209288739,0.0345582123400457
8001,일반한식,amt,6,leave_one_block_out,4,0.0258131764183836,-0.0024119738058721
8001,일반한식,amt,6,leave_one_block_out,5,0.898037580088099,0.129058117065848
8001,일반한식,amt,6,leave_one_block_out,6,0.757714557912828,0.126562510242345
8001,일반한식,amt,6,leave_one_block_out,7,-0.294885897794524,-0.031802351643861
8001,일반한식,amt,6,leave_one_block_out,8,-0.0948124164003139,0.024790722523142
8001,일반한식,amt,6,leave_one_block_out,9,3.85302435364831,0.49921449682465
8001,일반한식,amt,7,sequential,2,1.4399761997821,0.104150888061339
8001,일반한식,amt,7,sequential,3,6.14389714413094,0.379156191473661
8001,일반한식,amt,7,sequential,4,3.61401085129064,0.303856996080892
8001,일반한식,amt,7,sequential,5,1.9154914997656,0.163631102886006
8001,일반한식,amt,7,sequential,6,-0.267424949288167,-0.0772593598748763
8001,일반한식,amt,7,sequential,7,0.145755524581953,0.0102632054355573
8001,일반한식,amt,7,sequential,8,2.06273635466087,0.178716934745298
8001,일반한식,amt,7,sequential,9,4.57177599064526,0.586953566816347
8001,일반한식,amt,7,sequential,10,0.0105206865871427,0.017492368873739
8001,일반한식,amt,7,leave_one_block_out,1,22.0899956346025,0.92455513440894
8001,일반한식,amt,7,leave_one_block_out,2,0.116152357451965,0.00323037281844041
8001,일반한식,amt,7,leave_one_block_out,3,-0.107340966850045,0.0305313746938021
8001,일반한식,amt,7,leave_one_block_out,4,0.642936522683409,0.130368282506777
8001,일반한식,amt,7,leave_one_block_out,5,1.10673589619383,0.140973439155532
8001,일반한식,amt,7,leave_one_block_out,6,0.743619426689687,0.114573207719619
8001,일반한식,amt,7,leave_one_block_out,7,-0.0725838627649786,0.00432421491553592
8001,일반한식,amt,7,leave_one_block_out,8,0.386714372810175,0.0612176750546387
8001,일반한식,amt,7,leave_one_block_out,9,4.57177599064526,0.586953566816347
8001,일반한식,amt,8,sequential,2,1.18564986210941,0.0988146858672101
8001,일반한식,amt,8,sequential,3,5.84779648571831,0.346941255611479
8001,일반한식,amt,8,sequential,4,3.50652808214598,0.27388680362572
8001,일반한식,amt,8,sequential,5,1.41185821700806,0.157684427572452
8001,일반한식,amt,8,sequential,6,-0.176205154153719,-0.0345049474056547
8001,일반한식,amt,8,sequential,7,0.109510667483789,0.0211766107139026
8001,일반한식,amt,8,sequential,8,1.38117519978596,0.130524258120166
8001,일반한식,amt,8,sequential,9,5.35689888371689,0.565319661444718
8001,일반한식,amt,8,sequential,10,0.0303260134255759,0.00111700383129898
8001,일반한식,amt,8,leave_one_block_out,1,21.5847416960387,0.906016344806653
8001,일반한식,amt,8,leave_one_block_out,2,-0.128604531111029,-0.0441754973821411
8001,일반한식,amt,8,leave_one_block_out,3,-0.743978921295478,-0.0993640567802982
8001,일반한식,amt,8,leave_one_block_out,4,-0.0964783497069813,-0.0219512558050545
8001,일반한식,amt,8,leave_one_block_out,5,1.19453768936216,0.184335438049062
8001,일반한식,amt,8,leave_one_block_out,6,0.504385592855497,0.13239590514749
8001,일반한식,amt,8,leave_one_block_out,7,0.0617284241315033,-0.00921815645169266
8001,일반한식,amt,8,leave_one_block_out,8,-0.469335238088743,-0.105130443615488
8001,일반한식,amt,8,leave_one_block_out,9,5.35689888371689,0.565319661444718
8001,일반한식,amt,9,sequential,2,1.83051009784929,0.117454736380852
8001,일반한식,amt,9,sequential,3,6.07407929341494,0.359223006528768
8001,일반한식,amt,9,sequential,4,3.95751134549251,0.353982563115039
8001,일반한식,amt,9,sequential,5,1.24805531677054,0.137552484121627
8001,일반한식,amt,9,sequential,6,-0.0616925342329711,-0.0154133847130866
8001,일반한식,amt,9,sequential,7,-0.0113118476448515,0.00266402980584801
8001,일반한식,amt,9,sequential,8,1.64577859126621,0.17680912386248
8001,일반한식,amt,9,sequential,9,4.15528941528082,0.456410810220673
8001,일반한식,amt,9,sequential,10,0.102139386536464,0.0301066688544036
8001,일반한식,amt,9,leave_one_block_out,1,19.5288556001643,0.886609273538106
8001,일반한식,amt,9,leave_one_block_out,2,-0.140738416741325,-0.0218995872753842
8001,일반한식,amt,9,leave_one_block_out,3,-0.0725873694768245,0.0398203882459983
8001,일반한식,amt,9,leave_one_block_out,4,-0.256576968247341,-0.0311917660562517
8001,일반한식,amt,9,leave_one_block_out,5,1.01762881827261,0.0980196083896046
8001,일반한식,amt,9,leave_one_block_out,6,0.45899328877642,0.0869480383529974
8001,일반한식,amt,9,leave_one_block_out,7,-0.123633817386298,-0.0123267573221952
8001,일반한식,amt,9,leave_one_block_out,8,0.182119213052018,0.0862100854437945
8001,일반한식,amt,9,leave_one_block_out,9,4.15528941528082,0.456410810220673
8001,일반한식,cnt,0,sequential,2,-0.503048828160135,0.024873850980197
8001,일반한식,cnt,0,sequential,3,6.95922321123428,0.379038274642005
8001,일반한식,cnt,0,sequential,4,2.46891683054049,0.218480164264673
8001,일반한식,cnt,0,sequential,5,1.24043377664222,0.143501853392597
8001,일반한식,cnt,0,sequential,6,-0.0995312022818856,-0.0711811194816778
8001,일반한식,cnt,0,sequential,7,0.478800218077793,0.0773427199119953
8001,일반한식,cnt,0,sequential,8,1.45355305561632,0.109824597195484
8001,일반한식,cnt,0,sequential,9,4.53948603563229,0.457059623635284
8001,일반한식,cnt,0,sequential,10,-0.0853818028817482,-0.00048841073212702
8001,일반한식,cnt,0,leave_one_block_out,1,21.1416939527262,0.867211882691777
8001,일반한식,cnt,0,leave_one_block_out,2,0.0445982481089346,0.00961581549021318
8001,일반한식,cnt,0,leave_one_block_out,3,-0.408137149421481,-0.0713541299000315
8001,일반한식,cnt,0,leave_one_block_out,4,0.0471612944942995,0.0131744995511042
8001,일반한식,cnt,0,leave_one_block_out,5,1.90467448167558,0.229982534217406
8001,일반한식,cnt,0,leave_one_block_out,6,1.29197301443111,0.172223326828844
8001,일반한식,cnt,0,leave_one_block_out,7,0.0918832602277347,0.0344422790527306
8001,일반한식,cnt,0,leave_one_block_out,8,-0.105222441529607,-0.067084954889443
8001,일반한식,cnt,0,leave_one_block_out,9,4.53948603563229,0.457059623635284
8001,일반한식,cnt,1,sequential,2,0.544597708244349,0.0951790757582848
8001,일반한식,cnt,1,sequential,3,5.80074682176984,0.296655404725182
8001,일반한식,cnt,1,sequential,4,2.22354624583695,0.191236375558819
8001,일반한식,cnt,1,sequential,5,2.15254061014304,0.202825243475372
8001,일반한식,cnt,1,sequential,6,-0.422734300381838,-0.159984524782613
8001,일반한식,cnt,1,sequential,7,0.566728279374412,0.144252555426997
8001,일반한식,cnt,1,sequential,8,1.75489986286667,0.141988354681455
8001,일반한식,cnt,1,sequential,9,3.5295275015702,0.399959280541638
8001,일반한식,cnt,1,sequential,10,-0.311209808412255,-0.0360627241056235
8001,일반한식,cnt,1,leave_one_block_out,1,21.2208059824282,0.861345324586269
8001,일반한식,cnt,1,leave_one_block_out,2,0.0889412731149342,0.0173649762750397
8001,일반한식,cnt,1,leave_one_block_out,3,-0.173648750980041,-0.020108550176333
8001,일반한식,cnt,1,leave_one_block_out,4,0.122325282320912,0.023388017956133
8001,일반한식,cnt,1,leave_one_block_out,5,1.87883186712433,0.22600447431317
8001,일반한식,cnt,1,leave_one_block_out,6,0.854992773088023,0.118843227105718
8001,일반한식,cnt,1,leave_one_block_out,7,0.205634132641169,0.0516011073277162
8001,일반한식,cnt,1,leave_one_block_out,8,-0.158260199538726,-0.0047506924465015
8001,일반한식,cnt,1,leave_one_block_out,9,3.5295275015702,0.399959280541638
8001,일반한식,cnt,2,sequential,2,1.16144118839179,0.0938420971302862
8001,일반한식,cnt,2,sequential,3,5.87611337573575,0.361071095677836
8001,일반한식,cnt,2,sequential,4,2.04129718163121,0.192114111003178
8001,일반한식,cnt,2,sequential,5,1.96187503268134,0.178804922915976
8001,일반한식,cnt,2,sequential,6,-0.0855535097764898,-0.0422388607243311
8001,일반한식,cnt,2,sequential,7,0.129085799436163,0.0230763574221502
8001,일반한식,cnt,2,sequential,8,1.5739433432634,0.167438688302608
8001,일반한식,cnt,2,sequential,9,4.01826148359573,0.423589538033523
8001,일반한식,cnt,2,sequential,10,-0.134106641542084,-0.0170893578359579
8001,일반한식,cnt,2,leave_one_block_out,1,21.9168027651415,0.882233779992909
8001,일반한식,cnt,2,leave_one_block_out,2,0.471247777286704,0.0850866830364705
8001,일반한식,cnt,2,leave_one_block_out,3,-0.150325168758203,-0.00537018347961604
8001,일반한식,cnt,2,leave_one_block_out,4,0.265598568213185,0.0114438055237146
8001,일반한식,cnt,2,leave_one_block_out,5,1.66609602552814,0.21741845612712
8001,일반한식,cnt,2,leave_one_block_out,6,1.13004151034001,0.122540253649548
8001,일반한식,cnt,2,leave_one_block_out,7,0.404728216084993,0.0482766149815235
8001,일반한식,cnt,2,leave_one_block_out,8,-0.651307601340984,-0.131333932241069
8001,일반한식,cnt,2,leave_one_block_out,9,4.01826148359573,0.423589538033523
8001,일반한식,cnt,3,sequential,2,-0.0528861464651531,0.0290400593238203
8001,일반한식,cnt,3,sequential,3,6.43754308010929,0.346127409291814
8001,일반한식,cnt,3,sequential,4,1.80877193805729,0.174968881535809
8001,일반한식,cnt,3,sequential,5,2.22549735758545,0.222010868848362
8001,일반한식,cnt,3,sequential,6,-0.108982391366444,-0.0906845003696519
8001,일반한식,cnt,3,sequential,7,0.310062761669749,0.0880953974767879
8001,일반한식,cnt,3,sequential,8,2.39861615903353,0.206003174508944
8001,일반한식,cnt,3,sequential,9,4.33281840921993,0.480712033137458
8001,일반한식,cnt,3,sequential,10,-0.0975056236677596,-0.0133515459352864
8001,일반한식,cnt,3,leave_one_block_out,1,22.3462276260464,0.880323843197857
8001,일반한식,cnt,3,leave_one_block_out,2,0.921609480575589,0.144854238766914
8001,일반한식,cnt,3,leave_one_block_out,3,-0.232027529576836,-0.0410677943260522
8001,일반한식,cnt,3,leave_one_block_out,4,0.479637739197197,0.0529846912055765
8001,일반한식,cnt,3,leave_one_block_out,5,1.82666264125402,0.221943946015611
8001,일반한식,cnt,3,leave_one_block_out,6,1.28867124697733,0.168505264614444
8001,일반한식,cnt,3,leave_one_block_out,7,0.148146946092106,0.0282443261495591
8001,일반한식,cnt,3,leave_one_block_out,8,0.0139058872422854,-0.030710915818269
8001,일반한식,cnt,3,leave_one_block_out,9,4.33281840921993,0.480712033137458
8001,일반한식,cnt,4,sequential,2,0.783388268520241,0.0839223372899229
8001,일반한식,cnt,4,sequential,3,6.56423857949055,0.391688136690102
8001,일반한식,cnt,4,sequential,4,1.88990511586731,0.110140041765796
8001,일반한식,cnt,4,sequential,5,1.91527628674859,0.222879694426961
8001,일반한식,cnt,4,sequential,6,-0.348097378792669,-0.0593048627295198
8001,일반한식,cnt,4,sequential,7,0.668026457742979,0.0943866238746341
8001,일반한식,cnt,4,sequential,8,1.17406739239251,0.145826701238611
8001,일반한식,cnt,4,sequential,9,3.63538364542397,0.381953289874707
8001,일반한식,cnt,4,sequential,10,-0.0570923968422732,-0.0068259729834248
8001,일반한식,cnt,4,leave_one_block_out,1,20.0776156264881,0.87316096763899
8001,일반한식,cnt,4,leave_one_block_out,2,-0.0628126076686997,0.0127883803907162
8001,일반한식,cnt,4,leave_one_block_out,3,-0.403694240909222,-0.0503730156863287
8001,일반한식,cnt,4,leave_one_block_out,4,0.491884396907283,0.0732361647348173
8001,일반한식,cnt,4,leave_one_block_out,5,1.327977401109,0.234251472722927
8001,일반한식,cnt,4,leave_one_block_out,6,1.59753101988298,0.222165083586948
8001,일반한식,cnt,4,leave_one_block_out,7,0.368855831319043,0.0124894997065076
8001,일반한식,cnt,4,leave_one_block_out,8,-0.345031358260642,-0.069251516790962
8001,일반한식,cnt,4,leave_one_block_out,9,3.63538364542397,0.381953289874707
8001,일반한식,cnt,5,sequential,2,1.37412173583258,0.122185255978853
8001,일반한식,cnt,5,sequential,3,5.08839925632776,0.231910127480366
8001,일반한식,cnt,5,sequential,4,2.32109076666596,0.243957720188571
8001,일반한식,cnt,5,sequential,5,1.7660204829287,0.196191199943859
8001,일반한식,cnt,5,sequential,6,0.0300577635029359,-0.0575890458964163
8001,일반한식,cnt,5,sequential,7,0.246135309569753,0.0659485100238659
8001,일반한식,cnt,5,sequential,8,2.13411981332343,0.227880150941331
8001,일반한식,cnt,5,sequential,9,4.55016731271287,0.490926235233015
8001,일반한식,cnt,5,sequential,10,-0.0491641158012784,-0.0106065706397103
8001,일반한식,cnt,5,leave_one_block_out,1,22.0742231325504,0.886294965004518
8001,일반한식,cnt,5,leave_one_block_out,2,0.564101914372511,0.0803187588833676
8001,일반한식,cnt,5,leave_one_block_out,3,-0.0870131431318949,-0.0156681815024717
8001,일반한식,cnt,5,leave_one_block_out,4,1.00249341944958,0.132346922399996
8001,일반한식,cnt,5,leave_one_block_out,5,1.82308322295894,0.270803458792916
8001,일반한식,cnt,5,leave_one_block_out,6,1.03972124408171,0.152695999728451
8001,일반한식,cnt,5,leave_one_block_out,7,0.496114213643628,0.0528244000363046
8001,일반한식,cnt,5,leave_one_block_out,8,0.147483641540522,0.00751858981632381
8001,일반한식,cnt,5,leave_one_block_out,9,4.55016731271287,0.490926235233015
8001,일반한식,cnt,6,sequential,2,0.26443741140677,0.0248440101823558
8001,일반한식,cnt,6,sequential,3,6.98735682101788,0.408146156731622
8001,일반한식,cnt,6,sequential,4,2.2271784276809,0.168716309635185
8001,일반한식,cnt,6,sequential,5,2.49700733395354,0.259091688013238
8001,일반한식,cnt,6,sequential,6,-0.391048301476504,-0.0560924257864932
8001,일반한식,cnt,6,sequential,7,0.251220391503462,0.0538326626016681
8001,일반한식,cnt,6,sequential,8,1.87990350315217,0.203353187571719
8001,일반한식,cnt,6,sequential,9,3.74688448303455,0.413952288973417
8001,일반한식,cnt,6,sequential,10,-0.14016001356221,-0.00440222544437363
8001,일반한식,cnt,6,leave_one_block_out,1,21.1500600991541,0.879273150369386
8001,일반한식,cnt,6,leave_one_block_out,2,0.738994292391729,0.0814754101758044
8001,일반한식,cnt,6,leave_one_block_out,3,-0.137095740072632,-0.0245412944066825
8001,일반한식,cnt,6,leave_one_block_out,4,0.0299973458115443,-0.00891018552175438
8001,일반한식,cnt,6,leave_one_block_out,5,1.85601101262412,0.255370540584991
8001,일반한식,cnt,6,leave_one_block_out,6,1.54458917177286,0.170955283796794
8001,일반한식,cnt,6,leave_one_block_out,7,0.00894846931167315,-0.0293442943151099
8001,일반한식,cnt,6,leave_one_block_out,8,0.011028831987267,0.00210603052740654
8001,일반한식,cnt,6,leave_one_block_out,9,3.74688448303455,0.413952288973417
8001,일반한식,cnt,7,sequential,2,0.849136886366064,0.0825529048860918
8001,일반한식,cnt,7,sequential,3,6.05813219069071,0.332234444343604
8001,일반한식,cnt,7,sequential,4,2.22707108586005,0.19581071460997
8001,일반한식,cnt,7,sequential,5,1.73404669211678,0.178458493200311
8001,일반한식,cnt,7,sequential,6,-0.539325786751113,-0.162515005930047
8001,일반한식,cnt,7,sequential,7,0.595834294983144,0.106991878828513
8001,일반한식,cnt,7,sequential,8,1.62252512694579,0.148754411250283
8001,일반한식,cnt,7,sequential,9,4.16632455664907,0.486897147127034
8001,일반한식,cnt,7,sequential,10,-0.0647289484344088,-0.0106823936677871
8001,일반한식,cnt,7,leave_one_block_out,1,21.0645254828473,0.890496814296888
8001,일반한식,cnt,7,leave_one_block_out,2,0.842359829504002,0.111516439188311
8001,일반한식,cnt,7,leave_one_block_out,3,-0.20328097580852,-0.0262746746855311
8001,일반한식,cnt,7,leave_one_block_out,4,0.234288035737018,0.0260677524079667
8001,일반한식,cnt,7,leave_one_block_out,5,0.916377494806947,0.161539556321242
8001,일반한식,cnt,7,leave_one_block_out,6,1.00649657225667,0.125716002978654
8001,일반한식,cnt,7,leave_one_block_out,7,0.270443152523139,0.0360816891406274
8001,일반한식,cnt,7,leave_one_block_out,8,-0.103340552980846,-0.0289291378242493
8001,일반한식,cnt,7,leave_one_block_out,9,4.16632455664907,0.486897147127034
8001,일반한식,cnt,8,sequential,2,0.663003971306153,0.0840845755078727
8001,일반한식,cnt,8,sequential,3,5.81558034948041,0.313546261344883
8001,일반한식,cnt,8,sequential,4,2.30254536097992,0.18583349638528
8001,일반한식,cnt,8,sequential,5,1.53523314410869,0.166425815670538
8001,일반한식,cnt,8,sequential,6,-0.248030100080118,-0.116499131992821
8001,일반한식,cnt,8,sequential,7,0.217022946720749,0.0588355758991882
8001,일반한식,cnt,8,sequential,8,1.04603611038503,0.150063630958248
8001,일반한식,cnt,8,sequential,9,6.3380042496887,0.597879117689765
8001,일반한식,cnt,8,sequential,10,-0.0841369746248766,-0.00585872073226779
8001,일반한식,cnt,8,leave_one_block_out,1,20.7212618696109,0.890802988901422
8001,일반한식,cnt,8,leave_one_block_out,2,0.968001482957059,0.145187197169746
8001,일반한식,cnt,8,leave_one_block_out,3,-0.00121164564293452,-0.0112276761207544
8001,일반한식,cnt,8,leave_one_block_out,4,0.537014309430986,0.107266718390493
8001,일반한식,cnt,8,leave_one_block_out,5,2.74830201140628,0.357670563601233
8001,일반한식,cnt,8,leave_one_block_out,6,1.07398340393975,0.177060238419463
8001,일반한식,cnt,8,leave_one_block_out,7,0.436626784110908,0.0483303565853549
8001,일반한식,cnt,8,leave_one_block_out,8,0.449577217782621,0.0729484056120792
8001,일반한식,cnt,8,leave_one_block_out,9,6.3380042496887,0.597879117689765
8001,일반한식,cnt,9,sequential,2,1.08169457185562,0.0960588291180698
8001,일반한식,cnt,9,sequential,3,6.73802238013833,0.373554972594431
8001,일반한식,cnt,9,sequential,4,2.25642267716668,0.235899878376818
8001,일반한식,cnt,9,sequential,5,1.66119320286045,0.176090100186416
8001,일반한식,cnt,9,sequential,6,0.165098557974738,-0.0190887260484049
8001,일반한식,cnt,9,sequential,7,0.0883158195031486,0.0447333462168623
8001,일반한식,cnt,9,sequential,8,1.19824096773042,0.161303881816133
8001,일반한식,cnt,9,sequential,9,2.98445976772639,0.31623836212136
8001,일반한식,cnt,9,sequential,10,-0.213521375550205,-0.0180069556935494
8001,일반한식,cnt,9,leave_one_block_out,1,19.3677830062936,0.847416471301419
8001,일반한식,cnt,9,leave_one_block_out,2,0.139282230662213,0.017647815122253
8001,일반한식,cnt,9,leave_one_block_out,3,-0.273086382962826,-0.0379590067239963
8001,일반한식,cnt,9,leave_one_block_out,4,0.0966664673791862,0.0452641457737349
8001,일반한식,cnt,9,leave_one_block_out,5,2.08556024650188,0.241408919638397
8001,일반한식,cnt,9,leave_one_block_out,6,1.14678305082046,0.150258281708912
8001,일반한식,cnt,9,leave_one_block_out,7,-0.134302177846107,-0.0190013387522956
8001,일반한식,cnt,9,leave_one_block_out,8,0.144286780954167,0.0222819775673077
8001,일반한식,cnt,9,leave_one_block_out,9,2.98445976772639,0.31623836212136
8001,일반한식,ticket,0,sequential,2,0.562145198862729,-0.00999821305880855
8001,일반한식,ticket,0,sequential,3,-0.183659422545485,0.0223065843495432
8001,일반한식,ticket,0,sequential,4,1.16250903790982,0.168030357512172
8001,일반한식,ticket,0,sequential,5,0.0331777881199619,0.0202165033771553
8001,일반한식,ticket,0,sequential,6,-0.0141801638451428,0.0187810460435961
8001,일반한식,ticket,0,sequential,7,-0.13251068708186,-0.00802864154488003
8001,일반한식,ticket,0,sequential,8,-0.503566575730224,-0.0409693086645777
8001,일반한식,ticket,0,sequential,9,-0.219038471065161,-0.031654679247868
8001,일반한식,ticket,0,sequential,10,0.0652719062039731,0.0128404062857084
8001,일반한식,ticket,0,leave_one_block_out,1,-0.0161780429317443,-0.0022863955003718
8001,일반한식,ticket,0,leave_one_block_out,2,-0.16819498213558,-0.0229230759975374
8001,일반한식,ticket,0,leave_one_block_out,3,0.130703969816048,0.0100067122189975
8001,일반한식,ticket,0,leave_one_block_out,4,1.12804731362345,0.172923193742506
8001,일반한식,ticket,0,leave_one_block_out,5,0.152878547091317,0.0520852384001621
8001,일반한식,ticket,0,leave_one_block_out,6,-0.026662017550344,0.00823766057060182
8001,일반한식,ticket,0,leave_one_block_out,7,-0.092680241729623,-0.00933133195334013
8001,일반한식,ticket,0,leave_one_block_out,8,-0.563047950246603,-0.0457743136190571
8001,일반한식,ticket,0,leave_one_block_out,9,-0.219038471065161,-0.031654679247868
8001,일반한식,ticket,1,sequential,2,0.214901443452828,-0.0626303278834321
8001,일반한식,ticket,1,sequential,3,-0.0881999901882313,0.028075249023374
8001,일반한식,ticket,1,sequential,4,1.29257052252986,0.210473593130871
8001,일반한식,ticket,1,sequential,5,0.165475049230654,0.0385237817574906
8001,일반한식,ticket,1,sequential,6,-0.113530763948239,0.00389478014178601
8001,일반한식,ticket,1,sequential,7,-0.0145385569529921,0.00489934181742846
8001,일반한식,ticket,1,sequential,8,-0.208800771262127,-0.021658928042295
8001,일반한식,ticket,1,sequential,9,-0.107143282859962,0.0052281093429154
8001,일반한식,ticket,1,sequential,10,-0.154353503268231,0.00382382813837112
8001,일반한식,ticket,1,leave_one_block_out,1,-0.119181966618997,-0.018051134694447
8001,일반한식,ticket,1,leave_one_block_out,2,-0.374887431777565,-0.0757268199087764
8001,일반한식,ticket,1,leave_one_block_out,3,0.39140802049866,0.0583081490906411
8001,일반한식,ticket,1,leave_one_block_out,4,1.49361216286871,0.25124443848055
8001,일반한식,ticket,1,leave_one_block_out,5,0.238540723187378,0.0689349165378883
8001,일반한식,ticket,1,leave_one_block_out,6,0.0116154941723567,0.00146462303586947
8001,일반한식,ticket,1,leave_one_block_out,7,-0.13708550705144,-0.0174973085117873
8001,일반한식,ticket,1,leave_one_block_out,8,-0.261863303997165,-0.0455856326807373
8001,일반한식,ticket,1,leave_one_block_out,9,-0.107143282859962,0.0052281093429154
8001,일반한식,ticket,2,sequential,2,0.543344233090054,-0.0388260497742496
8001,일반한식,ticket,2,sequential,3,-0.211083549527941,0.00796378770679829
8001,일반한식,ticket,2,sequential,4,1.08981158360534,0.17352225406513
8001,일반한식,ticket,2,sequential,5,0.0609519221614313,0.0218203552152275
8001,일반한식,ticket,2,sequential,6,-0.0897403231129634,0.00988656357343976
8001,일반한식,ticket,2,sequential,7,-0.0481938980089053,0.0161812980500999
8001,일반한식,ticket,2,sequential,8,-0.471256371208664,-0.0645737242272804
8001,일반한식,ticket,2,sequential,9,-0.0869809657156745,-0.0358416319241532
8001,일반한식,ticket,2,sequential,10,0.0202977396363963,0.0131198791693287
8001,일반한식,ticket,2,leave_one_block_out,1,-0.164788279702818,-0.0178367835131292
8001,일반한식,ticket,2,leave_one_block_out,2,-0.377891126453261,-0.0922619261609583
8001,일반한식,ticket,2,leave_one_block_out,3,0.57293901994889,0.0699594495434834
8001,일반한식,ticket,2,leave_one_block_out,4,1.13583939692026,0.195400461595709
8001,일반한식,ticket,2,leave_one_block_out,5,0.0880996834094899,0.0235641874472727
8001,일반한식,ticket,2,leave_one_block_out,6,0.0730172604913842,0.00517569860270994
8001,일반한식,ticket,2,leave_one_block_out,7,-0.155311281975945,-0.0262974976333603
8001,일반한식,ticket,2,leave_one_block_out,8,-0.765250433474134,-0.105685861185066
8001,일반한식,ticket,2,leave_one_block_out,9,-0.0869809657156745,-0.0358416319241532
8001,일반한식,ticket,3,sequential,2,0.667947311485476,-0.00906937614192982
8001,일반한식,ticket,3,sequential,3,-0.123801431510753,0.00816074358125818
8001,일반한식,ticket,3,sequential,4,0.748508997720335,0.133270396720714
8001,일반한식,ticket,3,sequential,5,0.110463394270729,0.0359504087607763
8001,일반한식,ticket,3,sequential,6,-0.0864061755141393,0.00917143875214499
8001,일반한식,ticket,3,sequential,7,-0.0371524250728172,-0.0013111968721744
8001,일반한식,ticket,3,sequential,8,-0.808697477765793,-0.0855748566841015
8001,일반한식,ticket,3,sequential,9,-0.18211282299655,-0.0211085521503254
8001,일반한식,ticket,3,sequential,10,-0.129954501785656,-0.0120753978440566
8001,일반한식,ticket,3,leave_one_block_out,1,-0.169052145328544,-0.0177698035129719
8001,일반한식,ticket,3,leave_one_block_out,2,-0.411974813299792,-0.0748764277843532
8001,일반한식,ticket,3,leave_one_block_out,3,-0.0306351248521908,0.0345641851101778
8001,일반한식,ticket,3,leave_one_block_out,4,0.903613329492517,0.169919975120921
8001,일반한식,ticket,3,leave_one_block_out,5,-0.0733338653115867,0.0163853867525768
8001,일반한식,ticket,3,leave_one_block_out,6,-0.0658703527510102,0.00361254182254478
8001,일반한식,ticket,3,leave_one_block_out,7,-0.243610293728361,-0.0343194208946023
8001,일반한식,ticket,3,leave_one_block_out,8,-0.828926602640429,-0.100542927556982
8001,일반한식,ticket,3,leave_one_block_out,9,-0.18211282299655,-0.0211085521503254
8001,일반한식,ticket,4,sequential,2,0.542163816887625,-0.0151690694533628
8001,일반한식,ticket,4,sequential,3,-0.128951013107487,0.0282821576905231
8001,일반한식,ticket,4,sequential,4,1.09247099078951,0.161998645548999
8001,일반한식,ticket,4,sequential,5,0.0321644967241769,0.0212605698049897
8001,일반한식,ticket,4,sequential,6,-0.110611032348421,0.0063685401145912
8001,일반한식,ticket,4,sequential,7,0.0962456156059888,0.0162811478356547
8001,일반한식,ticket,4,sequential,8,-0.459473832512863,-0.0533594445946486
8001,일반한식,ticket,4,sequential,9,0.0638366003233526,-0.0474944472312686
8001,일반한식,ticket,4,sequential,10,0.0249747015447943,0.0197361746400266
8001,일반한식,ticket,4,leave_one_block_out,1,-0.231251471707183,-0.0211254366752829
8001,일반한식,ticket,4,leave_one_block_out,2,-0.26552767215364,-0.0749191806846612
8001,일반한식,ticket,4,leave_one_block_out,3,0.376666832255279,0.043182098405012
8001,일반한식,ticket,4,leave_one_block_out,4,1.46239169419029,0.176818569865103
8001,일반한식,ticket,4,leave_one_block_out,5,0.480785619768923,0.0848011421795664
8001,일반한식,ticket,4,leave_one_block_out,6,0.134425676801592,0.0168309810548427
8001,일반한식,ticket,4,leave_one_block_out,7,-0.0756797243537555,-0.0182447373216004
8001,일반한식,ticket,4,leave_one_block_out,8,-0.511654943519982,-0.112539945058629
8001,일반한식,ticket,4,leave_one_block_out,9,0.0638366003233526,-0.0474944472312686
8001,일반한식,ticket,5,sequential,2,0.389629804580718,-0.0207040794643174
8001,일반한식,ticket,5,sequential,3,-0.176263306644542,0.0153600277259204
8001,일반한식,ticket,5,sequential,4,1.1833806351438,0.169964173104761
8001,일반한식,ticket,5,sequential,5,0.280016834720742,0.0438294375628017
8001,일반한식,ticket,5,sequential,6,0.0406185842872844,0.0215084281050735
8001,일반한식,ticket,5,sequential,7,0.123413567875426,0.0278264750524702
8001,일반한식,ticket,5,sequential,8,-0.440555573192186,-0.0446317857869163
8001,일반한식,ticket,5,sequential,9,0.189964178647342,0.0149093398875646
8001,일반한식,ticket,5,sequential,10,-0.0944915309418981,-0.000744633954369744
8001,일반한식,ticket,5,leave_one_block_out,1,-0.0294694240427995,0.00757796046637838
8001,일반한식,ticket,5,leave_one_block_out,2,-0.220852001538965,-0.0469489374694647
8001,일반한식,ticket,5,leave_one_block_out,3,0.347180036529499,0.0463329149619617
8001,일반한식,ticket,5,leave_one_block_out,4,1.88274965328828,0.251382358703485
8001,일반한식,ticket,5,leave_one_block_out,5,0.462660423328662,0.069225588593787
8001,일반한식,ticket,5,leave_one_block_out,6,-0.0010512362773718,0.00756662237489092
8001,일반한식,ticket,5,leave_one_block_out,7,0.0292227669606071,-0.00678981027664816
8001,일반한식,ticket,5,leave_one_block_out,8,-0.361449589441142,-0.0551736896057413
8001,일반한식,ticket,5,leave_one_block_out,9,0.189964178647342,0.0149093398875646
8001,일반한식,ticket,6,sequential,2,0.496818347289585,-0.0371963597816678
8001,일반한식,ticket,6,sequential,3,-0.127668954486038,0.0245403656899206
8001,일반한식,ticket,6,sequential,4,1.09274089427198,0.177360126955125
8001,일반한식,ticket,6,sequential,5,0.102121953571122,0.0282348966882999
8001,일반한식,ticket,6,sequential,6,-0.143020694759372,-0.00312934288665212
8001,일반한식,ticket,6,sequential,7,-0.0667776828369493,0.00602385062984667
8001,일반한식,ticket,6,sequential,8,-0.52887005756812,-0.0282724800198615
8001,일반한식,ticket,6,sequential,9,-0.202908513443578,-0.0622913973660952
8001,일반한식,ticket,6,sequential,10,-0.010999333712805,0.0130546424423907
8001,일반한식,ticket,6,leave_one_block_out,1,-0.0170317601965841,-0.00183359767729452
8001,일반한식,ticket,6,leave_one_block_out,2,-0.0787119108944662,-0.0394567005055639
8001,일반한식,ticket,6,leave_one_block_out,3,0.374368802212247,0.0310387483331536
8001,일반한식,ticket,6,leave_one_block_out,4,1.12485728125702,0.166557408491602
8001,일반한식,ticket,6,leave_one_block_out,5,0.354537028657295,0.0444460531201234
8001,일반한식,ticket,6,leave_one_block_out,6,-0.171683179829429,-0.0110204899045034
8001,일반한식,ticket,6,leave_one_block_out,7,-0.0133282792378814,-0.00441323864276488
8001,일반한식,ticket,6,leave_one_block_out,8,-0.649284070759201,-0.0570253647946108
8001,일반한식,ticket,6,leave_one_block_out,9,-0.202908513443578,-0.0622913973660952
8001,일반한식,ticket,7,sequential,2,0.590364414818498,-0.0158780246273247
8001,일반한식,ticket,7,sequential,3,-0.0453219084290135,0.0326600485770361
8001,일반한식,ticket,7,sequential,4,1.05405054781438,0.175132681244744
8001,일반한식,ticket,7,sequential,5,-0.045662059180461,0.00651694480737119
8001,일반한식,ticket,7,sequential,6,-0.037271902764921,0.0119896254989628
8001,일반한식,ticket,7,sequential,7,0.181264493701988,0.0317610672019232
8001,일반한식,ticket,7,sequential,8,-0.61780816391325,-0.0687551660410617
8001,일반한식,ticket,7,sequential,9,0.1324731700176,0.0370603799031058
8001,일반한식,ticket,7,sequential,10,-0.201180476318696,-0.0138671205300649
8001,일반한식,ticket,7,leave_one_block_out,1,0.0042117548332804,0.0157298991011634
8001,일반한식,ticket,7,leave_one_block_out,2,-0.354930935352767,-0.0685468010823036
8001,일반한식,ticket,7,leave_one_block_out,3,0.452055189271414,0.0547323213258009
8001,일반한식,ticket,7,leave_one_block_out,4,1.63102834384876,0.244427495811218
8001,일반한식,ticket,7,leave_one_block_out,5,0.017402561125246,0.037121685898275
8001,일반한식,ticket,7,leave_one_block_out,6,0.0544181121941323,0.0187332690811101
8001,일반한식,ticket,7,leave_one_block_out,7,0.0183237182598078,0.0031937158335239
8001,일반한식,ticket,7,leave_one_block_out,8,-0.610938092071209,-0.082508235781569
8001,일반한식,ticket,7,leave_one_block_out,9,0.1324731700176,0.0370603799031058
8001,일반한식,ticket,8,sequential,2,0.576418670632303,0.0122651433716781
8001,일반한식,ticket,8,sequential,3,-0.175844953864346,0.0213116288054294
8001,일반한식,ticket,8,sequential,4,0.950128399041175,0.147152878431475
8001,일반한식,ticket,8,sequential,5,0.174295811810676,0.0404811314328111
8001,일반한식,ticket,8,sequential,6,-0.187606731844586,-0.00102079668178456
8001,일반한식,ticket,8,sequential,7,-0.0044147604301964,0.00857135364859996
8001,일반한식,ticket,8,sequential,8,-0.681055499567945,-0.0852690706746924
8001,일반한식,ticket,8,sequential,9,-0.20814795307984,-0.0170229529157242
8001,일반한식,ticket,8,sequential,10,-0.119672414118241,0.00425163326865408
8001,일반한식,ticket,8,leave_one_block_out,1,-0.0449676480467592,-0.000982504174213306
8001,일반한식,ticket,8,leave_one_block_out,2,-0.084512685503868,-0.00492874413794686
8001,일반한식,ticket,8,leave_one_block_out,3,0.0899336057922556,0.0215837317127087
8001,일반한식,ticket,8,leave_one_block_out,4,0.748349263293019,0.104984260209524
8001,일반한식,ticket,8,leave_one_block_out,5,0.257985407817179,0.0702458022885396
8001,일반한식,ticket,8,leave_one_block_out,6,-0.180927000673217,-0.0241982520055415
8001,일반한식,ticket,8,leave_one_block_out,7,0.107778529803457,0.00277666030097523
8001,일반한식,ticket,8,leave_one_block_out,8,-0.886856100280681,-0.100803454293178
8001,일반한식,ticket,8,leave_one_block_out,9,-0.20814795307984,-0.0170229529157242
8001,일반한식,ticket,9,sequential,2,0.386498875790392,-0.032505503331012
8001,일반한식,ticket,9,sequential,3,-0.129303946692141,0.029220423449134
8001,일반한식,ticket,9,sequential,4,1.09826154226313,0.155290029139535
8001,일반한식,ticket,9,sequential,5,0.164826705079066,0.0338795490906412
8001,일반한식,ticket,9,sequential,6,-0.0957072811234916,0.0143645801260777
8001,일반한식,ticket,9,sequential,7,-0.28993905332455,-0.0131206958662509
8001,일반한식,ticket,9,sequential,8,-0.29705249507406,-0.0454406241779299
8001,일반한식,ticket,9,sequential,9,0.0810854419951795,-0.0332005615655564
8001,일반한식,ticket,9,sequential,10,-0.166890940320474,-0.00538576712405425
8001,일반한식,ticket,9,leave_one_block_out,1,-0.0697400608242471,-0.0032179404481476
8001,일반한식,ticket,9,leave_one_block_out,2,-0.434410721518655,-0.0974668437318909
8001,일반한식,ticket,9,leave_one_block_out,3,0.424931139048432,0.0424182623208778
8001,일반한식,ticket,9,leave_one_block_out,4,1.48126561089233,0.18155727964696
8001,일반한식,ticket,9,leave_one_block_out,5,0.256662507693306,0.0494265821296915
8001,일반한식,ticket,9,leave_one_block_out,6,-0.0229551493706209,9.27978917653061e-06
8001,일반한식,ticket,9,leave_one_block_out,7,-0.10107895524967,-0.0158561232833641
8001,일반한식,ticket,9,leave_one_block_out,8,-0.325258491372665,-0.0553374525725936
8001,일반한식,ticket,9,leave_one_block_out,9,0.0810854419951795,-0.0332005615655564
8002,갈비전문점,amt,0,sequential,2,-15.1223101788514,-0.336362997372128
8002,갈비전문점,amt,0,sequential,3,7.15173179530126,0.101500850093181
8002,갈비전문점,amt,0,sequential,4,-30.6811892375952,-1.52845349759297
8002,갈비전문점,amt,0,sequential,5,-5.38426043769491,-0.0513239245101567
8002,갈비전문점,amt,0,sequential,6,9.9983392972095,0.258848164899777
8002,갈비전문점,amt,0,sequential,7,14.8609254050936,0.322967015628553
8002,갈비전문점,amt,0,sequential,8,-191.884218215694,-66.9337830782957
8002,갈비전문점,amt,0,sequential,9,165.316431119279,0.896837469774857
8002,갈비전문점,amt,0,sequential,10,1.0666522993513,0.169386742628134
8002,갈비전문점,amt,0,leave_one_block_out,1,48.8236009119256,0.755291782592173
8002,갈비전문점,amt,0,leave_one_block_out,2,-10.3674444826788,-0.279968702469892
8002,갈비전문점,amt,0,leave_one_block_out,3,-11.2755994361838,-0.480203360538104
8002,갈비전문점,amt,0,leave_one_block_out,4,8.42288555401039,0.223028408722251
8002,갈비전문점,amt,0,leave_one_block_out,5,-1.8074727601898,-0.244465113820982
8002,갈비전문점,amt,0,leave_one_block_out,6,1.69256637052451,0.163109434484609
8002,갈비전문점,amt,0,leave_one_block_out,7,-11.8914082398137,-0.647154533734329
8002,갈비전문점,amt,0,leave_one_block_out,8,-33.5371104880765,-4.28306640772598
8002,갈비전문점,amt,0,leave_one_block_out,9,165.316431119279,0.896837469774857
8002,갈비전문점,amt,1,sequential,2,-6.73161064511669,-0.123729365413425
8002,갈비전문점,amt,1,sequential,3,8.6806034296552,0.0750027059315047
8002,갈비전문점,amt,1,sequential,4,2.61786034699326,-0.00047549689817683
8002,갈비전문점,amt,1,sequential,5,-3.13897518753021,-0.0371435286488548
8002,갈비전문점,amt,1,sequential,6,3.69319957249419,-0.0414343958292742
8002,갈비전문점,amt,1,sequential,7,-3.68866670852771,-0.0507338570094102
8002,갈비전문점,amt,1,sequential,8,-13.5127808032357,-0.937958264151283
8002,갈비전문점,amt,1,sequential,9,22.0542673282748,0.500277158862348
8002,갈비전문점,amt,1,sequential,10,1.16884613567836,0.0506257541265503
8002,갈비전문점,amt,1,leave_one_block_out,1,14.0182504808222,0.350220725376342
8002,갈비전문점,amt,1,leave_one_block_out,2,16.7655734609045,0.268995546402
8002,갈비전문점,amt,1,leave_one_block_out,3,-1.25706785742863,-0.0343548615340452
8002,갈비전문점,amt,1,leave_one_block_out,4,14.2934774166468,0.296555363088426
8002,갈비전문점,amt,1,leave_one_block_out,5,-2.45998633563316,-0.118169469768403
8002,갈비전문점,amt,1,leave_one_block_out,6,-1.00046612995159,-0.0212729274826287
8002,갈비전문점,amt,1,leave_one_block_out,7,6.31900773990878,0.105019975103418
8002,갈비전문점,amt,1,leave_one_block_out,8,-7.31055255853741,-0.105769017702226
8002,갈비전문점,amt,1,leave_one_block_out,9,22.0542673282748,0.500277158862348
8002,갈비전문점,amt,2,sequential,2,-5.04122699283929,-0.134418946487767
8002,갈비전문점,amt,2,sequential,3,5.50739060207206,0.040051310417185
8002,갈비전문점,amt,2,sequential,4,-16.6343393507758,-0.653091180209155
8002,갈비전문점,amt,2,sequential,5,-2.59509014681181,-0.0254848963992085
8002,갈비전문점,amt,2,sequential,6,-6.69323176652497,-0.422311765864001
8002,갈비전문점,amt,2,sequential,7,5.52131841618733,0.191472736148482
8002,갈비전문점,amt,2,sequential,8,-4.48055114230861,0.0121958223036397
8002,갈비전문점,amt,2,sequential,9,25.2606809615023,0.286209367651198
8002,갈비전문점,amt,2,sequential,10,-11.5426595499711,-0.904661139208601
8002,갈비전문점,amt,2,leave_one_block_out,1,15.164478209681,0.250080141382749
8002,갈비전문점,amt,2,leave_one_block_out,2,22.4964291542958,0.454676224697342
8002,갈비전문점,amt,2,leave_one_block_out,3,0.75761007217815,0.0869951400411968
8002,갈비전문점,amt,2,leave_one_block_out,4,-0.666594409635135,-0.0520004583365026
8002,갈비전문점,amt,2,leave_one_block_out,5,-1.26645043794121,-0.0265798347962076
8002,갈비전문점,amt,2,leave_one_block_out,6,0.856461865688207,0.0768203118121186
8002,갈비전문점,amt,2,leave_one_block_out,7,-1.08375315382593,-0.0657411823911207
8002,갈비전문점,amt,2,leave_one_block_out,8,-8.46296956576244,-0.30216667743389
8002,갈비전문점,amt,2,leave_one_block_out,9,25.2606809615023,0.286209367651198
8002,갈비전문점,amt,3,sequential,2,-7.8537882016587,-0.152317832006664
8002,갈비전문점,amt,3,sequential,3,4.87552251528267,-0.00711057581725028
8002,갈비전문점,amt,3,sequential,4,-33.0206096351069,-1.77497967588683
8002,갈비전문점,amt,3,sequential,5,-1.00775754814615,-0.0196479205020657
8002,갈비전문점,amt,3,sequential,6,8.44679044344845,0.12963930449579
8002,갈비전문점,amt,3,sequential,7,14.7376373457295,0.236229884398722
8002,갈비전문점,amt,3,sequential,8,-137.600452139643,-40.6785588579683
8002,갈비전문점,amt,3,sequential,9,11.3426680707948,-0.161749081998145
8002,갈비전문점,amt,3,sequential,10,-43.869691377726,-0.63552410943508
8002,갈비전문점,amt,3,leave_one_block_out,1,328.964167296762,0.900268600101214
8002,갈비전문점,amt,3,leave_one_block_out,2,-78.1196959338043,-4.58975933522013
8002,갈비전문점,amt,3,leave_one_block_out,3,2.8348761037718,0.0708290803671626
8002,갈비전문점,amt,3,leave_one_block_out,4,63.8106450259046,0.413671618479391
8002,갈비전문점,amt,3,leave_one_block_out,5,43.4246878864065,0.389187508325541
8002,갈비전문점,amt,3,leave_one_block_out,6,-7.12822895612208,-0.0860655254282754
8002,갈비전문점,amt,3,leave_one_block_out,7,-102.062634494852,-8.2485184745897
8002,갈비전문점,amt,3,leave_one_block_out,8,-156.624428842957,-110.895888377705
8002,갈비전문점,amt,3,leave_one_block_out,9,11.3426680707948,-0.161749081998145
8002,갈비전문점,amt,4,sequential,2,-10.0092783113985,-0.168949542627725
8002,갈비전문점,amt,4,sequential,3,-0.33520103972049,-0.0982935895013519
8002,갈비전문점,amt,4,sequential,4,-9.58351050794801,-0.541981992189977
8002,갈비전문점,amt,4,sequential,5,-2.99942983681249,-0.0419137184819924
8002,갈비전문점,amt,4,sequential,6,0.319927527525743,-0.0722902603770583
8002,갈비전문점,amt,4,sequential,7,1.63731146432273,0.100799511109435
8002,갈비전문점,amt,4,sequential,8,-163.248293697567,-31.3119828955272
8002,갈비전문점,amt,4,sequential,9,161.408438873897,0.913108587035975
8002,갈비전문점,amt,4,sequential,10,4.3065387577583,0.328506058320921
8002,갈비전문점,amt,4,leave_one_block_out,1,38.2332451335506,0.693013257586443
8002,갈비전문점,amt,4,leave_one_block_out,2,-3.3000665231594,-0.371770070631031
8002,갈비전문점,amt,4,leave_one_block_out,3,-3.94512364458788,-0.0932166972166748
8002,갈비전문점,amt,4,leave_one_block_out,4,55.7003854808844,0.822363733251072
8002,갈비전문점,amt,4,leave_one_block_out,5,3.87957580343747,0.0552770847036759
8002,갈비전문점,amt,4,leave_one_block_out,6,1.25907420515627,0.077873180867602
8002,갈비전문점,amt,4,leave_one_block_out,7,-1.0023240697413,-0.132345758385739
8002,갈비전문점,amt,4,leave_one_block_out,8,-24.9688657515371,-3.09385552144243
8002,갈비전문점,amt,4,leave_one_block_out,9,161.408438873897,0.913108587035975
8002,갈비전문점,amt,5,sequential,2,-7.42804315118485,-0.16896234353931
8002,갈비전문점,amt,5,sequential,3,7.18503437176458,0.0588477123828702
8002,갈비전문점,amt,5,sequential,4,-12.7796416853397,-0.322873189872132
8002,갈비전문점,amt,5,sequential,5,-0.508878073817476,0.0139916287933454
8002,갈비전문점,amt,5,sequential,6,6.48369210818216,0.0447216318708442
8002,갈비전문점,amt,5,sequential,7,4.89286866221751,0.104201247573969
8002,갈비전문점,amt,5,sequential,8,-67.2929442069556,-11.7710349774566
8002,갈비전문점,amt,5,sequential,9,43.5749589658993,0.834354030097104
8002,갈비전문점,amt,5,sequential,10,3.17073796499867,0.148715122148993
8002,갈비전문점,amt,5,leave_one_block_out,1,36.8765549400634,0.565202089442631
8002,갈비전문점,amt,5,leave_one_block_out,2,-0.401981141308516,0.113022590416714
8002,갈비전문점,amt,5,leave_one_block_out,3,1.33348640743085,0.0668855895048989
8002,갈비전문점,amt,5,leave_one_block_out,4,26.9842087255991,0.774362065689244
8002,갈비전문점,amt,5,leave_one_block_out,5,8.33131307078299,0.20050626777286
8002,갈비전문점,amt,5,leave_one_block_out,6,-7.06435821590237,-0.207142819034867
8002,갈비전문점,amt,5,leave_one_block_out,7,-1.87153528573949,-0.185919320990178
8002,갈비전문점,amt,5,leave_one_block_out,8,-16.9601500737547,-0.480538563623764
8002,갈비전문점,amt,5,leave_one_block_out,9,43.5749589658993,0.834354030097104
8002,갈비전문점,amt,6,sequential,2,-10.755430640443,-0.198575217595924
8002,갈비전문점,amt,6,sequential,3,9.65049920921315,0.100174086797342
8002,갈비전문점,amt,6,sequential,4,-10.3778919281879,-0.419822950392874
8002,갈비전문점,amt,6,sequential,5,-1.35487054244161,-0.0219603899907901
8002,갈비전문점,amt,6,sequential,6,3.52525111217601,0.133448456202577
8002,갈비전문점,amt,6,sequential,7,1.01678290765794,-0.068993814764905
8002,갈비전문점,amt,6,sequential,8,-136.619277088856,-69.6307814565604
8002,갈비전문점,amt,6,sequential,9,123.623258499332,0.934120330162174
8002,갈비전문점,amt,6,sequential,10,9.59514498538971,0.382543652931421
8002,갈비전문점,amt,6,leave_one_block_out,1,22.7551944256166,0.419613051976834
8002,갈비전문점,amt,6,leave_one_block_out,2,-1.5411831893533,-1.30503417791137
8002,갈비전문점,amt,6,leave_one_block_out,3,-13.1455359503029,-0.89263761234971
8002,갈비전문점,amt,6,leave_one_block_out,4,31.9211486281032,0.621306025061234
8002,갈비전문점,amt,6,leave_one_block_out,5,1.16949166455693,0.0773945089774035
8002,갈비전문점,amt,6,leave_one_block_out,6,5.49866058644684,0.364179007680368
8002,갈비전문점,amt,6,leave_one_block_out,7,-2.49562277996813,-0.337906175774317
8002,갈비전문점,amt,6,leave_one_block_out,8,-25.7901086059624,-4.07832075581334
8002,갈비전문점,amt,6,leave_one_block_out,9,123.623258499332,0.934120330162174
8002,갈비전문점,amt,7,sequential,2,-14.8065300426552,-0.287489998286907
8002,갈비전문점,amt,7,sequential,3,-5.46620711454764,-0.276973225431863
8002,갈비전문점,amt,7,sequential,4,-12.9174720605714,-0.633258505973682
8002,갈비전문점,amt,7,sequential,5,-3.13780421780996,-0.134549883015472
8002,갈비전문점,amt,7,sequential,6,4.24761871908286,0.250852465525312
8002,갈비전문점,amt,7,sequential,7,-13.511081103049,-1.11972496353377
8002,갈비전문점,amt,7,sequential,8,-38.3294999870257,-3.14666894875032
8002,갈비전문점,amt,7,sequential,9,84.5024310518069,0.904807535673168
8002,갈비전문점,amt,7,sequential,10,1.58408635377012,0.220730828779228
8002,갈비전문점,amt,7,leave_one_block_out,1,24.3026130634493,0.630645212376359
8002,갈비전문점,amt,7,leave_one_block_out,2,12.1777006627391,0.162588416489611
8002,갈비전문점,amt,7,leave_one_block_out,3,-0.816953984736679,-0.0144735927341828
8002,갈비전문점,amt,7,leave_one_block_out,4,20.9006911467202,0.646194351738857
8002,갈비전문점,amt,7,leave_one_block_out,5,4.23584173129333,0.198296954486594
8002,갈비전문점,amt,7,leave_one_block_out,6,-1.77201877269788,0.0630929268884522
8002,갈비전문점,amt,7,leave_one_block_out,7,-2.78115353048289,-0.263524110516813
8002,갈비전문점,amt,7,leave_one_block_out,8,-1.52276244494478,-0.266333984605943
8002,갈비전문점,amt,7,leave_one_block_out,9,84.5024310518069,0.904807535673168
8002,갈비전문점,amt,8,sequential,2,-5.23072223530517,-0.117594478720375
8002,갈비전문점,amt,8,sequential,3,2.6031810910141,0.018382911568935
8002,갈비전문점,amt,8,sequential,4,-6.67602194020285,-0.412951831383325
8002,갈비전문점,amt,8,sequential,5,-0.0437002036942524,0.0576509996856758
8002,갈비전문점,amt,8,sequential,6,3.05952074531307,0.0693122824019027
8002,갈비전문점,amt,8,sequential,7,3.21486778201456,0.0702027599737743
8002,갈비전문점,amt,8,sequential,8,-77.4162691864303,-13.8499835907696
8002,갈비전문점,amt,8,sequential,9,81.2659292910241,0.905204371072145
8002,갈비전문점,amt,8,sequential,10,0.950902222143202,0.214895292206554
8002,갈비전문점,amt,8,leave_one_block_out,1,23.5473457519356,0.522163791474869
8002,갈비전문점,amt,8,leave_one_block_out,2,-2.70551204240677,-0.516327971215772
8002,갈비전문점,amt,8,leave_one_block_out,3,-0.33591222436905,0.0415942293819482
8002,갈비전문점,amt,8,leave_one_block_out,4,44.5614172066017,0.850288839697025
8002,갈비전문점,amt,8,leave_one_block_out,5,5.10011726901521,0.163675397762014
8002,갈비전문점,amt,8,leave_one_block_out,6,-0.330666462412299,-0.0216438019652772
8002,갈비전문점,amt,8,leave_one_block_out,7,4.08938293108316,-0.141201976041756
8002,갈비전문점,amt,8,leave_one_block_out,8,-8.54003317524027,-0.681267220940377
8002,갈비전문점,amt,8,leave_one_block_out,9,81.2659292910241,0.905204371072145
8002,갈비전문점,amt,9,sequential,2,-10.4789999639604,-0.151398919000563
8002,갈비전문점,amt,9,sequential,3,0.78153427933394,-0.0687857778627716
8002,갈비전문점,amt,9,sequential,4,-28.5091492579252,-1.8838298245422
8002,갈비전문점,amt,9,sequential,5,-1.74615441688646,-0.149268291406661
8002,갈비전문점,amt,9,sequential,6,14.7922280593659,0.493859170948525
8002,갈비전문점,amt,9,sequential,7,-0.480785598592215,-0.105377405372037
8002,갈비전문점,amt,9,sequential,8,-148.998787669924,-44.9212519797196
8002,갈비전문점,amt,9,sequential,9,137.636601451058,0.864349769160032
8002,갈비전문점,amt,9,sequential,10,17.0844181810516,0.562988245610733
8002,갈비전문점,amt,9,leave_one_block_out,1,40.3551270070046,0.612503070923095
8002,갈비전문점,amt,9,leave_one_block_out,2,-24.7613465766209,-3.23678211032048
8002,갈비전문점,amt,9,leave_one_block_out,3,-4.95290547244518,-0.157413319357391
8002,갈비전문점,amt,9,leave_one_block_out,4,-2.38757146353932,-0.393642370719426
8002,갈비전문점,amt,9,leave_one_block_out,5,10.0874995259931,0.248963389866683
8002,갈비전문점,amt,9,leave_one_block_out,6,1.8618508680754,0.0478522398461261
8002,갈비전문점,amt,9,leave_one_block_out,7,-3.11201583044993,-0.00747345737827665
8002,갈비전문점,amt,9,leave_one_block_out,8,-42.2752263964883,-11.2777393854767
8002,갈비전문점,amt,9,leave_one_block_out,9,137.636601451058,0.864349769160032
8002,갈비전문점,cnt,0,sequential,2,-10.8511025319456,-0.220377886837674
8002,갈비전문점,cnt,0,sequential,3,5.79235622683933,0.0937500461724219
8002,갈비전문점,cnt,0,sequential,4,-14.5219728152663,-0.441722833645017
8002,갈비전문점,cnt,0,sequential,5,-3.73880186238558,-0.0832101739794455
8002,갈비전문점,cnt,0,sequential,6,5.04114139124487,0.0628990937743922
8002,갈비전문점,cnt,0,sequential,7,2.6093640858293,-0.0814156387226703
8002,갈비전문점,cnt,0,sequential,8,-93.8455243424227,-17.1237019742951
8002,갈비전문점,cnt,0,sequential,9,90.4228492575072,0.869700082503022
8002,갈비전문점,cnt,0,sequential,10,4.70528407163463,0.199232825981345
8002,갈비전문점,cnt,0,leave_one_block_out,1,18.4873967261495,0.660472535695459
8002,갈비전문점,cnt,0,leave_one_block_out,2,-6.98046042677457,-0.121757784838607
8002,갈비전문점,cnt,0,leave_one_block_out,3,-2.35975097147818,-0.147419971621535
8002,갈비전문점,cnt,0,leave_one_block_out,4,6.22356964197079,0.216781552816899
8002,갈비전문점,cnt,0,leave_one_block_out,5,-1.72804454220385,-0.228319395319174
8002,갈비전문점,cnt,0,leave_one_block_out,6,-2.48039029262777,0.101456133218091
8002,갈비전문점,cnt,0,leave_one_block_out,7,-2.9715015929811,-0.178315874868715
8002,갈비전문점,cnt,0,leave_one_block_out,8,-15.1176606816897,-1.78566516020702
8002,갈비전문점,cnt,0,leave_one_block_out,9,90.4228492575072,0.869700082503022
8002,갈비전문점,cnt,1,sequential,2,-4.50882482662931,-0.0730645304298447
8002,갈비전문점,cnt,1,sequential,3,6.15983137462855,0.039835153578508
8002,갈비전문점,cnt,1,sequential,4,0.401548732225154,-0.0894012245945384
8002,갈비전문점,cnt,1,sequential,5,-3.89483974847763,-0.0923976701086289
8002,갈비전문점,cnt,1,sequential,6,0.160273454302895,-0.115245296686211
8002,갈비전문점,cnt,1,sequential,7,-1.96885217697232,-0.0563534834392867
8002,갈비전문점,cnt,1,sequential,8,-10.1740934573364,-0.987318167875447
8002,갈비전문점,cnt,1,sequential,9,21.9701254562056,0.615235472901641
8002,갈비전문점,cnt,1,sequential,10,3.18094998115038,0.0635900944402795
8002,갈비전문점,cnt,1,leave_one_block_out,1,12.3887607835779,0.339519297376116
8002,갈비전문점,cnt,1,leave_one_block_out,2,8.60383194742886,0.16349037252155
8002,갈비전문점,cnt,1,leave_one_block_out,3,-2.29827281558616,-0.0585444936568329
8002,갈비전문점,cnt,1,leave_one_block_out,4,11.9364469949653,0.228629714466852
8002,갈비전문점,cnt,1,leave_one_block_out,5,-3.6558015461656,-0.0971973250367435
8002,갈비전문점,cnt,1,leave_one_block_out,6,-1.87748106608092,-0.0541509016403889
8002,갈비전문점,cnt,1,leave_one_block_out,7,3.28297865727133,0.0614174570437892
8002,갈비전문점,cnt,1,leave_one_block_out,8,-3.38451905676215,-0.0988798797627339
8002,갈비전문점,cnt,1,leave_one_block_out,9,21.9701254562056,0.615235472901641
8002,갈비전문점,cnt,2,sequential,2,-1.72850285711373,-0.0663906866910084
8002,갈비전문점,cnt,2,sequential,3,6.44215460831441,0.0467443193099841
8002,갈비전문점,cnt,2,sequential,4,-16.4078739965873,-0.890048311356222
8002,갈비전문점,cnt,2,sequential,5,-0.637773262291252,-0.0184234143473785
8002,갈비전문점,cnt,2,sequential,6,-4.95856656844723,-0.548237671107067
8002,갈비전문점,cnt,2,sequential,7,-5.9599889378618,-0.0252527749728391
8002,갈비전문점,cnt,2,sequential,8,14.0013258836777,0.480632846084745
8002,갈비전문점,cnt,2,sequential,9,16.6053372175134,0.236336349716163
8002,갈비전문점,cnt,2,sequential,10,2.1995744771473,0.0850743327579696
8002,갈비전문점,cnt,2,leave_one_block_out,1,16.6051632305781,0.290354671618828
8002,갈비전문점,cnt,2,leave_one_block_out,2,16.4524965871022,0.426305321839041
8002,갈비전문점,cnt,2,leave_one_block_out,3,-0.599856754806394,0.0404578930158116
8002,갈비전문점,cnt,2,leave_one_block_out,4,10.6547117271076,0.0804484745325853
8002,갈비전문점,cnt,2,leave_one_block_out,5,-1.34022686226677,-0.0525585691819914
8002,갈비전문점,cnt,2,leave_one_block_out,6,-0.212512179175384,-0.0099736058382689
8002,갈비전문점,cnt,2,leave_one_block_out,7,0.433211278910772,0.000426315480139827
8002,갈비전문점,cnt,2,leave_one_block_out,8,-0.397909740772096,-0.0568314151131306
8002,갈비전문점,cnt,2,leave_one_block_out,9,16.6053372175134,0.236336349716163
8002,갈비전문점,cnt,3,sequential,2,-5.46117914285762,-0.0889224497433279
8002,갈비전문점,cnt,3,sequential,3,3.11896984393834,-0.0741711153127993
8002,갈비전문점,cnt,3,sequential,4,-16.3160993446542,-1.16120394006514
8002,갈비전문점,cnt,3,sequential,5,-1.75242665307067,-0.0716721196905932
8002,갈비전문점,cnt,3,sequential,6,4.02454505660315,-0.0378115426677375
8002,갈비전문점,cnt,3,sequential,7,-4.65463328996245,-0.0750058108479197
8002,갈비전문점,cnt,3,sequential,8,-77.0098899497025,-13.8783888893773
8002,갈비전문점,cnt,3,sequential,9,16.0206135397988,0.0159799831494631
8002,갈비전문점,cnt,3,sequential,10,2.68489096236035,-0.00149497836539636
8002,갈비전문점,cnt,3,leave_one_block_out,1,202.676531042556,0.900049288855061
8002,갈비전문점,cnt,3,leave_one_block_out,2,-25.0678513547969,-1.50933710005293
8002,갈비전문점,cnt,3,leave_one_block_out,3,1.85987399974621,0.0928922441922736
8002,갈비전문점,cnt,3,leave_one_block_out,4,57.5722904571603,0.511673292972323
8002,갈비전문점,cnt,3,leave_one_block_out,5,7.70114757826104,0.136759246779172
8002,갈비전문점,cnt,3,leave_one_block_out,6,-14.9502630996814,-0.405343670328754
8002,갈비전문점,cnt,3,leave_one_block_out,7,-50.4971065530882,-3.96651902277306
8002,갈비전문점,cnt,3,leave_one_block_out,8,-89.3260781975115,-43.3952971508969
8002,갈비전문점,cnt,3,leave_one_block_out,9,16.0206135397988,0.0159799831494631
8002,갈비전문점,cnt,4,sequential,2,-5.3036595082543,-0.0728906009865911
8002,갈비전문점,cnt,4,sequential,3,0.841801512583151,-0.185722359978452
8002,갈비전문점,cnt,4,sequential,4,-5.73857227375042,-0.4508483681093
8002,갈비전문점,cnt,4,sequential,5,-2.7458323313455,-0.171348991366557
8002,갈비전문점,cnt,4,sequential,6,0.36171833837888,-0.168729830819174
8002,갈비전문점,cnt,4,sequential,7,-4.67509283412145,-0.0619651859739663
8002,갈비전문점,cnt,4,sequential,8,-45.2362803063151,-4.50349543084621
8002,갈비전문점,cnt,4,sequential,9,49.6856477947403,0.707863318668942
8002,갈비전문점,cnt,4,sequential,10,6.60133529818903,0.426212759517227
8002,갈비전문점,cnt,4,leave_one_block_out,1,28.5160265001834,0.63552596664637
8002,갈비전문점,cnt,4,leave_one_block_out,2,-0.254846483216864,-0.2129230205658
8002,갈비전문점,cnt,4,leave_one_block_out,3,-2.7032791204854,-0.00456614243571685
8002,갈비전문점,cnt,4,leave_one_block_out,4,41.3907645860029,0.742261174218523
8002,갈비전문점,cnt,4,leave_one_block_out,5,-0.781652267189503,-0.0501967766426015
8002,갈비전문점,cnt,4,leave_one_block_out,6,1.32687971889928,0.156010827665418
8002,갈비전문점,cnt,4,leave_one_block_out,7,-3.861403899022,-0.17547100071343
8002,갈비전문점,cnt,4,leave_one_block_out,8,-21.0451374191992,-3.11658086299062
8002,갈비전문점,cnt,4,leave_one_block_out,9,49.6856477947403,0.707863318668942
8002,갈비전문점,cnt,5,sequential,2,-5.68451703868136,-0.102150979169658
8002,갈비전문점,cnt,5,sequential,3,6.61610970438433,0.0726065644277611
8002,갈비전문점,cnt,5,sequential,4,-6.06082875942988,-0.197457706062089
8002,갈비전문점,cnt,5,sequential,5,-0.158309833320647,-0.00962821242449907
8002,갈비전문점,cnt,5,sequential,6,4.76647492848591,0.0357400843574479
8002,갈비전문점,cnt,5,sequential,7,-3.37119599323545,-0.0519672727624867
8002,갈비전문점,cnt,5,sequential,8,-57.5875731263065,-12.8013072073076
8002,갈비전문점,cnt,5,sequential,9,35.9786190256475,0.813933684638781
8002,갈비전문점,cnt,5,sequential,10,7.24952942098591,0.244379173524825
8002,갈비전문점,cnt,5,leave_one_block_out,1,47.0136117149675,0.719116319875737
8002,갈비전문점,cnt,5,leave_one_block_out,2,0.566940925791726,0.253257386122505
8002,갈비전문점,cnt,5,leave_one_block_out,3,-0.536758919894531,-0.0177400741363076
8002,갈비전문점,cnt,5,leave_one_block_out,4,15.2537959574759,0.677646669552598
8002,갈비전문점,cnt,5,leave_one_block_out,5,1.20171619355334,0.0209401771277746
8002,갈비전문점,cnt,5,leave_one_block_out,6,-2.2936384641159,-0.0266506380338529
8002,갈비전문점,cnt,5,leave_one_block_out,7,2.46968908126253,0.0959311819418833
8002,갈비전문점,cnt,5,leave_one_block_out,8,-18.8294253597163,-1.20799846410079
8002,갈비전문점,cnt,5,leave_one_block_out,9,35.9786190256475,0.813933684638781
8002,갈비전문점,cnt,6,sequential,2,-6.88875376313313,-0.133019640952972
8002,갈비전문점,cnt,6,sequential,3,8.15026750016557,0.0926888137646692
8002,갈비전문점,cnt,6,sequential,4,-7.45103236913102,-0.262306726719391
8002,갈비전문점,cnt,6,sequential,5,-2.23220308257746,-0.0478489617110325
8002,갈비전문점,cnt,6,sequential,6,-1.24365714928605,-0.13028739430231
8002,갈비전문점,cnt,6,sequential,7,1.89273694338576,-0.0361745340382351
8002,갈비전문점,cnt,6,sequential,8,-89.249606582512,-31.7449510877279
8002,갈비전문점,cnt,6,sequential,9,77.4357081029732,0.888127666758474
8002,갈비전문점,cnt,6,sequential,10,5.39466262008645,0.2400793813221
8002,갈비전문점,cnt,6,leave_one_block_out,1,23.8055068206281,0.416395715515806
8002,갈비전문점,cnt,6,leave_one_block_out,2,-7.1437891579914,-1.043164171965
8002,갈비전문점,cnt,6,leave_one_block_out,3,-10.8767434289011,-0.822533660809899
8002,갈비전문점,cnt,6,leave_one_block_out,4,23.1574913868843,0.544940036147749
8002,갈비전문점,cnt,6,leave_one_block_out,5,-2.68144843323288,-0.0380315381181544
8002,갈비전문점,cnt,6,leave_one_block_out,6,2.30114376583748,0.299269790570976
8002,갈비전문점,cnt,6,leave_one_block_out,7,-3.61364623844221,-0.293610032440656
8002,갈비전문점,cnt,6,leave_one_block_out,8,-19.8767391532034,-3.20400285964032
8002,갈비전문점,cnt,6,leave_one_block_out,9,77.4357081029732,0.888127666758474
8002,갈비전문점,cnt,7,sequential,2,-11.3561365146592,-0.190730046834717
8002,갈비전문점,cnt,7,sequential,3,-3.74066886967827,-0.279446548037623
8002,갈비전문점,cnt,7,sequential,4,-6.11850147100566,-0.490903224695458
8002,갈비전문점,cnt,7,sequential,5,-0.503246295389892,0.0176595001249235
8002,갈비전문점,cnt,7,sequential,6,1.52367517951149,-0.0482052986856851
8002,갈비전문점,cnt,7,sequential,7,-6.59503495618985,-0.318544642593179
8002,갈비전문점,cnt,7,sequential,8,-46.9780060344463,-7.31644810047451
8002,갈비전문점,cnt,7,sequential,9,60.5731371519161,0.84112993055987
8002,갈비전문점,cnt,7,sequential,10,7.76979697884916,0.406175135613042
8002,갈비전문점,cnt,7,leave_one_block_out,1,33.7449656595989,0.678277169520758
8002,갈비전문점,cnt,7,leave_one_block_out,2,2.44952524686699,0.0482654992788289
8002,갈비전문점,cnt,7,leave_one_block_out,3,-3.56569293027654,-0.162174617765458
8002,갈비전문점,cnt,7,leave_one_block_out,4,13.295223624239,0.511600808745282
8002,갈비전문점,cnt,7,leave_one_block_out,5,-2.50269053896779,-0.0669443274574315
8002,갈비전문점,cnt,7,leave_one_block_out,6,-0.901526619662274,0.0160222491523317
8002,갈비전문점,cnt,7,leave_one_block_out,7,-6.51319725081055,-0.454209898968404
8002,갈비전문점,cnt,7,leave_one_block_out,8,-7.77013374711858,-0.7516762288124
8002,갈비전문점,cnt,7,leave_one_block_out,9,60.5731371519161,0.84112993055987
8002,갈비전문점,cnt,8,sequential,2,-4.15818741805213,-0.0623532452435089
8002,갈비전문점,cnt,8,sequential,3,2.95039491131215,0.0342400101349107
8002,갈비전문점,cnt,8,sequential,4,-4.37280395727116,-0.326144031803371
8002,갈비전문점,cnt,8,sequential,5,-0.738655430496116,-0.00546877754306996
8002,갈비전문점,cnt,8,sequential,6,2.24797759494896,-0.00256673355335169
8002,갈비전문점,cnt,8,sequential,7,1.62389015511337,0.07218814590032
8002,갈비전문점,cnt,8,sequential,8,-45.7963039448871,-9.53322702206254
8002,갈비전문점,cnt,8,sequential,9,43.8574515195412,0.870227973229423
8002,갈비전문점,cnt,8,sequential,10,4.31434660437038,0.210240910094127
8002,갈비전문점,cnt,8,leave_one_block_out,1,23.5844930891675,0.5380684456671
8002,갈비전문점,cnt,8,leave_one_block_out,2,-8.05898287902367,-0.428973256364357
8002,갈비전문점,cnt,8,leave_one_block_out,3,-0.812693105829954,1.93392408462945e-05
8002,갈비전문점,cnt,8,leave_one_block_out,4,37.6252499520506,0.77678530250152
8002,갈비전문점,cnt,8,leave_one_block_out,5,0.994093936806639,0.0224245490329161
8002,갈비전문점,cnt,8,leave_one_block_out,6,-0.748103417894663,-0.0374328214196453
8002,갈비전문점,cnt,8,leave_one_block_out,7,-0.217105988729194,-0.116469850463632
8002,갈비전문점,cnt,8,leave_one_block_out,8,-9.48625797234541,-0.624553381978785
8002,갈비전문점,cnt,8,leave_one_block_out,9,43.8574515195412,0.870227973229423
8002,갈비전문점,cnt,9,sequential,2,-6.46137438728519,-0.0764400581221267
8002,갈비전문점,cnt,9,sequential,3,-1.00588191431484,-0.128549606984341
8002,갈비전문점,cnt,9,sequential,4,-19.5851384703095,-1.45990025799376
8002,갈비전문점,cnt,9,sequential,5,-3.50010635482687,-0.211855891857207
8002,갈비전문점,cnt,9,sequential,6,11.1598065680357,0.399694012893033
8002,갈비전문점,cnt,9,sequential,7,0.826329397635384,0.117495757952794
8002,갈비전문점,cnt,9,sequential,8,-83.5226957974957,-21.2105994233326
8002,갈비전문점,cnt,9,sequential,9,92.161001585522,0.857541603543304
8002,갈비전문점,cnt,9,sequential,10,16.1107518964238,0.627900940607995
8002,갈비전문점,cnt,9,leave_one_block_out,1,29.3203587288294,0.622801818096479
8002,갈비전문점,cnt,9,leave_one_block_out,2,-9.48437846184174,-1.885007219826
8002,갈비전문점,cnt,9,leave_one_block_out,3,-4.98845024652671,-0.258452931646217
8002,갈비전문점,cnt,9,leave_one_block_out,4,3.68871198306874,-0.629332724243604
8002,갈비전문점,cnt,9,leave_one_block_out,5,2.97129363883067,0.133725240422938
8002,갈비전문점,cnt,9,leave_one_block_out,6,-0.985480354387813,0.0162238542080194
8002,갈비전문점,cnt,9,leave_one_block_out,7,1.27466612776143,0.0210520821516198
8002,갈비전문점,cnt,9,leave_one_block_out,8,-23.2955161619814,-5.54110107019821
8002,갈비전문점,cnt,9,leave_one_block_out,9,92.161001585522,0.857541603543304
8002,갈비전문점,ticket,0,sequential,2,-1.39781709008833,-0.141223204656029
8002,갈비전문점,ticket,0,sequential,3,0.387278058713991,-0.00866267475366533
8002,갈비전문점,ticket,0,sequential,4,-5.55911481627709,-0.589602616190426
8002,갈비전문점,ticket,0,sequential,5,-0.811068149215166,-0.0320420622626474
8002,갈비전문점,ticket,0,sequential,6,0.456329912186931,0.0293667828433628
8002,갈비전문점,ticket,0,sequential,7,-0.210371705051909,-0.0270023827740915
8002,갈비전문점,ticket,0,sequential,8,-5.05052100601019,-0.151189080323483
8002,갈비전문점,ticket,0,sequential,9,-0.766839792682278,-0.00738827760517546
8002,갈비전문점,ticket,0,sequential,10,-0.990401141819597,-0.0310655511247617
8002,갈비전문점,ticket,0,leave_one_block_out,1,0.778503663031233,0.0317480610062661
8002,갈비전문점,ticket,0,leave_one_block_out,2,-1.54321473041306,-0.0590381967498945
8002,갈비전문점,ticket,0,leave_one_block_out,3,-1.66687943684906,-0.070347534613252
8002,갈비전문점,ticket,0,leave_one_block_out,4,-1.94309669922818,-0.132590733381549
8002,갈비전문점,ticket,0,leave_one_block_out,5,0.951598672965148,0.0336059662813136
8002,갈비전문점,ticket,0,leave_one_block_out,6,-0.0371887209171085,-0.00823395374808689
8002,갈비전문점,ticket,0,leave_one_block_out,7,-2.39725394799402,-0.060501614803165
8002,갈비전문점,ticket,0,leave_one_block_out,8,-4.17722462934402,-0.0502061036002246
8002,갈비전문점,ticket,0,leave_one_block_out,9,-0.766839792682278,-0.00738827760517546
8002,갈비전문점,ticket,1,sequential,2,-0.869577992396242,-0.0124199449200255
8002,갈비전문점,ticket,1,sequential,3,2.29615825903116,0.0775201024912664
8002,갈비전문점,ticket,1,sequential,4,-1.20074059156934,-0.144082463482076
8002,갈비전문점,ticket,1,sequential,5,0.232846965350941,-0.0213281145456246
8002,갈비전문점,ticket,1,sequential,6,0.0741553941630113,0.0401467368094887
8002,갈비전문점,ticket,1,sequential,7,-1.48396594624798,-0.159419067869029
8002,갈비전문점,ticket,1,sequential,8,-2.62580856907547,-0.150318140428976
8002,갈비전문점,ticket,1,sequential,9,-2.8895084809841,-0.080709202835809
8002,갈비전문점,ticket,1,sequential,10,-1.07320522038505,-0.0396352937662277
8002,갈비전문점,ticket,1,leave_one_block_out,1,0.517980223534914,0.016746121043084
8002,갈비전문점,ticket,1,leave_one_block_out,2,2.15052274555996,0.0833834768486525
8002,갈비전문점,ticket,1,leave_one_block_out,3,-2.1654750887911,-0.0467415353965512
8002,갈비전문점,ticket,1,leave_one_block_out,4,-1.74982182647882,-0.0525497424742503
8002,갈비전문점,ticket,1,leave_one_block_out,5,-0.490896896543758,0.0120496818775394
8002,갈비전문점,ticket,1,leave_one_block_out,6,-0.639352783747338,-0.0503730111683813
8002,갈비전문점,ticket,1,leave_one_block_out,7,-0.487116060223547,-0.0406749930498977
8002,갈비전문점,ticket,1,leave_one_block_out,8,-1.21951968143543,0.182105545984528
8002,갈비전문점,ticket,1,leave_one_block_out,9,-2.8895084809841,-0.080709202835809
8002,갈비전문점,ticket,2,sequential,2,-1.96492813681571,-0.167748000413233
8002,갈비전문점,ticket,2,sequential,3,0.234101831746936,0.00280870851320736
8002,갈비전문점,ticket,2,sequential,4,-1.65683097175799,-0.28752423554556
8002,갈비전문점,ticket,2,sequential,5,-0.797892545406781,-0.0440495215477372
8002,갈비전문점,ticket,2,sequential,6,-0.923894016655358,-0.0399283103897607
8002,갈비전문점,ticket,2,sequential,7,-0.264379558878125,-0.0578024638254471
8002,갈비전문점,ticket,2,sequential,8,-1.83511890890942,-0.336398711382821
8002,갈비전문점,ticket,2,sequential,9,-3.81775910988438,-0.0887729005672631
8002,갈비전문점,ticket,2,sequential,10,0.865482577523524,-0.0324775959682169
8002,갈비전문점,ticket,2,leave_one_block_out,1,1.19658387180464,0.0573356677637338
8002,갈비전문점,ticket,2,leave_one_block_out,2,1.7069124343186,-0.116816392605372
8002,갈비전문점,ticket,2,leave_one_block_out,3,-0.438034551121452,-0.0307732073277263
8002,갈비전문점,ticket,2,leave_one_block_out,4,-3.37363877300108,-0.418792365348246
8002,갈비전문점,ticket,2,leave_one_block_out,5,1.59457981711724,0.0436653126986538
8002,갈비전문점,ticket,2,leave_one_block_out,6,-0.285004563668367,-0.0319399601196115
8002,갈비전문점,ticket,2,leave_one_block_out,7,-0.702688880774843,-0.0620238625312111
8002,갈비전문점,ticket,2,leave_one_block_out,8,-3.17126958101848,-0.117123690641504
8002,갈비전문점,ticket,2,leave_one_block_out,9,-3.81775910988438,-0.0887729005672631
8002,갈비전문점,ticket,3,sequential,2,-2.22336876197375,-0.143642602799534
8002,갈비전문점,ticket,3,sequential,3,0.471817801358437,-0.0239667349014656
8002,갈비전문점,ticket,3,sequential,4,-6.95299442386735,-0.896867342431747
8002,갈비전문점,ticket,3,sequential,5,-0.351304312327583,-0.0577119573036411
8002,갈비전문점,ticket,3,sequential,6,-1.46544575650937,-0.000940125684695037
8002,갈비전문점,ticket,3,sequential,7,-0.655198315196431,-0.0417042713920559
8002,갈비전문점,ticket,3,sequential,8,-3.16794357342209,-0.247061014892325
8002,갈비전문점,ticket,3,sequential,9,0.151105044906708,0.0582257441117469
8002,갈비전문점,ticket,3,sequential,10,-2.52384274488678,-0.172143220859337
8002,갈비전문점,ticket,3,leave_one_block_out,1,-0.788491588644241,-0.0523855656605785
8002,갈비전문점,ticket,3,leave_one_block_out,2,-2.7791232517218,-0.264559001541759
8002,갈비전문점,ticket,3,leave_one_block_out,3,-0.717026741631388,-0.0384964518307074
8002,갈비전문점,ticket,3,leave_one_block_out,4,-4.00531802925069,-0.468839774029976
8002,갈비전문점,ticket,3,leave_one_block_out,5,1.48347787296793,0.0020547171685702
8002,갈비전문점,ticket,3,leave_one_block_out,6,-2.04614329147345,-0.108380022214607
8002,갈비전문점,ticket,3,leave_one_block_out,7,-1.54645858099458,-0.126604443481968
8002,갈비전문점,ticket,3,leave_one_block_out,8,-2.42679014439827,-0.0754099354113837
8002,갈비전문점,ticket,3,leave_one_block_out,9,0.151105044906708,0.0582257441117469
8002,갈비전문점,ticket,4,sequential,2,-1.86172903437528,-0.127757438577538
8002,갈비전문점,ticket,4,sequential,3,1.12193161627258,0.0162824507229593
8002,갈비전문점,ticket,4,sequential,4,-2.32628852037186,-0.313768904430139
8002,갈비전문점,ticket,4,sequential,5,-0.243577183544147,-0.0441837422817977
8002,갈비전문점,ticket,4,sequential,6,-0.611316822052094,-0.0352764231590521
8002,갈비전문점,ticket,4,sequential,7,0.309063511522267,-0.0236972288148278
8002,갈비전문점,ticket,4,sequential,8,-10.1717716750438,-0.896852494742769
8002,갈비전문점,ticket,4,sequential,9,3.4851751263979,0.205806937213353
8002,갈비전문점,ticket,4,sequential,10,1.67929393724608,0.187171854038756
8002,갈비전문점,ticket,4,leave_one_block_out,1,0.562714301769129,0.0155447116758578
8002,갈비전문점,ticket,4,leave_one_block_out,2,-2.95300894144689,-0.246699931589884
8002,갈비전문점,ticket,4,leave_one_block_out,3,-1.38254513344145,-0.0275368579877384
8002,갈비전문점,ticket,4,leave_one_block_out,4,-5.04068190310649,-0.619842602510196
8002,갈비전문점,ticket,4,leave_one_block_out,5,0.818020346923992,0.0405833340753681
8002,갈비전문점,ticket,4,leave_one_block_out,6,-0.734629956671484,-0.0698336136003301
8002,갈비전문점,ticket,4,leave_one_block_out,7,-0.0501548831560839,-0.0053742804559056
8002,갈비전문점,ticket,4,leave_one_block_out,8,-3.50053783509259,-0.0816592601493911
8002,갈비전문점,ticket,4,leave_one_block_out,9,3.4851751263979,0.205806937213353
8002,갈비전문점,ticket,5,sequential,2,-2.21285815888012,-0.201248563605686
8002,갈비전문점,ticket,5,sequential,3,0.374488737954737,-0.00580039677990452
8002,갈비전문점,ticket,5,sequential,4,-1.9924493661395,-0.280185253664188
8002,갈비전문점,ticket,5,sequential,5,-0.753273131996995,-0.0579249078361903
8002,갈비전문점,ticket,5,sequential,6,-0.087805306723987,0.0225470970027351
8002,갈비전문점,ticket,5,sequential,7,-2.03144092349208,-0.0907835772799706
8002,갈비전문점,ticket,5,sequential,8,-3.34485192432543,-0.234439205526846
8002,갈비전문점,ticket,5,sequential,9,-8.28810502413664,-0.599189460541955
8002,갈비전문점,ticket,5,sequential,10,0.686509574394933,0.0504919180723408
8002,갈비전문점,ticket,5,leave_one_block_out,1,-0.120903450912518,0.0165895939497005
8002,갈비전문점,ticket,5,leave_one_block_out,2,-2.94875891130248,-0.391971903027022
8002,갈비전문점,ticket,5,leave_one_block_out,3,-0.671900192485547,-0.031726404166174
8002,갈비전문점,ticket,5,leave_one_block_out,4,-0.96385907650548,-0.0346062942326322
8002,갈비전문점,ticket,5,leave_one_block_out,5,3.04051862080241,0.11969548608909
8002,갈비전문점,ticket,5,leave_one_block_out,6,-2.85245679156168,-0.173052853671396
8002,갈비전문점,ticket,5,leave_one_block_out,7,-1.83463993359918,-0.107674347519384
8002,갈비전문점,ticket,5,leave_one_block_out,8,-6.83863109442547,-0.308430537135437
8002,갈비전문점,ticket,5,leave_one_block_out,9,-8.28810502413664,-0.599189460541955
8002,갈비전문점,ticket,6,sequential,2,-2.63452838548882,-0.117160987694632
8002,갈비전문점,ticket,6,sequential,3,1.72357407341507,0.0616088764115126
8002,갈비전문점,ticket,6,sequential,4,-0.929999049423003,-0.0661553733049134
8002,갈비전문점,ticket,6,sequential,5,-0.626727658110482,-0.0571423859483042
8002,갈비전문점,ticket,6,sequential,6,-0.706404115515197,-0.0135764290155518
8002,갈비전문점,ticket,6,sequential,7,-2.08212044812574,-0.170467857682817
8002,갈비전문점,ticket,6,sequential,8,-2.0191434623581,-0.146881297031672
8002,갈비전문점,ticket,6,sequential,9,-0.0293731751655202,-0.0145863810271791
8002,갈비전문점,ticket,6,sequential,10,0.180660588951737,-0.0685376590548838
8002,갈비전문점,ticket,6,leave_one_block_out,1,0.143664942678473,0.0119872766386682
8002,갈비전문점,ticket,6,leave_one_block_out,2,1.57072247319119,0.100504710537739
8002,갈비전문점,ticket,6,leave_one_block_out,3,-0.969691384987464,-0.032427953276033
8002,갈비전문점,ticket,6,leave_one_block_out,4,-1.91724399163171,-0.113675980868149
8002,갈비전문점,ticket,6,leave_one_block_out,5,1.13812381730207,0.0564789635256123
8002,갈비전문점,ticket,6,leave_one_block_out,6,-0.0969019314205399,-0.00260613045171665
8002,갈비전문점,ticket,6,leave_one_block_out,7,-0.722654545794743,-0.0396816094067656
8002,갈비전문점,ticket,6,leave_one_block_out,8,-1.0010375751007,0.176144963683568
8002,갈비전문점,ticket,6,leave_one_block_out,9,-0.0293731751655202,-0.0145863810271791
8002,갈비전문점,ticket,7,sequential,2,-1.52975051923667,-0.0736870026136482
8002,갈비전문점,ticket,7,sequential,3,0.755818582601409,-0.0193130517195836
8002,갈비전문점,ticket,7,sequential,4,-4.92635132656623,-0.603223658425811
8002,갈비전문점,ticket,7,sequential,5,-0.76972121838903,-0.0570691453188286
8002,갈비전문점,ticket,7,sequential,6,-2.23283302179892,-0.0668727926745334
8002,갈비전문점,ticket,7,sequential,7,-0.956712022697415,-0.0799635522220932
8002,갈비전문점,ticket,7,sequential,8,-2.06006593491967,-0.000146939696495929
8002,갈비전문점,ticket,7,sequential,9,-0.786430801272964,-0.189445068090756
8002,갈비전문점,ticket,7,sequential,10,-0.235009540475273,0.024848035066356
8002,갈비전문점,ticket,7,leave_one_block_out,1,-0.0918295008265457,-0.00702444852601714
8002,갈비전문점,ticket,7,leave_one_block_out,2,0.211015504782724,0.0141016659037581
8002,갈비전문점,ticket,7,leave_one_block_out,3,-0.516353742282155,-0.0260668380248181
8002,갈비전문점,ticket,7,leave_one_block_out,4,-6.61117957623075,-0.568357261521725
8002,갈비전문점,ticket,7,leave_one_block_out,5,-0.221188003755751,-0.0315604943737977
8002,갈비전문점,ticket,7,leave_one_block_out,6,-1.91691473979718,-0.0640690435962175
8002,갈비전문점,ticket,7,leave_one_block_out,7,-0.3681191391604,-0.0457143051031796
8002,갈비전문점,ticket,7,leave_one_block_out,8,-3.40522517053394,-0.191239199969101
8002,갈비전문점,ticket,7,leave_one_block_out,9,-0.786430801272964,-0.189445068090756
8002,갈비전문점,ticket,8,sequential,2,-1.25716818773989,-0.0913212404772137
8002,갈비전문점,ticket,8,sequential,3,1.55277558376463,0.0504870432807828
8002,갈비전문점,ticket,8,sequential,4,-2.46027147764487,-0.294255522780037
8002,갈비전문점,ticket,8,sequential,5,-0.726329827836564,-0.0531716952392252
8002,갈비전문점,ticket,8,sequential,6,-0.343845885711674,0.0248818125309125
8002,갈비전문점,ticket,8,sequential,7,-0.812287326089084,-0.117734229207645
8002,갈비전문점,ticket,8,sequential,8,-1.46816113344498,-0.154654933900236
8002,갈비전문점,ticket,8,sequential,9,0.171460181422595,-0.0524359848370404
8002,갈비전문점,ticket,8,sequential,10,-0.497148745286669,-0.171115368054282
8002,갈비전문점,ticket,8,leave_one_block_out,1,-0.379286377469179,-0.0191873336870432
8002,갈비전문점,ticket,8,leave_one_block_out,2,2.71913321134819,0.0216143946429019
8002,갈비전문점,ticket,8,leave_one_block_out,3,-0.463674477012016,-0.0328448122970613
8002,갈비전문점,ticket,8,leave_one_block_out,4,-1.68999525910284,-0.506514855618074
8002,갈비전문점,ticket,8,leave_one_block_out,5,2.29545101299377,0.0469049776758895
8002,갈비전문점,ticket,8,leave_one_block_out,6,0.27255091635518,0.00887351365311961
8002,갈비전문점,ticket,8,leave_one_block_out,7,0.427527687703422,-0.0643193161602158
8002,갈비전문점,ticket,8,leave_one_block_out,8,2.04533750925739,0.101231657166315
8002,갈비전문점,ticket,8,leave_one_block_out,9,0.171460181422595,-0.0524359848370404
8002,갈비전문점,ticket,9,sequential,2,-1.23639049810414,-0.131762798864241
8002,갈비전문점,ticket,9,sequential,3,1.06348230832312,0.0429694514250857
8002,갈비전문점,ticket,9,sequential,4,-5.35208573805865,-0.796809053471623
8002,갈비전문점,ticket,9,sequential,5,-0.12494645205714,-0.0543179274523844
8002,갈비전문점,ticket,9,sequential,6,-0.610578593528177,0.00928242218790121
8002,갈비전문점,ticket,9,sequential,7,-1.48045515818303,-0.0971193902964687
8002,갈비전문점,ticket,9,sequential,8,-5.79956129838621,-0.307769293848317
8002,갈비전문점,ticket,9,sequential,9,1.94241021036178,0.239471774121323
8002,갈비전문점,ticket,9,sequential,10,-0.0917043368368342,0.0128832418663709
8002,갈비전문점,ticket,9,leave_one_block_out,1,-1.00163127501348,-0.0182337984794718
8002,갈비전문점,ticket,9,leave_one_block_out,2,0.680039593266191,-0.00131377628354934
8002,갈비전문점,ticket,9,leave_one_block_out,3,-0.966568359724462,-0.0407368416492153
8002,갈비전문점,ticket,9,leave_one_block_out,4,-5.00404615573984,-0.426067261472043
8002,갈비전문점,ticket,9,leave_one_block_out,5,0.2942041204618,0.0835117552559124
8002,갈비전문점,ticket,9,leave_one_block_out,6,-0.564122502763748,-0.0524891415976156
8002,갈비전문점,ticket,9,leave_one_block_out,7,-2.47154216286489,-0.0737576389910488
8002,갈비전문점,ticket,9,leave_one_block_out,8,-3.76264185565446,0.0486537762819859
8002,갈비전문점,ticket,9,leave_one_block_out,9,1.94241021036178,0.239471774121323
8003,한정식,amt,0,sequential,2,-15.7718713139068,-0.473135280266383
8003,한정식,amt,0,sequential,3,-2.35100002598616,-0.0763944957757572
8003,한정식,amt,0,sequential,4,-27.0580473733424,-0.512579211972056
8003,한정식,amt,0,sequential,5,14.5626773869681,0.13891537017161
8003,한정식,amt,0,sequential,6,-9.44563450223936,-0.0901064614220222
8003,한정식,amt,0,sequential,7,18.4502902934235,0.287315664492537
8003,한정식,amt,0,sequential,8,-31.2654903501242,-0.642234015939712
8003,한정식,amt,0,sequential,9,27.5145432743879,0.348215179385104
8003,한정식,amt,0,sequential,10,0.805348938358419,0.0103353899058053
8003,한정식,amt,0,leave_one_block_out,1,1.79855743876607,0.0249475221840791
8003,한정식,amt,0,leave_one_block_out,2,-7.08079726881101,-0.137539746010988
8003,한정식,amt,0,leave_one_block_out,3,-1.09972298159828,-0.0370589318743595
8003,한정식,amt,0,leave_one_block_out,4,32.7828194449046,0.410382069738217
8003,한정식,amt,0,leave_one_block_out,5,-5.40155044422055,-0.103294166519078
8003,한정식,amt,0,leave_one_block_out,6,-0.51098618775347,-0.0224627408771556
8003,한정식,amt,0,leave_one_block_out,7,-5.20285095833428,-0.0923344974942237
8003,한정식,amt,0,leave_one_block_out,8,-10.1229811505262,-0.0237480173729645
8003,한정식,amt,0,leave_one_block_out,9,27.5145432743879,0.348215179385104
8003,한정식,amt,1,sequential,2,6.99406945105346,-0.198124785057889
8003,한정식,amt,1,sequential,3,-10.2858271334687,-0.0855887504879069
8003,한정식,amt,1,sequential,4,-22.161826102392,-0.229293750818103
8003,한정식,amt,1,sequential,5,9.65941570046831,0.0993242411531692
8003,한정식,amt,1,sequential,6,-6.06172002771377,-0.112882806997727
8003,한정식,amt,1,sequential,7,4.94035804900494,-0.12696857494148
8003,한정식,amt,1,sequential,8,7.302536616783,0.0442611650640251
8003,한정식,amt,1,sequential,9,18.1107680453721,0.363443305964716
8003,한정식,amt,1,sequential,10,-1.73837607169164,-0.0290493991560599
8003,한정식,amt,1,leave_one_block_out,1,-1.14906302582429,0.000947385452266247
8003,한정식,amt,1,leave_one_block_out,2,-8.78797198028899,-0.1489444112989
8003,한정식,amt,1,leave_one_block_out,3,0.183992381815956,-0.00277933028125932
8003,한정식,amt,1,leave_one_block_out,4,3.95934681736605,0.129152910073734
8003,한정식,amt,1,leave_one_block_out,5,-2.91272859031662,-0.0385152120779688
8003,한정식,amt,1,leave_one_block_out,6,1.65193857499948,0.0100754946973579
8003,한정식,amt,1,leave_one_block_out,7,-2.22250199044433,-0.0423531035096349
8003,한정식,amt,1,leave_one_block_out,8,4.14572355613584,0.0590843690913316
8003,한정식,amt,1,leave_one_block_out,9,18.1107680453721,0.363443305964716
8003,한정식,amt,2,sequential,2,-6.02148966324196,-0.405887002275173
8003,한정식,amt,2,sequential,3,-4.58367066123719,-0.0552621125412738
8003,한정식,amt,2,sequential,4,-42.8809994586892,-0.535113523397149
8003,한정식,amt,2,sequential,5,17.3025374946156,0.146177601931001
8003,한정식,amt,2,sequential,6,-0.191915024267031,-0.0332124896099621
8003,한정식,amt,2,sequential,7,14.765540153232,0.127898591724875
8003,한정식,amt,2,sequential,8,6.45370691259683,-0.0669503599400798
8003,한정식,amt,2,sequential,9,18.0354736592208,0.345412496251979
8003,한정식,amt,2,sequential,10,-5.01789230257257,-0.059454929883332
8003,한정식,amt,2,leave_one_block_out,1,-1.93711497686881,-0.0244889480787391
8003,한정식,amt,2,leave_one_block_out,2,-2.87846715853186,-0.03601711427292
8003,한정식,amt,2,leave_one_block_out,3,-2.54920966876442,-0.0257001602747688
8003,한정식,amt,2,leave_one_block_out,4,26.574119517427,0.354259193972772
8003,한정식,amt,2,leave_one_block_out,5,-10.0211841157416,-0.150287443955268
8003,한정식,amt,2,leave_one_block_out,6,0.898608089060149,0.00424914951038491
8003,한정식,amt,2,leave_one_block_out,7,-2.97982722293536,-0.0717792055250528
8003,한정식,amt,2,leave_one_block_out,8,4.17159172027857,-0.0859259196435604
8003,한정식,amt,2,leave_one_block_out,9,18.0354736592208,0.345412496251979
8003,한정식,amt,3,sequential,2,-19.5686754598685,-0.582910420981706
8003,한정식,amt,3,sequential,3,-16.5530752774328,-0.143270804340239
8003,한정식,amt,3,sequential,4,-201.201583118998,-19.3673107578917
8003,한정식,amt,3,sequential,5,75.2911490667664,0.522898415259332
8003,한정식,amt,3,sequential,6,68.1312974811709,0.661996780858236
8003,한정식,amt,3,sequential,7,-10.0254924058786,-0.0990918455442298
8003,한정식,amt,3,sequential,8,-51.0569291460957,-1.52320694233529
8003,한정식,amt,3,sequential,9,52.0472044204047,0.41955129492536
8003,한정식,amt,3,sequential,10,9.2902119226959,0.163735556751798
8003,한정식,amt,3,leave_one_block_out,1,29.9892516540086,0.378056352871135
8003,한정식,amt,3,leave_one_block_out,2,62.7646911137519,0.620338070586791
8003,한정식,amt,3,leave_one_block_out,3,-31.1108096077376,-0.872679324484447
8003,한정식,amt,3,leave_one_block_out,4,-68.6898457216366,-3.8513134528913
8003,한정식,amt,3,leave_one_block_out,5,-3.56106030918366,-0.0263361663173813
8003,한정식,amt,3,leave_one_block_out,6,-15.5479336136483,-0.357718767517706
8003,한정식,amt,3,leave_one_block_out,7,1.47397286623572,0.0774523228111472
8003,한정식,amt,3,leave_one_block_out,8,-110.012974293895,-8.71900652496886
8003,한정식,amt,3,leave_one_block_out,9,52.0472044204047,0.41955129492536
8003,한정식,amt,4,sequential,2,3.3060434839167,-0.213762325937319
8003,한정식,amt,4,sequential,3,0.521183982607187,-0.00216404348330901
8003,한정식,amt,4,sequential,4,-35.0204274907848,-0.542823425401071
8003,한정식,amt,4,sequential,5,9.14282335640721,-0.00769018223110796
8003,한정식,amt,4,sequential,6,2.01057198635182,0.0351316759564227
8003,한정식,amt,4,sequential,7,8.25660425384955,0.125793332770076
8003,한정식,amt,4,sequential,8,-13.6559816430386,-0.647835463430559
8003,한정식,amt,4,sequential,9,19.2771879493409,0.460350389906228
8003,한정식,amt,4,sequential,10,-0.785976045979608,-0.0201581090210923
8003,한정식,amt,4,leave_one_block_out,1,0.595706250546013,0.0188007926171433
8003,한정식,amt,4,leave_one_block_out,2,-8.82486845392481,-0.230592725477204
8003,한정식,amt,4,leave_one_block_out,3,0.143084468258303,-0.00667008413336867
8003,한정식,amt,4,leave_one_block_out,4,34.886465833625,0.467449566263294
8003,한정식,amt,4,leave_one_block_out,5,-0.521788936054812,-0.00524850144936773
8003,한정식,amt,4,leave_one_block_out,6,0.209042091624245,-0.0017001749288108
8003,한정식,amt,4,leave_one_block_out,7,-3.12275705084116,-0.0870121763486731
8003,한정식,amt,4,leave_one_block_out,8,-9.52313343833137,-0.175394604742392
8003,한정식,amt,4,leave_one_block_out,9,19.2771879493409,0.460350389906228
8003,한정식,amt,5,sequential,2,-7.89190145360963,-0.312916543157409
8003,한정식,amt,5,sequential,3,-33.2615899450008,-1.11215860216983
8003,한정식,amt,5,sequential,4,-808.042232298624,-239.917042654586
8003,한정식,amt,5,sequential,5,274.602982432907,0.548112651095476
8003,한정식,amt,5,sequential,6,156.780889430827,0.472131241448925
8003,한정식,amt,5,sequential,7,242.437082295974,0.837955299670163
8003,한정식,amt,5,sequential,8,142.416151202626,0.913858232271332
8003,한정식,amt,5,sequential,9,15.3039009497152,0.275274003712109
8003,한정식,amt,5,sequential,10,-0.0916741616951988,-0.0120799053172986
8003,한정식,amt,5,leave_one_block_out,1,5.35243873679563,0.0939491164528296
8003,한정식,amt,5,leave_one_block_out,2,7.33873533031775,0.107504231912948
8003,한정식,amt,5,leave_one_block_out,3,-3.54643408764055,0.0375979860385081
8003,한정식,amt,5,leave_one_block_out,4,12.3000011931121,0.325979122862585
8003,한정식,amt,5,leave_one_block_out,5,-8.96129384533506,-0.151366608856074
8003,한정식,amt,5,leave_one_block_out,6,-0.609997590107825,-0.0140998699458501
8003,한정식,amt,5,leave_one_block_out,7,-8.0426165019744,-0.160942056745007
8003,한정식,amt,5,leave_one_block_out,8,-9.35677180602266,-0.278986976089816
8003,한정식,amt,5,leave_one_block_out,9,15.3039009497152,0.275274003712109
8003,한정식,amt,6,sequential,2,-3.71858001142145,-0.251271476802214
8003,한정식,amt,6,sequential,3,-34.3604119467437,-0.908979560615908
8003,한정식,amt,6,sequential,4,-165.290817470962,-12.0524747442637
8003,한정식,amt,6,sequential,5,-106.008882598081,-1.48681399636
8003,한정식,amt,6,sequential,6,154.229890962799,0.782973743477468
8003,한정식,amt,6,sequential,7,-53.8078201328664,-0.889130141742864
8003,한정식,amt,6,sequential,8,180.859976466323,0.91261031048443
8003,한정식,amt,6,sequential,9,24.526706555496,0.455857463772937
8003,한정식,amt,6,sequential,10,0.353572871227548,-0.000473681450517294
8003,한정식,amt,6,leave_one_block_out,1,0.0894342642623336,0.0209809343883868
8003,한정식,amt,6,leave_one_block_out,2,-8.97732064519813,-0.0205212018746939
8003,한정식,amt,6,leave_one_block_out,3,0.708399251019931,0.00712737227299098
8003,한정식,amt,6,leave_one_block_out,4,18.2083093462355,0.303793882194639
8003,한정식,amt,6,leave_one_block_out,5,-9.5724989860724,-0.24833129139244
8003,한정식,amt,6,leave_one_block_out,6,-2.69460311032058,-0.0448525857555298
8003,한정식,amt,6,leave_one_block_out,7,-7.00709681044367,-0.187156172824078
8003,한정식,amt,6,leave_one_block_out,8,-1.35978951595206,-0.259733290077388
8003,한정식,amt,6,leave_one_block_out,9,24.526706555496,0.455857463772937
8003,한정식,amt,7,sequential,2,4.51382819875814,-0.141485810017786
8003,한정식,amt,7,sequential,3,-3.55256436647562,-0.0983699275864456
8003,한정식,amt,7,sequential,4,-65.9941474596032,-1.66613972791947
8003,한정식,amt,7,sequential,5,18.4518344398235,0.25834807792648
8003,한정식,amt,7,sequential,6,12.0300856473521,0.212337389072402
8003,한정식,amt,7,sequential,7,16.5773813637862,0.0335581482715892
8003,한정식,amt,7,sequential,8,27.761454665161,0.342156045835976
8003,한정식,amt,7,sequential,9,14.5055118677263,0.206203492910501
8003,한정식,amt,7,sequential,10,-1.86684090131958,-0.0336656427693118
8003,한정식,amt,7,leave_one_block_out,1,-0.884671842715079,-0.000440725003948872
8003,한정식,amt,7,leave_one_block_out,2,-3.76408459512767,-0.184016738700466
8003,한정식,amt,7,leave_one_block_out,3,0.486265114629159,-0.00230596788031789
8003,한정식,amt,7,leave_one_block_out,4,11.8800974029345,0.185847439114613
8003,한정식,amt,7,leave_one_block_out,5,-1.22226687993013,-0.0256254553744895
8003,한정식,amt,7,leave_one_block_out,6,-0.0702843370127826,-0.0220533729892567
8003,한정식,amt,7,leave_one_block_out,7,-0.686807522899613,-0.0247417221917021
8003,한정식,amt,7,leave_one_block_out,8,6.20445802090183,0.0493741374857132
8003,한정식,amt,7,leave_one_block_out,9,14.5055118677263,0.206203492910501
8003,한정식,amt,8,sequential,2,-32.993882021973,-1.61220961485247
8003,한정식,amt,8,sequential,3,-8.65212075620163,-0.144315273751696
8003,한정식,amt,8,sequential,4,-154.133064956319,-4.75391418933341
8003,한정식,amt,8,sequential,5,72.7411475647155,0.55239248551331
8003,한정식,amt,8,sequential,6,8.81938663061117,0.0778425621334388
8003,한정식,amt,8,sequential,7,17.55648783188,0.286194659905498
8003,한정식,amt,8,sequential,8,33.6632826693853,0.300987278699561
8003,한정식,amt,8,sequential,9,39.951622387484,0.485158956951367
8003,한정식,amt,8,sequential,10,-0.083656764339457,-0.0220667788976385
8003,한정식,amt,8,leave_one_block_out,1,-3.11270091437668,-0.0821352962360002
8003,한정식,amt,8,leave_one_block_out,2,-18.8323570234431,-0.392147727889513
8003,한정식,amt,8,leave_one_block_out,3,-8.65954622415901,-0.151362405152734
8003,한정식,amt,8,leave_one_block_out,4,46.1217652697058,0.525831247144993
8003,한정식,amt,8,leave_one_block_out,5,-4.83272206882481,-0.0979597125608083
8003,한정식,amt,8,leave_one_block_out,6,-1.61852257064692,-0.0378794225792469
8003,한정식,amt,8,leave_one_block_out,7,-6.29679091047868,-0.081500358989292
8003,한정식,amt,8,leave_one_block_out,8,-4.85323240303874,-0.1401611977964
8003,한정식,amt,8,leave_one_block_out,9,39.951622387484,0.485158956951367
8003,한정식,amt,9,sequential,2,-11.5811016944508,-0.414454623171239
8003,한정식,amt,9,sequential,3,-7.53622314954911,-0.0356014207076578
8003,한정식,amt,9,sequential,4,-135.021352360109,-7.14613096409695
8003,한정식,amt,9,sequential,5,48.4070490669946,0.528002193406687
8003,한정식,amt,9,sequential,6,20.0770953311009,0.302895021670929
8003,한정식,amt,9,sequential,7,1.99363897671794,-0.0341923805098521
8003,한정식,amt,9,sequential,8,58.7593309774783,0.516710262995142
8003,한정식,amt,9,sequential,9,25.5848453150993,0.437480383947598
8003,한정식,amt,9,sequential,10,-2.39440188042626,-0.0811759205930627
8003,한정식,amt,9,leave_one_block_out,1,0.196539205547219,0.0147666850806637
8003,한정식,amt,9,leave_one_block_out,2,-9.31951768184904,-0.131511457606077
8003,한정식,amt,9,leave_one_block_out,3,2.17524542569912,0.0235133470433694
8003,한정식,amt,9,leave_one_block_out,4,36.2697363412798,0.532934896477047
8003,한정식,amt,9,leave_one_block_out,5,-4.55870619122519,-0.100117785626975
8003,한정식,amt,9,leave_one_block_out,6,0.0464741721010742,-0.0158098607437664
8003,한정식,amt,9,leave_one_block_out,7,-2.25143367457307,-0.0567809819685698
8003,한정식,amt,9,leave_one_block_out,8,6.08561856594551,0.0556617693354071
8003,한정식,amt,9,leave_one_block_out,9,25.5848453150993,0.437480383947598
8003,한정식,cnt,0,sequential,2,-1.10258405847852,-0.282118940684369
8003,한정식,cnt,0,sequential,3,3.27638871443724,-0.00249410730544786
8003,한정식,cnt,0,sequential,4,-51.8767793212649,-1.47216129388397
8003,한정식,cnt,0,sequential,5,34.637707308731,0.399010956690599
8003,한정식,cnt,0,sequential,6,6.57439490778668,0.0423778630144583
8003,한정식,cnt,0,sequential,7,8.43724143366049,0.208537536980811
8003,한정식,cnt,0,sequential,8,-52.2380587800397,-1.86192178165146
8003,한정식,cnt,0,sequential,9,59.1501088134011,0.676935218326924
8003,한정식,cnt,0,sequential,10,5.65648695360063,0.0991575032434199
8003,한정식,cnt,0,leave_one_block_out,1,1.25211883011757,0.0328441634450034
8003,한정식,cnt,0,leave_one_block_out,2,-3.09268660030135,0.0703090696206059
8003,한정식,cnt,0,leave_one_block_out,3,-2.37926008459308,-0.0325387430529307
8003,한정식,cnt,0,leave_one_block_out,4,-7.69847073926062,-0.146870311083864
8003,한정식,cnt,0,leave_one_block_out,5,-2.77318358451183,-0.00758144842553921
8003,한정식,cnt,0,leave_one_block_out,6,0.793852529517847,0.00939627826223033
8003,한정식,cnt,0,leave_one_block_out,7,-4.46269963473582,-0.0816748911430347
8003,한정식,cnt,0,leave_one_block_out,8,-27.0236447660685,-0.523334954465321
8003,한정식,cnt,0,leave_one_block_out,9,59.1501088134011,0.676935218326924
8003,한정식,cnt,1,sequential,2,8.0325038441427,-0.211413524795433
8003,한정식,cnt,1,sequential,3,-4.56122985134887,-0.0338541538077963
8003,한정식,cnt,1,sequential,4,-28.8052504189774,-0.458160169207303
8003,한정식,cnt,1,sequential,5,28.7974183335299,0.294518276749146
8003,한정식,cnt,1,sequential,6,1.07361341981043,0.0702796661424199
8003,한정식,cnt,1,sequential,7,-1.19335126000506,-0.153947722829275
8003,한정식,cnt,1,sequential,8,-30.6216332035691,-0.707041375607696
8003,한정식,cnt,1,sequential,9,43.73434770858,0.559134495451977
8003,한정식,cnt,1,sequential,10,4.37323540423762,0.0522804575497009
8003,한정식,cnt,1,leave_one_block_out,1,0.10946876164345,0.00295185486438365
8003,한정식,cnt,1,leave_one_block_out,2,-0.258239839146712,0.041697700067064
8003,한정식,cnt,1,leave_one_block_out,3,-0.370836637539074,-0.00744192655253295
8003,한정식,cnt,1,leave_one_block_out,4,-6.6586340801261,-0.0408849483915041
8003,한정식,cnt,1,leave_one_block_out,5,-1.54641847977386,-0.0201813193978935
8003,한정식,cnt,1,leave_one_block_out,6,1.31783567810031,0.018425272694895
8003,한정식,cnt,1,leave_one_block_out,7,-3.63016114290954,-0.0535533773660273
8003,한정식,cnt,1,leave_one_block_out,8,-21.0272949680409,-0.316231782758117
8003,한정식,cnt,1,leave_one_block_out,9,43.73434770858,0.559134495451977
8003,한정식,cnt,2,sequential,2,12.009190284233,-0.0746295913160995
8003,한정식,cnt,2,sequential,3,-1.21041344785131,-0.0235010448929311
8003,한정식,cnt,2,sequential,4,-38.6382323207266,-0.779965750763778
8003,한정식,cnt,2,sequential,5,9.88875989296756,0.157972427414318
8003,한정식,cnt,2,sequential,6,-3.40647372239815,-0.104473810532845
8003,한정식,cnt,2,sequential,7,8.10759208844296,0.146264516957382
8003,한정식,cnt,2,sequential,8,19.0516850655046,0.137306447462679
8003,한정식,cnt,2,sequential,9,17.7165806363312,0.253990043588508
8003,한정식,cnt,2,sequential,10,0.448428933902179,0.00825364599305767
8003,한정식,cnt,2,leave_one_block_out,1,-0.74377565885474,-0.00197998157344048
8003,한정식,cnt,2,leave_one_block_out,2,-3.66776517769879,-0.0367412678377017
8003,한정식,cnt,2,leave_one_block_out,3,0.969562453966921,0.0133850660848125
8003,한정식,cnt,2,leave_one_block_out,4,-0.473515780518285,0.0334840703132776
8003,한정식,cnt,2,leave_one_block_out,5,-6.01847889600102,-0.0858751722700486
8003,한정식,cnt,2,leave_one_block_out,6,0.132572213206739,-0.000939907223434844
8003,한정식,cnt,2,leave_one_block_out,7,-3.0393582552089,-0.0526078683333406
8003,한정식,cnt,2,leave_one_block_out,8,-6.27092649147313,-0.12405632033718
8003,한정식,cnt,2,leave_one_block_out,9,17.7165806363312,0.253990043588508
8003,한정식,cnt,3,sequential,2,-0.650916307683191,-0.314757070673958
8003,한정식,cnt,3,sequential,3,-13.4569325791704,-0.101818190582656
8003,한정식,cnt,3,sequential,4,-266.551730350327,-48.5552862182899
8003,한정식,cnt,3,sequential,5,149.853487893542,0.756941168784805
8003,한정식,cnt,3,sequential,6,64.7042564917073,0.676197731324132
8003,한정식,cnt,3,sequential,7,-20.4109835313238,-0.35393487140907
8003,한정식,cnt,3,sequential,8,64.0011233762372,0.707168713316233
8003,한정식,cnt,3,sequential,9,31.8066546502566,0.393812299606588
8003,한정식,cnt,3,sequential,10,-0.673448551735678,0.00083380280662626
8003,한정식,cnt,3,leave_one_block_out,1,2.66336412935367,0.0849720026158802
8003,한정식,cnt,3,leave_one_block_out,2,2.50637820133598,0.111926728460138
8003,한정식,cnt,3,leave_one_block_out,3,3.65132902032227,0.091624361321533
8003,한정식,cnt,3,leave_one_block_out,4,47.8323801466582,0.718000380186814
8003,한정식,cnt,3,leave_one_block_out,5,-3.50405285608923,-0.054968839255819
8003,한정식,cnt,3,leave_one_block_out,6,-1.64008487551658,-0.0815128157669609
8003,한정식,cnt,3,leave_one_block_out,7,-12.354823325868,-0.312385385586242
8003,한정식,cnt,3,leave_one_block_out,8,-28.3985867140959,-0.672710146266929
8003,한정식,cnt,3,leave_one_block_out,9,31.8066546502566,0.393812299606588
8003,한정식,cnt,4,sequential,2,4.51285242953028,-0.110380816181098
8003,한정식,cnt,4,sequential,3,3.73811249257385,0.0155300983592582
8003,한정식,cnt,4,sequential,4,-26.9034773552554,-0.647732911866307
8003,한정식,cnt,4,sequential,5,26.8272945762361,0.288570329545667
8003,한정식,cnt,4,sequential,6,-2.41345785270352,-0.0422445606949482
8003,한정식,cnt,4,sequential,7,-14.1031903695001,-0.215719354435064
8003,한정식,cnt,4,sequential,8,-1.49605690080874,-0.097949048040749
8003,한정식,cnt,4,sequential,9,21.0677558825052,0.2991708732623
8003,한정식,cnt,4,sequential,10,0.440331154055307,0.00635660600039445
8003,한정식,cnt,4,leave_one_block_out,1,0.10892175762347,0.00584738772451265
8003,한정식,cnt,4,leave_one_block_out,2,-4.77567520677148,-0.0366616191312803
8003,한정식,cnt,4,leave_one_block_out,3,0.836283007945116,0.0050915787261071
8003,한정식,cnt,4,leave_one_block_out,4,-2.6099940956041,-0.0361526505479304
8003,한정식,cnt,4,leave_one_block_out,5,0.0886484105418472,0.012521352298709
8003,한정식,cnt,4,leave_one_block_out,6,-0.495604755935919,-0.000507054273259255
8003,한정식,cnt,4,leave_one_block_out,7,-3.44173145383643,-0.0710481479682581
8003,한정식,cnt,4,leave_one_block_out,8,-14.3805432927026,-0.219494768608903
8003,한정식,cnt,4,leave_one_block_out,9,21.0677558825052,0.2991708732623
8003,한정식,cnt,5,sequential,2,10.8265248590542,-0.1488324164379
8003,한정식,cnt,5,sequential,3,-33.8707438491183,-1.12069171107841
8003,한정식,cnt,5,sequential,4,-1022.34191960603,-414.546415374388
8003,한정식,cnt,5,sequential,5,569.288146103736,0.78475214183406
8003,한정식,cnt,5,sequential,6,142.058074652576,0.490010263718773
8003,한정식,cnt,5,sequential,7,188.856484262055,0.79923290977971
8003,한정식,cnt,5,sequential,8,151.677117303599,0.933926869504979
8003,한정식,cnt,5,sequential,9,25.152753391376,0.302316224643999
8003,한정식,cnt,5,sequential,10,-0.614425986348566,0.00495950290874769
8003,한정식,cnt,5,leave_one_block_out,1,1.5102956666183,0.0036010872470279
8003,한정식,cnt,5,leave_one_block_out,2,1.33101422576365,0.000291500742966355
8003,한정식,cnt,5,leave_one_block_out,3,0.972939037603371,0.0241458336081146
8003,한정식,cnt,5,leave_one_block_out,4,3.74967050104673,0.0218679810768918
8003,한정식,cnt,5,leave_one_block_out,5,2.06908249721262,-0.01960017864861
8003,한정식,cnt,5,leave_one_block_out,6,0.83609716887727,-0.00614242266763632
8003,한정식,cnt,5,leave_one_block_out,7,-0.431235885601389,-0.0576591976945251
8003,한정식,cnt,5,leave_one_block_out,8,-11.209965924029,-0.245670609305664
8003,한정식,cnt,5,leave_one_block_out,9,25.152753391376,0.302316224643999
8003,한정식,cnt,6,sequential,2,8.33886046527345,-0.184424897806496
8003,한정식,cnt,6,sequential,3,-38.3310123036614,-1.22705953460362
8003,한정식,cnt,6,sequential,4,-290.509090683629,-33.1962626938709
8003,한정식,cnt,6,sequential,5,-34.0762036941864,-0.328767756879133
8003,한정식,cnt,6,sequential,6,218.195845374545,0.847401951692841
8003,한정식,cnt,6,sequential,7,-44.0042326190317,-0.751805603759507
8003,한정식,cnt,6,sequential,8,158.614082771011,0.927628994002219
8003,한정식,cnt,6,sequential,9,37.6245655139574,0.466750179363861
8003,한정식,cnt,6,sequential,10,-3.28429007723324,-0.0532315120639453
8003,한정식,cnt,6,leave_one_block_out,1,-0.215518995459951,0.00645658405928073
8003,한정식,cnt,6,leave_one_block_out,2,-2.95533531000902,0.0169426589565423
8003,한정식,cnt,6,leave_one_block_out,3,-2.0012865946005,-0.0205909791589092
8003,한정식,cnt,6,leave_one_block_out,4,0.418623322278988,0.0109299085240495
8003,한정식,cnt,6,leave_one_block_out,5,-3.7090181585987,-0.0579168734507927
8003,한정식,cnt,6,leave_one_block_out,6,-0.936572921356782,-0.0165381439746342
8003,한정식,cnt,6,leave_one_block_out,7,-8.27291344225945,-0.161364136507489
8003,한정식,cnt,6,leave_one_block_out,8,-15.6900053840276,-0.361676782866384
8003,한정식,cnt,6,leave_one_block_out,9,37.6245655139574,0.466750179363861
8003,한정식,cnt,7,sequential,2,-5.6499105629415,-0.266820632848477
8003,한정식,cnt,7,sequential,3,-0.82334434834167,-0.00564136600740306
8003,한정식,cnt,7,sequential,4,-23.3077210089526,-0.483112868598748
8003,한정식,cnt,7,sequential,5,9.21812871613263,0.117511733041462
8003,한정식,cnt,7,sequential,6,7.57032766285064,0.0691181345078412
8003,한정식,cnt,7,sequential,7,-5.75422780966504,-0.179543453328927
8003,한정식,cnt,7,sequential,8,13.7439579534091,-0.00268162490005919
8003,한정식,cnt,7,sequential,9,25.9665928340931,0.400194206196608
8003,한정식,cnt,7,sequential,10,-1.37565362918589,0.00516460453079248
8003,한정식,cnt,7,leave_one_block_out,1,-0.786735708073205,-0.00329333243590524
8003,한정식,cnt,7,leave_one_block_out,2,-5.89094513046087,-0.065321930398835
8003,한정식,cnt,7,leave_one_block_out,3,-0.587575855561784,-0.00456860357998923
8003,한정식,cnt,7,leave_one_block_out,4,1.06294546335096,0.0422514478376257
8003,한정식,cnt,7,leave_one_block_out,5,-2.64599428780262,-0.0458994221141849
8003,한정식,cnt,7,leave_one_block_out,6,0.406897540455553,0.00743702587660111
8003,한정식,cnt,7,leave_one_block_out,7,-3.15960987704343,-0.0635547934779537
8003,한정식,cnt,7,leave_one_block_out,8,-10.8837991025371,-0.160391855556353
8003,한정식,cnt,7,leave_one_block_out,9,25.9665928340931,0.400194206196608
8003,한정식,cnt,8,sequential,2,-11.9552799977074,-0.626290743486189
8003,한정식,cnt,8,sequential,3,3.51978195816574,0.00698753579101929
8003,한정식,cnt,8,sequential,4,-175.063302339406,-10.7367800538649
8003,한정식,cnt,8,sequential,5,80.7755688031548,0.575612188210517
8003,한정식,cnt,8,sequential,6,8.64908343805493,0.0883501367223891
8003,한정식,cnt,8,sequential,7,43.2419636770606,0.591249947016797
8003,한정식,cnt,8,sequential,8,28.9799500140284,0.341842081529966
8003,한정식,cnt,8,sequential,9,39.5149507304032,0.429612540522334
8003,한정식,cnt,8,sequential,10,0.541522311372622,0.0129839533836633
8003,한정식,cnt,8,leave_one_block_out,1,0.418316978797195,0.00882021716599612
8003,한정식,cnt,8,leave_one_block_out,2,-4.13108940686485,-0.023700589593517
8003,한정식,cnt,8,leave_one_block_out,3,-3.65355189543048,-0.0155016414024811
8003,한정식,cnt,8,leave_one_block_out,4,-4.52574733421148,-0.0263044919468924
8003,한정식,cnt,8,leave_one_block_out,5,-0.895965152616973,-0.0128460681032612
8003,한정식,cnt,8,leave_one_block_out,6,-0.591827777003118,-0.00307398733192099
8003,한정식,cnt,8,leave_one_block_out,7,-1.78254672086759,-0.0531396724759767
8003,한정식,cnt,8,leave_one_block_out,8,-14.7053407614319,-0.240553746344859
8003,한정식,cnt,8,leave_one_block_out,9,39.5149507304032,0.429612540522334
8003,한정식,cnt,9,sequential,2,-4.91019760127668,-0.330962874827431
8003,한정식,cnt,9,sequential,3,-12.0976018021847,-0.140167723112415
8003,한정식,cnt,9,sequential,4,-224.908754242324,-30.5336456942746
8003,한정식,cnt,9,sequential,5,118.488111781837,0.710873813656469
8003,한정식,cnt,9,sequential,6,52.6994298803073,0.628473709093359
8003,한정식,cnt,9,sequential,7,-13.7129291342792,-0.333275077586493
8003,한정식,cnt,9,sequential,8,36.1592211828995,0.425419874338667
8003,한정식,cnt,9,sequential,9,55.4695248155144,0.665659635027238
8003,한정식,cnt,9,sequential,10,0.105305180355653,-0.000889290303800694
8003,한정식,cnt,9,leave_one_block_out,1,3.0720696344223,0.0816727574967083
8003,한정식,cnt,9,leave_one_block_out,2,0.0559511683517422,0.123154612213416
8003,한정식,cnt,9,leave_one_block_out,3,-2.11145177900181,-0.0437233991383625
8003,한정식,cnt,9,leave_one_block_out,4,-8.86010628131942,-0.136746425986755
8003,한정식,cnt,9,leave_one_block_out,5,-1.10511952315597,0.00730676652360995
8003,한정식,cnt,9,leave_one_block_out,6,-0.201207122603153,-0.00845390764463128
8003,한정식,cnt,9,leave_one_block_out,7,-6.01643665303395,-0.144743527229939
8003,한정식,cnt,9,leave_one_block_out,8,-20.5546192938027,-0.32688893371694
8003,한정식,cnt,9,leave_one_block_out,9,55.4695248155144,0.665659635027238
8003,한정식,ticket,0,sequential,2,-16.3103221950063,-0.158487730209925
8003,한정식,ticket,0,sequential,3,-5.31550809702723,-0.189601612446579
8003,한정식,ticket,0,sequential,4,-15.889607562844,-0.711535292597367
8003,한정식,ticket,0,sequential,5,4.92810057156708,0.13282969616934
8003,한정식,ticket,0,sequential,6,-10.5673432881742,-0.191357121141374
8003,한정식,ticket,0,sequential,7,12.7204767606927,0.17405744664103
8003,한정식,ticket,0,sequential,8,6.12584825997835,0.139681112144152
8003,한정식,ticket,0,sequential,9,-8.90842156624735,-0.145521432393928
8003,한정식,ticket,0,sequential,10,2.62229998257248,-0.0440441804017144
8003,한정식,ticket,0,leave_one_block_out,1,1.19199878008251,0.0156861376490369
8003,한정식,ticket,0,leave_one_block_out,2,-2.99927205976817,0.0906648264464702
8003,한정식,ticket,0,leave_one_block_out,3,-2.13892950202889,-0.0792821083413429
8003,한정식,ticket,0,leave_one_block_out,4,17.3163400050935,0.0399693572435552
8003,한정식,ticket,0,leave_one_block_out,5,-3.26929575382657,-0.0614283812979546
8003,한정식,ticket,0,leave_one_block_out,6,-0.496633159695037,-0.0122181179634122
8003,한정식,ticket,0,leave_one_block_out,7,-1.07327992972948,-0.0521820261718995
8003,한정식,ticket,0,leave_one_block_out,8,13.1750010232453,0.185764804813696
8003,한정식,ticket,0,leave_one_block_out,9,-8.90842156624735,-0.145521432393928
8003,한정식,ticket,1,sequential,2,7.60415173650449,0.0949155131788038
8003,한정식,ticket,1,sequential,3,0.606854740801965,-0.0267841799625603
8003,한정식,ticket,1,sequential,4,-14.9990083710138,-0.243457666924779
8003,한정식,ticket,1,sequential,5,-2.57250774248078,-0.0675462731585739
8003,한정식,ticket,1,sequential,6,-8.63287993236634,-0.11146599853472
8003,한정식,ticket,1,sequential,7,2.48996665026099,0.0217455234136373
8003,한정식,ticket,1,sequential,8,2.94852572187518,0.0621888672007281
8003,한정식,ticket,1,sequential,9,0.276104205318861,0.0441934729451222
8003,한정식,ticket,1,sequential,10,1.17435391029505,-0.0656625135940616
8003,한정식,ticket,1,leave_one_block_out,1,-1.69379345969041,-0.0240686282297533
8003,한정식,ticket,1,leave_one_block_out,2,-1.95804082214961,0.00720679513903577
8003,한정식,ticket,1,leave_one_block_out,3,-0.0257027021894896,0.00275954263653877
8003,한정식,ticket,1,leave_one_block_out,4,-3.21184261380678,-0.0832275643567972
8003,한정식,ticket,1,leave_one_block_out,5,0.635281178013425,-0.00538527415658585
8003,한정식,ticket,1,leave_one_block_out,6,-0.362648620868344,-0.00602149422258358
8003,한정식,ticket,1,leave_one_block_out,7,-0.645257012617884,-0.0455426671509798
8003,한정식,ticket,1,leave_one_block_out,8,15.0241781503371,0.193003925185856
8003,한정식,ticket,1,leave_one_block_out,9,0.276104205318861,0.0441934729451222
8003,한정식,ticket,2,sequential,2,-37.0374227675091,-1.03497600046587
8003,한정식,ticket,2,sequential,3,10.146794926379,0.192946897419214
8003,한정식,ticket,2,sequential,4,8.41963921824884,0.260235953967192
8003,한정식,ticket,2,sequential,5,-15.3416975676243,-0.366242643654697
8003,한정식,ticket,2,sequential,6,2.8167988002581,0.0586956926665164
8003,한정식,ticket,2,sequential,7,3.30599420269645,0.0809491569664921
8003,한정식,ticket,2,sequential,8,13.0358353596007,0.28044413487401
8003,한정식,ticket,2,sequential,9,0.63259903333206,-0.0570356284503211
8003,한정식,ticket,2,sequential,10,-4.474102470389,-0.173452819248878
8003,한정식,ticket,2,leave_one_block_out,1,0.424394127829508,0.007609409468607
8003,한정식,ticket,2,leave_one_block_out,2,-9.48381690431559,-0.285655676233831
8003,한정식,ticket,2,leave_one_block_out,3,-0.96460920973559,-0.0201547820023253
8003,한정식,ticket,2,leave_one_block_out,4,19.7358756697362,0.365756419782306
8003,한정식,ticket,2,leave_one_block_out,5,-0.943476261629672,0.00104268594518397
8003,한정식,ticket,2,leave_one_block_out,6,-0.586995512753896,-0.0343749171126408
8003,한정식,ticket,2,leave_one_block_out,7,-2.08394951112449,-0.0497293804277641
8003,한정식,ticket,2,leave_one_block_out,8,23.5686188671146,0.307710586126626
8003,한정식,ticket,2,leave_one_block_out,9,0.63259903333206,-0.0570356284503211
8003,한정식,ticket,3,sequential,2,-0.45966011180909,-0.0850613739923707
8003,한정식,ticket,3,sequential,3,-2.62078749029775,-0.0338630953085914
8003,한정식,ticket,3,sequential,4,-8.17524689728387,-0.158529251308854
8003,한정식,ticket,3,sequential,5,-1.67031838114685,-0.0527007328863969
8003,한정식,ticket,3,sequential,6,-0.325650166848779,-0.0096154748587296
8003,한정식,ticket,3,sequential,7,-3.02389127512709,-0.0967530885391534
8003,한정식,ticket,3,sequential,8,-28.8767615144198,-0.67977679405397
8003,한정식,ticket,3,sequential,9,-6.49407273687375,-0.0168316558774451
8003,한정식,ticket,3,sequential,10,3.69262872020326,-0.00188913539465352
8003,한정식,ticket,3,leave_one_block_out,1,1.87202921710259,0.0641029487153574
8003,한정식,ticket,3,leave_one_block_out,2,9.51108432775973,0.294451393037025
8003,한정식,ticket,3,leave_one_block_out,3,-8.04987256133685,-0.200820666989409
8003,한정식,ticket,3,leave_one_block_out,4,-36.6268855895907,-0.930181492611935
8003,한정식,ticket,3,leave_one_block_out,5,0.589425408622835,0.0179567553116957
8003,한정식,ticket,3,leave_one_block_out,6,0.0547306313447127,-0.0245578393585906
8003,한정식,ticket,3,leave_one_block_out,7,11.0106789301151,0.246325180874123
8003,한정식,ticket,3,leave_one_block_out,8,-18.5092045227376,-0.409527206410393
8003,한정식,ticket,3,leave_one_block_out,9,-6.49407273687375,-0.0168316558774451
8003,한정식,ticket,4,sequential,2,3.07082472376743,-0.00163550059686735
8003,한정식,ticket,4,sequential,3,-6.34374211779163,-0.0824653484223485
8003,한정식,ticket,4,sequential,4,-6.11302477642182,-0.0706009090297164
8003,한정식,ticket,4,sequential,5,-8.18382072044943,-0.206424622425876
8003,한정식,ticket,4,sequential,6,-0.470651531806954,-0.0331902297982138
8003,한정식,ticket,4,sequential,7,8.62678070327652,0.206912313639845
8003,한정식,ticket,4,sequential,8,4.73066348031241,0.179673875652952
8003,한정식,ticket,4,sequential,9,-4.74746477431351,-0.106089459967849
8003,한정식,ticket,4,sequential,10,5.50017744752424,0.100124914691855
8003,한정식,ticket,4,leave_one_block_out,1,-1.58077244208584,-0.00449951323439812
8003,한정식,ticket,4,leave_one_block_out,2,1.0535689280472,-0.134488692805871
8003,한정식,ticket,4,leave_one_block_out,3,-0.26368957386379,0.024698245306808
8003,한정식,ticket,4,leave_one_block_out,4,16.0500959427827,0.229104302467278
8003,한정식,ticket,4,leave_one_block_out,5,-0.856161864154992,-0.0336865945783718
8003,한정식,ticket,4,leave_one_block_out,6,-0.275543874660156,0.00211495903852654
8003,한정식,ticket,4,leave_one_block_out,7,1.53504551587064,0.0379786714246614
8003,한정식,ticket,4,leave_one_block_out,8,11.5730647214395,0.293069580397062
8003,한정식,ticket,4,leave_one_block_out,9,-4.74746477431351,-0.106089459967849
8003,한정식,ticket,5,sequential,2,-0.334804124688293,0.0228735803832602
8003,한정식,ticket,5,sequential,3,-2.50736076088335,-0.0624427948882846
8003,한정식,ticket,5,sequential,4,-14.5988124834418,-0.564274562371421
8003,한정식,ticket,5,sequential,5,-5.72875555797606,-0.135330912339634
8003,한정식,ticket,5,sequential,6,-1.21752126497716,0.0583202237506143
8003,한정식,ticket,5,sequential,7,-3.07234915331975,-0.0778439741186467
8003,한정식,ticket,5,sequential,8,6.46634175429887,0.119377909720312
8003,한정식,ticket,5,sequential,9,-6.80693030112273,0.00536560573293721
8003,한정식,ticket,5,sequential,10,2.95689721858201,-0.040465594930396
8003,한정식,ticket,5,leave_one_block_out,1,2.63586821120058,0.0595654411017096
8003,한정식,ticket,5,leave_one_block_out,2,3.58989885245725,0.0890328537919134
8003,한정식,ticket,5,leave_one_block_out,3,-5.5714837496251,-0.0853295170836008
8003,한정식,ticket,5,leave_one_block_out,4,5.86437217328164,-0.0867434438374717
8003,한정식,ticket,5,leave_one_block_out,5,-9.5441297289672,-0.145934898421794
8003,한정식,ticket,5,leave_one_block_out,6,0.56934203997685,-0.00419366079169103
8003,한정식,ticket,5,leave_one_block_out,7,3.3047918610161,0.0706432589808428
8003,한정식,ticket,5,leave_one_block_out,8,8.86122570789264,0.154696564726086
8003,한정식,ticket,5,leave_one_block_out,9,-6.80693030112273,0.00536560573293721
8003,한정식,ticket,6,sequential,2,-2.13182741181842,0.0590350112607995
8003,한정식,ticket,6,sequential,3,-5.28165709446415,-0.0879391555319229
8003,한정식,ticket,6,sequential,4,-5.25879663859782,-0.323598462873512
8003,한정식,ticket,6,sequential,5,-7.91925833257647,-0.0641802861623197
8003,한정식,ticket,6,sequential,6,-1.99370111489131,-0.00538264979840797
8003,한정식,ticket,6,sequential,7,0.684357550855552,0.0946328083823808
8003,한정식,ticket,6,sequential,8,16.3161497409063,0.244874317479159
8003,한정식,ticket,6,sequential,9,-7.78698104798573,-0.0935469886064595
8003,한정식,ticket,6,sequential,10,4.85047615763644,0.0741013951504004
8003,한정식,ticket,6,leave_one_block_out,1,-0.0697634361551569,0.0136736289497618
8003,한정식,ticket,6,leave_one_block_out,2,-6.73547545794904,-0.232113286581856
8003,한정식,ticket,6,leave_one_block_out,3,0.671861020890374,0.0237507844863238
8003,한정식,ticket,6,leave_one_block_out,4,2.60066471557671,0.12441656776227
8003,한정식,ticket,6,leave_one_block_out,5,0.378037654271235,0.036886235527839
8003,한정식,ticket,6,leave_one_block_out,6,0.854210951163181,-0.00796778657202313
8003,한정식,ticket,6,leave_one_block_out,7,-1.51002272500075,-0.0165862228123985
8003,한정식,ticket,6,leave_one_block_out,8,21.6464179217089,0.339874429101002
8003,한정식,ticket,6,leave_one_block_out,9,-7.78698104798573,-0.0935469886064595
8003,한정식,ticket,7,sequential,2,3.875094763396,-0.0196511985306389
8003,한정식,ticket,7,sequential,3,-6.36098410128378,-0.0719172857768495
8003,한정식,ticket,7,sequential,4,-5.02464045933874,0.182145449867859
8003,한정식,ticket,7,sequential,5,-5.11239490457125,-0.167441086604739
8003,한정식,ticket,7,sequential,6,-4.69433561838535,-0.14776407856825
8003,한정식,ticket,7,sequential,7,3.43534811831695,0.0155991165425251
8003,한정식,ticket,7,sequential,8,11.0690314865635,0.256865641325357
8003,한정식,ticket,7,sequential,9,-4.5504150723903,-0.0854512527159526
8003,한정식,ticket,7,sequential,10,1.18305795241378,-0.00224055345495744
8003,한정식,ticket,7,leave_one_block_out,1,-1.14578747288268,0.0115023512431652
8003,한정식,ticket,7,leave_one_block_out,2,1.88934124179611,-0.114325508961608
8003,한정식,ticket,7,leave_one_block_out,3,0.0790009977297723,0.0150220566964431
8003,한정식,ticket,7,leave_one_block_out,4,7.2223838668887,0.221364355285906
8003,한정식,ticket,7,leave_one_block_out,5,-0.257218588180252,-0.00227293358745628
8003,한정식,ticket,7,leave_one_block_out,6,1.04280836420367,-0.0115776878218592
8003,한정식,ticket,7,leave_one_block_out,7,-0.190519330154193,-0.0229085886255054
8003,한정식,ticket,7,leave_one_block_out,8,12.0106108981471,0.265694974995069
8003,한정식,ticket,7,leave_one_block_out,9,-4.5504150723903,-0.0854512527159526
8003,한정식,ticket,8,sequential,2,5.61101112710826,0.194279113777126
8003,한정식,ticket,8,sequential,3,-9.5897863314395,-0.214279523152521
8003,한정식,ticket,8,sequential,4,6.11773166861811,0.0410225848949908
8003,한정식,ticket,8,sequential,5,-1.27956301590401,-0.0592614472114845
8003,한정식,ticket,8,sequential,6,1.14040741706077,0.0141115846440039
8003,한정식,ticket,8,sequential,7,-11.0102844133466,-0.218559592258652
8003,한정식,ticket,8,sequential,8,-5.69197770172994,-0.0449154785466488
8003,한정식,ticket,8,sequential,9,-2.07353791988159,-0.0618438090660223
8003,한정식,ticket,8,sequential,10,1.54829793949046,0.0170868746565516
8003,한정식,ticket,8,leave_one_block_out,1,-1.60536103282996,-0.0265272508890448
8003,한정식,ticket,8,leave_one_block_out,2,1.99988640206011,0.0884352321681419
8003,한정식,ticket,8,leave_one_block_out,3,-4.25093209449103,-0.0875516212727694
8003,한정식,ticket,8,leave_one_block_out,4,32.8948626230811,0.441757935994865
8003,한정식,ticket,8,leave_one_block_out,5,0.349382428243916,-0.00229869820944328
8003,한정식,ticket,8,leave_one_block_out,6,-0.618850472983212,-0.00450549230307473
8003,한정식,ticket,8,leave_one_block_out,7,-9.4739283292553,-0.231208948131189
8003,한정식,ticket,8,leave_one_block_out,8,3.71562753284586,-0.0882165832404465
8003,한정식,ticket,8,leave_one_block_out,9,-2.07353791988159,-0.0618438090660223
8003,한정식,ticket,9,sequential,2,-1.67476237494821,-0.00935978128175385
8003,한정식,ticket,9,sequential,3,-3.89552283197619,-0.136953977866456
8003,한정식,ticket,9,sequential,4,-5.49602656869834,-0.103172108366386
8003,한정식,ticket,9,sequential,5,-1.30800871739126,-0.00136558151794741
8003,한정식,ticket,9,sequential,6,0.147809611992478,-0.0156313015569967
8003,한정식,ticket,9,sequential,7,-3.19223564721592,0.0248449702952475
8003,한정식,ticket,9,sequential,8,8.05845143421802,0.113056074998326
8003,한정식,ticket,9,sequential,9,-7.11040130714258,-0.0873900001794019
8003,한정식,ticket,9,sequential,10,5.21812911131613,0.0738146881764243
8003,한정식,ticket,9,leave_one_block_out,1,-0.608943109370474,-0.00311460244464823
8003,한정식,ticket,9,leave_one_block_out,2,0.655545853020356,0.0472685630420844
8003,한정식,ticket,9,leave_one_block_out,3,1.32937640508374,0.011301235235178
8003,한정식,ticket,9,leave_one_block_out,4,0.47251786592124,0.0495087193328457
8003,한정식,ticket,9,leave_one_block_out,5,0.571602402024451,0.00976600847977183
8003,한정식,ticket,9,leave_one_block_out,6,0.93210023602085,0.00754262115329718
8003,한정식,ticket,9,leave_one_block_out,7,-0.359461497690117,-0.00718634365757809
8003,한정식,ticket,9,leave_one_block_out,8,16.4980505628057,0.279487669799626
8003,한정식,ticket,9,leave_one_block_out,9,-7.11040130714258,-0.0873900001794019
8004,일식회집,amt,0,sequential,2,18.2269923378346,0.448533910367042
8004,일식회집,amt,0,sequential,3,9.21324201930084,0.340389774659372
8004,일식회집,amt,0,sequential,4,7.83157313117034,-0.104849371932
8004,일식회집,amt,0,sequential,5,0.18209982361429,0.0700667330004535
8004,일식회집,amt,0,sequential,6,13.6139918223334,0.550539957912178
8004,일식회집,amt,0,sequential,7,-0.804439190998321,-0.0669824354632824
8004,일식회집,amt,0,sequential,8,0.72721731544711,0.204736352078627
8004,일식회집,amt,0,sequential,9,-1.0173644979386,0.0353150387814867
8004,일식회집,amt,0,sequential,10,-0.0422288535481874,0.00324126687122384
8004,일식회집,amt,0,leave_one_block_out,1,15.393040156796,0.739154085301756
8004,일식회집,amt,0,leave_one_block_out,2,-0.756834325283029,0.121888857368937
8004,일식회집,amt,0,leave_one_block_out,3,-0.504861676713531,-0.167602134769553
8004,일식회집,amt,0,leave_one_block_out,4,-1.40665230929044,-0.214025196233901
8004,일식회집,amt,0,leave_one_block_out,5,0.0470684895513773,0.0246477945647028
8004,일식회집,amt,0,leave_one_block_out,6,14.0579117177664,0.665501996608206
8004,일식회집,amt,0,leave_one_block_out,7,-0.180561701403489,-0.0438439909563872
8004,일식회집,amt,0,leave_one_block_out,8,-0.838281322345261,-0.0284675092519215
8004,일식회집,amt,0,leave_one_block_out,9,-1.0173644979386,0.0353150387814867
8004,일식회집,amt,1,sequential,2,17.6474559622337,0.404630951591535
8004,일식회집,amt,1,sequential,3,6.84888173083137,0.2663094178217
8004,일식회집,amt,1,sequential,4,12.2964529805425,0.148745449157522
8004,일식회집,amt,1,sequential,5,-0.316381886517414,0.0466143667083795
8004,일식회집,amt,1,sequential,6,11.3029019605042,0.393439530032148
8004,일식회집,amt,1,sequential,7,1.10659953717586,0.150109478388667
8004,일식회집,amt,1,sequential,8,-0.43301685997241,0.128862855011184
8004,일식회집,amt,1,sequential,9,-0.704869490202728,-0.00909835755498389
8004,일식회집,amt,1,sequential,10,0.184868971423682,0.00809706255232268
8004,일식회집,amt,1,leave_one_block_out,1,18.5603777532146,0.791512710822789
8004,일식회집,amt,1,leave_one_block_out,2,-0.456634678664655,-0.0630035644209272
8004,일식회집,amt,1,leave_one_block_out,3,-1.75374265765506,-0.329969759317685
8004,일식회집,amt,1,leave_one_block_out,4,-0.548282831137897,-0.220048871943874
8004,일식회집,amt,1,leave_one_block_out,5,0.111882670375363,-0.0333671797689101
8004,일식회집,amt,1,leave_one_block_out,6,12.6436417905858,0.565570638984577
8004,일식회집,amt,1,leave_one_block_out,7,0.359120170089336,0.0944717295452491
8004,일식회집,amt,1,leave_one_block_out,8,-1.59267041441309,0.0668990829223371
8004,일식회집,amt,1,leave_one_block_out,9,-0.704869490202728,-0.00909835755498389
8004,일식회집,amt,2,sequential,2,19.3169367482474,0.442156034145983
8004,일식회집,amt,2,sequential,3,8.18820107332376,0.370539564103091
8004,일식회집,amt,2,sequential,4,10.005713562932,0.0470276229444343
8004,일식회집,amt,2,sequential,5,-0.619616365613429,-0.0449969672019603
8004,일식회집,amt,2,sequential,6,10.9226324163466,0.300445854703479
8004,일식회집,amt,2,sequential,7,0.82488653264399,0.0898022281798824
8004,일식회집,amt,2,sequential,8,-0.571999232681125,0.292904210523007
8004,일식회집,amt,2,sequential,9,-0.327376751195885,0.00500957664720236
8004,일식회집,amt,2,sequential,10,-0.529510150035314,-0.0221372266637521
8004,일식회집,amt,2,leave_one_block_out,1,15.698028924394,0.727114437249514
8004,일식회집,amt,2,leave_one_block_out,2,-1.0026065507032,0.0644076673563007
8004,일식회집,amt,2,leave_one_block_out,3,-2.75755841270633,-0.52133030512275
8004,일식회집,amt,2,leave_one_block_out,4,-1.00935640427595,-0.107596673762657
8004,일식회집,amt,2,leave_one_block_out,5,-0.305190604605629,-0.0293255521453579
8004,일식회집,amt,2,leave_one_block_out,6,9.93369127843966,0.376981477486552
8004,일식회집,amt,2,leave_one_block_out,7,-0.789779591412693,-0.0650079605730247
8004,일식회집,amt,2,leave_one_block_out,8,-0.462900023639942,0.223042985132001
8004,일식회집,amt,2,leave_one_block_out,9,-0.327376751195885,0.00500957664720236
8004,일식회집,amt,3,sequential,2,17.6373812353977,0.384567329156578
8004,일식회집,amt,3,sequential,3,8.43114207744549,0.311531222405385
8004,일식회집,amt,3,sequential,4,7.19228956302502,-0.0262675588036987
8004,일식회집,amt,3,sequential,5,-0.347201089012933,-0.00745744251688718
8004,일식회집,amt,3,sequential,6,13.5509873435121,0.505401873276237
8004,일식회집,amt,3,sequential,7,0.384031334470544,0.0985732691031213
8004,일식회집,amt,3,sequential,8,-0.56511789612616,0.0582899503449889
8004,일식회집,amt,3,sequential,9,0.116495722468554,0.103841835480131
8004,일식회집,amt,3,sequential,10,-0.174292624993039,-0.0184357596494935
8004,일식회집,amt,3,leave_one_block_out,1,17.1531378562886,0.79546031739469
8004,일식회집,amt,3,leave_one_block_out,2,-1.00758772057466,0.0878712706117221
8004,일식회집,amt,3,leave_one_block_out,3,-0.354738611357922,-0.120123551002366
8004,일식회집,amt,3,leave_one_block_out,4,-1.53111485207947,-0.258704269442658
8004,일식회집,amt,3,leave_one_block_out,5,0.339085166426675,0.00870670006701557
8004,일식회집,amt,3,leave_one_block_out,6,10.9840681429497,0.640987378564817
8004,일식회집,amt,3,leave_one_block_out,7,-0.161587853608566,0.0110206948412908
8004,일식회집,amt,3,leave_one_block_out,8,-0.433470491167171,0.0719424424754855
8004,일식회집,amt,3,leave_one_block_out,9,0.116495722468554,0.103841835480131
8004,일식회집,amt,4,sequential,2,19.2074497113867,0.429424757024293
8004,일식회집,amt,4,sequential,3,7.05396625523958,0.290210313171771
8004,일식회집,amt,4,sequential,4,8.07284595339217,-0.127778659747414
8004,일식회집,amt,4,sequential,5,-0.904008265144679,0.0267774074487783
8004,일식회집,amt,4,sequential,6,13.9599629039599,0.534191947799492
8004,일식회집,amt,4,sequential,7,-0.344380040805647,0.0281315520645555
8004,일식회집,amt,4,sequential,8,-1.02603521391472,-0.0791933368459836
8004,일식회집,amt,4,sequential,9,1.38196670056409,0.276528116438058
8004,일식회집,amt,4,sequential,10,-0.295018181269435,-0.012176101223875
8004,일식회집,amt,4,leave_one_block_out,1,14.6199482257247,0.673415412233328
8004,일식회집,amt,4,leave_one_block_out,2,-1.83910696040031,-0.150359556870666
8004,일식회집,amt,4,leave_one_block_out,3,-0.774970016868623,-0.316153534690536
8004,일식회집,amt,4,leave_one_block_out,4,-0.676902243740002,-0.325515243589728
8004,일식회집,amt,4,leave_one_block_out,5,-0.128480152639079,-0.0596849694217525
8004,일식회집,amt,4,leave_one_block_out,6,11.75628736374,0.620340277482194
8004,일식회집,amt,4,leave_one_block_out,7,-0.380516314776519,-0.0482266904794575
8004,일식회집,amt,4,leave_one_block_out,8,-0.522263744041371,-0.0300266689490956
8004,일식회집,amt,4,leave_one_block_out,9,1.38196670056409,0.276528116438058
8004,일식회집,amt,5,sequential,2,17.4830326273398,0.389043456785189
8004,일식회집,amt,5,sequential,3,7.73990815886462,0.28670162152798
8004,일식회집,amt,5,sequential,4,11.1102002513876,0.168092648240723
8004,일식회집,amt,5,sequential,5,-0.18512109442958,0.028208635835699
8004,일식회집,amt,5,sequential,6,12.8350420285447,0.531465756382823
8004,일식회집,amt,5,sequential,7,0.287252418120978,0.0865672034260991
8004,일식회집,amt,5,sequential,8,-1.0702819444362,-0.0898564691628077
8004,일식회집,amt,5,sequential,9,0.0384258748244493,0.170187312569188
8004,일식회집,amt,5,sequential,10,0.0881614519319895,0.00931845793692843
8004,일식회집,amt,5,leave_one_block_out,1,18.9079631732447,0.787266347685024
8004,일식회집,amt,5,leave_one_block_out,2,-1.31812786669799,0.0642014552572026
8004,일식회집,amt,5,leave_one_block_out,3,-0.352437620151436,-0.202480767163618
8004,일식회집,amt,5,leave_one_block_out,4,0.435327132773611,-0.0213545986933621
8004,일식회집,amt,5,leave_one_block_out,5,0.273528389300595,0.0491058759622248
8004,일식회집,amt,5,leave_one_block_out,6,12.3272586468102,0.647629087969487
8004,일식회집,amt,5,leave_one_block_out,7,-0.345352640453683,-0.0461087601300745
8004,일식회집,amt,5,leave_one_block_out,8,-0.602182544033944,-0.074208643140051
8004,일식회집,amt,5,leave_one_block_out,9,0.0384258748244493,0.170187312569188
8004,일식회집,amt,6,sequential,2,17.3411775796624,0.41897929666332
8004,일식회집,amt,6,sequential,3,7.11125662920696,0.240270357653728
8004,일식회집,amt,6,sequential,4,8.66966897032414,-0.0908928737791808
8004,일식회집,amt,6,sequential,5,-0.13317668579767,-0.0100160091272454
8004,일식회집,amt,6,sequential,6,13.9739887665714,0.525322698995205
8004,일식회집,amt,6,sequential,7,0.796809927291037,0.112652595215971
8004,일식회집,amt,6,sequential,8,-1.13361762706074,0.0496412882385505
8004,일식회집,amt,6,sequential,9,-1.11169637062401,0.0657356391074905
8004,일식회집,amt,6,sequential,10,-0.0250776441532846,-0.0011309324467057
8004,일식회집,amt,6,leave_one_block_out,1,17.9759381898901,0.72266405624508
8004,일식회집,amt,6,leave_one_block_out,2,-1.29942762115061,-0.065416062120659
8004,일식회집,amt,6,leave_one_block_out,3,-2.13510342675276,-0.419586727721978
8004,일식회집,amt,6,leave_one_block_out,4,-1.73110140012343,-0.299565040487216
8004,일식회집,amt,6,leave_one_block_out,5,-0.150825813143746,-0.0626464466664334
8004,일식회집,amt,6,leave_one_block_out,6,13.4533933344469,0.545392059822033
8004,일식회집,amt,6,leave_one_block_out,7,-0.0356714816340309,0.0267455757667873
8004,일식회집,amt,6,leave_one_block_out,8,-2.21678102209744,-0.200641501450327
8004,일식회집,amt,6,leave_one_block_out,9,-1.11169637062401,0.0657356391074905
8004,일식회집,amt,7,sequential,2,18.1009477649315,0.337199141490745
8004,일식회집,amt,7,sequential,3,8.61120175354502,0.403842059608886
8004,일식회집,amt,7,sequential,4,8.85073144036769,0.0706277318778517
8004,일식회집,amt,7,sequential,5,-0.568634140033758,-0.00596478399269595
8004,일식회집,amt,7,sequential,6,12.2442057130878,0.383006065807949
8004,일식회집,amt,7,sequential,7,0.955554074917289,0.0807517275557561
8004,일식회집,amt,7,sequential,8,0.0969752100855897,0.129042557805202
8004,일식회집,amt,7,sequential,9,-0.025927640431006,0.169585620369383
8004,일식회집,amt,7,sequential,10,-0.0187131425462839,0.00653563563649373
8004,일식회집,amt,7,leave_one_block_out,1,15.1784150696755,0.709640414291153
8004,일식회집,amt,7,leave_one_block_out,2,0.0360728411769706,0.227461263287179
8004,일식회집,amt,7,leave_one_block_out,3,-1.73202859761537,-0.343853752682448
8004,일식회집,amt,7,leave_one_block_out,4,-0.347624745929648,-0.0620844302747796
8004,일식회집,amt,7,leave_one_block_out,5,-0.454210938585398,-0.0879032816833258
8004,일식회집,amt,7,leave_one_block_out,6,11.8739811709157,0.608427218389358
8004,일식회집,amt,7,leave_one_block_out,7,0.105979290386238,0.0121332463624371
8004,일식회집,amt,7,leave_one_block_out,8,-1.60020694007161,-0.0460603431208111
8004,일식회집,amt,7,leave_one_block_out,9,-0.025927640431006,0.169585620369383
8004,일식회집,amt,8,sequential,2,19.0170423373521,0.418304913945573
8004,일식회집,amt,8,sequential,3,5.79201050613297,0.265517868297247
8004,일식회집,amt,8,sequential,4,9.80406090986167,-0.116866120453874
8004,일식회집,amt,8,sequential,5,0.80319403735602,0.092000640810914
8004,일식회집,amt,8,sequential,6,12.8455342272395,0.505286935488155
8004,일식회집,amt,8,sequential,7,-0.11732881706322,0.049148117417953
8004,일식회집,amt,8,sequential,8,0.0902616872676038,0.117049625632751
8004,일식회집,amt,8,sequential,9,0.123530446470005,0.198122655693661
8004,일식회집,amt,8,sequential,10,0.369923865207222,0.0383669366220921
8004,일식회집,amt,8,leave_one_block_out,1,17.1581526352989,0.694020543482436
8004,일식회집,amt,8,leave_one_block_out,2,-1.80682094392079,-0.219124327898525
8004,일식회집,amt,8,leave_one_block_out,3,-0.670698070064332,-0.152822785496305
8004,일식회집,amt,8,leave_one_block_out,4,0.104727568192961,-0.0739923669630402
8004,일식회집,amt,8,leave_one_block_out,5,0.278300407443138,0.0140877230596957
8004,일식회집,amt,8,leave_one_block_out,6,13.3020819923201,0.667242576505635
8004,일식회집,amt,8,leave_one_block_out,7,-0.0263293340096532,-0.011016369987616
8004,일식회집,amt,8,leave_one_block_out,8,0.122036937408881,0.165254133825099
8004,일식회집,amt,8,leave_one_block_out,9,0.123530446470005,0.198122655693661
8004,일식회집,amt,9,sequential,2,16.7817365823972,0.398377264206636
8004,일식회집,amt,9,sequential,3,9.24541244563898,0.358569058258729
8004,일식회집,amt,9,sequential,4,9.34807872067401,-0.0150644822677968
8004,일식회집,amt,9,sequential,5,0.911411646079691,0.167622901122477
8004,일식회집,amt,9,sequential,6,11.4600051535217,0.309378678661158
8004,일식회집,amt,9,sequential,7,-0.588354331824179,0.0107014903211053
8004,일식회집,amt,9,sequential,8,-2.41489231648099,0.0678575358845624
8004,일식회집,amt,9,sequential,9,-0.387886793275341,-0.0312480378006719
8004,일식회집,amt,9,sequential,10,-0.0686539463094327,-0.00719163937449574
8004,일식회집,amt,9,leave_one_block_out,1,17.5937054567991,0.720003531546793
8004,일식회집,amt,9,leave_one_block_out,2,0.747951985698836,0.335682731739058
8004,일식회집,amt,9,leave_one_block_out,3,-0.882405650651924,-0.20321276907153
8004,일식회집,amt,9,leave_one_block_out,4,-2.42607005697955,-0.692515789109512
8004,일식회집,amt,9,leave_one_block_out,5,0.0471525326288191,0.0104430358642885
8004,일식회집,amt,9,leave_one_block_out,6,11.6703521054277,0.545664094780031
8004,일식회집,amt,9,leave_one_block_out,7,-0.330528141648279,-0.0226141299005644
8004,일식회집,amt,9,leave_one_block_out,8,-2.17857112964503,-0.0134154368167176
8004,일식회집,amt,9,leave_one_block_out,9,-0.387886793275341,-0.0312480378006719
8004,일식회집,cnt,0,sequential,2,26.9204882307368,0.540323289844092
8004,일식회집,cnt,0,sequential,3,11.7266127052163,0.490599483628517
8004,일식회집,cnt,0,sequential,4,5.45135081778608,-0.157970954087398
8004,일식회집,cnt,0,sequential,5,0.89384811826646,0.154134249963646
8004,일식회집,cnt,0,sequential,6,7.85580903237151,0.447222879089105
8004,일식회집,cnt,0,sequential,7,-0.704565132504398,-0.0525216193070566
8004,일식회집,cnt,0,sequential,8,1.10261706872952,-0.0516557929934922
8004,일식회집,cnt,0,sequential,9,-2.34590841548235,-0.11279278217289
8004,일식회집,cnt,0,sequential,10,0.292183948014055,0.0432418901782254
8004,일식회집,cnt,0,leave_one_block_out,1,13.706372446438,0.54712877031779
8004,일식회집,cnt,0,leave_one_block_out,2,1.78503695397493,0.360265736149523
8004,일식회집,cnt,0,leave_one_block_out,3,0.487199626520129,-0.153342614020432
8004,일식회집,cnt,0,leave_one_block_out,4,-2.36171051610573,-0.521245685112826
8004,일식회집,cnt,0,leave_one_block_out,5,0.167406044649018,0.00970394154540954
8004,일식회집,cnt,0,leave_one_block_out,6,6.70373299460727,0.463939275933832
8004,일식회집,cnt,0,leave_one_block_out,7,-0.0308183278208723,-0.00101614576783637
8004,일식회집,cnt,0,leave_one_block_out,8,-2.02442414393337,-0.405879522365693
8004,일식회집,cnt,0,leave_one_block_out,9,-2.34590841548235,-0.11279278217289
8004,일식회집,cnt,1,sequential,2,26.492907044411,0.537460227831648
8004,일식회집,cnt,1,sequential,3,8.2035797879329,0.372244330340447
8004,일식회집,cnt,1,sequential,4,9.44230976120465,0.150229562911278
8004,일식회집,cnt,1,sequential,5,0.0802631693734568,0.106860954891779
8004,일식회집,cnt,1,sequential,6,5.66629604747009,0.173216554788339
8004,일식회집,cnt,1,sequential,7,0.666576586067688,0.140077904561149
8004,일식회집,cnt,1,sequential,8,0.966436106534266,0.171477946603759
8004,일식회집,cnt,1,sequential,9,-1.32005344936802,-0.0896935862613979
8004,일식회집,cnt,1,sequential,10,0.157303595594804,-0.00614278596040396
8004,일식회집,cnt,1,leave_one_block_out,1,15.3278520036321,0.725566824962593
8004,일식회집,cnt,1,leave_one_block_out,2,2.00519245078068,0.467440477470157
8004,일식회집,cnt,1,leave_one_block_out,3,-3.72800334712533,-0.9601400973705
8004,일식회집,cnt,1,leave_one_block_out,4,-1.88274129800712,-0.192255379760237
8004,일식회집,cnt,1,leave_one_block_out,5,0.0550822148279756,-0.124019369787074
8004,일식회집,cnt,1,leave_one_block_out,6,6.36130987436637,0.355218788575026
8004,일식회집,cnt,1,leave_one_block_out,7,0.398947030928898,0.18464732173146
8004,일식회집,cnt,1,leave_one_block_out,8,-2.00298510926456,-0.113551259718066
8004,일식회집,cnt,1,leave_one_block_out,9,-1.32005344936802,-0.0896935862613979
8004,일식회집,cnt,2,sequential,2,29.4915291421477,0.574259351168543
8004,일식회집,cnt,2,sequential,3,9.90892635492245,0.513795355595329
8004,일식회집,cnt,2,sequential,4,8.618247653751,0.23586598108531
8004,일식회집,cnt,2,sequential,5,-0.999442037190545,-0.0300477479928887
8004,일식회집,cnt,2,sequential,6,5.44011912585946,0.119942133263888
8004,일식회집,cnt,2,sequential,7,0.371275382351008,0.092305442294457
8004,일식회집,cnt,2,sequential,8,0.967862658996929,0.343703286301353
8004,일식회집,cnt,2,sequential,9,-0.743759631118865,-0.167610685342952
8004,일식회집,cnt,2,sequential,10,-0.391501762426175,-0.000311992701346853
8004,일식회집,cnt,2,leave_one_block_out,1,15.9229282612721,0.71286465790872
8004,일식회집,cnt,2,leave_one_block_out,2,2.40015419889823,0.420183781501893
8004,일식회집,cnt,2,leave_one_block_out,3,-1.52161857776487,-0.324793833861388
8004,일식회집,cnt,2,leave_one_block_out,4,-1.34674556246822,-0.173009315190109
8004,일식회집,cnt,2,leave_one_block_out,5,0.134080953788215,0.0240837339078399
8004,일식회집,cnt,2,leave_one_block_out,6,6.04479535206175,0.309807342420818
8004,일식회집,cnt,2,leave_one_block_out,7,-0.680860524665003,-0.046097187525638
8004,일식회집,cnt,2,leave_one_block_out,8,0.0202398377548402,0.137536512570899
8004,일식회집,cnt,2,leave_one_block_out,9,-0.743759631118865,-0.167610685342952
8004,일식회집,cnt,3,sequential,2,25.7180900356253,0.499753189980534
8004,일식회집,cnt,3,sequential,3,11.3390788905398,0.465673186099508
8004,일식회집,cnt,3,sequential,4,4.64916036359954,-0.0959056128894289
8004,일식회집,cnt,3,sequential,5,0.264821412749194,-0.0165588600853572
8004,일식회집,cnt,3,sequential,6,7.14506454928637,0.382351730375036
8004,일식회집,cnt,3,sequential,7,0.582935081920696,0.0916171454489889
8004,일식회집,cnt,3,sequential,8,0.519597617659401,-0.0611866755725201
8004,일식회집,cnt,3,sequential,9,0.779155484243346,0.153711721872453
8004,일식회집,cnt,3,sequential,10,-0.228813636631772,-0.00712223526943689
8004,일식회집,cnt,3,leave_one_block_out,1,15.5722188090911,0.676529943874197
8004,일식회집,cnt,3,leave_one_block_out,2,3.69701025471382,0.391569485462238
8004,일식회집,cnt,3,leave_one_block_out,3,0.277731269038053,-0.201095190946125
8004,일식회집,cnt,3,leave_one_block_out,4,-2.83784196542423,-0.655905500473854
8004,일식회집,cnt,3,leave_one_block_out,5,0.378119697455467,-0.0187436562359868
8004,일식회집,cnt,3,leave_one_block_out,6,7.54324054279483,0.577603062623849
8004,일식회집,cnt,3,leave_one_block_out,7,0.14980057870301,0.0565522818730694
8004,일식회집,cnt,3,leave_one_block_out,8,-0.237724299463893,-0.179216404794237
8004,일식회집,cnt,3,leave_one_block_out,9,0.779155484243346,0.153711721872453
8004,일식회집,cnt,4,sequential,2,27.7160087794209,0.53270801314153
8004,일식회집,cnt,4,sequential,3,9.5842398463528,0.471727332373952
8004,일식회집,cnt,4,sequential,4,4.56890662389524,-0.307609646769316
8004,일식회집,cnt,4,sequential,5,-0.410558491851243,0.0594828917212189
8004,일식회집,cnt,4,sequential,6,8.71150256849464,0.453170969607755
8004,일식회집,cnt,4,sequential,7,0.159414195469218,0.0749436977982886
8004,일식회집,cnt,4,sequential,8,0.599494429669922,-0.245701439483653
8004,일식회집,cnt,4,sequential,9,1.0827783842693,0.293935550449305
8004,일식회집,cnt,4,sequential,10,-0.173516998769871,0.0798807437228322
8004,일식회집,cnt,4,leave_one_block_out,1,13.5623342181928,0.532791338678143
8004,일식회집,cnt,4,leave_one_block_out,2,1.21734770901083,0.290236871899663
8004,일식회집,cnt,4,leave_one_block_out,3,-0.433841604457647,-0.445566190995245
8004,일식회집,cnt,4,leave_one_block_out,4,-1.5732939014326,-0.584613440404714
8004,일식회집,cnt,4,leave_one_block_out,5,0.268915118482674,-0.118483748190203
8004,일식회집,cnt,4,leave_one_block_out,6,7.9607903446653,0.563160006271893
8004,일식회집,cnt,4,leave_one_block_out,7,-0.025194607428361,0.0700144199921485
8004,일식회집,cnt,4,leave_one_block_out,8,-0.510514085606864,-0.293190013696523
8004,일식회집,cnt,4,leave_one_block_out,9,1.0827783842693,0.293935550449305
8004,일식회집,cnt,5,sequential,2,27.2138248559737,0.5102804036567
8004,일식회집,cnt,5,sequential,3,9.30612615715599,0.430994445628339
8004,일식회집,cnt,5,sequential,4,8.45358445768196,0.125300911867224
8004,일식회집,cnt,5,sequential,5,0.237433716319174,0.0765738751155932
8004,일식회집,cnt,5,sequential,6,6.51373765601162,0.37220979784703
8004,일식회집,cnt,5,sequential,7,0.390223653051172,0.0184988661921961
8004,일식회집,cnt,5,sequential,8,0.09550961126161,-0.276774078078786
8004,일식회집,cnt,5,sequential,9,0.464642109859958,0.185982886117261
8004,일식회집,cnt,5,sequential,10,-0.12773958084816,-0.0131113904691582
8004,일식회집,cnt,5,leave_one_block_out,1,17.9309007409874,0.628305870542697
8004,일식회집,cnt,5,leave_one_block_out,2,2.14124024305253,0.2767798252819
8004,일식회집,cnt,5,leave_one_block_out,3,0.564423523376592,-0.303205792179837
8004,일식회집,cnt,5,leave_one_block_out,4,-0.191906880901488,-0.332689689312557
8004,일식회집,cnt,5,leave_one_block_out,5,0.537157759542153,0.0139395039466204
8004,일식회집,cnt,5,leave_one_block_out,6,8.22656131179771,0.504257905042893
8004,일식회집,cnt,5,leave_one_block_out,7,-0.443404296160863,0.00129490650111319
8004,일식회집,cnt,5,leave_one_block_out,8,-1.3193801568228,-0.340131361349144
8004,일식회집,cnt,5,leave_one_block_out,9,0.464642109859958,0.185982886117261
8004,일식회집,cnt,6,sequential,2,26.9447322192316,0.552812313256797
8004,일식회집,cnt,6,sequential,3,9.32449167305922,0.422386427885644
8004,일식회집,cnt,6,sequential,4,5.68163068854001,-0.134756598230525
8004,일식회집,cnt,6,sequential,5,0.184370209670009,0.00892576614552565
8004,일식회집,cnt,6,sequential,6,8.08450905537147,0.452496760928646
8004,일식회집,cnt,6,sequential,7,0.621561019318143,0.1218295804785
8004,일식회집,cnt,6,sequential,8,0.440182179748094,-0.0112501306138277
8004,일식회집,cnt,6,sequential,9,-0.638103110725777,0.140577631404906
8004,일식회집,cnt,6,sequential,10,-0.0653319064074481,-0.0278849827278242
8004,일식회집,cnt,6,leave_one_block_out,1,18.9636252172153,0.7157190626353
8004,일식회집,cnt,6,leave_one_block_out,2,1.23728236983224,0.376630448878354
8004,일식회집,cnt,6,leave_one_block_out,3,-2.07803326393767,-0.598723930894023
8004,일식회집,cnt,6,leave_one_block_out,4,-2.00730896120347,-0.22082531751851
8004,일식회집,cnt,6,leave_one_block_out,5,-0.181726358289017,-0.0927313342356308
8004,일식회집,cnt,6,leave_one_block_out,6,9.18170491288754,0.471651776098403
8004,일식회집,cnt,6,leave_one_block_out,7,0.385280850077721,0.133254895703017
8004,일식회집,cnt,6,leave_one_block_out,8,-1.21192908450315,-0.337664057538639
8004,일식회집,cnt,6,leave_one_block_out,9,-0.638103110725777,0.140577631404906
8004,일식회집,cnt,7,sequential,2,26.8666516015129,0.420219985169594
8004,일식회집,cnt,7,sequential,3,10.3100478073768,0.546006600843322
8004,일식회집,cnt,7,sequential,4,7.26058435646762,0.0935087409276671
8004,일식회집,cnt,7,sequential,5,0.000111679858527669,0.0204564786121638
8004,일식회집,cnt,7,sequential,6,5.25340998480408,0.124409756072071
8004,일식회집,cnt,7,sequential,7,1.4761405416308,0.153320570359977
8004,일식회집,cnt,7,sequential,8,0.732846086218786,0.083038875967032
8004,일식회집,cnt,7,sequential,9,0.828069949091206,0.196649496836147
8004,일식회집,cnt,7,sequential,10,-0.17672703294265,-0.0136202048949163
8004,일식회집,cnt,7,leave_one_block_out,1,15.4453954110644,0.657781065844723
8004,일식회집,cnt,7,leave_one_block_out,2,3.95863992979575,0.54044695601158
8004,일식회집,cnt,7,leave_one_block_out,3,-1.25366477533502,-0.512484046227129
8004,일식회집,cnt,7,leave_one_block_out,4,-1.42570953853201,-0.30249238881333
8004,일식회집,cnt,7,leave_one_block_out,5,0.0361631826045844,-0.17051341091836
8004,일식회집,cnt,7,leave_one_block_out,6,7.33246912791593,0.541131292063377
8004,일식회집,cnt,7,leave_one_block_out,7,0.721011663703169,0.124581493059125
8004,일식회집,cnt,7,leave_one_block_out,8,-1.5815690052349,-0.180346514778886
8004,일식회집,cnt,7,leave_one_block_out,9,0.828069949091206,0.196649496836147
8004,일식회집,cnt,8,sequential,2,28.8948873673521,0.570727068134663
8004,일식회집,cnt,8,sequential,3,8.08327930585735,0.407334130154612
8004,일식회집,cnt,8,sequential,4,6.82902364050924,-0.0896699470892304
8004,일식회집,cnt,8,sequential,5,0.971189669575023,0.124185187256564
8004,일식회집,cnt,8,sequential,6,7.32638950262383,0.364669523407159
8004,일식회집,cnt,8,sequential,7,-0.591059073100744,0.0175061016797042
8004,일식회집,cnt,8,sequential,8,2.79830556756706,0.105829729635322
8004,일식회집,cnt,8,sequential,9,-0.972064426083816,0.212055053570222
8004,일식회집,cnt,8,sequential,10,0.116573461725528,0.0408111749857993
8004,일식회집,cnt,8,leave_one_block_out,1,16.6072700674144,0.686979448680217
8004,일식회집,cnt,8,leave_one_block_out,2,0.0904061507481735,0.144734474190511
8004,일식회집,cnt,8,leave_one_block_out,3,-0.680365102704655,-0.130510541323609
8004,일식회집,cnt,8,leave_one_block_out,4,-1.02513921903707,-0.295295884574139
8004,일식회집,cnt,8,leave_one_block_out,5,0.875505757753772,0.0145774149942234
8004,일식회집,cnt,8,leave_one_block_out,6,8.14579356098452,0.579054925228741
8004,일식회집,cnt,8,leave_one_block_out,7,-0.173007809226369,0.0564686953538118
8004,일식회집,cnt,8,leave_one_block_out,8,0.660444611866257,0.0982278420861904
8004,일식회집,cnt,8,leave_one_block_out,9,-0.972064426083816,0.212055053570222
8004,일식회집,cnt,9,sequential,2,26.7223613780251,0.529939255564212
8004,일식회집,cnt,9,sequential,3,10.9306107968064,0.512628736239532
8004,일식회집,cnt,9,sequential,4,7.11310046048179,0.138239001083444
8004,일식회집,cnt,9,sequential,5,1.3490746305599,0.205508163955213
8004,일식회집,cnt,9,sequential,6,5.96726364240023,0.171246547140983
8004,일식회집,cnt,9,sequential,7,-0.258149970117769,-0.0834699287638465
8004,일식회집,cnt,9,sequential,8,-1.41415929239086,-0.458117637224589
8004,일식회집,cnt,9,sequential,9,-1.08710213910346,-0.0575903007466425
8004,일식회집,cnt,9,sequential,10,0.302677230686973,0.060161245653087
8004,일식회집,cnt,9,leave_one_block_out,1,16.5574427905826,0.52924757849526
8004,일식회집,cnt,9,leave_one_block_out,2,3.74060556232885,0.538471755404053
8004,일식회집,cnt,9,leave_one_block_out,3,-2.1947515510851,-0.819964230292843
8004,일식회집,cnt,9,leave_one_block_out,4,-4.56665997283263,-1.2564579034893
8004,일식회집,cnt,9,leave_one_block_out,5,0.0331535442410991,-0.090789962840095
8004,일식회집,cnt,9,leave_one_block_out,6,7.77083990030291,0.400891070773965
8004,일식회집,cnt,9,leave_one_block_out,7,-0.24377016096436,0.0909195456586644
8004,일식회집,cnt,9,leave_one_block_out,8,-2.31853728401954,-0.622266943924902
8004,일식회집,cnt,9,leave_one_block_out,9,-1.08710213910346,-0.0575903007466425
8004,일식회집,ticket,0,sequential,2,2.26610241175407,0.104788063985577
8004,일식회집,ticket,0,sequential,3,0.0663513371086527,0.00161635071423027
8004,일식회집,ticket,0,sequential,4,0.804551090163433,0.0885805637309687
8004,일식회집,ticket,0,sequential,5,0.0478672638881295,0.0287194454109301
8004,일식회집,ticket,0,sequential,6,2.62722867217843,0.299712390193059
8004,일식회집,ticket,0,sequential,7,-0.0933197376242895,-0.00953109437288524
8004,일식회집,ticket,0,sequential,8,-0.892829427915148,-0.0998202332686886
8004,일식회집,ticket,0,sequential,9,0.210999625699879,-0.0117290279216959
8004,일식회집,ticket,0,sequential,10,0.0665460220368036,0.0115228591480256
8004,일식회집,ticket,0,leave_one_block_out,1,-0.163064612662989,-0.0328872781129881
8004,일식회집,ticket,0,leave_one_block_out,2,-0.205208109869698,-0.0431010523585897
8004,일식회집,ticket,0,leave_one_block_out,3,0.0178039513495681,-0.00216429313768018
8004,일식회집,ticket,0,leave_one_block_out,4,-0.241387121253678,-0.038171269487163
8004,일식회집,ticket,0,leave_one_block_out,5,-0.158599928085498,-0.00185822192316465
8004,일식회집,ticket,0,leave_one_block_out,6,2.21946512245659,0.246172039177092
8004,일식회집,ticket,0,leave_one_block_out,7,-0.000328204603949889,0.00324598873578885
8004,일식회집,ticket,0,leave_one_block_out,8,-0.972021881787727,-0.109814102224465
8004,일식회집,ticket,0,leave_one_block_out,9,0.210999625699879,-0.0117290279216959
8004,일식회집,ticket,1,sequential,2,2.01683210515202,0.105428302089172
8004,일식회집,ticket,1,sequential,3,-0.114775979463727,-0.00926180225532613
8004,일식회집,ticket,1,sequential,4,1.02122449481278,0.0984450945187925
8004,일식회집,ticket,1,sequential,5,0.211761075880004,0.0439010508233739
8004,일식회집,ticket,1,sequential,6,2.65416745745413,0.271944147819556
8004,일식회집,ticket,1,sequential,7,-0.00548510153672577,-0.00486835158314824
8004,일식회집,ticket,1,sequential,8,-1.17252579024315,-0.159282644397754
8004,일식회집,ticket,1,sequential,9,-0.16270447321354,-0.117975322686566
8004,일식회집,ticket,1,sequential,10,0.0735589453818991,0.00905292506656563
8004,일식회집,ticket,1,leave_one_block_out,1,0.00756137866410322,0.00224718015859571
8004,일식회집,ticket,1,leave_one_block_out,2,0.0856129579379167,-0.0163455409654063
8004,일식회집,ticket,1,leave_one_block_out,3,0.0299683067498974,-0.021077866275943
8004,일식회집,ticket,1,leave_one_block_out,4,-0.30865374434719,-0.0789741831483193
8004,일식회집,ticket,1,leave_one_block_out,5,0.0677086727526394,0.0109874233963618
8004,일식회집,ticket,1,leave_one_block_out,6,1.88514439045704,0.121735069148511
8004,일식회집,ticket,1,leave_one_block_out,7,-0.0632837694121341,-0.0156545970048643
8004,일식회집,ticket,1,leave_one_block_out,8,-1.23604178164656,-0.187369006731309
8004,일식회집,ticket,1,leave_one_block_out,9,-0.16270447321354,-0.117975322686566
8004,일식회집,ticket,2,sequential,2,2.27845602939502,0.120702123745264
8004,일식회집,ticket,2,sequential,3,-0.0094050404939594,0.00399975612630588
8004,일식회집,ticket,2,sequential,4,0.569995321443903,0.0535043338251466
8004,일식회집,ticket,2,sequential,5,-0.0151357689724907,0.0305356287158909
8004,일식회집,ticket,2,sequential,6,2.77644608900699,0.296008677910477
8004,일식회집,ticket,2,sequential,7,0.0457956155211908,-0.00522291731711344
8004,일식회집,ticket,2,sequential,8,-0.785726536403844,-0.130868508098591
8004,일식회집,ticket,2,sequential,9,0.0139417715433549,-0.0360889022943853
8004,일식회집,ticket,2,sequential,10,-0.243768388404908,-0.0103288867147031
8004,일식회집,ticket,2,leave_one_block_out,1,-0.0154445141569703,-0.00855786715675988
8004,일식회집,ticket,2,leave_one_block_out,2,0.357236647494807,0.0247099390334121
8004,일식회집,ticket,2,leave_one_block_out,3,0.129044917741766,0.00531950274612736
8004,일식회집,ticket,2,leave_one_block_out,4,-0.265369803944779,-0.0372601951323814
8004,일식회집,ticket,2,leave_one_block_out,5,0.0630584265442796,0.0222809403261593
8004,일식회집,ticket,2,leave_one_block_out,6,1.90771725129386,0.187015204005298
8004,일식회집,ticket,2,leave_one_block_out,7,-0.155011117008763,-0.0126329619866996
8004,일식회집,ticket,2,leave_one_block_out,8,-0.538757151253866,-0.0895056755376247
8004,일식회집,ticket,2,leave_one_block_out,9,0.0139417715433549,-0.0360889022943853
8004,일식회집,ticket,3,sequential,2,2.31977032319568,0.131869425786511
8004,일식회집,ticket,3,sequential,3,0.0665714898081482,0.00821525266491907
8004,일식회집,ticket,3,sequential,4,0.584202669156639,0.0548779914848809
8004,일식회집,ticket,3,sequential,5,-0.196208786717417,0.0144254355957112
8004,일식회집,ticket,3,sequential,6,2.59496714664307,0.28864270905584
8004,일식회집,ticket,3,sequential,7,0.0657232441630129,0.0062950615976316
8004,일식회집,ticket,3,sequential,8,-0.828565257815242,-0.162803540114597
8004,일식회집,ticket,3,sequential,9,0.372073508748999,0.0165072372516295
8004,일식회집,ticket,3,sequential,10,-0.155155677190913,0.00304884530232696
8004,일식회집,ticket,3,leave_one_block_out,1,-0.10355108287893,-0.00983447951654459
8004,일식회집,ticket,3,leave_one_block_out,2,0.0811573923947151,0.0287569228815785
8004,일식회집,ticket,3,leave_one_block_out,3,-0.316968400833248,-0.0543842129094594
8004,일식회집,ticket,3,leave_one_block_out,4,-0.243721396107052,-0.0677361950547657
8004,일식회집,ticket,3,leave_one_block_out,5,8.36559074540721e-05,0.0246843379998707
8004,일식회집,ticket,3,leave_one_block_out,6,1.81137247064289,0.165063118237749
8004,일식회집,ticket,3,leave_one_block_out,7,-0.0833031458860128,-0.0065816884753882
8004,일식회집,ticket,3,leave_one_block_out,8,-0.514286938047029,-0.122891563293352
8004,일식회집,ticket,3,leave_one_block_out,9,0.372073508748999,0.0165072372516295
8004,일식회집,ticket,4,sequential,2,2.07564258207309,0.12245184275041
8004,일식회집,ticket,4,sequential,3,0.214744594267091,0.00851658870256455
8004,일식회집,ticket,4,sequential,4,0.82084981159552,0.0589006735467987
8004,일식회집,ticket,4,sequential,5,-0.0264365508313796,0.0198354820806985
8004,일식회집,ticket,4,sequential,6,2.65826177551818,0.274709071326419
8004,일식회집,ticket,4,sequential,7,-0.145299869290613,-0.0203001254673612
8004,일식회집,ticket,4,sequential,8,-0.590192317134283,-0.0798376600706059
8004,일식회집,ticket,4,sequential,9,-0.55367543670217,-0.072166689652061
8004,일식회집,ticket,4,sequential,10,-0.341648031883618,-0.0282346280548713
8004,일식회집,ticket,4,leave_one_block_out,1,-0.148919277855253,-0.0193120248209442
8004,일식회집,ticket,4,leave_one_block_out,2,-0.694512161625341,-0.109401353307325
8004,일식회집,ticket,4,leave_one_block_out,3,0.0827933377564455,-0.0115627048110674
8004,일식회집,ticket,4,leave_one_block_out,4,-0.0376426829599569,-0.0611209926879626
8004,일식회집,ticket,4,leave_one_block_out,5,0.00364648083469032,-0.00497539200783503
8004,일식회집,ticket,4,leave_one_block_out,6,1.62654950629972,0.165071593564191
8004,일식회집,ticket,4,leave_one_block_out,7,-0.347383835262147,-0.0195990796974439
8004,일식회집,ticket,4,leave_one_block_out,8,-0.867010758064624,-0.1140167600724
8004,일식회집,ticket,4,leave_one_block_out,9,-0.55367543670217,-0.072166689652061
8004,일식회집,ticket,5,sequential,2,1.88359236810343,0.100663641371262
8004,일식회집,ticket,5,sequential,3,0.173204896025847,0.0047259214326153
8004,일식회집,ticket,5,sequential,4,0.678552702077784,0.0814235554029181
8004,일식회집,ticket,5,sequential,5,-0.0716375832277349,0.0243646139405789
8004,일식회집,ticket,5,sequential,6,2.83048826294311,0.25433721316208
8004,일식회집,ticket,5,sequential,7,-0.0992938507523328,-0.00533197093695814
8004,일식회집,ticket,5,sequential,8,-0.490533517849331,-0.0808154224519508
8004,일식회집,ticket,5,sequential,9,-0.78754142573208,-0.170680261688069
8004,일식회집,ticket,5,sequential,10,-0.0427777054919809,-0.00586059809392037
8004,일식회집,ticket,5,leave_one_block_out,1,0.0127737336498318,0.00105307803642507
8004,일식회집,ticket,5,leave_one_block_out,2,-0.738183271812093,-0.111817800555917
8004,일식회집,ticket,5,leave_one_block_out,3,-0.0433344483328185,-0.0095071949019141
8004,일식회집,ticket,5,leave_one_block_out,4,-0.137078129545673,-0.0494165416199794
8004,일식회집,ticket,5,leave_one_block_out,5,0.0314362424904346,0.00153564827664676
8004,일식회집,ticket,5,leave_one_block_out,6,1.79896998198171,0.129542741660507
8004,일식회집,ticket,5,leave_one_block_out,7,-0.434451788741499,-0.0462772511192189
8004,일식회집,ticket,5,leave_one_block_out,8,-0.746318811042188,-0.111886104029661
8004,일식회집,ticket,5,leave_one_block_out,9,-0.78754142573208,-0.170680261688069
8004,일식회집,ticket,6,sequential,2,2.00528604018451,0.11993764351925
8004,일식회집,ticket,6,sequential,3,-0.0120473714085495,0.00410891808381098
8004,일식회집,ticket,6,sequential,4,0.888492955548292,0.0704219118079421
8004,일식회집,ticket,6,sequential,5,0.0820261550781909,0.028758791244057
8004,일식회집,ticket,6,sequential,6,2.69585001909367,0.281392537355403
8004,일식회집,ticket,6,sequential,7,0.00138164112498673,-0.00660328621104145
8004,일식회집,ticket,6,sequential,8,-0.700975655745584,-0.125314249189965
8004,일식회집,ticket,6,sequential,9,0.139169302412953,-0.0441010780914639
8004,일식회집,ticket,6,sequential,10,-0.107317422121878,-0.00491122507225827
8004,일식회집,ticket,6,leave_one_block_out,1,-0.102755519680511,-0.0132370573002174
8004,일식회집,ticket,6,leave_one_block_out,2,-0.546717756785531,-0.0685260847451759
8004,일식회집,ticket,6,leave_one_block_out,3,0.101791549145971,0.0110551794929307
8004,일식회집,ticket,6,leave_one_block_out,4,0.114685384972626,0.00780068733117234
8004,일식회집,ticket,6,leave_one_block_out,5,0.102191075673083,0.00652256466415124
8004,일식회집,ticket,6,leave_one_block_out,6,2.21423763045716,0.186125962100205
8004,일식회집,ticket,6,leave_one_block_out,7,-0.0855177097237869,-0.0129136973082784
8004,일식회집,ticket,6,leave_one_block_out,8,-0.54201031723268,-0.0678614510423379
8004,일식회집,ticket,6,leave_one_block_out,9,0.139169302412953,-0.0441010780914639
8004,일식회집,ticket,7,sequential,2,2.13357312657386,0.120875836309773
8004,일식회집,ticket,7,sequential,3,-0.0322112226666671,0.00750293406805358
8004,일식회집,ticket,7,sequential,4,0.685001650251291,0.0700764249609853
8004,일식회집,ticket,7,sequential,5,-0.336120984995711,0.00629039973171508
8004,일식회집,ticket,7,sequential,6,3.17423299818044,0.30189789782668
8004,일식회집,ticket,7,sequential,7,-0.0775790465636472,-0.0123691127409582
8004,일식회집,ticket,7,sequential,8,-0.356469504564941,-0.0560466883870119
8004,일식회집,ticket,7,sequential,9,-0.176679711943162,-0.0623458852584895
8004,일식회집,ticket,7,sequential,10,-0.082116500173246,-0.00346962552161179
8004,일식회집,ticket,7,leave_one_block_out,1,0.074570715575209,-0.0017227754036262
8004,일식회집,ticket,7,leave_one_block_out,2,-0.0483882021326015,-0.0162313828050167
8004,일식회집,ticket,7,leave_one_block_out,3,0.0684772577838361,0.00752614163784315
8004,일식회집,ticket,7,leave_one_block_out,4,-0.132720426423868,-0.0356625263796626
8004,일식회집,ticket,7,leave_one_block_out,5,0.305699607221785,0.0358465194038358
8004,일식회집,ticket,7,leave_one_block_out,6,2.41880380660463,0.217042917500679
8004,일식회집,ticket,7,leave_one_block_out,7,-0.250711714095078,-0.0169922728520324
8004,일식회집,ticket,7,leave_one_block_out,8,-0.374297008669461,-0.0482466146088247
8004,일식회집,ticket,7,leave_one_block_out,9,-0.176679711943162,-0.0623458852584895
8004,일식회집,ticket,8,sequential,2,2.47504017544581,0.148698197059664
8004,일식회집,ticket,8,sequential,3,0.0852983133542262,0.00737952457197488
8004,일식회집,ticket,8,sequential,4,-0.0313520279581453,0.00794510696268202
8004,일식회집,ticket,8,sequential,5,-0.0152635469920032,0.0311269627679595
8004,일식회집,ticket,8,sequential,6,2.75958985315446,0.280562547591427
8004,일식회집,ticket,8,sequential,7,0.116887720235789,0.0124905606472875
8004,일식회집,ticket,8,sequential,8,-0.663343669987476,-0.158354021499266
8004,일식회집,ticket,8,sequential,9,0.364100963167746,-0.0140362962608671
8004,일식회집,ticket,8,sequential,10,-0.0222106751333884,0.00232077206445225
8004,일식회집,ticket,8,leave_one_block_out,1,-0.0826750169926921,-0.00215622070689525
8004,일식회집,ticket,8,leave_one_block_out,2,-0.0771114663710742,-0.0169244113381273
8004,일식회집,ticket,8,leave_one_block_out,3,0.169740768757784,-0.00916751243026992
8004,일식회집,ticket,8,leave_one_block_out,4,-0.329332867714605,-0.0846355366755043
8004,일식회집,ticket,8,leave_one_block_out,5,0.0325682801378818,0.0146960713833326
8004,일식회집,ticket,8,leave_one_block_out,6,2.34901066697073,0.233151888096818
8004,일식회집,ticket,8,leave_one_block_out,7,-0.239089348816399,-0.0222828921454801
8004,일식회집,ticket,8,leave_one_block_out,8,-0.256078443122723,-0.080696100573979
8004,일식회집,ticket,8,leave_one_block_out,9,0.364100963167746,-0.0140362962608671
8004,일식회집,ticket,9,sequential,2,1.96567699860227,0.112189935273747
8004,일식회집,ticket,9,sequential,3,0.0543667022789296,0.000214224955170539
8004,일식회집,ticket,9,sequential,4,0.616352302219594,0.0409514290358249
8004,일식회집,ticket,9,sequential,5,0.0816463459748229,0.0226098234125302
8004,일식회집,ticket,9,sequential,6,3.03657034098106,0.30736467997074
8004,일식회집,ticket,9,sequential,7,0.0800695505746546,0.00590959492953391
8004,일식회집,ticket,9,sequential,8,-1.02296410191756,-0.130358696108286
8004,일식회집,ticket,9,sequential,9,-0.305846717365907,-0.0886586522263499
8004,일식회집,ticket,9,sequential,10,-0.199828694508478,-0.00732892521398187
8004,일식회집,ticket,9,leave_one_block_out,1,-0.000359711782429994,-0.00546560863951906
8004,일식회집,ticket,9,leave_one_block_out,2,-0.104131994159362,-0.00612032269615437
8004,일식회집,ticket,9,leave_one_block_out,3,0.272976851974899,0.00123316780908289
8004,일식회집,ticket,9,leave_one_block_out,4,-0.183608826995613,-0.0458623664024542
8004,일식회집,ticket,9,leave_one_block_out,5,0.0596469663275173,0.00824747355498134
8004,일식회집,ticket,9,leave_one_block_out,6,3.10497922601178,0.269020421221862
8004,일식회집,ticket,9,leave_one_block_out,7,-0.341268860116942,-0.0294188209765318
8004,일식회집,ticket,9,leave_one_block_out,8,-0.959729945682358,-0.136986455088203
8004,일식회집,ticket,9,leave_one_block_out,9,-0.305846717365907,-0.0886586522263499
8005,중국음식,amt,0,sequential,2,3.33662505052018,0.238366782189207
8005,중국음식,amt,0,sequential,3,8.69520120859557,0.50577763625907
8005,중국음식,amt,0,sequential,4,1.45580791020704,0.0546368281053029
8005,중국음식,amt,0,sequential,5,0.918763379690463,0.0615606764992193
8005,중국음식,amt,0,sequential,6,1.09797790453922,0.0886326319402212
8005,중국음식,amt,0,sequential,7,-0.518238448180475,-0.0281392968002265
8005,중국음식,amt,0,sequential,8,-0.653199652336242,-0.137677919630586
8005,중국음식,amt,0,sequential,9,1.24794466889034,0.114263520636033
8005,중국음식,amt,0,sequential,10,-0.0390519155825358,0.0141257471539858
8005,중국음식,amt,0,leave_one_block_out,1,15.9700797417446,0.609811881166585
8005,중국음식,amt,0,leave_one_block_out,2,-0.680686350270093,-0.0854571649735918
8005,중국음식,amt,0,leave_one_block_out,3,-0.605082176994573,-0.0815488938182389
8005,중국음식,amt,0,leave_one_block_out,4,-1.41832832081476,-0.151076637998825
8005,중국음식,amt,0,leave_one_block_out,5,0.512511000241539,0.0687197001664399
8005,중국음식,amt,0,leave_one_block_out,6,2.18716318104212,0.115765312401598
8005,중국음식,amt,0,leave_one_block_out,7,0.357862304057327,0.0708728565676767
8005,중국음식,amt,0,leave_one_block_out,8,-1.58990642035101,-0.159487701281986
8005,중국음식,amt,0,leave_one_block_out,9,1.24794466889034,0.114263520636033
8005,중국음식,amt,1,sequential,2,2.86280474373433,0.188021136039313
8005,중국음식,amt,1,sequential,3,8.31465347713815,0.49525258241199
8005,중국음식,amt,1,sequential,4,1.30122306286372,0.0107210921298269
8005,중국음식,amt,1,sequential,5,1.20638907496999,0.103725562909553
8005,중국음식,amt,1,sequential,6,1.94155110541918,0.101361743299183
8005,중국음식,amt,1,sequential,7,-0.513460694384024,-0.00156632071470098
8005,중국음식,amt,1,sequential,8,-0.350664355616526,-0.030873525741135
8005,중국음식,amt,1,sequential,9,1.28125440817396,0.0668965610228085
8005,중국음식,amt,1,sequential,10,-0.128138438054753,0.00013995858868221
8005,중국음식,amt,1,leave_one_block_out,1,17.1813513967337,0.637849264031296
8005,중국음식,amt,1,leave_one_block_out,2,-0.752112343617781,-0.0906792361511792
8005,중국음식,amt,1,leave_one_block_out,3,-0.580243832816801,-0.0897537144673823
8005,중국음식,amt,1,leave_one_block_out,4,-0.789736244315292,-0.0779170143322512
8005,중국음식,amt,1,leave_one_block_out,5,0.401967688600832,0.0436937864689269
8005,중국음식,amt,1,leave_one_block_out,6,2.33826429751801,0.117688279315218
8005,중국음식,amt,1,leave_one_block_out,7,1.06644576496483,0.13273732221048
8005,중국음식,amt,1,leave_one_block_out,8,-1.56809188692721,-0.134720538804328
8005,중국음식,amt,1,leave_one_block_out,9,1.28125440817396,0.0668965610228085
8005,중국음식,amt,2,sequential,2,4.7065773582757,0.299947777286275
8005,중국음식,amt,2,sequential,3,7.77207454105537,0.451539119301258
8005,중국음식,amt,2,sequential,4,0.369068877780682,-0.0201227960033341
8005,중국음식,amt,2,sequential,5,1.13982244723666,0.0696375711559254
8005,중국음식,amt,2,sequential,6,0.297684782244767,0.015412674942554
8005,중국음식,amt,2,sequential,7,-0.686177002683269,-0.113090428856441
8005,중국음식,amt,2,sequential,8,-1.85051899683506,-0.42948446740837
8005,중국음식,amt,2,sequential,9,2.53810221194804,0.265695672380973
8005,중국음식,amt,2,sequential,10,0.0682821546218848,0.0162186700002296
8005,중국음식,amt,2,leave_one_block_out,1,13.8138491995179,0.468097397778722
8005,중국음식,amt,2,leave_one_block_out,2,-0.821967453292632,-0.0571558670427434
8005,중국음식,amt,2,leave_one_block_out,3,-0.590400004803784,-0.100006738170943
8005,중국음식,amt,2,leave_one_block_out,4,-0.421276006382731,-0.0179422662729349
8005,중국음식,amt,2,leave_one_block_out,5,0.385538034505506,0.0527680531233448
8005,중국음식,amt,2,leave_one_block_out,6,2.4098967191772,0.141990599604477
8005,중국음식,amt,2,leave_one_block_out,7,-0.0478559637145243,-0.0326642820303273
8005,중국음식,amt,2,leave_one_block_out,8,-2.40673619273892,-0.289565553253163
8005,중국음식,amt,2,leave_one_block_out,9,2.53810221194804,0.265695672380973
8005,중국음식,amt,3,sequential,2,2.85558396163583,0.192052163343877
8005,중국음식,amt,3,sequential,3,8.87548911997515,0.499451665578748
8005,중국음식,amt,3,sequential,4,1.78710914143842,0.0700440059984494
8005,중국음식,amt,3,sequential,5,0.778265486996887,0.0702842112250741
8005,중국음식,amt,3,sequential,6,-0.0679599438293738,-0.000418983130769046
8005,중국음식,amt,3,sequential,7,-0.773641034452915,-0.0786242942620721
8005,중국음식,amt,3,sequential,8,0.568340345899909,-0.105795251835896
8005,중국음식,amt,3,sequential,9,1.35790660544571,0.183836134917301
8005,중국음식,amt,3,sequential,10,-0.0816975362458866,0.00270091495790503
8005,중국음식,amt,3,leave_one_block_out,1,14.9570944026736,0.52485751424345
8005,중국음식,amt,3,leave_one_block_out,2,-0.415437089439602,-0.0511386497685118
8005,중국음식,amt,3,leave_one_block_out,3,-0.354152274374692,-0.0936082379147174
8005,중국음식,amt,3,leave_one_block_out,4,-1.31166636273773,-0.228631118881752
8005,중국음식,amt,3,leave_one_block_out,5,0.492460602384548,0.0460315830636903
8005,중국음식,amt,3,leave_one_block_out,6,1.42612311199116,-0.0240435323195267
8005,중국음식,amt,3,leave_one_block_out,7,0.743513586457267,0.0678457277282158
8005,중국음식,amt,3,leave_one_block_out,8,-1.36041283372589,-0.150373962698872
8005,중국음식,amt,3,leave_one_block_out,9,1.35790660544571,0.183836134917301
8005,중국음식,amt,4,sequential,2,4.01624777121269,0.249887531187292
8005,중국음식,amt,4,sequential,3,7.63460947567559,0.441118667704044
8005,중국음식,amt,4,sequential,4,0.835836790064884,0.0103421523152201
8005,중국음식,amt,4,sequential,5,1.0092367051435,0.0824811953541134
8005,중국음식,amt,4,sequential,6,1.922316615983,0.172482720092291
8005,중국음식,amt,4,sequential,7,-0.70039895563655,-0.0451324664177919
8005,중국음식,amt,4,sequential,8,0.0204702371525228,-0.0363124856665917
8005,중국음식,amt,4,sequential,9,1.82729486463936,0.142437675423036
8005,중국음식,amt,4,sequential,10,-0.113427096647159,-0.00710166309678861
8005,중국음식,amt,4,leave_one_block_out,1,15.0727345447443,0.628108973022812
8005,중국음식,amt,4,leave_one_block_out,2,-0.928519066624256,-0.0798799792362048
8005,중국음식,amt,4,leave_one_block_out,3,-0.155102168508123,-0.0466794537044457
8005,중국음식,amt,4,leave_one_block_out,4,-0.929631972999512,-0.0569132771583507
8005,중국음식,amt,4,leave_one_block_out,5,0.440428133507886,0.0722677578626909
8005,중국음식,amt,4,leave_one_block_out,6,2.84084850562851,0.17438922457049
8005,중국음식,amt,4,leave_one_block_out,7,0.784652176197437,0.106801488783217
8005,중국음식,amt,4,leave_one_block_out,8,-1.38101461601617,-0.10669534754135
8005,중국음식,amt,4,leave_one_block_out,9,1.82729486463936,0.142437675423036
8005,중국음식,amt,5,sequential,2,3.73154112266814,0.220829078115003
8005,중국음식,amt,5,sequential,3,7.75007522541609,0.469431556626262
8005,중국음식,amt,5,sequential,4,1.54869273026892,0.0656448014637475
8005,중국음식,amt,5,sequential,5,1.15741507783617,0.097928063327184
8005,중국음식,amt,5,sequential,6,1.49966764136942,0.0804721301256551
8005,중국음식,amt,5,sequential,7,-0.664375275818324,-0.0594171695882353
8005,중국음식,amt,5,sequential,8,1.040713522166,0.0308677815397292
8005,중국음식,amt,5,sequential,9,1.14884877117706,0.111059261683259
8005,중국음식,amt,5,sequential,10,-0.157381325268061,-0.012680054861377
8005,중국음식,amt,5,leave_one_block_out,1,15.0420043958054,0.544724007893176
8005,중국음식,amt,5,leave_one_block_out,2,-0.15006989050908,-0.0436516627486967
8005,중국음식,amt,5,leave_one_block_out,3,-0.491898813324465,-0.0704164001266114
8005,중국음식,amt,5,leave_one_block_out,4,-0.522822387284116,-0.0918368844751123
8005,중국음식,amt,5,leave_one_block_out,5,0.790826576255899,0.0494520101909194
8005,중국음식,amt,5,leave_one_block_out,6,1.79793336064566,0.0893758857636016
8005,중국음식,amt,5,leave_one_block_out,7,0.109530966914467,0.0631874661425006
8005,중국음식,amt,5,leave_one_block_out,8,-0.507963816216006,-0.0593027440494547
8005,중국음식,amt,5,leave_one_block_out,9,1.14884877117706,0.111059261683259
8005,중국음식,amt,6,sequential,2,3.11815897728819,0.173852046503464
8005,중국음식,amt,6,sequential,3,8.523260058013,0.525245563566774
8005,중국음식,amt,6,sequential,4,1.49638120941243,0.0227456235027217
8005,중국음식,amt,6,sequential,5,0.99547305717344,0.0765753073900952
8005,중국음식,amt,6,sequential,6,0.962668983939083,0.0860952735731361
8005,중국음식,amt,6,sequential,7,-0.884361479493639,-0.0486242743737981
8005,중국음식,amt,6,sequential,8,0.0107200863589813,-0.0942179442062627
8005,중국음식,amt,6,sequential,9,2.2364246144135,0.158990407707196
8005,중국음식,amt,6,sequential,10,-0.275596555253077,0.0145101742657502
8005,중국음식,amt,6,leave_one_block_out,1,15.8323104911409,0.576576063823213
8005,중국음식,amt,6,leave_one_block_out,2,-0.520923172852894,-0.0821926513118278
8005,중국음식,amt,6,leave_one_block_out,3,-0.00718248167375923,-0.0222883735120234
8005,중국음식,amt,6,leave_one_block_out,4,-0.903633563721137,-0.134876965243761
8005,중국음식,amt,6,leave_one_block_out,5,0.387512796792161,0.0505359317092834
8005,중국음식,amt,6,leave_one_block_out,6,2.36629924662485,0.132490798593568
8005,중국음식,amt,6,leave_one_block_out,7,0.86171968758475,0.0723496400185244
8005,중국음식,amt,6,leave_one_block_out,8,-1.10362441594938,-0.160732528104843
8005,중국음식,amt,6,leave_one_block_out,9,2.2364246144135,0.158990407707196
8005,중국음식,amt,7,sequential,2,3.83969872622442,0.190942637648978
8005,중국음식,amt,7,sequential,3,8.72093886653295,0.528988549776224
8005,중국음식,amt,7,sequential,4,1.22234577227343,0.0354708473876576
8005,중국음식,amt,7,sequential,5,1.03381161790586,0.072597112212257
8005,중국음식,amt,7,sequential,6,1.00850225464024,0.0550163592592021
8005,중국음식,amt,7,sequential,7,-1.26935692349357,-0.193108365524842
8005,중국음식,amt,7,sequential,8,-0.173151862920221,-0.0589199839200791
8005,중국음식,amt,7,sequential,9,2.33140311373597,0.214775097169641
8005,중국음식,amt,7,sequential,10,-0.184439390566662,-0.00535422863074508
8005,중국음식,amt,7,leave_one_block_out,1,15.124248643248,0.614353734465939
8005,중국음식,amt,7,leave_one_block_out,2,-0.712013818284477,-0.106634175002056
8005,중국음식,amt,7,leave_one_block_out,3,-0.623320806752745,-0.0986089750892876
8005,중국음식,amt,7,leave_one_block_out,4,-1.32674595319091,-0.15841017695433
8005,중국음식,amt,7,leave_one_block_out,5,0.309466611865067,0.0700758118734623
8005,중국음식,amt,7,leave_one_block_out,6,1.5599182149009,0.0300023013697824
8005,중국음식,amt,7,leave_one_block_out,7,-0.0699461610699476,0.0481484006420522
8005,중국음식,amt,7,leave_one_block_out,8,-1.36045058403803,-0.151052560788879
8005,중국음식,amt,7,leave_one_block_out,9,2.33140311373597,0.214775097169641
8005,중국음식,amt,8,sequential,2,4.13769477340886,0.231341028316403
8005,중국음식,amt,8,sequential,3,8.22331190027632,0.497283858704257
8005,중국음식,amt,8,sequential,4,1.24173551214039,0.00704996080942044
8005,중국음식,amt,8,sequential,5,1.25626307555305,0.0789390032468776
8005,중국음식,amt,8,sequential,6,1.03446535316697,0.122445799768721
8005,중국음식,amt,8,sequential,7,0.0354328603697329,0.040275268456868
8005,중국음식,amt,8,sequential,8,-0.669388018926928,-0.106501169785521
8005,중국음식,amt,8,sequential,9,1.66189681672231,0.107008068413366
8005,중국음식,amt,8,sequential,10,0.093924395303488,0.00926739548846178
8005,중국음식,amt,8,leave_one_block_out,1,15.680644745452,0.586619769474745
8005,중국음식,amt,8,leave_one_block_out,2,-0.356597329101069,-0.00914534039595072
8005,중국음식,amt,8,leave_one_block_out,3,-0.669046691371178,-0.0679253411875329
8005,중국음식,amt,8,leave_one_block_out,4,-1.31461065964993,-0.199494906807932
8005,중국음식,amt,8,leave_one_block_out,5,0.796176772537752,0.0703692685589656
8005,중국음식,amt,8,leave_one_block_out,6,2.4777523830325,0.158589275953704
8005,중국음식,amt,8,leave_one_block_out,7,0.290003137662809,0.120012596990087
8005,중국음식,amt,8,leave_one_block_out,8,-1.29468936148701,-0.161210165152017
8005,중국음식,amt,8,leave_one_block_out,9,1.66189681672231,0.107008068413366
8005,중국음식,amt,9,sequential,2,3.6656757659201,0.224144635017636
8005,중국음식,amt,9,sequential,3,8.44872853099611,0.487530680871804
8005,중국음식,amt,9,sequential,4,0.801958877791334,0.0110766207303655
8005,중국음식,amt,9,sequential,5,1.09704070474306,0.0947997738060099
8005,중국음식,amt,9,sequential,6,0.89135775809179,0.0847448333798834
8005,중국음식,amt,9,sequential,7,-1.12745048047253,-0.12451541834667
8005,중국음식,amt,9,sequential,8,-0.159424721969922,-0.0790389939618803
8005,중국음식,amt,9,sequential,9,2.09846185775535,0.176689027330877
8005,중국음식,amt,9,sequential,10,-0.0755716441718485,-0.00416188495774672
8005,중국음식,amt,9,leave_one_block_out,1,13.5966292323624,0.55565640952188
8005,중국음식,amt,9,leave_one_block_out,2,-0.548588481233855,-0.0354745814096806
8005,중국음식,amt,9,leave_one_block_out,3,-0.714488294494531,-0.0989430332709571
8005,중국음식,amt,9,leave_one_block_out,4,-1.53639580821577,-0.151162029841072
8005,중국음식,amt,9,leave_one_block_out,5,0.695346072206246,0.0691396161534539
8005,중국음식,amt,9,leave_one_block_out,6,0.977049903153088,0.0144235434134674
8005,중국음식,amt,9,leave_one_block_out,7,0.146351082158555,0.0625821545669647
8005,중국음식,amt,9,leave_one_block_out,8,-1.53675236565334,-0.151413209562629
8005,중국음식,amt,9,leave_one_block_out,9,2.09846185775535,0.176689027330877
8005,중국음식,cnt,0,sequential,2,2.45221320659336,0.204664072046036
8005,중국음식,cnt,0,sequential,3,6.87495945024213,0.342201369272099
8005,중국음식,cnt,0,sequential,4,1.05384759736241,0.0297412309867376
8005,중국음식,cnt,0,sequential,5,1.2054962820093,0.0648247236829207
8005,중국음식,cnt,0,sequential,6,0.317887017203924,0.0140242780138273
8005,중국음식,cnt,0,sequential,7,-0.742685756892011,-0.0503711718665656
8005,중국음식,cnt,0,sequential,8,0.838426188493185,-0.0355812374682987
8005,중국음식,cnt,0,sequential,9,1.45177909714944,0.116802758730036
8005,중국음식,cnt,0,sequential,10,-0.0453021302009443,-0.00289875107199133
8005,중국음식,cnt,0,leave_one_block_out,1,16.9945895894424,0.562504657674809
8005,중국음식,cnt,0,leave_one_block_out,2,0.0019665772696742,-0.0163753653636558
8005,중국음식,cnt,0,leave_one_block_out,3,-0.382407323659786,-0.0444592769778622
8005,중국음식,cnt,0,leave_one_block_out,4,-0.729373225714783,-0.0473858176332054
8005,중국음식,cnt,0,leave_one_block_out,5,0.500368225813186,0.0582060008124388
8005,중국음식,cnt,0,leave_one_block_out,6,1.83954543747463,0.0497279635847574
8005,중국음식,cnt,0,leave_one_block_out,7,0.183169282117593,0.024823530256518
8005,중국음식,cnt,0,leave_one_block_out,8,-0.747942293097198,-0.0900000295889449
8005,중국음식,cnt,0,leave_one_block_out,9,1.45177909714944,0.116802758730036
8005,중국음식,cnt,1,sequential,2,2.39904442965104,0.170195816226336
8005,중국음식,cnt,1,sequential,3,6.73226879055147,0.333917050505428
8005,중국음식,cnt,1,sequential,4,0.649924416831543,0.000974381153362902
8005,중국음식,cnt,1,sequential,5,1.57419763862991,0.0948884714620025
8005,중국음식,cnt,1,sequential,6,0.469309773976065,-0.00601444828332354
8005,중국음식,cnt,1,sequential,7,-0.601877706499249,-0.0460227447108006
8005,중국음식,cnt,1,sequential,8,0.336387111510053,0.000788767929616907
8005,중국음식,cnt,1,sequential,9,1.05022868790689,0.0641544523908879
8005,중국음식,cnt,1,sequential,10,-0.169707809300454,-0.0218592389218126
8005,중국음식,cnt,1,leave_one_block_out,1,17.355326315515,0.570460282799553
8005,중국음식,cnt,1,leave_one_block_out,2,-0.897374461116238,-0.0701306281396585
8005,중국음식,cnt,1,leave_one_block_out,3,-0.606422302349691,-0.0657150726900919
8005,중국음식,cnt,1,leave_one_block_out,4,-0.652656266233206,-0.0101898793491184
8005,중국음식,cnt,1,leave_one_block_out,5,0.430965342196152,0.0316075357564993
8005,중국음식,cnt,1,leave_one_block_out,6,1.23997840463727,-0.00964303809031408
8005,중국음식,cnt,1,leave_one_block_out,7,-0.0469710965736336,0.0277023438380607
8005,중국음식,cnt,1,leave_one_block_out,8,-1.00305554540586,-0.113715601415545
8005,중국음식,cnt,1,leave_one_block_out,9,1.05022868790689,0.0641544523908879
8005,중국음식,cnt,2,sequential,2,3.27084939448251,0.260276471310482
8005,중국음식,cnt,2,sequential,3,5.51623749580521,0.233336074692867
8005,중국음식,cnt,2,sequential,4,0.651103726668878,-0.00675101528607236
8005,중국음식,cnt,2,sequential,5,1.21196218015152,0.0661197164707019
8005,중국음식,cnt,2,sequential,6,0.202163156749355,-0.0396484894239004
8005,중국음식,cnt,2,sequential,7,-0.785602353293616,-0.0726340388299453
8005,중국음식,cnt,2,sequential,8,0.550679765033818,-0.0497070600986766
8005,중국음식,cnt,2,sequential,9,1.41948818672821,0.138123492649763
8005,중국음식,cnt,2,sequential,10,-0.0056205498434464,0.000231349717320195
8005,중국음식,cnt,2,leave_one_block_out,1,15.6737567408396,0.50776167312222
8005,중국음식,cnt,2,leave_one_block_out,2,-0.735547457552549,-0.0380241462137283
8005,중국음식,cnt,2,leave_one_block_out,3,-0.347961407807132,-0.0374076520557014
8005,중국음식,cnt,2,leave_one_block_out,4,-0.863753305458248,-0.048257588394288
8005,중국음식,cnt,2,leave_one_block_out,5,0.655458328593292,0.0581686615718572
8005,중국음식,cnt,2,leave_one_block_out,6,1.24476608986688,-0.0189664037043793
8005,중국음식,cnt,2,leave_one_block_out,7,-0.498930511456783,0.000277990926320859
8005,중국음식,cnt,2,leave_one_block_out,8,-0.969422819070909,-0.121085582299685
8005,중국음식,cnt,2,leave_one_block_out,9,1.41948818672821,0.138123492649763
8005,중국음식,cnt,3,sequential,2,1.82736852031943,0.122472602707695
8005,중국음식,cnt,3,sequential,3,7.34513169017097,0.372932259329138
8005,중국음식,cnt,3,sequential,4,0.532475774313443,0.0210736787633671
8005,중국음식,cnt,3,sequential,5,1.52573204187189,0.0812339319010849
8005,중국음식,cnt,3,sequential,6,-0.217910249555126,-0.0904904865154197
8005,중국음식,cnt,3,sequential,7,-0.785235887572411,-0.0816208250421568
8005,중국음식,cnt,3,sequential,8,1.22373027838161,-0.0386841178926558
8005,중국음식,cnt,3,sequential,9,1.75362064217777,0.197604541940562
8005,중국음식,cnt,3,sequential,10,-0.155809123316006,-0.0045488386809085
8005,중국음식,cnt,3,leave_one_block_out,1,15.8811195288091,0.479847810483447
8005,중국음식,cnt,3,leave_one_block_out,2,-0.131780369499535,0.0191064805241352
8005,중국음식,cnt,3,leave_one_block_out,3,-0.122629269471808,-0.0285378854078513
8005,중국음식,cnt,3,leave_one_block_out,4,-0.824926156816438,-0.0898060900217996
8005,중국음식,cnt,3,leave_one_block_out,5,0.304032476960719,0.0504581901021807
8005,중국음식,cnt,3,leave_one_block_out,6,1.42831145956901,-0.0627551488336169
8005,중국음식,cnt,3,leave_one_block_out,7,0.529790748923961,0.0329583272866835
8005,중국음식,cnt,3,leave_one_block_out,8,-0.784964571103078,-0.094416635964039
8005,중국음식,cnt,3,leave_one_block_out,9,1.75362064217777,0.197604541940562
8005,중국음식,cnt,4,sequential,2,3.00054510981429,0.216101000010868
8005,중국음식,cnt,4,sequential,3,6.48604197280131,0.302225307370737
8005,중국음식,cnt,4,sequential,4,0.393334690512159,0.0198715925299332
8005,중국음식,cnt,4,sequential,5,1.57661257127946,0.0861570467526735
8005,중국음식,cnt,4,sequential,6,0.760260087571787,0.0222182254930838
8005,중국음식,cnt,4,sequential,7,-1.30655469498303,-0.125556480713524
8005,중국음식,cnt,4,sequential,8,0.307158811700897,-0.054134479301079
8005,중국음식,cnt,4,sequential,9,2.06196776990576,0.152336409512562
8005,중국음식,cnt,4,sequential,10,-0.112325977304703,-0.00736179893709488
8005,중국음식,cnt,4,leave_one_block_out,1,15.6600152526873,0.534752169748059
8005,중국음식,cnt,4,leave_one_block_out,2,-0.570590289228537,-0.00739896505367921
8005,중국음식,cnt,4,leave_one_block_out,3,0.0122775483180682,-0.012156544530181
8005,중국음식,cnt,4,leave_one_block_out,4,-1.15241011866311,-0.0578170711719805
8005,중국음식,cnt,4,leave_one_block_out,5,0.398699460792096,0.0776823519787374
8005,중국음식,cnt,4,leave_one_block_out,6,1.46481225900427,-0.0375244478137171
8005,중국음식,cnt,4,leave_one_block_out,7,-0.194896658468566,-0.0103420313687461
8005,중국음식,cnt,4,leave_one_block_out,8,-0.742447885165459,-0.110487479567209
8005,중국음식,cnt,4,leave_one_block_out,9,2.06196776990576,0.152336409512562
8005,중국음식,cnt,5,sequential,2,3.26899338898327,0.197403379648924
8005,중국음식,cnt,5,sequential,3,5.8350304665437,0.307353449866566
8005,중국음식,cnt,5,sequential,4,1.23306109324141,0.0465914202592386
8005,중국음식,cnt,5,sequential,5,1.59537122897247,0.0955389712688908
8005,중국음식,cnt,5,sequential,6,0.431862304093031,-0.00340380787738104
8005,중국음식,cnt,5,sequential,7,-0.745033135600612,-0.0635859247547432
8005,중국음식,cnt,5,sequential,8,1.63105659223369,0.0454635385605016
8005,중국음식,cnt,5,sequential,9,1.63596365574213,0.119905346230876
8005,중국음식,cnt,5,sequential,10,-0.0751721569565184,-0.00788950400294275
8005,중국음식,cnt,5,leave_one_block_out,1,16.8795181514194,0.513185688353675
8005,중국음식,cnt,5,leave_one_block_out,2,-0.229389029531171,-0.0217813905876572
8005,중국음식,cnt,5,leave_one_block_out,3,-0.0363762562682529,-0.0294664792468213
8005,중국음식,cnt,5,leave_one_block_out,4,0.0454906908786551,-0.0319783991123288
8005,중국음식,cnt,5,leave_one_block_out,5,0.539139766464627,0.0486052210997177
8005,중국음식,cnt,5,leave_one_block_out,6,1.67804430819542,0.0191199878076684
8005,중국음식,cnt,5,leave_one_block_out,7,-0.024136031147054,0.0222877033670348
8005,중국음식,cnt,5,leave_one_block_out,8,-0.0154843690510165,-0.0286190267283952
8005,중국음식,cnt,5,leave_one_block_out,9,1.63596365574213,0.119905346230876
8005,중국음식,cnt,6,sequential,2,1.75402150734201,0.0933646637945941
8005,중국음식,cnt,6,sequential,3,7.09451202501453,0.398351321341059
8005,중국음식,cnt,6,sequential,4,1.29730133140891,0.017741392792184
8005,중국음식,cnt,6,sequential,5,1.34041102193477,0.0675359909371792
8005,중국음식,cnt,6,sequential,6,0.264982654943877,0.015568553715037
8005,중국음식,cnt,6,sequential,7,-0.661757590077508,-0.0497360565381699
8005,중국음식,cnt,6,sequential,8,0.934189196131413,-0.021001349977146
8005,중국음식,cnt,6,sequential,9,2.14164411454157,0.123341396651492
8005,중국음식,cnt,6,sequential,10,-0.146939461408954,0.00225227927235006
8005,중국음식,cnt,6,leave_one_block_out,1,17.1702630339412,0.54355860911506
8005,중국음식,cnt,6,leave_one_block_out,2,-0.290671498150105,-0.0564829593734262
8005,중국음식,cnt,6,leave_one_block_out,3,0.00922308632827218,-0.00759283274890921
8005,중국음식,cnt,6,leave_one_block_out,4,-0.226992044939464,-0.0236865726705853
8005,중국음식,cnt,6,leave_one_block_out,5,0.224516277965417,0.0469085205474669
8005,중국음식,cnt,6,leave_one_block_out,6,2.32422230236863,0.0613227433725749
8005,중국음식,cnt,6,leave_one_block_out,7,0.401091702737003,0.0142890282232608
8005,중국음식,cnt,6,leave_one_block_out,8,-0.226177895580823,-0.110779370612226
8005,중국음식,cnt,6,leave_one_block_out,9,2.14164411454157,0.123341396651492
8005,중국음식,cnt,7,sequential,2,3.18978825772717,0.188244291106901
8005,중국음식,cnt,7,sequential,3,5.81736537144309,0.344496789868479
8005,중국음식,cnt,7,sequential,4,0.878218588942878,0.00163046150180757
8005,중국음식,cnt,7,sequential,5,1.40017238471441,0.062546118802719
8005,중국음식,cnt,7,sequential,6,0.395073149542943,-0.029674742920005
8005,중국음식,cnt,7,sequential,7,-1.59389279072212,-0.229137160978611
8005,중국음식,cnt,7,sequential,8,0.531213449985299,0.0065716734600918
8005,중국음식,cnt,7,sequential,9,2.24810624778602,0.162604832722783
8005,중국음식,cnt,7,sequential,10,-0.097147457808211,-0.00598802744954496
8005,중국음식,cnt,7,leave_one_block_out,1,15.3875597248612,0.502696230141409
8005,중국음식,cnt,7,leave_one_block_out,2,-0.588963010535246,-0.046911366755642
8005,중국음식,cnt,7,leave_one_block_out,3,-0.385978321697569,-0.0700026529807898
8005,중국음식,cnt,7,leave_one_block_out,4,-1.23009118203498,-0.114608866717687
8005,중국음식,cnt,7,leave_one_block_out,5,-0.0326633950830046,0.0360242455456146
8005,중국음식,cnt,7,leave_one_block_out,6,1.15410496622115,-0.0964247066758044
8005,중국음식,cnt,7,leave_one_block_out,7,-0.575092704934135,-0.056951427982195
8005,중국음식,cnt,7,leave_one_block_out,8,-0.604610225687965,-0.101298457498288
8005,중국음식,cnt,7,leave_one_block_out,9,2.24810624778602,0.162604832722783
8005,중국음식,cnt,8,sequential,2,3.07463856945953,0.198114421569161
8005,중국음식,cnt,8,sequential,3,7.01268763545756,0.367068348006218
8005,중국음식,cnt,8,sequential,4,0.444081252167389,0.0103996900605146
8005,중국음식,cnt,8,sequential,5,1.60860585467743,0.0815507936160268
8005,중국음식,cnt,8,sequential,6,0.697378596810169,0.0101644257860488
8005,중국음식,cnt,8,sequential,7,-0.569372733344412,-0.000731870145250557
8005,중국음식,cnt,8,sequential,8,0.376905259093965,-0.0239779664780666
8005,중국음식,cnt,8,sequential,9,1.63118645023166,0.098704923650464
8005,중국음식,cnt,8,sequential,10,-0.0340431907225047,-0.0169021743419768
8005,중국음식,cnt,8,leave_one_block_out,1,17.0329166033429,0.562771334027261
8005,중국음식,cnt,8,leave_one_block_out,2,-0.806217820525584,-0.0190140898202624
8005,중국음식,cnt,8,leave_one_block_out,3,-0.237868662392329,-0.0230700183509813
8005,중국음식,cnt,8,leave_one_block_out,4,-0.997550280533918,-0.101759057860716
8005,중국음식,cnt,8,leave_one_block_out,5,0.570899317860596,0.0566649936095511
8005,중국음식,cnt,8,leave_one_block_out,6,1.95686925446225,0.0716029449179758
8005,중국음식,cnt,8,leave_one_block_out,7,-0.17922276002966,0.0606072677321638
8005,중국음식,cnt,8,leave_one_block_out,8,-0.426958248894996,-0.0865451601672307
8005,중국음식,cnt,8,leave_one_block_out,9,1.63118645023166,0.098704923650464
8005,중국음식,cnt,9,sequential,2,2.79951657868241,0.170668105479669
8005,중국음식,cnt,9,sequential,3,6.42333012216092,0.3361093384313
8005,중국음식,cnt,9,sequential,4,0.70551871296532,-0.00992326811270505
8005,중국음식,cnt,9,sequential,5,1.52866516570556,0.0990656349195344
8005,중국음식,cnt,9,sequential,6,0.462115398859794,0.00913174632083036
8005,중국음식,cnt,9,sequential,7,-1.11302405550505,-0.0887017331434969
8005,중국음식,cnt,9,sequential,8,0.874401310846706,-0.00529443599564949
8005,중국음식,cnt,9,sequential,9,1.67058419113961,0.122436580129527
8005,중국음식,cnt,9,sequential,10,-0.228786971225362,-0.0135279207748022
8005,중국음식,cnt,9,leave_one_block_out,1,15.742307631521,0.552821790643276
8005,중국음식,cnt,9,leave_one_block_out,2,-0.354733061385276,-0.00913062266610343
8005,중국음식,cnt,9,leave_one_block_out,3,-0.258570702729444,-0.0261872407911559
8005,중국음식,cnt,9,leave_one_block_out,4,-1.09533809516124,-0.053289116454674
8005,중국음식,cnt,9,leave_one_block_out,5,0.649528953386055,0.059044055669373
8005,중국음식,cnt,9,leave_one_block_out,6,0.976310009013617,-0.0277954249733046
8005,중국음식,cnt,9,leave_one_block_out,7,-0.426075455393005,0.0275153993104563
8005,중국음식,cnt,9,leave_one_block_out,8,-1.01013949030659,-0.10226178855804
8005,중국음식,cnt,9,leave_one_block_out,9,1.67058419113961,0.122436580129527
8005,중국음식,ticket,0,sequential,2,0.316952482902577,0.0722255081975104
8005,중국음식,ticket,0,sequential,3,0.117027604477675,-0.0228576304957218
8005,중국음식,ticket,0,sequential,4,0.764764276394497,0.19618717535547
8005,중국음식,ticket,0,sequential,5,0.0935254428297991,-0.0180262630747978
8005,중국음식,ticket,0,sequential,6,-0.0860494001527198,-0.0205577074296464
8005,중국음식,ticket,0,sequential,7,0.0514586200806896,0.0368261450668749
8005,중국음식,ticket,0,sequential,8,-0.344563989952382,-0.0502171086436423
8005,중국음식,ticket,0,sequential,9,0.190810407315717,0.00179940560490244
8005,중국음식,ticket,0,sequential,10,-0.0800901572607593,-0.0105245396009737
8005,중국음식,ticket,0,leave_one_block_out,1,-0.0367923001108564,-0.0154637874119494
8005,중국음식,ticket,0,leave_one_block_out,2,-0.104974602184836,-0.01796910926955
8005,중국음식,ticket,0,leave_one_block_out,3,-0.0799279113755977,-0.0241298724267318
8005,중국음식,ticket,0,leave_one_block_out,4,0.19067918116351,0.0338033662152812
8005,중국음식,ticket,0,leave_one_block_out,5,0.0651515407524478,0.0298136288989223
8005,중국음식,ticket,0,leave_one_block_out,6,-0.0450601941217113,0.0101047908738934
8005,중국음식,ticket,0,leave_one_block_out,7,-0.127257946704497,-0.0330455879390315
8005,중국음식,ticket,0,leave_one_block_out,8,0.0202020349286,-0.0140827762783635
8005,중국음식,ticket,0,leave_one_block_out,9,0.190810407315717,0.00179940560490244
8005,중국음식,ticket,1,sequential,2,-0.0931403563051839,-0.0476488538003559
8005,중국음식,ticket,1,sequential,3,0.161735753649966,0.000490090462922588
8005,중국음식,ticket,1,sequential,4,0.934137187493878,0.217825236559157
8005,중국음식,ticket,1,sequential,5,0.227548645278973,0.00471065112576496
8005,중국음식,ticket,1,sequential,6,-0.0132710236927333,-0.00821563502215961
8005,중국음식,ticket,1,sequential,7,0.118487575508752,0.052437994432716
8005,중국음식,ticket,1,sequential,8,-0.169826143593027,0.00475347263156722
8005,중국음식,ticket,1,sequential,9,0.22712221387394,0.0546402710077174
8005,중국음식,ticket,1,sequential,10,-0.0687695926076093,-0.00510833464890514
8005,중국음식,ticket,1,leave_one_block_out,1,-0.0788238669295574,-0.0192509143620181
8005,중국음식,ticket,1,leave_one_block_out,2,-0.259094387730824,-0.0501702566732969
8005,중국음식,ticket,1,leave_one_block_out,3,0.0690361777085272,0.011703935816288
8005,중국음식,ticket,1,leave_one_block_out,4,0.439443767763832,0.123945745584472
8005,중국음식,ticket,1,leave_one_block_out,5,0.170019496844227,0.0748066490320046
8005,중국음식,ticket,1,leave_one_block_out,6,0.0445179949265087,0.0403661882035167
8005,중국음식,ticket,1,leave_one_block_out,7,0.105548525465433,0.0331239309701227
8005,중국음식,ticket,1,leave_one_block_out,8,-0.362334961653096,-0.0755104383829501
8005,중국음식,ticket,1,leave_one_block_out,9,0.22712221387394,0.0546402710077174
8005,중국음식,ticket,2,sequential,2,0.347009259713935,0.0622652981496558
8005,중국음식,ticket,2,sequential,3,0.038916769103213,-0.0682585208285589
8005,중국음식,ticket,2,sequential,4,0.588336893994318,0.194021679950415
8005,중국음식,ticket,2,sequential,5,0.0685782184968495,-0.0268860852857089
8005,중국음식,ticket,2,sequential,6,-0.0731757924469695,-0.0162756863255393
8005,중국음식,ticket,2,sequential,7,0.171748554099704,0.0458223156085424
8005,중국음식,ticket,2,sequential,8,-0.646434829283594,-0.304348310905837
8005,중국음식,ticket,2,sequential,9,0.60663486834613,0.194676978331814
8005,중국음식,ticket,2,sequential,10,-0.0462388395865349,0.00417831921803891
8005,중국음식,ticket,2,leave_one_block_out,1,-0.0262934495728423,-0.0105386540998866
8005,중국음식,ticket,2,leave_one_block_out,2,0.0547928719504348,0.0121224325609813
8005,중국음식,ticket,2,leave_one_block_out,3,-0.049979998336569,-0.0383217799681133
8005,중국음식,ticket,2,leave_one_block_out,4,0.690947236530134,0.254480539381798
8005,중국음식,ticket,2,leave_one_block_out,5,0.195822452493578,0.0123724219953075
8005,중국음식,ticket,2,leave_one_block_out,6,0.0461094566134759,0.0567297032881244
8005,중국음식,ticket,2,leave_one_block_out,7,0.0774918013435641,0.0119413734122427
8005,중국음식,ticket,2,leave_one_block_out,8,-0.162854054692786,-0.115867930814593
8005,중국음식,ticket,2,leave_one_block_out,9,0.60663486834613,0.194676978331814
8005,중국음식,ticket,3,sequential,2,0.115396661779769,0.029273958253169
8005,중국음식,ticket,3,sequential,3,0.11615828917842,-0.0356242112659684
8005,중국음식,ticket,3,sequential,4,0.717023726501402,0.191074521106063
8005,중국음식,ticket,3,sequential,5,0.152830278850417,-0.0165662911038658
8005,중국음식,ticket,3,sequential,6,-0.020204399616984,-0.00932521600262426
8005,중국음식,ticket,3,sequential,7,0.0505789337593793,0.0261196114568671
8005,중국음식,ticket,3,sequential,8,-0.0154068331643997,0.0616301705072053
8005,중국음식,ticket,3,sequential,9,0.105043381018888,-0.0255364482589402
8005,중국음식,ticket,3,sequential,10,-0.0198311071856944,0.0115168403874052
8005,중국음식,ticket,3,leave_one_block_out,1,-0.0123730021063473,-0.000481099102418892
8005,중국음식,ticket,3,leave_one_block_out,2,0.0340478275961356,-0.0203876997105146
8005,중국음식,ticket,3,leave_one_block_out,3,0.0898853659534071,0.0211065395422145
8005,중국음식,ticket,3,leave_one_block_out,4,0.331919908841448,0.0783265956487362
8005,중국음식,ticket,3,leave_one_block_out,5,0.11092074480288,-0.00294381412655187
8005,중국음식,ticket,3,leave_one_block_out,6,-0.0595996126191475,0.0171389054633583
8005,중국음식,ticket,3,leave_one_block_out,7,0.0275958914014454,-0.00178494801115292
8005,중국음식,ticket,3,leave_one_block_out,8,-0.00945147454617379,-0.00486326283884675
8005,중국음식,ticket,3,leave_one_block_out,9,0.105043381018888,-0.0255364482589402
8005,중국음식,ticket,4,sequential,2,0.251738512043635,0.0622695152021824
8005,중국음식,ticket,4,sequential,3,0.0478999940602742,-0.0221443950855504
8005,중국음식,ticket,4,sequential,4,0.712063508164723,0.19631899522954
8005,중국음식,ticket,4,sequential,5,0.214335226757344,0.00588493716873517
8005,중국음식,ticket,4,sequential,6,-0.0724960862345234,-0.0206614879635856
8005,중국음식,ticket,4,sequential,7,0.187650183263131,0.0684142108403932
8005,중국음식,ticket,4,sequential,8,-0.0617572027476462,-0.0194130464504849
8005,중국음식,ticket,4,sequential,9,-0.122459462621453,-0.0645953785799813
8005,중국음식,ticket,4,sequential,10,-0.0916703294488605,-0.021563883351396
8005,중국음식,ticket,4,leave_one_block_out,1,-0.0156593128274971,-0.0137285147381083
8005,중국음식,ticket,4,leave_one_block_out,2,-0.270690317998155,-0.0364719131564137
8005,중국음식,ticket,4,leave_one_block_out,3,0.103195982150783,0.0108793978120481
8005,중국음식,ticket,4,leave_one_block_out,4,0.288718588378677,0.0455658630936847
8005,중국음식,ticket,4,leave_one_block_out,5,0.238872890613323,0.0593911845642989
8005,중국음식,ticket,4,leave_one_block_out,6,-0.158454877747082,-0.00583896507827664
8005,중국음식,ticket,4,leave_one_block_out,7,0.0814484491895293,0.0337753842884845
8005,중국음식,ticket,4,leave_one_block_out,8,-0.234309409151814,-0.0828474927084322
8005,중국음식,ticket,4,leave_one_block_out,9,-0.122459462621453,-0.0645953785799813
8005,중국음식,ticket,5,sequential,2,0.0733985368784579,0.0161765502878285
8005,중국음식,ticket,5,sequential,3,0.0868519583416355,-0.0377168777533905
8005,중국음식,ticket,5,sequential,4,0.845129808427153,0.22178267047542
8005,중국음식,ticket,5,sequential,5,0.148767887106685,0.00110239176371751
8005,중국음식,ticket,5,sequential,6,-0.0517467326026574,-0.00372113438434241
8005,중국음식,ticket,5,sequential,7,0.171970583301054,0.0624475185657773
8005,중국음식,ticket,5,sequential,8,-0.183029570166449,0.0279848626265599
8005,중국음식,ticket,5,sequential,9,0.190457239859737,0.0152025918121496
8005,중국음식,ticket,5,sequential,10,0.00611043172799863,0.000555442874101586
8005,중국음식,ticket,5,leave_one_block_out,1,-0.0187762431067745,-0.00890882806841997
8005,중국음식,ticket,5,leave_one_block_out,2,-0.0928560508465071,-0.0333839436952432
8005,중국음식,ticket,5,leave_one_block_out,3,0.0802486119961462,0.0148475148405935
8005,중국음식,ticket,5,leave_one_block_out,4,0.199165661843155,0.0990542942155548
8005,중국음식,ticket,5,leave_one_block_out,5,0.101871081945501,0.0316941686923572
8005,중국음식,ticket,5,leave_one_block_out,6,-0.032349825869514,0.0346067830857442
8005,중국음식,ticket,5,leave_one_block_out,7,0.0882284971206362,0.0311136130038697
8005,중국음식,ticket,5,leave_one_block_out,8,-0.148153163050156,-0.0110857330869989
8005,중국음식,ticket,5,leave_one_block_out,9,0.190457239859737,0.0152025918121496
8005,중국음식,ticket,6,sequential,2,0.208558013779236,0.068075481872494
8005,중국음식,ticket,6,sequential,3,0.145715471147122,-0.00191965437013364
8005,중국음식,ticket,6,sequential,4,0.674193798422729,0.193659000786951
8005,중국음식,ticket,6,sequential,5,0.179149710783126,-0.00259074468630005
8005,중국음식,ticket,6,sequential,6,-0.0222640963616252,-0.000232483971556396
8005,중국음식,ticket,6,sequential,7,-0.0473531987428416,0.0113907034350479
8005,중국음식,ticket,6,sequential,8,-0.143680954619933,-0.00826795116342538
8005,중국음식,ticket,6,sequential,9,0.02679975649304,-0.0288328453037952
8005,중국음식,ticket,6,sequential,10,-0.0771412590620593,-0.0234560973488074
8005,중국음식,ticket,6,leave_one_block_out,1,0.00721620434450676,-0.0110049016029692
8005,중국음식,ticket,6,leave_one_block_out,2,-0.118760919029554,-0.0493158534273239
8005,중국음식,ticket,6,leave_one_block_out,3,0.0462059390214445,-0.0177266660504796
8005,중국음식,ticket,6,leave_one_block_out,4,0.34694344172795,0.0689870640059814
8005,중국음식,ticket,6,leave_one_block_out,5,0.296876259522726,0.0502347810533146
8005,중국음식,ticket,6,leave_one_block_out,6,-0.0613344623380085,-0.00339056503579505
8005,중국음식,ticket,6,leave_one_block_out,7,-0.000262876271175938,0.00119814876031465
8005,중국음식,ticket,6,leave_one_block_out,8,-0.168961711944714,-0.0409090360838962
8005,중국음식,ticket,6,leave_one_block_out,9,0.02679975649304,-0.0288328453037952
8005,중국음식,ticket,7,sequential,2,0.095051366898273,0.012432380689975
8005,중국음식,ticket,7,sequential,3,0.126728701877424,-0.00562455363437264
8005,중국음식,ticket,7,sequential,4,0.804000914727793,0.19541106002474
8005,중국음식,ticket,7,sequential,5,0.259992422887514,-0.00952445033588623
8005,중국음식,ticket,7,sequential,6,-0.0341376166053703,-0.00811074214273955
8005,중국음식,ticket,7,sequential,7,-0.0309082513899397,0.0240790029089307
8005,중국음식,ticket,7,sequential,8,-0.182832556292713,0.0178912811475794
8005,중국음식,ticket,7,sequential,9,0.207894553735549,0.0024629284816502
8005,중국음식,ticket,7,sequential,10,0.0821137121975943,0.0185801138573788
8005,중국음식,ticket,7,leave_one_block_out,1,-0.0382773398374628,-0.0142715886837448
8005,중국음식,ticket,7,leave_one_block_out,2,-0.0251555742509693,-0.00404225903913069
8005,중국음식,ticket,7,leave_one_block_out,3,0.0503753340835245,-0.0120969643947744
8005,중국음식,ticket,7,leave_one_block_out,4,0.181617933147918,0.0591831682952729
8005,중국음식,ticket,7,leave_one_block_out,5,0.112655641206426,0.0271430169457857
8005,중국음식,ticket,7,leave_one_block_out,6,-0.0360857501933209,0.0384071095505161
8005,중국음식,ticket,7,leave_one_block_out,7,0.0298966113155455,0.0188838998988999
8005,중국음식,ticket,7,leave_one_block_out,8,-0.088126960703766,-0.0231243388825342
8005,중국음식,ticket,7,leave_one_block_out,9,0.207894553735549,0.0024629284816502
8005,중국음식,ticket,8,sequential,2,0.297738458715213,0.0498885730255371
8005,중국음식,ticket,8,sequential,3,0.0698879850703216,-0.0105278241731621
8005,중국음식,ticket,8,sequential,4,0.733157334580196,0.223581515563076
8005,중국음식,ticket,8,sequential,5,0.267530079082169,0.00855854106634046
8005,중국음식,ticket,8,sequential,6,-0.0188746429687872,-0.00289688540875654
8005,중국음식,ticket,8,sequential,7,0.111064875516631,0.0445906798356853
8005,중국음식,ticket,8,sequential,8,-0.300186783486781,-0.0526257563926906
8005,중국음식,ticket,8,sequential,9,0.285464623086677,0.0256353317058997
8005,중국음식,ticket,8,sequential,10,0.0306895688280837,0.0129634055086449
8005,중국음식,ticket,8,leave_one_block_out,1,-0.0892014316366957,-0.027348001468013
8005,중국음식,ticket,8,leave_one_block_out,2,0.157316129152744,0.039217024954573
8005,중국음식,ticket,8,leave_one_block_out,3,-0.034291724515538,-0.0101955899570652
8005,중국음식,ticket,8,leave_one_block_out,4,0.270573364344795,0.0550034431877704
8005,중국음식,ticket,8,leave_one_block_out,5,0.0768599198220962,0.0367464280526495
8005,중국음식,ticket,8,leave_one_block_out,6,0.0168853542737241,0.0387809047558683
8005,중국음식,ticket,8,leave_one_block_out,7,0.106400220212015,0.016886345939745
8005,중국음식,ticket,8,leave_one_block_out,8,-0.332675375490421,-0.0939905655352693
8005,중국음식,ticket,8,leave_one_block_out,9,0.285464623086677,0.0256353317058997
8005,중국음식,ticket,9,sequential,2,0.153170114450865,0.0486751813569603
8005,중국음식,ticket,9,sequential,3,0.122017269946026,-0.0302096344911817
8005,중국음식,ticket,9,sequential,4,0.686072780539626,0.191264739123373
8005,중국음식,ticket,9,sequential,5,0.11971374085145,-0.0153303229791033
8005,중국음식,ticket,9,sequential,6,-0.0130346663290121,-0.000343910639540645
8005,중국음식,ticket,9,sequential,7,0.187900275865165,0.0390862297418171
8005,중국음식,ticket,9,sequential,8,-0.358481526023426,-0.0659924664238623
8005,중국음식,ticket,9,sequential,9,0.024075470199951,-0.0547549405341303
8005,중국음식,ticket,9,sequential,10,-0.00928525365251204,0.0121123196270251
8005,중국음식,ticket,9,leave_one_block_out,1,-0.0184613880303428,-0.0125541740584187
8005,중국음식,ticket,9,leave_one_block_out,2,-0.260842590804372,-0.0601007284079127
8005,중국음식,ticket,9,leave_one_block_out,3,-0.0859596467004314,-0.0615778074468571
8005,중국음식,ticket,9,leave_one_block_out,4,-0.0805813254051116,-0.05975312060411
8005,중국음식,ticket,9,leave_one_block_out,5,0.0862028090418465,0.0306984551148013
8005,중국음식,ticket,9,leave_one_block_out,6,-0.000438951630676865,0.0329004732405777
8005,중국음식,ticket,9,leave_one_block_out,7,0.0712187568525258,0.00618742051265764
8005,중국음식,ticket,9,leave_one_block_out,8,-0.296833013967611,-0.0953426853791448
8005,중국음식,ticket,9,leave_one_block_out,9,0.024075470199951,-0.0547549405341303
8006,서양음식,amt,0,sequential,2,7.4382751411082,0.247584939690581
8006,서양음식,amt,0,sequential,3,11.0476371643099,0.559320030013518
8006,서양음식,amt,0,sequential,4,3.90855286506332,0.235283555253323
8006,서양음식,amt,0,sequential,5,3.40605954018344,0.222366302306326
8006,서양음식,amt,0,sequential,6,2.75264619139563,0.317164301432275
8006,서양음식,amt,0,sequential,7,-0.115859897402609,0.0148779082820142
8006,서양음식,amt,0,sequential,8,1.25232187032285,0.166728450037146
8006,서양음식,amt,0,sequential,9,1.82526772219754,-0.73825586357144
8006,서양음식,amt,0,sequential,10,-0.0379811444884054,0.00563060853017505
8006,서양음식,amt,0,leave_one_block_out,1,22.6446419108895,0.750807010285715
8006,서양음식,amt,0,leave_one_block_out,2,-1.17967611680717,-0.37851238121638
8006,서양음식,amt,0,leave_one_block_out,3,-0.990773543938073,-0.111495085701367
8006,서양음식,amt,0,leave_one_block_out,4,-0.905759136474127,-0.23794202614673
8006,서양음식,amt,0,leave_one_block_out,5,0.7218814766836,0.044290249865523
8006,서양음식,amt,0,leave_one_block_out,6,3.67652304287592,0.30628626732028
8006,서양음식,amt,0,leave_one_block_out,7,-0.23523213861478,-0.0510846940232188
8006,서양음식,amt,0,leave_one_block_out,8,-0.909644363333684,-0.207041886890019
8006,서양음식,amt,0,leave_one_block_out,9,1.82526772219754,-0.73825586357144
8006,서양음식,amt,1,sequential,2,6.65031774946704,0.190984537596615
8006,서양음식,amt,1,sequential,3,10.5753079532522,0.557520145868075
8006,서양음식,amt,1,sequential,4,5.05300923378641,0.329549124234634
8006,서양음식,amt,1,sequential,5,4.11381041331766,0.341160030781325
8006,서양음식,amt,1,sequential,6,2.20326501262032,0.291040001419169
8006,서양음식,amt,1,sequential,7,0.501637193922128,0.0710527042855582
8006,서양음식,amt,1,sequential,8,0.305232210188264,0.0316445969093957
8006,서양음식,amt,1,sequential,9,2.72172003628985,-0.720977558792111
8006,서양음식,amt,1,sequential,10,-0.0468691786380454,-0.00513854322498863
8006,서양음식,amt,1,leave_one_block_out,1,23.6868833316946,0.76681901425498
8006,서양음식,amt,1,leave_one_block_out,2,-1.19486862537329,-0.479578436044207
8006,서양음식,amt,1,leave_one_block_out,3,-0.089288481394767,0.00743956329570983
8006,서양음식,amt,1,leave_one_block_out,4,-0.109964395336631,0.0413864318976271
8006,서양음식,amt,1,leave_one_block_out,5,1.24651760586388,0.0319122341072737
8006,서양음식,amt,1,leave_one_block_out,6,3.40494676339541,0.14962359579072
8006,서양음식,amt,1,leave_one_block_out,7,-0.323437396996137,-0.0787698943812127
8006,서양음식,amt,1,leave_one_block_out,8,0.101518123149469,-0.00902437260360744
8006,서양음식,amt,1,leave_one_block_out,9,2.72172003628985,-0.720977558792111
8006,서양음식,amt,2,sequential,2,8.39530423368595,0.222222525944111
8006,서양음식,amt,2,sequential,3,9.89900872392524,0.50585750964562
8006,서양음식,amt,2,sequential,4,4.40419788493705,0.38576538560014
8006,서양음식,amt,2,sequential,5,3.35695927080987,0.192693121945903
8006,서양음식,amt,2,sequential,6,1.69430802332269,0.141099385662897
8006,서양음식,amt,2,sequential,7,0.391869881203258,0.146733361276928
8006,서양음식,amt,2,sequential,8,1.46737637907862,0.0278237007686191
8006,서양음식,amt,2,sequential,9,1.79658398299614,-0.343048813318418
8006,서양음식,amt,2,sequential,10,-0.0390744083743594,-0.00149144884788122
8006,서양음식,amt,2,leave_one_block_out,1,21.0753986423668,0.718553767283671
8006,서양음식,amt,2,leave_one_block_out,2,-1.69436509750279,-0.695020136929778
8006,서양음식,amt,2,leave_one_block_out,3,-0.575040070767505,-0.0967107696768179
8006,서양음식,amt,2,leave_one_block_out,4,-0.816730871227669,-0.0435211088302543
8006,서양음식,amt,2,leave_one_block_out,5,0.667337134348769,-0.0483874890394511
8006,서양음식,amt,2,leave_one_block_out,6,3.94864266774741,0.260011816476468
8006,서양음식,amt,2,leave_one_block_out,7,0.0154089668657736,-0.0457272871283634
8006,서양음식,amt,2,leave_one_block_out,8,-0.288489648524698,0.0150821306342667
8006,서양음식,amt,2,leave_one_block_out,9,1.79658398299614,-0.343048813318418
8006,서양음식,amt,3,sequential,2,5.67556312816163,0.199144128089326
8006,서양음식,amt,3,sequential,3,11.1306139240749,0.551562521360543
8006,서양음식,amt,3,sequential,4,4.92775459249688,0.392678324073648
8006,서양음식,amt,3,sequential,5,3.44761588298184,0.233685532426669
8006,서양음식,amt,3,sequential,6,1.98472479781026,0.263532523723662
8006,서양음식,amt,3,sequential,7,0.484550037696863,-0.0086050738336283
8006,서양음식,amt,3,sequential,8,0.933054063652111,0.0979087058090775
8006,서양음식,amt,3,sequential,9,2.44811963051027,-0.611831541792077
8006,서양음식,amt,3,sequential,10,-0.0246834953013059,0.00329874781628914
8006,서양음식,amt,3,leave_one_block_out,1,25.4649573642268,0.801007861557719
8006,서양음식,amt,3,leave_one_block_out,2,-0.487965450471584,-0.409623288185975
8006,서양음식,amt,3,leave_one_block_out,3,-0.748428448135752,-0.0640608567287448
8006,서양음식,amt,3,leave_one_block_out,4,-0.0900773834591889,0.0690333590021666
8006,서양음식,amt,3,leave_one_block_out,5,1.06632707272548,0.0182229339282224
8006,서양음식,amt,3,leave_one_block_out,6,3.57444342457907,0.233024936349541
8006,서양음식,amt,3,leave_one_block_out,7,-0.509908142628818,-0.0514295572929866
8006,서양음식,amt,3,leave_one_block_out,8,-0.603284967980791,0.0172147146115684
8006,서양음식,amt,3,leave_one_block_out,9,2.44811963051027,-0.611831541792077
8006,서양음식,amt,4,sequential,2,7.94453115830416,0.21907766344566
8006,서양음식,amt,4,sequential,3,10.1201367459663,0.529854031244124
8006,서양음식,amt,4,sequential,4,4.7022882971284,0.208623524448155
8006,서양음식,amt,4,sequential,5,3.54039511342974,0.253893675732435
8006,서양음식,amt,4,sequential,6,2.16109758957744,0.236811670031031
8006,서양음식,amt,4,sequential,7,0.00146000401400892,0.121550856795597
8006,서양음식,amt,4,sequential,8,0.600494449463887,0.0743453352834497
8006,서양음식,amt,4,sequential,9,2.80736202045808,-0.633118353566273
8006,서양음식,amt,4,sequential,10,-0.0512140239280062,-0.00592768121444598
8006,서양음식,amt,4,leave_one_block_out,1,22.23818050942,0.718640214944064
8006,서양음식,amt,4,leave_one_block_out,2,-1.29978553780357,-0.50346917130507
8006,서양음식,amt,4,leave_one_block_out,3,0.0328273746478452,-0.0485032353309822
8006,서양음식,amt,4,leave_one_block_out,4,-0.550497621972093,-0.144988479375979
8006,서양음식,amt,4,leave_one_block_out,5,1.44317958762978,0.0885708811097803
8006,서양음식,amt,4,leave_one_block_out,6,3.11430099342561,0.1420834212654
8006,서양음식,amt,4,leave_one_block_out,7,-0.269427147805082,-0.0335364069911128
8006,서양음식,amt,4,leave_one_block_out,8,-0.120454652379465,-0.0524189244156956
8006,서양음식,amt,4,leave_one_block_out,9,2.80736202045808,-0.633118353566273
8006,서양음식,amt,5,sequential,2,7.4138701323388,0.238156992219984
8006,서양음식,amt,5,sequential,3,9.91257660608105,0.532252121894872
8006,서양음식,amt,5,sequential,4,3.6902330910887,0.217926066424503
8006,서양음식,amt,5,sequential,5,3.55713032999223,0.221494456540247
8006,서양음식,amt,5,sequential,6,2.53277276988427,0.308566430660092
8006,서양음식,amt,5,sequential,7,0.285072210519749,-0.00712817945983857
8006,서양음식,amt,5,sequential,8,1.07525518243758,0.0482331346075999
8006,서양음식,amt,5,sequential,9,3.61836344533574,-0.119213005116723
8006,서양음식,amt,5,sequential,10,-0.0648782249870528,0.00300997445722562
8006,서양음식,amt,5,leave_one_block_out,1,25.6690433916526,0.804139782553347
8006,서양음식,amt,5,leave_one_block_out,2,-0.995265706070397,-0.308779807818507
8006,서양음식,amt,5,leave_one_block_out,3,-0.480261464080614,-0.132133237406218
8006,서양음식,amt,5,leave_one_block_out,4,-0.630452179074886,-0.155949371860832
8006,서양음식,amt,5,leave_one_block_out,5,0.944236134392612,0.0334876976199553
8006,서양음식,amt,5,leave_one_block_out,6,3.3196952354815,0.258559550357968
8006,서양음식,amt,5,leave_one_block_out,7,-0.18440863290666,-0.0232978278066784
8006,서양음식,amt,5,leave_one_block_out,8,-0.245938256893347,-0.0857076394197949
8006,서양음식,amt,5,leave_one_block_out,9,3.61836344533574,-0.119213005116723
8006,서양음식,amt,6,sequential,2,6.38013681067353,0.193768859854203
8006,서양음식,amt,6,sequential,3,10.427806914373,0.532338977611615
8006,서양음식,amt,6,sequential,4,4.43444486456923,0.166043243015727
8006,서양음식,amt,6,sequential,5,3.39668408457989,0.213730551951903
8006,서양음식,amt,6,sequential,6,2.68594123354678,0.28896037715577
8006,서양음식,amt,6,sequential,7,0.147048763245475,0.00912973962150987
8006,서양음식,amt,6,sequential,8,1.26791741978011,0.10657303274172
8006,서양음식,amt,6,sequential,9,2.83035464330773,-0.365381353345808
8006,서양음식,amt,6,sequential,10,-0.37291571018454,-0.0223504342988192
8006,서양음식,amt,6,leave_one_block_out,1,23.7074382084113,0.735617120055599
8006,서양음식,amt,6,leave_one_block_out,2,-0.88228480882156,-0.376537389554098
8006,서양음식,amt,6,leave_one_block_out,3,0.128938751718843,-0.0678495966909969
8006,서양음식,amt,6,leave_one_block_out,4,-0.392134990195697,-0.259753531673416
8006,서양음식,amt,6,leave_one_block_out,5,1.91731666955213,0.0460385351576263
8006,서양음식,amt,6,leave_one_block_out,6,3.79541680446895,0.255741925277808
8006,서양음식,amt,6,leave_one_block_out,7,-0.31343998299603,-0.0844803908207283
8006,서양음식,amt,6,leave_one_block_out,8,0.0651175454013109,-0.0502146414854026
8006,서양음식,amt,6,leave_one_block_out,9,2.83035464330773,-0.365381353345808
8006,서양음식,amt,7,sequential,2,7.62213590901522,0.183260042765516
8006,서양음식,amt,7,sequential,3,10.9457542908774,0.552927764091697
8006,서양음식,amt,7,sequential,4,4.14842121466118,0.245326249719519
8006,서양음식,amt,7,sequential,5,3.94158973146222,0.28127740259839
8006,서양음식,amt,7,sequential,6,2.06032462933212,0.301930279802515
8006,서양음식,amt,7,sequential,7,0.318598102206105,0.132702777718963
8006,서양음식,amt,7,sequential,8,0.987205406207226,0.1227412949772
8006,서양음식,amt,7,sequential,9,3.0723498971826,-0.695199249653008
8006,서양음식,amt,7,sequential,10,-0.00152792874320018,0.00727986065833508
8006,서양음식,amt,7,leave_one_block_out,1,24.7948643075053,0.788976448669802
8006,서양음식,amt,7,leave_one_block_out,2,-1.49092562704264,-0.48363280844768
8006,서양음식,amt,7,leave_one_block_out,3,0.0307578557423471,0.117134277523687
8006,서양음식,amt,7,leave_one_block_out,4,-0.244450794620615,-0.123319414304335
8006,서양음식,amt,7,leave_one_block_out,5,1.75176577260269,0.181894715627605
8006,서양음식,amt,7,leave_one_block_out,6,2.58482016343969,0.214779658870198
8006,서양음식,amt,7,leave_one_block_out,7,-0.0267249611978077,0.00673536794708507
8006,서양음식,amt,7,leave_one_block_out,8,0.654181160654382,0.0806995287913393
8006,서양음식,amt,7,leave_one_block_out,9,3.0723498971826,-0.695199249653008
8006,서양음식,amt,8,sequential,2,7.58553759672658,0.207182536529181
8006,서양음식,amt,8,sequential,3,10.558977035436,0.51864137941912
8006,서양음식,amt,8,sequential,4,4.77327047126762,0.187583016391053
8006,서양음식,amt,8,sequential,5,3.11781904553746,0.183521638784965
8006,서양음식,amt,8,sequential,6,2.63005428847131,0.375203342748125
8006,서양음식,amt,8,sequential,7,-0.190215968538271,-0.0123855532767303
8006,서양음식,amt,8,sequential,8,-1.11780585005626,-0.301377814779235
8006,서양음식,amt,8,sequential,9,3.37721309622487,-0.188466034365345
8006,서양음식,amt,8,sequential,10,-0.0661628823323129,-0.00541890280968382
8006,서양음식,amt,8,leave_one_block_out,1,20.5097480457906,0.634557984894101
8006,서양음식,amt,8,leave_one_block_out,2,-1.35736246069731,-0.376898854204422
8006,서양음식,amt,8,leave_one_block_out,3,-1.64491056640624,-0.373594984078508
8006,서양음식,amt,8,leave_one_block_out,4,-0.883866671103992,-0.256496489342966
8006,서양음식,amt,8,leave_one_block_out,5,0.90411812152025,-0.0913225393424404
8006,서양음식,amt,8,leave_one_block_out,6,4.00863363224808,0.319692667051796
8006,서양음식,amt,8,leave_one_block_out,7,-0.193461678097703,-0.0518818998859003
8006,서양음식,amt,8,leave_one_block_out,8,-1.34598231152889,-0.2332214718722
8006,서양음식,amt,8,leave_one_block_out,9,3.37721309622487,-0.188466034365345
8006,서양음식,amt,9,sequential,2,7.34759297763328,0.243851006832522
8006,서양음식,amt,9,sequential,3,11.0822213161541,0.580764605415471
8006,서양음식,amt,9,sequential,4,3.92350427366419,0.198077055038246
8006,서양음식,amt,9,sequential,5,3.425230849139,0.19844623325129
8006,서양음식,amt,9,sequential,6,1.99256819574727,0.235940005848009
8006,서양음식,amt,9,sequential,7,-0.202010234353636,0.0484197607003243
8006,서양음식,amt,9,sequential,8,0.191671475911812,-0.0590688877369965
8006,서양음식,amt,9,sequential,9,3.84186077044923,-0.133283691211012
8006,서양음식,amt,9,sequential,10,-0.284125109624137,-0.0140346656706352
8006,서양음식,amt,9,leave_one_block_out,1,21.0996192055585,0.726328349879653
8006,서양음식,amt,9,leave_one_block_out,2,-1.23598352158969,-0.417787850265128
8006,서양음식,amt,9,leave_one_block_out,3,0.364495228036349,0.0479627604626123
8006,서양음식,amt,9,leave_one_block_out,4,-0.624736589932653,-0.133806948290359
8006,서양음식,amt,9,leave_one_block_out,5,1.49215280579247,0.0543644689224022
8006,서양음식,amt,9,leave_one_block_out,6,3.17525399544248,0.196824682792617
8006,서양음식,amt,9,leave_one_block_out,7,0.119587806963947,-0.0214829327144122
8006,서양음식,amt,9,leave_one_block_out,8,-0.117961636942851,-0.0918097046971234
8006,서양음식,amt,9,leave_one_block_out,9,3.84186077044923,-0.133283691211012
8006,서양음식,cnt,0,sequential,2,5.41575531125725,0.201730117163442
8006,서양음식,cnt,0,sequential,3,9.29322197755238,0.502707592894494
8006,서양음식,cnt,0,sequential,4,1.28276810492402,-0.203773350045711
8006,서양음식,cnt,0,sequential,5,4.29809117318626,0.229678100401089
8006,서양음식,cnt,0,sequential,6,0.201503321077029,0.0630367804717602
8006,서양음식,cnt,0,sequential,7,0.525929057594804,0.0202332456313256
8006,서양음식,cnt,0,sequential,8,3.80976085828621,0.285089717631389
8006,서양음식,cnt,0,sequential,9,3.38627010743106,-0.465981806047275
8006,서양음식,cnt,0,sequential,10,-0.0193752397254859,-0.00287403825692967
8006,서양음식,cnt,0,leave_one_block_out,1,21.9895083191749,0.639628605383496
8006,서양음식,cnt,0,leave_one_block_out,2,-1.02311221823027,-0.29751404706764
8006,서양음식,cnt,0,leave_one_block_out,3,-0.358529805892122,-0.0752560558548898
8006,서양음식,cnt,0,leave_one_block_out,4,-1.1175499488821,-0.240687470333541
8006,서양음식,cnt,0,leave_one_block_out,5,1.40119883089654,0.0286047813149413
8006,서양음식,cnt,0,leave_one_block_out,6,1.04304773828463,0.0877652926126017
8006,서양음식,cnt,0,leave_one_block_out,7,-0.341472050274647,-0.029319170969385
8006,서양음식,cnt,0,leave_one_block_out,8,0.835561844903918,0.0185148548070522
8006,서양음식,cnt,0,leave_one_block_out,9,3.38627010743106,-0.465981806047275
8006,서양음식,cnt,1,sequential,2,5.46943476663821,0.164041871709068
8006,서양음식,cnt,1,sequential,3,8.08908308105185,0.523023641769475
8006,서양음식,cnt,1,sequential,4,2.46261439403138,-0.0297454806728237
8006,서양음식,cnt,1,sequential,5,5.29203353071913,0.323099255772302
8006,서양음식,cnt,1,sequential,6,0.337430315003565,0.0497983640530673
8006,서양음식,cnt,1,sequential,7,0.530175944009398,-0.0107231512637518
8006,서양음식,cnt,1,sequential,8,2.27783146022267,0.192844160138334
8006,서양음식,cnt,1,sequential,9,3.90918698821913,-0.531451539191642
8006,서양음식,cnt,1,sequential,10,-0.0368991100836519,-0.0100855474007606
8006,서양음식,cnt,1,leave_one_block_out,1,23.5508958713968,0.654728866328695
8006,서양음식,cnt,1,leave_one_block_out,2,-0.760999133466883,-0.427008167071165
8006,서양음식,cnt,1,leave_one_block_out,3,0.604176052477876,0.00111189979839754
8006,서양음식,cnt,1,leave_one_block_out,4,-0.580577799049764,-0.0690925283840558
8006,서양음식,cnt,1,leave_one_block_out,5,1.42443810971223,0.0304364730423551
8006,서양음식,cnt,1,leave_one_block_out,6,0.82601408225714,0.0258567186224475
8006,서양음식,cnt,1,leave_one_block_out,7,-0.533235507198507,-0.060436217477192
8006,서양음식,cnt,1,leave_one_block_out,8,1.56467258451509,0.0945843964488489
8006,서양음식,cnt,1,leave_one_block_out,9,3.90918698821913,-0.531451539191642
8006,서양음식,cnt,2,sequential,2,6.88040955019261,0.199940926910469
8006,서양음식,cnt,2,sequential,3,7.74507873530618,0.46734276930449
8006,서양음식,cnt,2,sequential,4,1.34770577921422,-0.0187622644899341
8006,서양음식,cnt,2,sequential,5,4.73858729851223,0.222152950719945
8006,서양음식,cnt,2,sequential,6,0.319630091818079,0.00142689716028299
8006,서양음식,cnt,2,sequential,7,0.63754343360326,0.0713770949088685
8006,서양음식,cnt,2,sequential,8,3.11396498922953,0.199845547233492
8006,서양음식,cnt,2,sequential,9,2.45171697124209,-0.338875168230093
8006,서양음식,cnt,2,sequential,10,-0.115912662960449,-0.0161433676692586
8006,서양음식,cnt,2,leave_one_block_out,1,20.096879863731,0.61616913370981
8006,서양음식,cnt,2,leave_one_block_out,2,-2.5895659761376,-0.532241373347013
8006,서양음식,cnt,2,leave_one_block_out,3,-0.892563440864463,-0.0933136111090276
8006,서양음식,cnt,2,leave_one_block_out,4,-1.00522819134475,-0.0665407049533921
8006,서양음식,cnt,2,leave_one_block_out,5,0.633750254250787,-0.0357273536557465
8006,서양음식,cnt,2,leave_one_block_out,6,0.988812341401923,0.0622631925565682
8006,서양음식,cnt,2,leave_one_block_out,7,-0.64094000083075,-0.0743529480269796
8006,서양음식,cnt,2,leave_one_block_out,8,0.414174370719494,0.062600086574251
8006,서양음식,cnt,2,leave_one_block_out,9,2.45171697124209,-0.338875168230093
8006,서양음식,cnt,3,sequential,2,4.31205310256102,0.141866718012108
8006,서양음식,cnt,3,sequential,3,9.16959624444842,0.549553523263029
8006,서양음식,cnt,3,sequential,4,1.7400221073507,0.0258516243922463
8006,서양음식,cnt,3,sequential,5,4.67634081396597,0.253905694236426
8006,서양음식,cnt,3,sequential,6,-0.0112121759935163,0.00353027089016167
8006,서양음식,cnt,3,sequential,7,0.148219313368964,-0.0563487670989227
8006,서양음식,cnt,3,sequential,8,3.96845720064878,0.280267878062319
8006,서양음식,cnt,3,sequential,9,3.48572499480658,-0.543302298880457
8006,서양음식,cnt,3,sequential,10,-0.0112958289691156,-0.000539158205652646
8006,서양음식,cnt,3,leave_one_block_out,1,24.9980728067763,0.719674977585398
8006,서양음식,cnt,3,leave_one_block_out,2,-0.517683991281526,-0.297225575374845
8006,서양음식,cnt,3,leave_one_block_out,3,0.0423193970388258,-0.0311782410973789
8006,서양음식,cnt,3,leave_one_block_out,4,-0.36379944301447,-0.0323050974046453
8006,서양음식,cnt,3,leave_one_block_out,5,1.58265354919884,0.0117470179200787
8006,서양음식,cnt,3,leave_one_block_out,6,0.901994658970007,0.0508360864014321
8006,서양음식,cnt,3,leave_one_block_out,7,-0.757804914821913,-0.0513290274906391
8006,서양음식,cnt,3,leave_one_block_out,8,0.970022389295422,0.0784960840809823
8006,서양음식,cnt,3,leave_one_block_out,9,3.48572499480658,-0.543302298880457
8006,서양음식,cnt,4,sequential,2,6.03367249430237,0.189335220496486
8006,서양음식,cnt,4,sequential,3,8.56351990239377,0.511937927312528
8006,서양음식,cnt,4,sequential,4,1.34357660305072,-0.134362949148228
8006,서양음식,cnt,4,sequential,5,4.85003380942799,0.266174187695462
8006,서양음식,cnt,4,sequential,6,-0.0527032598013816,0.037994495346055
8006,서양음식,cnt,4,sequential,7,0.17193451656399,0.0419712465528028
8006,서양음식,cnt,4,sequential,8,2.69485753923472,0.200981544947472
8006,서양음식,cnt,4,sequential,9,3.5246246100963,-0.482964803522704
8006,서양음식,cnt,4,sequential,10,-0.231504749416203,-0.0182066344605558
8006,서양음식,cnt,4,leave_one_block_out,1,21.1108232065155,0.638601489523918
8006,서양음식,cnt,4,leave_one_block_out,2,-1.61283674312271,-0.401436573156986
8006,서양음식,cnt,4,leave_one_block_out,3,0.779471037399382,-0.00504890173462269
8006,서양음식,cnt,4,leave_one_block_out,4,-0.99186084045059,-0.151688431894949
8006,서양음식,cnt,4,leave_one_block_out,5,0.666574780421852,0.0363073816924477
8006,서양음식,cnt,4,leave_one_block_out,6,0.512748064318211,0.0285397030202859
8006,서양음식,cnt,4,leave_one_block_out,7,-0.811242190666217,-0.0629350838388776
8006,서양음식,cnt,4,leave_one_block_out,8,0.405602697449642,0.0268519836283361
8006,서양음식,cnt,4,leave_one_block_out,9,3.5246246100963,-0.482964803522704
8006,서양음식,cnt,5,sequential,2,6.50340671260755,0.211310379908235
8006,서양음식,cnt,5,sequential,3,7.71860046446919,0.496761022574976
8006,서양음식,cnt,5,sequential,4,1.24932545222153,-0.136845638699096
8006,서양음식,cnt,5,sequential,5,4.72168497560034,0.207854541382502
8006,서양음식,cnt,5,sequential,6,0.460490706063063,0.0800586641402963
8006,서양음식,cnt,5,sequential,7,0.411404457466946,-0.023837539030674
8006,서양음식,cnt,5,sequential,8,3.30789141026095,0.171832957071259
8006,서양음식,cnt,5,sequential,9,4.63502039643374,-0.0695503931814911
8006,서양음식,cnt,5,sequential,10,0.0442995841476446,-0.00215447819970271
8006,서양음식,cnt,5,leave_one_block_out,1,25.257352154593,0.706639051443828
8006,서양음식,cnt,5,leave_one_block_out,2,-1.02176658044928,-0.195951892295276
8006,서양음식,cnt,5,leave_one_block_out,3,0.412222967595324,-0.0596189116458263
8006,서양음식,cnt,5,leave_one_block_out,4,-0.516937899064682,-0.169592175461741
8006,서양음식,cnt,5,leave_one_block_out,5,1.0159504189995,-0.00475352572319543
8006,서양음식,cnt,5,leave_one_block_out,6,0.961773951128625,0.0695765494169599
8006,서양음식,cnt,5,leave_one_block_out,7,-0.2495335834069,-0.0256475269805274
8006,서양음식,cnt,5,leave_one_block_out,8,0.837225161423019,0.0631501969759555
8006,서양음식,cnt,5,leave_one_block_out,9,4.63502039643374,-0.0695503931814911
8006,서양음식,cnt,6,sequential,2,4.55378192128184,0.110861625125731
8006,서양음식,cnt,6,sequential,3,8.5019757181816,0.493549265215639
8006,서양음식,cnt,6,sequential,4,1.94275207697611,-0.116777382659092
8006,서양음식,cnt,6,sequential,5,4.62472017511209,0.205079306421498
8006,서양음식,cnt,6,sequential,6,0.159672441241251,0.0580101574765493
8006,서양음식,cnt,6,sequential,7,0.531156646993958,0.0017295066308971
8006,서양음식,cnt,6,sequential,8,3.20957615059697,0.191625450675698
8006,서양음식,cnt,6,sequential,9,4.18301202425609,-0.191924197037283
8006,서양음식,cnt,6,sequential,10,-0.297888354330089,-0.0154891141006026
8006,서양음식,cnt,6,leave_one_block_out,1,22.7786900681248,0.635275266921286
8006,서양음식,cnt,6,leave_one_block_out,2,-0.988328933242985,-0.322683862692462
8006,서양음식,cnt,6,leave_one_block_out,3,0.729727342939607,-0.0202714778968995
8006,서양음식,cnt,6,leave_one_block_out,4,-0.747514626181534,-0.229930381570754
8006,서양음식,cnt,6,leave_one_block_out,5,1.15687439774838,0.0270238554119133
8006,서양음식,cnt,6,leave_one_block_out,6,0.734922181501357,0.0796204692297898
8006,서양음식,cnt,6,leave_one_block_out,7,-0.318982233005322,-0.0657792574333484
8006,서양음식,cnt,6,leave_one_block_out,8,0.907122703734548,0.0395765901499795
8006,서양음식,cnt,6,leave_one_block_out,9,4.18301202425609,-0.191924197037283
8006,서양음식,cnt,7,sequential,2,6.11606387877939,0.134118356054531
8006,서양음식,cnt,7,sequential,3,8.39376944663629,0.53740135355466
8006,서양음식,cnt,7,sequential,4,1.59842106474681,-0.107146429549604
8006,서양음식,cnt,7,sequential,5,4.86522038193704,0.265538377544712
8006,서양음식,cnt,7,sequential,6,0.39810469059138,0.0397201272312796
8006,서양음식,cnt,7,sequential,7,0.399906495257807,0.0582469607953893
8006,서양음식,cnt,7,sequential,8,2.74901714555689,0.253349726852321
8006,서양음식,cnt,7,sequential,9,4.7077802951023,-0.468666128482542
8006,서양음식,cnt,7,sequential,10,-0.0636798263036781,0.00248636466303254
8006,서양음식,cnt,7,leave_one_block_out,1,24.3337681269217,0.692799890430013
8006,서양음식,cnt,7,leave_one_block_out,2,-0.776572831166678,-0.400771557222148
8006,서양음식,cnt,7,leave_one_block_out,3,0.885243454966808,0.104314864483608
8006,서양음식,cnt,7,leave_one_block_out,4,-0.137048700394474,-0.137341504081099
8006,서양음식,cnt,7,leave_one_block_out,5,1.54540229857824,0.0972015665763756
8006,서양음식,cnt,7,leave_one_block_out,6,0.471078537247149,0.0374644473077846
8006,서양음식,cnt,7,leave_one_block_out,7,-0.442554284591079,-0.0570422716674364
8006,서양음식,cnt,7,leave_one_block_out,8,1.08904931599169,0.11690596345672
8006,서양음식,cnt,7,leave_one_block_out,9,4.7077802951023,-0.468666128482542
8006,서양음식,cnt,8,sequential,2,5.71222475191598,0.158773892810754
8006,서양음식,cnt,8,sequential,3,8.77999414865395,0.492104272953227
8006,서양음식,cnt,8,sequential,4,2.27163137329792,0.00901434661144962
8006,서양음식,cnt,8,sequential,5,4.46099584170981,0.226509144523207
8006,서양음식,cnt,8,sequential,6,0.301680680986358,0.130452455654875
8006,서양음식,cnt,8,sequential,7,0.156231390108494,-0.0635666792636878
8006,서양음식,cnt,8,sequential,8,1.40926893533077,0.0306468371285712
8006,서양음식,cnt,8,sequential,9,5.18172134128916,-0.130825984743986
8006,서양음식,cnt,8,sequential,10,-0.0425807249890442,-0.0138978684756008
8006,서양음식,cnt,8,leave_one_block_out,1,21.0593320026182,0.603956814165062
8006,서양음식,cnt,8,leave_one_block_out,2,-1.472948978344,-0.361947494998254
8006,서양음식,cnt,8,leave_one_block_out,3,-0.28028399136826,-0.199460083699553
8006,서양음식,cnt,8,leave_one_block_out,4,-0.394908572917491,-0.0962602510379951
8006,서양음식,cnt,8,leave_one_block_out,5,1.23140882050176,-0.0598174036829768
8006,서양음식,cnt,8,leave_one_block_out,6,1.63079874738103,0.137066946628394
8006,서양음식,cnt,8,leave_one_block_out,7,-0.500348361035863,-0.0638795167253845
8006,서양음식,cnt,8,leave_one_block_out,8,0.64678247135086,0.0232068394466131
8006,서양음식,cnt,8,leave_one_block_out,9,5.18172134128916,-0.130825984743986
8006,서양음식,cnt,9,sequential,2,6.2475959106058,0.20561431290244
8006,서양음식,cnt,9,sequential,3,8.49351101001852,0.538828438671275
8006,서양음식,cnt,9,sequential,4,1.04254764441201,-0.247174630488037
8006,서양음식,cnt,9,sequential,5,5.1689312955989,0.232425695049249
8006,서양음식,cnt,9,sequential,6,-0.489474089937772,0.0184024935925939
8006,서양음식,cnt,9,sequential,7,0.174249399910709,-0.00454675565710905
8006,서양음식,cnt,9,sequential,8,2.75090580956306,0.154210997978734
8006,서양음식,cnt,9,sequential,9,5.11140760667537,-0.106761502020139
8006,서양음식,cnt,9,sequential,10,-0.143936421054894,-0.00997260707627512
8006,서양음식,cnt,9,leave_one_block_out,1,20.7215353945201,0.617974195648998
8006,서양음식,cnt,9,leave_one_block_out,2,-0.814544851087218,-0.337639018880899
8006,서양음식,cnt,9,leave_one_block_out,3,0.630936122948952,0.0221520013638155
8006,서양음식,cnt,9,leave_one_block_out,4,-0.604753130304736,-0.143564343476709
8006,서양음식,cnt,9,leave_one_block_out,5,1.51115562346454,0.0481517963485013
8006,서양음식,cnt,9,leave_one_block_out,6,0.747788720138998,0.0562191847258429
8006,서양음식,cnt,9,leave_one_block_out,7,-0.264886735311121,-0.0459953177563288
8006,서양음식,cnt,9,leave_one_block_out,8,1.31876764172232,0.0359004262595396
8006,서양음식,cnt,9,leave_one_block_out,9,5.11140760667537,-0.106761502020139
8006,서양음식,ticket,0,sequential,2,0.418565987153531,0.0130760312938223
8006,서양음식,ticket,0,sequential,3,0.25454459501424,0.0134888130480355
8006,서양음식,ticket,0,sequential,4,1.2418739304944,0.241723417641733
8006,서양음식,ticket,0,sequential,5,0.590809492650625,0.0712184640506018
8006,서양음식,ticket,0,sequential,6,0.491680878448893,0.115797352030733
8006,서양음식,ticket,0,sequential,7,0.332194107453676,0.0512220977555843
8006,서양음식,ticket,0,sequential,8,0.134436267059207,0.0486772327182127
8006,서양음식,ticket,0,sequential,9,0.402828079675896,-0.016805775295653
8006,서양음식,ticket,0,sequential,10,-0.0442075255108504,-0.00761204110976244
8006,서양음식,ticket,0,leave_one_block_out,1,1.87152450759065e-05,-0.00192133046851284
8006,서양음식,ticket,0,leave_one_block_out,2,-0.189895513604148,-0.088305404536726
8006,서양음식,ticket,0,leave_one_block_out,3,-0.042336869535789,-0.0244787298005491
8006,서양음식,ticket,0,leave_one_block_out,4,-0.0812401981235694,-0.0296732180685013
8006,서양음식,ticket,0,leave_one_block_out,5,0.160890837394333,0.00458868329236828
8006,서양음식,ticket,0,leave_one_block_out,6,1.08861708792083,0.211501885460466
8006,서양음식,ticket,0,leave_one_block_out,7,-0.0360245430186201,-0.0127807210848343
8006,서양음식,ticket,0,leave_one_block_out,8,-0.0406609163226754,-0.0509346524548209
8006,서양음식,ticket,0,leave_one_block_out,9,0.402828079675896,-0.016805775295653
8006,서양음식,ticket,1,sequential,2,0.213229001786351,-0.0229914104647073
8006,서양음식,ticket,1,sequential,3,0.237537134278358,0.00446066479923535
8006,서양음식,ticket,1,sequential,4,1.91585933567495,0.324111298677796
8006,서양음식,ticket,1,sequential,5,0.561486110277758,0.0608918326168721
8006,서양음식,ticket,1,sequential,6,0.637724272176617,0.154663932762476
8006,서양음식,ticket,1,sequential,7,0.358334426731384,0.0435705414518033
8006,서양음식,ticket,1,sequential,8,0.0452922608554229,-0.0156366333262281
8006,서양음식,ticket,1,sequential,9,0.164221104686325,0.00139043933126015
8006,서양음식,ticket,1,sequential,10,-0.0426408178492751,-0.0115523448445878
8006,서양음식,ticket,1,leave_one_block_out,1,-0.027629715519803,-0.00921468411307114
8006,서양음식,ticket,1,leave_one_block_out,2,0.0165259582252816,-0.0335165546825886
8006,서양음식,ticket,1,leave_one_block_out,3,-0.0941625540117813,-0.0286614807090702
8006,서양음식,ticket,1,leave_one_block_out,4,-0.12618308525648,-0.0133069332138418
8006,서양음식,ticket,1,leave_one_block_out,5,0.231215617630971,0.0105551573214825
8006,서양음식,ticket,1,leave_one_block_out,6,1.0223446855669,0.206978996422071
8006,서양음식,ticket,1,leave_one_block_out,7,-0.0483875601036562,-0.00537949519892811
8006,서양음식,ticket,1,leave_one_block_out,8,-0.0786433475696208,-0.059100704967719
8006,서양음식,ticket,1,leave_one_block_out,9,0.164221104686325,0.00139043933126015
8006,서양음식,ticket,2,sequential,2,0.47689606642505,0.00484846727987087
8006,서양음식,ticket,2,sequential,3,0.208252958905743,-0.00624065547248986
8006,서양음식,ticket,2,sequential,4,1.45210377670488,0.29193834849306
8006,서양음식,ticket,2,sequential,5,0.488888792948011,0.0336763171175988
8006,서양음식,ticket,2,sequential,6,0.868347506762013,0.196412212015786
8006,서양음식,ticket,2,sequential,7,0.298636945812973,0.0384142727890396
8006,서양음식,ticket,2,sequential,8,-0.191180509463344,-0.0884220355148235
8006,서양음식,ticket,2,sequential,9,-0.092704451241063,-0.0864841068685689
8006,서양음식,ticket,2,sequential,10,-0.135170028136224,-0.0240139614404384
8006,서양음식,ticket,2,leave_one_block_out,1,-0.049425287865848,-0.021426854943186
8006,서양음식,ticket,2,leave_one_block_out,2,-0.379189587788194,-0.144716668136754
8006,서양음식,ticket,2,leave_one_block_out,3,-0.326032434715862,-0.0641693828727832
8006,서양음식,ticket,2,leave_one_block_out,4,-0.428328557272971,-0.0992336930611111
8006,서양음식,ticket,2,leave_one_block_out,5,-0.0307163343545178,-0.0396595350539506
8006,서양음식,ticket,2,leave_one_block_out,6,0.89051385864599,0.197424012793406
8006,서양음식,ticket,2,leave_one_block_out,7,-0.0512921076316314,-0.0110238409457275
8006,서양음식,ticket,2,leave_one_block_out,8,-0.154673493941274,-0.171691911998425
8006,서양음식,ticket,2,leave_one_block_out,9,-0.092704451241063,-0.0864841068685689
8006,서양음식,ticket,3,sequential,2,0.477428711107787,0.0179194391956894
8006,서양음식,ticket,3,sequential,3,0.241316308408845,0.0100388744485798
8006,서양음식,ticket,3,sequential,4,1.63528716132822,0.273449357619075
8006,서양음식,ticket,3,sequential,5,0.449345546803673,0.0404623238883993
8006,서양음식,ticket,3,sequential,6,0.660251375342034,0.155066615408701
8006,서양음식,ticket,3,sequential,7,0.318041603452456,0.0559555562856677
8006,서양음식,ticket,3,sequential,8,0.213898031320039,0.0854943021778027
8006,서양음식,ticket,3,sequential,9,-0.109540433528449,-0.0875918304875132
8006,서양음식,ticket,3,sequential,10,-0.0279379288586845,-0.00329966212730737
8006,서양음식,ticket,3,leave_one_block_out,1,0.0056161995906745,0.0033253362684994
8006,서양음식,ticket,3,leave_one_block_out,2,-0.50869507498179,-0.10190306070827
8006,서양음식,ticket,3,leave_one_block_out,3,-0.0712761853351437,-0.0117166034648808
8006,서양음식,ticket,3,leave_one_block_out,4,-0.188500968620382,-0.0423258395033221
8006,서양음식,ticket,3,leave_one_block_out,5,0.0274179484700821,-0.0174007809571213
8006,서양음식,ticket,3,leave_one_block_out,6,0.783880928248153,0.194360875277024
8006,서양음식,ticket,3,leave_one_block_out,7,0.0338053554045814,0.0114084789865135
8006,서양음식,ticket,3,leave_one_block_out,8,-0.128034940653342,-0.0204440832671653
8006,서양음식,ticket,3,leave_one_block_out,9,-0.109540433528449,-0.0875918304875132
8006,서양음식,ticket,4,sequential,2,0.325943933540472,-0.0202110688421813
8006,서양음식,ticket,4,sequential,3,0.196565650952008,0.0177154028401505
8006,서양음식,ticket,4,sequential,4,1.65733757546814,0.293729145257741
8006,서양음식,ticket,4,sequential,5,0.421713125709053,0.0227956557490852
8006,서양음식,ticket,4,sequential,6,0.889679660661234,0.180859806529897
8006,서양음식,ticket,4,sequential,7,0.336355402030798,0.0530072494180854
8006,서양음식,ticket,4,sequential,8,-0.0497386599758357,-0.0118819812964179
8006,서양음식,ticket,4,sequential,9,-0.0828077187852869,-0.0739252248063191
8006,서양음식,ticket,4,sequential,10,-0.12872565521669,-0.0203651427288167
8006,서양음식,ticket,4,leave_one_block_out,1,-0.0389886198554998,-0.00857260911488145
8006,서양음식,ticket,4,leave_one_block_out,2,-0.280925620714088,-0.0969921291049947
8006,서양음식,ticket,4,leave_one_block_out,3,-0.056028140633553,-0.0196311755775156
8006,서양음식,ticket,4,leave_one_block_out,4,-0.336105593016876,-0.0594849972582008
8006,서양음식,ticket,4,leave_one_block_out,5,0.103256388111368,0.0101501774711393
8006,서양음식,ticket,4,leave_one_block_out,6,0.993288630871937,0.216726783558689
8006,서양음식,ticket,4,leave_one_block_out,7,-0.0774686794718801,-0.0246549946679424
8006,서양음식,ticket,4,leave_one_block_out,8,-0.0925083273115621,-0.0738813639648552
8006,서양음식,ticket,4,leave_one_block_out,9,-0.0828077187852869,-0.0739252248063191
8006,서양음식,ticket,5,sequential,2,0.218392274032431,-0.0181924149339516
8006,서양음식,ticket,5,sequential,3,0.227660145968693,0.0101561377270771
8006,서양음식,ticket,5,sequential,4,2.00331164130876,0.323607253231256
8006,서양음식,ticket,5,sequential,5,0.480027529632465,0.0308796406678422
8006,서양음식,ticket,5,sequential,6,0.770854962932578,0.181663501173736
8006,서양음식,ticket,5,sequential,7,0.266430066862475,0.0355111049774723
8006,서양음식,ticket,5,sequential,8,0.073640662814034,0.042471760854826
8006,서양음식,ticket,5,sequential,9,0.0313295753509094,-0.0570753428535096
8006,서양음식,ticket,5,sequential,10,-0.0474547864408426,-0.00960249910572197
8006,서양음식,ticket,5,leave_one_block_out,1,-0.0286600157393235,0.00197971655728002
8006,서양음식,ticket,5,leave_one_block_out,2,-0.213642455038572,-0.05581798507008
8006,서양음식,ticket,5,leave_one_block_out,3,-0.12496239895939,-0.0410817058040385
8006,서양음식,ticket,5,leave_one_block_out,4,-0.1024219823464,-0.0154371120923202
8006,서양음식,ticket,5,leave_one_block_out,5,0.0461480402661626,-0.0416756070840822
8006,서양음식,ticket,5,leave_one_block_out,6,0.997804141802204,0.215188157794186
8006,서양음식,ticket,5,leave_one_block_out,7,-0.026833052848696,-0.00935397329021259
8006,서양음식,ticket,5,leave_one_block_out,8,-0.044056937498678,-0.0446526208587121
8006,서양음식,ticket,5,leave_one_block_out,9,0.0313295753509094,-0.0570753428535096
8006,서양음식,ticket,6,sequential,2,0.415988921864345,0.0018273361925355
8006,서양음식,ticket,6,sequential,3,0.231381968763129,0.0180576130538705
8006,서양음식,ticket,6,sequential,4,1.56887847528432,0.299410820807255
8006,서양음식,ticket,6,sequential,5,0.548450804766303,0.0523706417922122
8006,서양음식,ticket,6,sequential,6,0.644289895921821,0.134060557757548
8006,서양음식,ticket,6,sequential,7,0.129259008788023,0.0235840816439181
8006,서양음식,ticket,6,sequential,8,0.221664096702065,0.0705016764655938
8006,서양음식,ticket,6,sequential,9,-0.00853448327276379,-0.0821702907783843
8006,서양음식,ticket,6,sequential,10,0.0109544075621679,0.000985352383560567
8006,서양음식,ticket,6,leave_one_block_out,1,-0.104403472636552,-0.0169390112549763
8006,서양음식,ticket,6,leave_one_block_out,2,-0.113779594978503,-0.0450302080720861
8006,서양음식,ticket,6,leave_one_block_out,3,-0.0582350025604347,-0.0112338712592555
8006,서양음식,ticket,6,leave_one_block_out,4,-0.147798012376139,-0.0298660728366009
8006,서양음식,ticket,6,leave_one_block_out,5,0.0854765490208423,0.00117974661443021
8006,서양음식,ticket,6,leave_one_block_out,6,1.00898297574113,0.232003225105409
8006,서양음식,ticket,6,leave_one_block_out,7,-0.119182830315413,-0.0292926182526947
8006,서양음식,ticket,6,leave_one_block_out,8,-0.0139683803867571,-0.0443700664145028
8006,서양음식,ticket,6,leave_one_block_out,9,-0.00853448327276379,-0.0821702907783843
8006,서양음식,ticket,7,sequential,2,-0.0363906243350864,-0.0536094994420644
8006,서양음식,ticket,7,sequential,3,0.107274984790218,-0.0116391438165042
8006,서양음식,ticket,7,sequential,4,1.97209767854629,0.310309394969158
8006,서양음식,ticket,7,sequential,5,0.501497370618754,0.034432687230731
8006,서양음식,ticket,7,sequential,6,0.680516618177511,0.127608346767862
8006,서양음식,ticket,7,sequential,7,0.319401682642421,0.0479967078428983
8006,서양음식,ticket,7,sequential,8,-0.00570655910988177,0.0353874817822328
8006,서양음식,ticket,7,sequential,9,0.512152391617164,0.0252805922888671
8006,서양음식,ticket,7,sequential,10,-0.0616212415763595,-0.00472455480452405
8006,서양음식,ticket,7,leave_one_block_out,1,-0.00987832657036863,0.0048502311849421
8006,서양음식,ticket,7,leave_one_block_out,2,-0.5311007296337,-0.145534605199954
8006,서양음식,ticket,7,leave_one_block_out,3,-0.0282944649152031,-0.00642262479225453
8006,서양음식,ticket,7,leave_one_block_out,4,-0.0148997754945923,-0.00932707080327844
8006,서양음식,ticket,7,leave_one_block_out,5,0.278222918391093,0.0324044762559288
8006,서양음식,ticket,7,leave_one_block_out,6,1.10472321478194,0.209559140050916
8006,서양음식,ticket,7,leave_one_block_out,7,-0.0145239072256734,-0.0105663501224664
8006,서양음식,ticket,7,leave_one_block_out,8,0.192124495357739,-0.0228573508128935
8006,서양음식,ticket,7,leave_one_block_out,9,0.512152391617164,0.0252805922888671
8006,서양음식,ticket,8,sequential,2,0.280548575401821,-0.0144600940722805
8006,서양음식,ticket,8,sequential,3,0.0746623352593748,-0.0107665983136289
8006,서양음식,ticket,8,sequential,4,1.87715211940453,0.308110805864587
8006,서양음식,ticket,8,sequential,5,0.682529772012022,0.0843559387217757
8006,서양음식,ticket,8,sequential,6,0.75849638486739,0.192707456052992
8006,서양음식,ticket,8,sequential,7,0.386174061161462,0.0551279693510408
8006,서양음식,ticket,8,sequential,8,-0.0909453185974227,-0.0311260428779596
8006,서양음식,ticket,8,sequential,9,-0.0723576376478158,-0.0690404398185651
8006,서양음식,ticket,8,sequential,10,-0.0231696174303436,-0.00315284415714689
8006,서양음식,ticket,8,leave_one_block_out,1,-0.0744682401745481,-0.0162721945035107
8006,서양음식,ticket,8,leave_one_block_out,2,-0.100245111237837,-0.0171201784962245
8006,서양음식,ticket,8,leave_one_block_out,3,-0.140539361655762,-0.0287582804561426
8006,서양음식,ticket,8,leave_one_block_out,4,-0.258959362792641,-0.0497687953311678
8006,서양음식,ticket,8,leave_one_block_out,5,0.136082727114197,0.0228254331546047
8006,서양음식,ticket,8,leave_one_block_out,6,1.12211068684527,0.253459580011983
8006,서양음식,ticket,8,leave_one_block_out,7,-0.109190331740117,-0.0221654598034184
8006,서양음식,ticket,8,leave_one_block_out,8,-0.430082870067106,-0.166152770170631
8006,서양음식,ticket,8,leave_one_block_out,9,-0.0723576376478158,-0.0690404398185651
8006,서양음식,ticket,9,sequential,2,0.134596482715027,-0.0085129417567309
8006,서양음식,ticket,9,sequential,3,0.309182776856488,0.0185821897531939
8006,서양음식,ticket,9,sequential,4,1.5724493253679,0.276305983085227
8006,서양음식,ticket,9,sequential,5,0.156026865802573,-0.0245509120792564
8006,서양음식,ticket,9,sequential,6,0.955848703848676,0.160906220782908
8006,서양음식,ticket,9,sequential,7,0.365104083304886,0.049105874023982
8006,서양음식,ticket,9,sequential,8,0.506425623256811,0.125328235899675
8006,서양음식,ticket,9,sequential,9,-0.190438942100463,-0.0949062143826755
8006,서양음식,ticket,9,sequential,10,-0.0107479194086366,-0.000298648667688806
8006,서양음식,ticket,9,leave_one_block_out,1,-0.0446777651122415,0.00252920662922551
8006,서양음식,ticket,9,leave_one_block_out,2,-0.332835162843854,-0.111700140619548
8006,서양음식,ticket,9,leave_one_block_out,3,-0.0963527427633004,-0.0355541288826566
8006,서양음식,ticket,9,leave_one_block_out,4,-0.246624546489671,-0.0383095135969611
8006,서양음식,ticket,9,leave_one_block_out,5,0.00990702539595267,-0.0343755896380797
8006,서양음식,ticket,9,leave_one_block_out,6,0.932815874863807,0.170598952369169
8006,서양음식,ticket,9,leave_one_block_out,7,-0.0691365268851094,-0.0074938719069908
8006,서양음식,ticket,9,leave_one_block_out,8,0.0877526336528753,0.0130180619228598
8006,서양음식,ticket,9,leave_one_block_out,9,-0.190438942100463,-0.0949062143826755
8021,스넥,amt,0,sequential,2,1.86053959250198,0.123215690865227
8021,스넥,amt,0,sequential,3,5.58123054701137,0.290363955051044
8021,스넥,amt,0,sequential,4,0.933187624691956,0.0984698452197961
8021,스넥,amt,0,sequential,5,1.55909747812689,0.130678679038244
8021,스넥,amt,0,sequential,6,0.115226011200312,0.0190478150559206
8021,스넥,amt,0,sequential,7,0.306672861356641,0.0280888732214568
8021,스넥,amt,0,sequential,8,1.02644494044161,0.0688281812962187
8021,스넥,amt,0,sequential,9,3.47850285225964,0.458514100302916
8021,스넥,amt,0,sequential,10,-0.442961858819052,-0.0402518330080475
8021,스넥,amt,0,leave_one_block_out,1,18.6794312549157,0.80965316974102
8021,스넥,amt,0,leave_one_block_out,2,-0.679237542998637,-0.0805319409242395
8021,스넥,amt,0,leave_one_block_out,3,-0.095594199796778,-0.0111122875695198
8021,스넥,amt,0,leave_one_block_out,4,-0.458278576699428,-0.0400934818231389
8021,스넥,amt,0,leave_one_block_out,5,1.25477339972359,0.159701372737996
8021,스넥,amt,0,leave_one_block_out,6,0.480679994695826,0.0490054226368721
8021,스넥,amt,0,leave_one_block_out,7,0.144733098601685,0.0133754419453835
8021,스넥,amt,0,leave_one_block_out,8,-0.144468558334324,0.0155548696992274
8021,스넥,amt,0,leave_one_block_out,9,3.47850285225964,0.458514100302916
8021,스넥,amt,1,sequential,2,2.60547076575312,0.156988966596261
8021,스넥,amt,1,sequential,3,4.5990988617042,0.271280774000156
8021,스넥,amt,1,sequential,4,1.87648266475077,0.155512923149809
8021,스넥,amt,1,sequential,5,1.44898451376799,0.122713875856223
8021,스넥,amt,1,sequential,6,0.0144822324986915,0.00372829857162371
8021,스넥,amt,1,sequential,7,0.372783497467061,0.0345488103932788
8021,스넥,amt,1,sequential,8,-0.178593521458717,-0.035748453939531
8021,스넥,amt,1,sequential,9,4.20000898990892,0.453845121962997
8021,스넥,amt,1,sequential,10,-0.172382419164385,-0.0282223064267495
8021,스넥,amt,1,leave_one_block_out,1,19.4694953148771,0.812856413570519
8021,스넥,amt,1,leave_one_block_out,2,-0.771251655369268,-0.143702872507943
8021,스넥,amt,1,leave_one_block_out,3,0.251278693077481,0.0199971119952758
8021,스넥,amt,1,leave_one_block_out,4,-0.781241190944224,-0.117087792008053
8021,스넥,amt,1,leave_one_block_out,5,1.1492902005151,0.154317445662736
8021,스넥,amt,1,leave_one_block_out,6,0.279292244304816,0.0196443566747347
8021,스넥,amt,1,leave_one_block_out,7,-0.273689693104859,-0.0250299375765257
8021,스넥,amt,1,leave_one_block_out,8,-0.188985621901125,-0.0294027795444691
8021,스넥,amt,1,leave_one_block_out,9,4.20000898990892,0.453845121962997
8021,스넥,amt,2,sequential,2,3.10377750649561,0.20161531568029
8021,스넥,amt,2,sequential,3,5.48407756148513,0.297729635119029
8021,스넥,amt,2,sequential,4,0.475694885511854,0.0905770424379847
8021,스넥,amt,2,sequential,5,1.72844325016397,0.106374683837511
8021,스넥,amt,2,sequential,6,0.166586244496361,0.0274197579442512
8021,스넥,amt,2,sequential,7,0.0157598943975407,0.00629380843704386
8021,스넥,amt,2,sequential,8,1.68367888008351,0.0641719542687891
8021,스넥,amt,2,sequential,9,1.39121115536238,0.366932215098984
8021,스넥,amt,2,sequential,10,0.0602701916021992,0.0177675115467594
8021,스넥,amt,2,leave_one_block_out,1,16.9060513508485,0.78616320214178
8021,스넥,amt,2,leave_one_block_out,2,-0.539214455272025,-0.065713738317885
8021,스넥,amt,2,leave_one_block_out,3,-0.129940398296968,-0.0106282883852136
8021,스넥,amt,2,leave_one_block_out,4,-1.07529077616375,-0.172051567239924
8021,스넥,amt,2,leave_one_block_out,5,0.453316451697405,0.0833933369259289
8021,스넥,amt,2,leave_one_block_out,6,0.607025302006906,0.0472266406850117
8021,스넥,amt,2,leave_one_block_out,7,0.167951071114483,0.00991227023778818
8021,스넥,amt,2,leave_one_block_out,8,-0.97354225559923,-0.113190797705334
8021,스넥,amt,2,leave_one_block_out,9,1.39121115536238,0.366932215098984
8021,스넥,amt,3,sequential,2,1.94124226570495,0.0546832355991113
8021,스넥,amt,3,sequential,3,5.4164616381684,0.332997649984641
8021,스넥,amt,3,sequential,4,0.122142988240639,0.0385335623440307
8021,스넥,amt,3,sequential,5,1.41946764863583,0.0844511895715726
8021,스넥,amt,3,sequential,6,0.0783874039020444,-0.00632075852590375
8021,스넥,amt,3,sequential,7,-0.0181006048627419,0.0136875461467044
8021,스넥,amt,3,sequential,8,1.44564969351472,0.078066549375074
8021,스넥,amt,3,sequential,9,3.01821699297759,0.429382035166181
8021,스넥,amt,3,sequential,10,-0.39325202517469,-0.0248893554576128
8021,스넥,amt,3,leave_one_block_out,1,18.8016118949099,0.786457535316519
8021,스넥,amt,3,leave_one_block_out,2,-0.843247256512553,-0.130610077026757
8021,스넥,amt,3,leave_one_block_out,3,-0.209858566519791,0.00955683602481316
8021,스넥,amt,3,leave_one_block_out,4,-1.33043914402541,-0.170117278855644
8021,스넥,amt,3,leave_one_block_out,5,1.062799936536,0.101366027959255
8021,스넥,amt,3,leave_one_block_out,6,0.0539422005359752,0.00261690522190872
8021,스넥,amt,3,leave_one_block_out,7,0.00730279772461762,0.00539162698622131
8021,스넥,amt,3,leave_one_block_out,8,-0.40009770233824,0.0546168303700576
8021,스넥,amt,3,leave_one_block_out,9,3.01821699297759,0.429382035166181
8021,스넥,amt,4,sequential,2,2.72994950292607,0.156551723202381
8021,스넥,amt,4,sequential,3,5.49938293095482,0.308907147416036
8021,스넥,amt,4,sequential,4,-0.460405589843843,-0.000719396042089704
8021,스넥,amt,4,sequential,5,1.57145951287241,0.124895116150933
8021,스넥,amt,4,sequential,6,0.268726177239342,0.0336480719214706
8021,스넥,amt,4,sequential,7,0.136244964253232,0.0129394715235885
8021,스넥,amt,4,sequential,8,1.79759249609217,0.127807529268717
8021,스넥,amt,4,sequential,9,2.35652010033617,0.370002772858666
8021,스넥,amt,4,sequential,10,-0.107457595157642,-0.0140708685379582
8021,스넥,amt,4,leave_one_block_out,1,16.4575316278925,0.763947751193107
8021,스넥,amt,4,leave_one_block_out,2,-1.11359703403312,-0.143882469108257
8021,스넥,amt,4,leave_one_block_out,3,0.180978121188324,0.0224230464515575
8021,스넥,amt,4,leave_one_block_out,4,-1.44147609526335,-0.210754348008118
8021,스넥,amt,4,leave_one_block_out,5,0.645950214290811,0.111660868622031
8021,스넥,amt,4,leave_one_block_out,6,0.280173489564139,0.055675148192265
8021,스넥,amt,4,leave_one_block_out,7,-0.0803624286007498,0.0208263397246863
8021,스넥,amt,4,leave_one_block_out,8,-0.329972352656649,0.0769213341450966
8021,스넥,amt,4,leave_one_block_out,9,2.35652010033617,0.370002772858666
8021,스넥,amt,5,sequential,2,3.27819067637331,0.179433461243392
8021,스넥,amt,5,sequential,3,4.4028956193159,0.249662660206873
8021,스넥,amt,5,sequential,4,0.772078819260444,0.0807280555412458
8021,스넥,amt,5,sequential,5,1.6413319211415,0.120327733018652
8021,스넥,amt,5,sequential,6,-0.061763335266074,0.00743786304332339
8021,스넥,amt,5,sequential,7,0.43134875751342,0.0347165666488615
8021,스넥,amt,5,sequential,8,1.56414752698112,0.0623698231760095
8021,스넥,amt,5,sequential,9,2.4342939260755,0.433387721789195
8021,스넥,amt,5,sequential,10,-0.119604144307828,-0.00190385988665698
8021,스넥,amt,5,leave_one_block_out,1,18.7429906866549,0.78836426972197
8021,스넥,amt,5,leave_one_block_out,2,-0.249407250115954,-0.0117202094051752
8021,스넥,amt,5,leave_one_block_out,3,0.0259114364663693,-0.0295896395472963
8021,스넥,amt,5,leave_one_block_out,4,-0.951714558454508,-0.160012429499632
8021,스넥,amt,5,leave_one_block_out,5,0.967267327617827,0.142937583936839
8021,스넥,amt,5,leave_one_block_out,6,0.367929209792037,0.0610756429930398
8021,스넥,amt,5,leave_one_block_out,7,-0.0662363428898333,-0.0264630426803987
8021,스넥,amt,5,leave_one_block_out,8,-1.02364296959513,-0.0963392783411028
8021,스넥,amt,5,leave_one_block_out,9,2.4342939260755,0.433387721789195
8021,스넥,amt,6,sequential,2,1.74012333820069,0.0255604943707892
8021,스넥,amt,6,sequential,3,5.427014223077,0.346255422338235
8021,스넥,amt,6,sequential,4,0.859842581166112,0.100171721903911
8021,스넥,amt,6,sequential,5,1.83611616964033,0.144108266298604
8021,스넥,amt,6,sequential,6,0.131273652272121,0.0122927017866143
8021,스넥,amt,6,sequential,7,0.359599717751458,0.0187934232726931
8021,스넥,amt,6,sequential,8,1.44210617708913,0.0605676893040372
8021,스넥,amt,6,sequential,9,2.9489213405327,0.445157222453835
8021,스넥,amt,6,sequential,10,-0.401685186354642,-0.0352287207359161
8021,스넥,amt,6,leave_one_block_out,1,19.1021783370544,0.7980364272096
8021,스넥,amt,6,leave_one_block_out,2,-1.25787885815652,-0.188183703728053
8021,스넥,amt,6,leave_one_block_out,3,-0.574233716516798,-0.0456881631574726
8021,스넥,amt,6,leave_one_block_out,4,-0.846301676655753,-0.105716919064055
8021,스넥,amt,6,leave_one_block_out,5,0.473796582396696,0.0932150057254612
8021,스넥,amt,6,leave_one_block_out,6,0.650498294003093,0.0905309139368645
8021,스넥,amt,6,leave_one_block_out,7,0.0172690250274665,-0.00390506837433113
8021,스넥,amt,6,leave_one_block_out,8,-0.207417561009282,0.00946541479758922
8021,스넥,amt,6,leave_one_block_out,9,2.9489213405327,0.445157222453835
8021,스넥,amt,7,sequential,2,2.57894017555897,0.0977040645257146
8021,스넥,amt,7,sequential,3,4.88438395795634,0.307950648574821
8021,스넥,amt,7,sequential,4,0.987740170068327,0.0743857532297825
8021,스넥,amt,7,sequential,5,1.55546770540613,0.12885716622594
8021,스넥,amt,7,sequential,6,-0.0841566436431934,-0.0153122813178854
8021,스넥,amt,7,sequential,7,-0.0349024486108712,0.00109983615075704
8021,스넥,amt,7,sequential,8,0.716001635692964,-0.000253761123986118
8021,스넥,amt,7,sequential,9,3.28440938307876,0.447008429281373
8021,스넥,amt,7,sequential,10,-0.198307280887763,-0.0010646292253591
8021,스넥,amt,7,leave_one_block_out,1,19.2554872205725,0.810939140284018
8021,스넥,amt,7,leave_one_block_out,2,-0.951475842271868,-0.15680394166617
8021,스넥,amt,7,leave_one_block_out,3,-0.932098330264819,-0.135025340531719
8021,스넥,amt,7,leave_one_block_out,4,-0.608907677475112,-0.0889576184818699
8021,스넥,amt,7,leave_one_block_out,5,0.670357810450151,0.0569851780419556
8021,스넥,amt,7,leave_one_block_out,6,0.0325401596257546,-0.011580218018818
8021,스넥,amt,7,leave_one_block_out,7,-0.269277266995022,-0.0291660764380193
8021,스넥,amt,7,leave_one_block_out,8,-0.652977094484158,-0.0459958240974543
8021,스넥,amt,7,leave_one_block_out,9,3.28440938307876,0.447008429281373
8021,스넥,amt,8,sequential,2,1.92678152894853,0.0919750617423664
8021,스넥,amt,8,sequential,3,5.64810086013915,0.312479141302383
8021,스넥,amt,8,sequential,4,0.569880307183079,0.0717919703720864
8021,스넥,amt,8,sequential,5,1.66419486007403,0.137411509849768
8021,스넥,amt,8,sequential,6,-0.0536906690505351,0.00509660862775285
8021,스넥,amt,8,sequential,7,0.405935414147796,0.0274522446662792
8021,스넥,amt,8,sequential,8,0.876805185603965,-0.0259072338529742
8021,스넥,amt,8,sequential,9,2.3556868070042,0.423408884693253
8021,스넥,amt,8,sequential,10,-0.0169447061232453,-0.00604833247426106
8021,스넥,amt,8,leave_one_block_out,1,17.7077860596822,0.771194102627005
8021,스넥,amt,8,leave_one_block_out,2,-0.972126509494733,-0.139597734011569
8021,스넥,amt,8,leave_one_block_out,3,0.104999116389512,0.0433293636101308
8021,스넥,amt,8,leave_one_block_out,4,-0.712595761258078,-0.109672631651957
8021,스넥,amt,8,leave_one_block_out,5,1.05618013636774,0.169015887143382
8021,스넥,amt,8,leave_one_block_out,6,0.218219284498194,0.0349881803213702
8021,스넥,amt,8,leave_one_block_out,7,-0.226975319325848,-0.028669366522589
8021,스넥,amt,8,leave_one_block_out,8,-1.58308338096387,-0.109537185160454
8021,스넥,amt,8,leave_one_block_out,9,2.3556868070042,0.423408884693253
8021,스넥,amt,9,sequential,2,2.69638863740707,0.153446633489916
8021,스넥,amt,9,sequential,3,5.37040677018223,0.276847633041491
8021,스넥,amt,9,sequential,4,1.16397365603483,0.119542853938139
8021,스넥,amt,9,sequential,5,1.47220629937675,0.124412128670164
8021,스넥,amt,9,sequential,6,0.0754585735284585,0.0190935212425347
8021,스넥,amt,9,sequential,7,0.219405535803721,0.0169285319832825
8021,스넥,amt,9,sequential,8,1.27188900376908,0.110073922806896
8021,스넥,amt,9,sequential,9,3.43315625459384,0.468960791325805
8021,스넥,amt,9,sequential,10,-0.37738824575699,-0.0373190670464554
8021,스넥,amt,9,leave_one_block_out,1,16.6166099598954,0.783459479076173
8021,스넥,amt,9,leave_one_block_out,2,-0.0514828916290067,0.02306996133454
8021,스넥,amt,9,leave_one_block_out,3,-0.0995299081516937,-0.023126244091356
8021,스넥,amt,9,leave_one_block_out,4,-0.701285786362385,-0.101477263666433
8021,스넥,amt,9,leave_one_block_out,5,1.04057889948017,0.177600613503224
8021,스넥,amt,9,leave_one_block_out,6,0.560353177170461,0.0630664155917368
8021,스넥,amt,9,leave_one_block_out,7,-0.218353460690424,-0.0103117813523335
8021,스넥,amt,9,leave_one_block_out,8,0.174126062974814,0.0908419820349803
8021,스넥,amt,9,leave_one_block_out,9,3.43315625459384,0.468960791325805
8021,스넥,cnt,0,sequential,2,3.12161333519439,0.131807861491522
8021,스넥,cnt,0,sequential,3,5.09793266140602,0.151732710036465
8021,스넥,cnt,0,sequential,4,-0.101880274471577,0.0713542810760918
8021,스넥,cnt,0,sequential,5,3.2515769343871,0.198455876096555
8021,스넥,cnt,0,sequential,6,0.288942049246854,0.0296785082363743
8021,스넥,cnt,0,sequential,7,0.300466124437027,0.0255213999000604
8021,스넥,cnt,0,sequential,8,1.2616096206997,0.0335979674241984
8021,스넥,cnt,0,sequential,9,4.42325251193038,0.441752899318473
8021,스넥,cnt,0,sequential,10,-0.430573232873785,-0.038685437134617
8021,스넥,cnt,0,leave_one_block_out,1,18.4777260573946,0.734137476383066
8021,스넥,cnt,0,leave_one_block_out,2,-1.57006204435282,-0.152238567603167
8021,스넥,cnt,0,leave_one_block_out,3,-0.0377085457597792,0.0228918147672946
8021,스넥,cnt,0,leave_one_block_out,4,-0.302761065748125,-0.0186507626594947
8021,스넥,cnt,0,leave_one_block_out,5,2.60708455574675,0.268263020268777
8021,스넥,cnt,0,leave_one_block_out,6,0.691218373151389,0.063001837990713
8021,스넥,cnt,0,leave_one_block_out,7,-0.098852009869943,-0.0109096362824446
8021,스넥,cnt,0,leave_one_block_out,8,-0.336363672370937,-0.0109911508381468
8021,스넥,cnt,0,leave_one_block_out,9,4.42325251193038,0.441752899318473
8021,스넥,cnt,1,sequential,2,4.36208750021262,0.202046236155885
8021,스넥,cnt,1,sequential,3,3.63291244214649,0.111108505001178
8021,스넥,cnt,1,sequential,4,1.44996637476818,0.139496456195219
8021,스넥,cnt,1,sequential,5,2.6173863951273,0.190767470521089
8021,스넥,cnt,1,sequential,6,0.202669735484967,0.00348493124812366
8021,스넥,cnt,1,sequential,7,0.536169122991692,0.039800930602762
8021,스넥,cnt,1,sequential,8,-0.200288438644097,-0.0860490609753159
8021,스넥,cnt,1,sequential,9,5.62060117023072,0.424433620963349
8021,스넥,cnt,1,sequential,10,-0.399158399244431,-0.0345190678117302
8021,스넥,cnt,1,leave_one_block_out,1,19.5909882460431,0.740322299264269
8021,스넥,cnt,1,leave_one_block_out,2,-0.854884854898305,-0.21106110275754
8021,스넥,cnt,1,leave_one_block_out,3,-0.15290322961217,0.00756962457367094
8021,스넥,cnt,1,leave_one_block_out,4,-1.65870152920784,-0.240360676137034
8021,스넥,cnt,1,leave_one_block_out,5,2.72818171462355,0.234987097166732
8021,스넥,cnt,1,leave_one_block_out,6,0.491055592053141,0.0166805985819989
8021,스넥,cnt,1,leave_one_block_out,7,-0.558687758397258,-0.0586250277494078
8021,스넥,cnt,1,leave_one_block_out,8,-0.699816611519777,-0.0352477625504588
8021,스넥,cnt,1,leave_one_block_out,9,5.62060117023072,0.424433620963349
8021,스넥,cnt,2,sequential,2,4.67908264574955,0.225749669283264
8021,스넥,cnt,2,sequential,3,5.02917923514203,0.187537577057403
8021,스넥,cnt,2,sequential,4,-0.171399116774795,0.0785736133308975
8021,스넥,cnt,2,sequential,5,3.01953358299199,0.157939578083682
8021,스넥,cnt,2,sequential,6,0.423364257515779,0.0374759384579154
8021,스넥,cnt,2,sequential,7,0.110132120791612,0.00938978836168303
8021,스넥,cnt,2,sequential,8,1.95044028558702,0.0294478109885937
8021,스넥,cnt,2,sequential,9,2.48230819157855,0.395418035021142
8021,스넥,cnt,2,sequential,10,0.0744578247899086,0.0300356217153502
8021,스넥,cnt,2,leave_one_block_out,1,16.8027660551037,0.709876958554822
8021,스넥,cnt,2,leave_one_block_out,2,-0.257662975277431,0.0332692580024687
8021,스넥,cnt,2,leave_one_block_out,3,-0.0595183787227033,0.0222817068097098
8021,스넥,cnt,2,leave_one_block_out,4,-1.00067616083371,-0.123194617037726
8021,스넥,cnt,2,leave_one_block_out,5,1.58456548759353,0.178434415458951
8021,스넥,cnt,2,leave_one_block_out,6,0.871082745015056,0.0462766104111751
8021,스넥,cnt,2,leave_one_block_out,7,-0.00719396337127143,-0.0107393757682688
8021,스넥,cnt,2,leave_one_block_out,8,-1.25867985870742,-0.0572187487531628
8021,스넥,cnt,2,leave_one_block_out,9,2.48230819157855,0.395418035021142
8021,스넥,cnt,3,sequential,2,3.29025544632242,0.0780449492899623
8021,스넥,cnt,3,sequential,3,4.84438018808147,0.226889282787168
8021,스넥,cnt,3,sequential,4,-1.0515461994922,-0.0147214410331939
8021,스넥,cnt,3,sequential,5,2.90748279371974,0.140624007177489
8021,스넥,cnt,3,sequential,6,-0.0585621405319314,-0.0130825191536348
8021,스넥,cnt,3,sequential,7,0.010745657462774,0.015824644092761
8021,스넥,cnt,3,sequential,8,2.21606613933414,0.0676183811632146
8021,스넥,cnt,3,sequential,9,4.01697439999072,0.39345999367887
8021,스넥,cnt,3,sequential,10,-0.59496517366556,-0.0139769681155246
8021,스넥,cnt,3,leave_one_block_out,1,19.2094958624292,0.714855281238135
8021,스넥,cnt,3,leave_one_block_out,2,-1.36855899731905,-0.140875182496806
8021,스넥,cnt,3,leave_one_block_out,3,-0.161340819303299,-0.00850291828556915
8021,스넥,cnt,3,leave_one_block_out,4,-1.76752278569655,-0.252177867450046
8021,스넥,cnt,3,leave_one_block_out,5,2.0073773247914,0.16129525476269
8021,스넥,cnt,3,leave_one_block_out,6,0.245616874173935,-0.0244984953857361
8021,스넥,cnt,3,leave_one_block_out,7,-0.137717962924275,-0.0424980918568052
8021,스넥,cnt,3,leave_one_block_out,8,-0.0746480629916724,0.0782541950049257
8021,스넥,cnt,3,leave_one_block_out,9,4.01697439999072,0.39345999367887
8021,스넥,cnt,4,sequential,2,4.19486658389552,0.165537967587432
8021,스넥,cnt,4,sequential,3,5.24913310866518,0.207884064729163
8021,스넥,cnt,4,sequential,4,-1.77895779480307,-0.0512316695030905
8021,스넥,cnt,4,sequential,5,2.9342158159314,0.186521689225539
8021,스넥,cnt,4,sequential,6,0.387017319565952,0.0480469415017382
8021,스넥,cnt,4,sequential,7,0.571742978191758,0.0131344326408386
8021,스넥,cnt,4,sequential,8,1.92552773297802,0.102870476297094
8021,스넥,cnt,4,sequential,9,3.18268417736224,0.290362152990492
8021,스넥,cnt,4,sequential,10,-0.0264625420691306,-3.48964439322863e-06
8021,스넥,cnt,4,leave_one_block_out,1,16.0537607069673,0.640710600527033
8021,스넥,cnt,4,leave_one_block_out,2,-2.25055810388564,-0.334317015647054
8021,스넥,cnt,4,leave_one_block_out,3,-0.678339863479194,-0.0786475130372501
8021,스넥,cnt,4,leave_one_block_out,4,-1.92373455831261,-0.281241544942522
8021,스넥,cnt,4,leave_one_block_out,5,2.05418021514492,0.198707046706486
8021,스넥,cnt,4,leave_one_block_out,6,0.809711834788671,0.0532979999088637
8021,스넥,cnt,4,leave_one_block_out,7,0.0331033619171806,-0.019763756774114
8021,스넥,cnt,4,leave_one_block_out,8,-0.813074245789244,0.0156561859742919
8021,스넥,cnt,4,leave_one_block_out,9,3.18268417736224,0.290362152990492
8021,스넥,cnt,5,sequential,2,4.99712179203352,0.19761584191398
8021,스넥,cnt,5,sequential,3,3.42417118318195,0.0773734721141294
8021,스넥,cnt,5,sequential,4,0.0620664685219263,0.0631164180403336
8021,스넥,cnt,5,sequential,5,2.99504644556619,0.192559895449587
8021,스넥,cnt,5,sequential,6,0.0422486199580963,0.0253374321531089
8021,스넥,cnt,5,sequential,7,0.380395496445757,0.0200176571719759
8021,스넥,cnt,5,sequential,8,1.76647295313362,0.00735478857569438
8021,스넥,cnt,5,sequential,9,4.03830346007234,0.430593476971404
8021,스넥,cnt,5,sequential,10,-0.130304050698685,0.00232156874623357
8021,스넥,cnt,5,leave_one_block_out,1,18.9963019554465,0.689182556635236
8021,스넥,cnt,5,leave_one_block_out,2,-0.734301845363999,-0.0295011688754165
8021,스넥,cnt,5,leave_one_block_out,3,0.322249176484468,0.0541817638948348
8021,스넥,cnt,5,leave_one_block_out,4,-1.31390824085599,-0.162615508064691
8021,스넥,cnt,5,leave_one_block_out,5,2.44224635729821,0.251754037174522
8021,스넥,cnt,5,leave_one_block_out,6,0.543427773019786,0.0610943667312985
8021,스넥,cnt,5,leave_one_block_out,7,-0.670801831074436,-0.0775230761422228
8021,스넥,cnt,5,leave_one_block_out,8,-1.66718408769889,-0.152297284136573
8021,스넥,cnt,5,leave_one_block_out,9,4.03830346007234,0.430593476971404
8021,스넥,cnt,6,sequential,2,3.56786774023498,0.0827129909067692
8021,스넥,cnt,6,sequential,3,4.58818665917788,0.224655000823377
8021,스넥,cnt,6,sequential,4,0.41866817934868,0.0827940105407707
8021,스넥,cnt,6,sequential,5,3.70951294820573,0.224779740024792
8021,스넥,cnt,6,sequential,6,0.307306988642075,0.0295135026203633
8021,스넥,cnt,6,sequential,7,0.43901451964854,0.033642001423683
8021,스넥,cnt,6,sequential,8,1.5442841219007,0.0201179251246481
8021,스넥,cnt,6,sequential,9,4.79179677096699,0.448086461205799
8021,스넥,cnt,6,sequential,10,-0.340696552438155,-0.0155010350127984
8021,스넥,cnt,6,leave_one_block_out,1,19.8784003330343,0.750799093682066
8021,스넥,cnt,6,leave_one_block_out,2,-0.926324748720092,-0.209789850414944
8021,스넥,cnt,6,leave_one_block_out,3,-0.233997961885618,-0.023370502758467
8021,스넥,cnt,6,leave_one_block_out,4,-0.682976194823554,-0.0893855025733719
8021,스넥,cnt,6,leave_one_block_out,5,2.11420049063626,0.209537074619787
8021,스넥,cnt,6,leave_one_block_out,6,1.30254612352886,0.108957092365743
8021,스넥,cnt,6,leave_one_block_out,7,-0.0729506830310866,-0.0131879628825378
8021,스넥,cnt,6,leave_one_block_out,8,-0.231715860824872,0.0313781292067811
8021,스넥,cnt,6,leave_one_block_out,9,4.79179677096699,0.448086461205799
8021,스넥,cnt,7,sequential,2,4.21089429115277,0.130765320017364
8021,스넥,cnt,7,sequential,3,3.5213752172916,0.129956394373111
8021,스넥,cnt,7,sequential,4,-0.0324987213228434,0.0403245515235093
8021,스넥,cnt,7,sequential,5,3.2218872029229,0.185689622053022
8021,스넥,cnt,7,sequential,6,0.0718707521438045,-0.00231479965598047
8021,스넥,cnt,7,sequential,7,0.0394534909424094,-0.00199964507960093
8021,스넥,cnt,7,sequential,8,1.48995484380446,0.039855394820096
8021,스넥,cnt,7,sequential,9,3.64500073888241,0.309351754161202
8021,스넥,cnt,7,sequential,10,-0.0487998641278853,0.0157724747083858
8021,스넥,cnt,7,leave_one_block_out,1,19.2461954031167,0.688668692792666
8021,스넥,cnt,7,leave_one_block_out,2,-1.26018698201388,-0.204462926779765
8021,스넥,cnt,7,leave_one_block_out,3,-0.834876475295696,-0.130979329849917
8021,스넥,cnt,7,leave_one_block_out,4,-1.35594997792732,-0.2190736407247
8021,스넥,cnt,7,leave_one_block_out,5,1.7320182478645,0.149839778459774
8021,스넥,cnt,7,leave_one_block_out,6,0.659996788095465,-0.0243617650465344
8021,스넥,cnt,7,leave_one_block_out,7,-0.510309619671523,-0.0555508244702672
8021,스넥,cnt,7,leave_one_block_out,8,-1.68202095728176,-0.148403876002783
8021,스넥,cnt,7,leave_one_block_out,9,3.64500073888241,0.309351754161202
8021,스넥,cnt,8,sequential,2,3.40793546945993,0.1036348559615
8021,스넥,cnt,8,sequential,3,5.17160549894895,0.207527686217834
8021,스넥,cnt,8,sequential,4,-0.8170133120325,0.0340761904002258
8021,스넥,cnt,8,sequential,5,3.56381597844108,0.194984656160643
8021,스넥,cnt,8,sequential,6,-0.0356292032997862,0.00828127163988024
8021,스넥,cnt,8,sequential,7,0.303291161517472,0.0236405544233916
8021,스넥,cnt,8,sequential,8,0.582325018977298,-0.197718431263389
8021,스넥,cnt,8,sequential,9,3.47980701463181,0.368750114955196
8021,스넥,cnt,8,sequential,10,0.125388949033275,0.0124774273731485
8021,스넥,cnt,8,leave_one_block_out,1,17.2702806529321,0.616372322517607
8021,스넥,cnt,8,leave_one_block_out,2,-1.80685184333445,-0.275961883555153
8021,스넥,cnt,8,leave_one_block_out,3,0.917444409378937,0.0852764323248109
8021,스넥,cnt,8,leave_one_block_out,4,-0.920410941453631,-0.154701235605245
8021,스넥,cnt,8,leave_one_block_out,5,2.63788567055815,0.310223536630963
8021,스넥,cnt,8,leave_one_block_out,6,0.233373276396945,0.0325051983198866
8021,스넥,cnt,8,leave_one_block_out,7,-0.530166228638798,-0.0765904309258592
8021,스넥,cnt,8,leave_one_block_out,8,-1.83460757089582,-0.211397334506711
8021,스넥,cnt,8,leave_one_block_out,9,3.47980701463181,0.368750114955196
8021,스넥,cnt,9,sequential,2,4.18665822469036,0.168452134019178
8021,스넥,cnt,9,sequential,3,4.71005585450246,0.155453637407497
8021,스넥,cnt,9,sequential,4,0.370160800381875,0.0979748715673356
8021,스넥,cnt,9,sequential,5,2.96801353995921,0.20035096890475
8021,스넥,cnt,9,sequential,6,0.274834167229188,0.0271696938087785
8021,스넥,cnt,9,sequential,7,-0.0357486459330258,0.00871836451895269
8021,스넥,cnt,9,sequential,8,0.82750457080476,0.0158622515994814
8021,스넥,cnt,9,sequential,9,5.63166841689896,0.467870442611448
8021,스넥,cnt,9,sequential,10,-0.578272014041234,-0.0390623241734032
8021,스넥,cnt,9,leave_one_block_out,1,16.4653249975173,0.693828365520856
8021,스넥,cnt,9,leave_one_block_out,2,-0.182956230818859,-0.0162036092538835
8021,스넥,cnt,9,leave_one_block_out,3,0.505736618734645,0.0504935707260603
8021,스넥,cnt,9,leave_one_block_out,4,-0.319705067782697,-0.078061416331741
8021,스넥,cnt,9,leave_one_block_out,5,2.25541563205147,0.273026520491977
8021,스넥,cnt,9,leave_one_block_out,6,0.266677688657663,0.0558921295551721
8021,스넥,cnt,9,leave_one_block_out,7,-0.622478647379168,-0.064359353204124
8021,스넥,cnt,9,leave_one_block_out,8,-0.0597051519394071,0.0490990460523015
8021,스넥,cnt,9,leave_one_block_out,9,5.63166841689896,0.467870442611448
8021,스넥,ticket,0,sequential,2,1.64364567231502,0.124492707575038
8021,스넥,ticket,0,sequential,3,-0.135934855196446,-0.0030886868033777
8021,스넥,ticket,0,sequential,4,-0.109258479241886,0.0722195192473717
8021,스넥,ticket,0,sequential,5,0.00250339885172618,0.00706689457339893
8021,스넥,ticket,0,sequential,6,0.293808025335623,0.0383480575028756
8021,스넥,ticket,0,sequential,7,0.0762406500789126,-0.00190020891746712
8021,스넥,ticket,0,sequential,8,-0.534851644854378,-0.0478724436509641
8021,스넥,ticket,0,sequential,9,0.12312201942752,0.0391634892301534
8021,스넥,ticket,0,sequential,10,-0.0387419425079111,-0.00351847059288501
8021,스넥,ticket,0,leave_one_block_out,1,0.20406116922923,0.0349971218270562
8021,스넥,ticket,0,leave_one_block_out,2,-0.165550851436007,-0.0229314172187669
8021,스넥,ticket,0,leave_one_block_out,3,0.530876249992472,0.0804851244248984
8021,스넥,ticket,0,leave_one_block_out,4,0.431856822524762,0.129206697132139
8021,스넥,ticket,0,leave_one_block_out,5,0.225659398979683,0.0280970327440939
8021,스넥,ticket,0,leave_one_block_out,6,0.100377001391662,0.0227507202536281
8021,스넥,ticket,0,leave_one_block_out,7,-0.0608697495543667,-0.00931984432814814
8021,스넥,ticket,0,leave_one_block_out,8,-0.478520648830597,-0.0234237141533731
8021,스넥,ticket,0,leave_one_block_out,9,0.12312201942752,0.0391634892301534
8021,스넥,ticket,1,sequential,2,1.42074409205582,0.0870039981966889
8021,스넥,ticket,1,sequential,3,-0.192575078025305,0.00237490000323515
8021,스넥,ticket,1,sequential,4,0.345061702751019,0.116296210760661
8021,스넥,ticket,1,sequential,5,0.172323967615437,0.0304680348044915
8021,스넥,ticket,1,sequential,6,0.171745555789544,0.037993292100244
8021,스넥,ticket,1,sequential,7,-0.0253629803990671,-0.0161419239701242
8021,스넥,ticket,1,sequential,8,-0.129606295564681,-0.0263692425781825
8021,스넥,ticket,1,sequential,9,-0.00777221718994969,0.0587477252744446
8021,스넥,ticket,1,sequential,10,-0.0952559521746263,-0.0131301347036337
8021,스넥,ticket,1,leave_one_block_out,1,0.00134714762671795,0.00629164344606947
8021,스넥,ticket,1,leave_one_block_out,2,-0.211097763332468,-0.0458146743360905
8021,스넥,ticket,1,leave_one_block_out,3,0.175656398486752,0.0615069723988446
8021,스넥,ticket,1,leave_one_block_out,4,0.664198438866519,0.184585244457394
8021,스넥,ticket,1,leave_one_block_out,5,0.179417559806046,0.0400639642686795
8021,스넥,ticket,1,leave_one_block_out,6,0.243998305260965,0.0428848582970509
8021,스넥,ticket,1,leave_one_block_out,7,-0.000527966719393591,-0.00380192666843304
8021,스넥,ticket,1,leave_one_block_out,8,-0.44448577388511,-0.0679034592989634
8021,스넥,ticket,1,leave_one_block_out,9,-0.00777221718994969,0.0587477252744446
8021,스넥,ticket,2,sequential,2,1.67571822519242,0.111949764627138
8021,스넥,ticket,2,sequential,3,-0.0797510761680192,0.00472042977956277
8021,스넥,ticket,2,sequential,4,0.0346057128923966,0.103021567584251
8021,스넥,ticket,2,sequential,5,0.219416850702918,0.0342285908247636
8021,스넥,ticket,2,sequential,6,0.274236651022791,0.0495487462858373
8021,스넥,ticket,2,sequential,7,-0.0154691463810239,-0.0141879176287785
8021,스넥,ticket,2,sequential,8,-0.141233936239121,-0.026160298516364
8021,스넥,ticket,2,sequential,9,-0.336300810822301,-0.0330199368830431
8021,스넥,ticket,2,sequential,10,0.0235644175614586,0.00255030563593084
8021,스넥,ticket,2,leave_one_block_out,1,0.389240044737506,0.0398122179090079
8021,스넥,ticket,2,leave_one_block_out,2,-0.0681123779598641,-0.00886422860887981
8021,스넥,ticket,2,leave_one_block_out,3,0.548680794914222,0.119886120151937
8021,스넥,ticket,2,leave_one_block_out,4,1.32726164470514,0.267788053819244
8021,스넥,ticket,2,leave_one_block_out,5,0.195331127516701,0.0496194458830469
8021,스넥,ticket,2,leave_one_block_out,6,0.410240719091454,0.0420953656830986
8021,스넥,ticket,2,leave_one_block_out,7,-0.235076874608715,-0.035403123562713
8021,스넥,ticket,2,leave_one_block_out,8,-0.141922519787163,-0.0420613762779722
8021,스넥,ticket,2,leave_one_block_out,9,-0.336300810822301,-0.0330199368830431
8021,스넥,ticket,3,sequential,2,1.67228162285592,0.145102432684588
8021,스넥,ticket,3,sequential,3,-0.167850056416265,-0.0076691771031987
8021,스넥,ticket,3,sequential,4,-0.00824534622281964,0.0579887489430364
8021,스넥,ticket,3,sequential,5,0.212510210290694,0.0259621742819776
8021,스넥,ticket,3,sequential,6,0.0792810087360957,0.0263559807147904
8021,스넥,ticket,3,sequential,7,-0.210997485569359,-0.0389029450765142
8021,스넥,ticket,3,sequential,8,-0.118497002360116,-0.0195886884986587
8021,스넥,ticket,3,sequential,9,0.434979298294795,0.0872085268643339
8021,스넥,ticket,3,sequential,10,-0.0926999008540041,-0.0178137157487162
8021,스넥,ticket,3,leave_one_block_out,1,0.221969725486845,0.0254803612468071
8021,스넥,ticket,3,leave_one_block_out,2,-0.282811970047772,-0.0707254005029903
8021,스넥,ticket,3,leave_one_block_out,3,0.327608168399693,0.0694072969296636
8021,스넥,ticket,3,leave_one_block_out,4,0.557357336579722,0.139467712886956
8021,스넥,ticket,3,leave_one_block_out,5,0.227586454872081,0.0254209075476006
8021,스넥,ticket,3,leave_one_block_out,6,0.244176321154768,0.0387038666237545
8021,스넥,ticket,3,leave_one_block_out,7,-0.173547077435431,-0.0431713695003517
8021,스넥,ticket,3,leave_one_block_out,8,-0.203340660115914,-0.019762774158907
8021,스넥,ticket,3,leave_one_block_out,9,0.434979298294795,0.0872085268643339
8021,스넥,ticket,4,sequential,2,0.982881254988734,0.0334109075119494
8021,스넥,ticket,4,sequential,3,-0.0182935974674808,0.00209663483316391
8021,스넥,ticket,4,sequential,4,0.209157931722442,0.0833768893338136
8021,스넥,ticket,4,sequential,5,0.247571955992355,0.0293665516763854
8021,스넥,ticket,4,sequential,6,0.302373010168512,0.0519245403357639
8021,스넥,ticket,4,sequential,7,0.0353141624457765,-0.00339377110717831
8021,스넥,ticket,4,sequential,8,-0.296641205784728,-0.0618264767959553
8021,스넥,ticket,4,sequential,9,0.0824431053195906,0.0624009997998304
8021,스넥,ticket,4,sequential,10,0.052639473321342,-0.000956678453119864
8021,스넥,ticket,4,leave_one_block_out,1,-0.0494142823531482,-0.00370706412077237
8021,스넥,ticket,4,leave_one_block_out,2,-0.374833243042751,-0.0941336705655174
8021,스넥,ticket,4,leave_one_block_out,3,0.530215979381424,0.103557006167795
8021,스넥,ticket,4,leave_one_block_out,4,0.830071981223132,0.181883246335918
8021,스넥,ticket,4,leave_one_block_out,5,0.602033617035938,0.0899649636462941
8021,스넥,ticket,4,leave_one_block_out,6,0.284117950061914,0.0419144431063139
8021,스넥,ticket,4,leave_one_block_out,7,-0.0961510049347733,-0.00670816211792102
8021,스넥,ticket,4,leave_one_block_out,8,-0.443790994837424,-0.0912021207735791
8021,스넥,ticket,4,leave_one_block_out,9,0.0824431053195906,0.0624009997998304
8021,스넥,ticket,5,sequential,2,1.26315627314364,0.0656330359773124
8021,스넥,ticket,5,sequential,3,-0.0622334221599533,0.00486474335410902
8021,스넥,ticket,5,sequential,4,0.138324718379457,0.0796622403413296
8021,스넥,ticket,5,sequential,5,0.265681765223216,0.0413777869828525
8021,스넥,ticket,5,sequential,6,0.206503600092135,0.025608284867171
8021,스넥,ticket,5,sequential,7,-0.229212495190466,-0.0314788094764837
8021,스넥,ticket,5,sequential,8,-0.0603924153954008,-0.0703539146801764
8021,스넥,ticket,5,sequential,9,0.13101612437966,0.0752468383259904
8021,스넥,ticket,5,sequential,10,0.0593158452453127,0.00621984814113197
8021,스넥,ticket,5,leave_one_block_out,1,-0.11896902938469,-0.0300658505696128
8021,스넥,ticket,5,leave_one_block_out,2,-0.220537883986018,-0.0699584013566845
8021,스넥,ticket,5,leave_one_block_out,3,0.360008997416464,0.0515427052683971
8021,스넥,ticket,5,leave_one_block_out,4,0.372869471237727,0.0863046250620563
8021,스넥,ticket,5,leave_one_block_out,5,0.326173046795819,0.0230035917195521
8021,스넥,ticket,5,leave_one_block_out,6,0.118784744401375,-0.0155338570839412
8021,스넥,ticket,5,leave_one_block_out,7,-0.318557926197702,-0.0493555063929574
8021,스넥,ticket,5,leave_one_block_out,8,-0.668818593707443,-0.12539022559827
8021,스넥,ticket,5,leave_one_block_out,9,0.13101612437966,0.0752468383259904
8021,스넥,ticket,6,sequential,2,1.58524545616469,0.115892842550242
8021,스넥,ticket,6,sequential,3,-0.0994375836794376,0.00444869134834691
8021,스넥,ticket,6,sequential,4,0.265269374810952,0.107440724329605
8021,스넥,ticket,6,sequential,5,0.114656051925183,0.0165498892583601
8021,스넥,ticket,6,sequential,6,0.228864678233172,0.0384727986732812
8021,스넥,ticket,6,sequential,7,-0.0288656350119709,-0.00820517623690886
8021,스넥,ticket,6,sequential,8,-0.556793393940185,-0.0809583018991036
8021,스넥,ticket,6,sequential,9,0.412353555443203,0.111263344567039
8021,스넥,ticket,6,sequential,10,0.0366819954090852,0.00366226345073384
8021,스넥,ticket,6,leave_one_block_out,1,0.110565804459793,0.0221584702664722
8021,스넥,ticket,6,leave_one_block_out,2,-0.0875025133274074,0.00338702715228512
8021,스넥,ticket,6,leave_one_block_out,3,0.390215678156444,0.0909103326983566
8021,스넥,ticket,6,leave_one_block_out,4,0.649421607432607,0.179544629988828
8021,스넥,ticket,6,leave_one_block_out,5,0.0800566715703499,0.0338723348732932
8021,스넥,ticket,6,leave_one_block_out,6,0.281415036079211,0.0446225057352301
8021,스넥,ticket,6,leave_one_block_out,7,-0.0740777679014953,-0.00667447793803899
8021,스넥,ticket,6,leave_one_block_out,8,-0.447390171962692,-0.0530661670475745
8021,스넥,ticket,6,leave_one_block_out,9,0.412353555443203,0.111263344567039
8021,스넥,ticket,7,sequential,2,1.55777631775045,0.121095157731711
8021,스넥,ticket,7,sequential,3,-0.138268733510244,0.00131791355060684
8021,스넥,ticket,7,sequential,4,0.0131317405500542,0.0851851798877845
8021,스넥,ticket,7,sequential,5,0.14073560817288,0.02222338809877
8021,스넥,ticket,7,sequential,6,0.339171715718253,0.046349471577952
8021,스넥,ticket,7,sequential,7,-0.223948145136045,-0.0512307838310311
8021,스넥,ticket,7,sequential,8,-0.121809605559087,-0.0243789977578959
8021,스넥,ticket,7,sequential,9,-0.570464240352836,-0.050211361454394
8021,스넥,ticket,7,sequential,10,-0.00896804955612257,0.00217747387549183
8021,스넥,ticket,7,leave_one_block_out,1,-0.0307125202297864,-0.0113780219107853
8021,스넥,ticket,7,leave_one_block_out,2,-0.414339384037203,-0.0536145608336165
8021,스넥,ticket,7,leave_one_block_out,3,0.347597831998989,0.0753870674292278
8021,스넥,ticket,7,leave_one_block_out,4,0.476573103912928,0.175419065995523
8021,스넥,ticket,7,leave_one_block_out,5,-0.128602926401364,-0.0126717108790222
8021,스넥,ticket,7,leave_one_block_out,6,0.226459085202156,0.0255111917785756
8021,스넥,ticket,7,leave_one_block_out,7,-0.234059954762382,-0.0404545139533943
8021,스넥,ticket,7,leave_one_block_out,8,-0.869076001197087,-0.115274885844521
8021,스넥,ticket,7,leave_one_block_out,9,-0.570464240352836,-0.050211361454394
8021,스넥,ticket,8,sequential,2,1.59589710348546,0.112364667037382
8021,스넥,ticket,8,sequential,3,-0.251575328257511,-0.0146982577791832
8021,스넥,ticket,8,sequential,4,0.268425542433995,0.0945355762086497
8021,스넥,ticket,8,sequential,5,0.143567050129813,0.0231393385750284
8021,스넥,ticket,8,sequential,6,0.284460064092851,0.0469076674371242
8021,스넥,ticket,8,sequential,7,-0.0313220154908228,-0.0218079711436814
8021,스넥,ticket,8,sequential,8,-0.35096603986009,-0.0533687815814516
8021,스넥,ticket,8,sequential,9,-0.435657153576617,-0.0226754064668349
8021,스넥,ticket,8,sequential,10,0.0305912116513415,0.00643409344398271
8021,스넥,ticket,8,leave_one_block_out,1,0.178238278394936,0.0172590091796153
8021,스넥,ticket,8,leave_one_block_out,2,-0.153720651739792,-0.0419874931612472
8021,스넥,ticket,8,leave_one_block_out,3,0.401822640077108,0.106332024385908
8021,스넥,ticket,8,leave_one_block_out,4,0.903929800974587,0.185559353242783
8021,스넥,ticket,8,leave_one_block_out,5,0.338434681561037,0.0690950520717202
8021,스넥,ticket,8,leave_one_block_out,6,0.217865745034766,0.0352193190449624
8021,스넥,ticket,8,leave_one_block_out,7,-0.2919690367752,-0.0466762436842785
8021,스넥,ticket,8,leave_one_block_out,8,-0.820872922957645,-0.108071759340061
8021,스넥,ticket,8,leave_one_block_out,9,-0.435657153576617,-0.0226754064668349
8021,스넥,ticket,9,sequential,2,1.47623753267929,0.101547907523414
8021,스넥,ticket,9,sequential,3,-0.147537056714016,-0.00176256825094168
8021,스넥,ticket,9,sequential,4,0.077835552241251,0.0741146071678109
8021,스넥,ticket,9,sequential,5,0.419985289972198,0.0486533850063942
8021,스넥,ticket,9,sequential,6,0.0674767705209411,0.0165467764125332
8021,스넥,ticket,9,sequential,7,-0.046497116274774,-0.00657966077163219
8021,스넥,ticket,9,sequential,8,-0.357947780983442,-0.0373262804051679
8021,스넥,ticket,9,sequential,9,0.216534931312663,0.060642829778784
8021,스넥,ticket,9,sequential,10,0.0297761169075886,0.00170953612443447
8021,스넥,ticket,9,leave_one_block_out,1,0.304363952704564,0.0499585707519861
8021,스넥,ticket,9,leave_one_block_out,2,-0.176891828105366,-0.0250905369964887
8021,스넥,ticket,9,leave_one_block_out,3,0.669042202138136,0.122836436749173
8021,스넥,ticket,9,leave_one_block_out,4,0.398570824207795,0.148689955223468
8021,스넥,ticket,9,leave_one_block_out,5,0.322466988228678,0.0636961302461704
8021,스넥,ticket,9,leave_one_block_out,6,-0.0403032811372828,-0.0202531370669985
8021,스넥,ticket,9,leave_one_block_out,7,-0.178686373465557,-0.0213757255010405
8021,스넥,ticket,9,leave_one_block_out,8,-0.199746951941961,0.00794934082859855
8021,스넥,ticket,9,leave_one_block_out,9,0.216534931312663,0.060642829778784
8301,제과점,amt,0,sequential,2,4.63136091543803,0.122893687521369
8301,제과점,amt,0,sequential,3,3.86674281994747,0.0818814986615065
8301,제과점,amt,0,sequential,4,1.71869476229886,0.0788122755756923
8301,제과점,amt,0,sequential,5,1.25461968829343,0.0580020551030203
8301,제과점,amt,0,sequential,6,0.904587071245999,-0.0165948781621574
8301,제과점,amt,0,sequential,7,0.196241225456056,0.0221568603366753
8301,제과점,amt,0,sequential,8,1.2591073545903,0.0808887625940296
8301,제과점,amt,0,sequential,9,2.20125015667107,0.0662334115638498
8301,제과점,amt,0,sequential,10,-0.0911149907036113,-0.00877210894322022
8301,제과점,amt,0,leave_one_block_out,1,16.5970620525297,0.534708422567434
8301,제과점,amt,0,leave_one_block_out,2,-1.62389022985553,-0.0484936832897014
8301,제과점,amt,0,leave_one_block_out,3,0.00336343521162019,0.0057723289545939
8301,제과점,amt,0,leave_one_block_out,4,-0.66362388546965,-0.0353183389391376
8301,제과점,amt,0,leave_one_block_out,5,0.88329070192748,0.0558976101102079
8301,제과점,amt,0,leave_one_block_out,6,0.794679891529759,-0.00826606615153458
8301,제과점,amt,0,leave_one_block_out,7,0.356056865870608,0.0191161045882731
8301,제과점,amt,0,leave_one_block_out,8,0.0104198013722662,0.031051385378697
8301,제과점,amt,0,leave_one_block_out,9,2.20125015667107,0.0662334115638498
8301,제과점,amt,1,sequential,2,5.38692967611208,0.138646482151007
8301,제과점,amt,1,sequential,3,2.86962232648633,0.0159861305983504
8301,제과점,amt,1,sequential,4,1.56868889202598,0.0866938665321627
8301,제과점,amt,1,sequential,5,1.69058078387524,0.0469284117152289
8301,제과점,amt,1,sequential,6,0.887824166694634,-0.0102316440281556
8301,제과점,amt,1,sequential,7,0.803462493176299,0.0664011507174616
8301,제과점,amt,1,sequential,8,0.880633220214261,0.0774865381870089
8301,제과점,amt,1,sequential,9,1.48258658161782,-0.00580161336899954
8301,제과점,amt,1,sequential,10,-0.348110656864653,-0.0169763884458014
8301,제과점,amt,1,leave_one_block_out,1,18.2082067465348,0.517551105619249
8301,제과점,amt,1,leave_one_block_out,2,-0.837473022798826,-0.0223021079948316
8301,제과점,amt,1,leave_one_block_out,3,-0.168325151716356,0.00352002470856283
8301,제과점,amt,1,leave_one_block_out,4,-0.809002925890784,-0.0601368404638012
8301,제과점,amt,1,leave_one_block_out,5,0.569095022649518,0.0432484420233942
8301,제과점,amt,1,leave_one_block_out,6,0.968305112332438,-0.0145222286050677
8301,제과점,amt,1,leave_one_block_out,7,0.25151611024454,0.0122373645851409
8301,제과점,amt,1,leave_one_block_out,8,-0.398685672721075,0.00382526929580518
8301,제과점,amt,1,leave_one_block_out,9,1.48258658161782,-0.00580161336899954
8301,제과점,amt,2,sequential,2,4.98464423033084,0.125772772460255
8301,제과점,amt,2,sequential,3,2.8396315331422,0.0512736371135495
8301,제과점,amt,2,sequential,4,0.871671111584149,-0.0189146907676365
8301,제과점,amt,2,sequential,5,1.72884908502756,0.0979641220213312
8301,제과점,amt,2,sequential,6,0.422196802346819,-0.0365839817766127
8301,제과점,amt,2,sequential,7,-0.23217162710053,0.0135146026601328
8301,제과점,amt,2,sequential,8,1.50416729193482,0.0742476613639472
8301,제과점,amt,2,sequential,9,-0.286205625201463,-0.0678726247226527
8301,제과점,amt,2,sequential,10,-0.436117612138853,-0.0267798032465754
8301,제과점,amt,2,leave_one_block_out,1,13.8360918027524,0.425971650377549
8301,제과점,amt,2,leave_one_block_out,2,-2.66936255677226,-0.111053472345501
8301,제과점,amt,2,leave_one_block_out,3,-0.814470040986592,-0.0482263672700773
8301,제과점,amt,2,leave_one_block_out,4,-2.61383094757259,-0.1483105677632
8301,제과점,amt,2,leave_one_block_out,5,0.0226726990976811,0.0205565148047151
8301,제과점,amt,2,leave_one_block_out,6,0.566379182709298,0.00772786675203041
8301,제과점,amt,2,leave_one_block_out,7,-0.21606919142978,-0.0200429094238093
8301,제과점,amt,2,leave_one_block_out,8,-0.815456595884489,0.00976105323382659
8301,제과점,amt,2,leave_one_block_out,9,-0.286205625201463,-0.0678726247226527
8301,제과점,amt,3,sequential,2,4.73420574086196,0.0948161766814468
8301,제과점,amt,3,sequential,3,3.56846538367766,0.0941405357543542
8301,제과점,amt,3,sequential,4,0.958370592360763,0.0245593864355673
8301,제과점,amt,3,sequential,5,0.934671423187411,0.0998682795837665
8301,제과점,amt,3,sequential,6,1.22546104435061,-0.0259232141064267
8301,제과점,amt,3,sequential,7,0.328955303990031,0.0236551553484224
8301,제과점,amt,3,sequential,8,2.36082975688121,0.0993272518328495
8301,제과점,amt,3,sequential,9,1.95231006101071,0.0383578384976319
8301,제과점,amt,3,sequential,10,-0.275497144422085,-0.0146121777923707
8301,제과점,amt,3,leave_one_block_out,1,16.7865033206692,0.513939360925568
8301,제과점,amt,3,leave_one_block_out,2,-0.636738281465926,-0.0506454988944214
8301,제과점,amt,3,leave_one_block_out,3,-0.324770661312415,-0.0105664651418611
8301,제과점,amt,3,leave_one_block_out,4,-0.716271392033327,-0.0897057745836225
8301,제과점,amt,3,leave_one_block_out,5,0.101160121106017,0.0393192344949636
8301,제과점,amt,3,leave_one_block_out,6,0.203030442076155,-0.0309206373499034
8301,제과점,amt,3,leave_one_block_out,7,0.233616506619486,0.0124848384647336
8301,제과점,amt,3,leave_one_block_out,8,0.34540581468554,0.0451987032983218
8301,제과점,amt,3,leave_one_block_out,9,1.95231006101071,0.0383578384976319
8301,제과점,amt,4,sequential,2,5.02732894928902,0.133304622540692
8301,제과점,amt,4,sequential,3,3.52155321144206,0.079114716262303
8301,제과점,amt,4,sequential,4,0.481433808830173,-0.0363275573923756
8301,제과점,amt,4,sequential,5,1.69807613446413,0.101066166570313
8301,제과점,amt,4,sequential,6,1.13905168194663,-0.0205252361802153
8301,제과점,amt,4,sequential,7,0.10143469681676,0.0382472315656572
8301,제과점,amt,4,sequential,8,1.5828036233135,0.135874252787095
8301,제과점,amt,4,sequential,9,0.390821341950515,-0.0674801939851513
8301,제과점,amt,4,sequential,10,-0.102290291264706,-0.00302528991567153
8301,제과점,amt,4,leave_one_block_out,1,14.5259291124483,0.404385813045198
8301,제과점,amt,4,leave_one_block_out,2,-2.63625361909145,-0.0900555858883156
8301,제과점,amt,4,leave_one_block_out,3,-0.389406066149894,-0.00476577491420072
8301,제과점,amt,4,leave_one_block_out,4,-1.2560157201779,-0.0813290349758922
8301,제과점,amt,4,leave_one_block_out,5,-0.110467495704131,0.02769940726736
8301,제과점,amt,4,leave_one_block_out,6,0.896946874439952,0.0269354608751695
8301,제과점,amt,4,leave_one_block_out,7,-0.133166804908968,0.00996448158076868
8301,제과점,amt,4,leave_one_block_out,8,-0.289516462189249,0.0395280911345931
8301,제과점,amt,4,leave_one_block_out,9,0.390821341950515,-0.0674801939851513
8301,제과점,amt,5,sequential,2,6.42986073754621,0.168690880992906
8301,제과점,amt,5,sequential,3,2.56885540128596,0.00141361402200069
8301,제과점,amt,5,sequential,4,1.80613811943259,0.0975659555546128
8301,제과점,amt,5,sequential,5,2.25157193937825,0.0853551405859972
8301,제과점,amt,5,sequential,6,0.617767325289276,-0.024602646145631
8301,제과점,amt,5,sequential,7,0.286866742491199,0.0273762397878931
8301,제과점,amt,5,sequential,8,1.80769322103818,0.136549564605521
8301,제과점,amt,5,sequential,9,1.18382600007361,-0.0696184569078619
8301,제과점,amt,5,sequential,10,-0.40973068467369,-0.0275823155588535
8301,제과점,amt,5,leave_one_block_out,1,19.1418916511018,0.486712689644748
8301,제과점,amt,5,leave_one_block_out,2,-0.916029809420355,-0.0268137075606043
8301,제과점,amt,5,leave_one_block_out,3,0.143911818712814,0.00460037359287491
8301,제과점,amt,5,leave_one_block_out,4,-0.533294191971431,-0.0570458987355325
8301,제과점,amt,5,leave_one_block_out,5,0.476707601320916,0.0351622692312362
8301,제과점,amt,5,leave_one_block_out,6,1.37696172430772,0.0212299798838249
8301,제과점,amt,5,leave_one_block_out,7,0.0863841900119372,0.00260039626794062
8301,제과점,amt,5,leave_one_block_out,8,0.754065118510511,0.0532719973989952
8301,제과점,amt,5,leave_one_block_out,9,1.18382600007361,-0.0696184569078619
8301,제과점,amt,6,sequential,2,4.80812418883054,0.108538488971502
8301,제과점,amt,6,sequential,3,3.76436401192992,0.0964114051652013
8301,제과점,amt,6,sequential,4,0.978280154777245,0.0233075501263412
8301,제과점,amt,6,sequential,5,2.39854832601553,0.0932421012783731
8301,제과점,amt,6,sequential,6,0.746627833459701,-0.0296892999321863
8301,제과점,amt,6,sequential,7,0.153055994536377,0.0251544881582634
8301,제과점,amt,6,sequential,8,1.80732157647061,0.105579017440936
8301,제과점,amt,6,sequential,9,0.972725725389667,0.0362347412972045
8301,제과점,amt,6,sequential,10,-0.0976193936004011,-0.00772832324050898
8301,제과점,amt,6,leave_one_block_out,1,17.6971041260487,0.486272359897376
8301,제과점,amt,6,leave_one_block_out,2,-1.74750831204485,-0.0985466960272974
8301,제과점,amt,6,leave_one_block_out,3,0.19495160031287,0.0092572696212645
8301,제과점,amt,6,leave_one_block_out,4,-1.22005867608108,-0.0584605568174548
8301,제과점,amt,6,leave_one_block_out,5,0.0985732321122257,0.0550896627996675
8301,제과점,amt,6,leave_one_block_out,6,0.182107099914786,0.00329481548694288
8301,제과점,amt,6,leave_one_block_out,7,0.160511789162601,0.0114110716011981
8301,제과점,amt,6,leave_one_block_out,8,-0.77025956800866,0.0406384896163386
8301,제과점,amt,6,leave_one_block_out,9,0.972725725389667,0.0362347412972045
8301,제과점,amt,7,sequential,2,5.95605468133491,0.166059988587443
8301,제과점,amt,7,sequential,3,3.14892536607472,0.0519657823733781
8301,제과점,amt,7,sequential,4,2.02519043377936,0.0528341294531649
8301,제과점,amt,7,sequential,5,0.910727357096441,0.0689986532057035
8301,제과점,amt,7,sequential,6,0.750300837430878,-0.0547719901598076
8301,제과점,amt,7,sequential,7,0.346678834706676,0.0247717818231044
8301,제과점,amt,7,sequential,8,-0.140599406515191,0.0278442647915118
8301,제과점,amt,7,sequential,9,0.785498544307167,-0.0598558463686854
8301,제과점,amt,7,sequential,10,-0.0804982002737986,-0.00509185667816392
8301,제과점,amt,7,leave_one_block_out,1,17.3471455024151,0.504426764083188
8301,제과점,amt,7,leave_one_block_out,2,-2.05138073230875,-0.162826677000934
8301,제과점,amt,7,leave_one_block_out,3,-0.148372745562048,-0.0207633968452974
8301,제과점,amt,7,leave_one_block_out,4,-3.27124371919515,-0.260309729371673
8301,제과점,amt,7,leave_one_block_out,5,-0.181597338070805,0.0271186491979339
8301,제과점,amt,7,leave_one_block_out,6,0.0619874218031613,-0.0317356403862008
8301,제과점,amt,7,leave_one_block_out,7,-0.0432664500246704,-0.00504411365196455
8301,제과점,amt,7,leave_one_block_out,8,-1.51745080503268,-0.0500767031300204
8301,제과점,amt,7,leave_one_block_out,9,0.785498544307167,-0.0598558463686854
8301,제과점,amt,8,sequential,2,5.27231954576834,0.143559791076945
8301,제과점,amt,8,sequential,3,3.90552957419841,0.07523976787092
8301,제과점,amt,8,sequential,4,1.20583741848238,0.0456058117151805
8301,제과점,amt,8,sequential,5,1.80479611919771,0.09108827590019
8301,제과점,amt,8,sequential,6,0.505709657259379,-0.0424430730406971
8301,제과점,amt,8,sequential,7,0.263454130417562,0.0286301307855999
8301,제과점,amt,8,sequential,8,2.21849910498401,0.100518218930125
8301,제과점,amt,8,sequential,9,0.303464126929065,-0.0576392429614885
8301,제과점,amt,8,sequential,10,-0.104105510737793,-0.00187516644589492
8301,제과점,amt,8,leave_one_block_out,1,16.9463434293769,0.427250213995336
8301,제과점,amt,8,leave_one_block_out,2,-0.686430722353573,-0.0114655103115862
8301,제과점,amt,8,leave_one_block_out,3,-0.556818400277162,-0.0197883572317681
8301,제과점,amt,8,leave_one_block_out,4,-0.630578422915187,-0.0310912528517573
8301,제과점,amt,8,leave_one_block_out,5,0.485789425432914,0.0323855122718361
8301,제과점,amt,8,leave_one_block_out,6,0.51696571048078,-0.0147183623073104
8301,제과점,amt,8,leave_one_block_out,7,-0.0663644582690054,-0.0131993434131343
8301,제과점,amt,8,leave_one_block_out,8,0.589226374976512,0.030095237987562
8301,제과점,amt,8,leave_one_block_out,9,0.303464126929065,-0.0576392429614885
8301,제과점,amt,9,sequential,2,5.71313986235961,0.146698059033655
8301,제과점,amt,9,sequential,3,3.5691016648867,0.0743069845519336
8301,제과점,amt,9,sequential,4,1.39140961135609,0.0677070178017291
8301,제과점,amt,9,sequential,5,1.56429219358658,0.0715312844458971
8301,제과점,amt,9,sequential,6,0.27547126453123,-0.0372890157889079
8301,제과점,amt,9,sequential,7,-0.395993265750816,-0.00474865832986726
8301,제과점,amt,9,sequential,8,1.58728781975131,0.105363338112605
8301,제과점,amt,9,sequential,9,0.6725874672805,-0.0903542633731846
8301,제과점,amt,9,sequential,10,-0.0711803716959558,-0.00154634055573277
8301,제과점,amt,9,leave_one_block_out,1,16.0977790240095,0.450900615955698
8301,제과점,amt,9,leave_one_block_out,2,-2.74085536894567,-0.125442581281295
8301,제과점,amt,9,leave_one_block_out,3,-0.248029477302872,-0.014420927371767
8301,제과점,amt,9,leave_one_block_out,4,-1.60857744403622,-0.0949540401399709
8301,제과점,amt,9,leave_one_block_out,5,-0.155260918864852,0.0266613982852806
8301,제과점,amt,9,leave_one_block_out,6,1.37257625526188,0.00010178822993645
8301,제과점,amt,9,leave_one_block_out,7,-0.289948221799402,-0.0112070840202223
8301,제과점,amt,9,leave_one_block_out,8,-0.573996739957447,0.0104481953306305
8301,제과점,amt,9,leave_one_block_out,9,0.6725874672805,-0.0903542633731846
8301,제과점,cnt,0,sequential,2,6.06527519690275,0.253226835044708
8301,제과점,cnt,0,sequential,3,4.13016487392487,0.0985861689846418
8301,제과점,cnt,0,sequential,4,1.45253288291255,0.178669795295459
8301,제과점,cnt,0,sequential,5,2.45261880809824,0.14935878691328
8301,제과점,cnt,0,sequential,6,0.531841303704453,-0.035040436723925
8301,제과점,cnt,0,sequential,7,0.212344392906846,0.0395559345907259
8301,제과점,cnt,0,sequential,8,1.99156982011962,0.205028798056573
8301,제과점,cnt,0,sequential,9,2.99786790247178,0.231860175498977
8301,제과점,cnt,0,sequential,10,0.0165271936151484,-0.00380460611910016
8301,제과점,cnt,0,leave_one_block_out,1,18.2718779682268,0.76034197807143
8301,제과점,cnt,0,leave_one_block_out,2,-1.59685285575161,-0.308831622261116
8301,제과점,cnt,0,leave_one_block_out,3,-0.0634092469264658,-0.016441474868758
8301,제과점,cnt,0,leave_one_block_out,4,-0.613915362952611,-0.105716464054478
8301,제과점,cnt,0,leave_one_block_out,5,0.650370452530227,0.0903884714723227
8301,제과점,cnt,0,leave_one_block_out,6,0.563299794787403,0.0105117966705067
8301,제과점,cnt,0,leave_one_block_out,7,0.153514082324338,0.0213203753519243
8301,제과점,cnt,0,leave_one_block_out,8,0.749062287231669,0.130925695852366
8301,제과점,cnt,0,leave_one_block_out,9,2.99786790247178,0.231860175498977
8301,제과점,cnt,1,sequential,2,7.08402941309141,0.306346080096645
8301,제과점,cnt,1,sequential,3,2.97626011317081,-0.0393921990501482
8301,제과점,cnt,1,sequential,4,1.90084226770995,0.223317149534271
8301,제과점,cnt,1,sequential,5,2.2879313566394,0.117414402177332
8301,제과점,cnt,1,sequential,6,0.572338379799764,-0.0190318686837776
8301,제과점,cnt,1,sequential,7,0.628502800342878,0.100910104297948
8301,제과점,cnt,1,sequential,8,1.39675652764366,0.179820094295991
8301,제과점,cnt,1,sequential,9,2.00122134025373,0.103050810310025
8301,제과점,cnt,1,sequential,10,-0.231038411735632,-0.0239113591006697
8301,제과점,cnt,1,leave_one_block_out,1,18.334849577403,0.725280248064462
8301,제과점,cnt,1,leave_one_block_out,2,-0.864578122139006,-0.209397298945305
8301,제과점,cnt,1,leave_one_block_out,3,-0.0330747205647242,-0.0346968569535704
8301,제과점,cnt,1,leave_one_block_out,4,-1.04082194900005,-0.18294546957616
8301,제과점,cnt,1,leave_one_block_out,5,-0.0236623756561832,0.0441826110731119
8301,제과점,cnt,1,leave_one_block_out,6,0.678575588951694,-0.00257096779494237
8301,제과점,cnt,1,leave_one_block_out,7,0.666753051330468,0.0333348681344735
8301,제과점,cnt,1,leave_one_block_out,8,-0.278997852197832,0.0478085583087472
8301,제과점,cnt,1,leave_one_block_out,9,2.00122134025373,0.103050810310025
8301,제과점,cnt,2,sequential,2,6.60278136633331,0.287005039150616
8301,제과점,cnt,2,sequential,3,3.43069700320523,0.0449936839348871
8301,제과점,cnt,2,sequential,4,0.58899191342322,0.0351762851401327
8301,제과점,cnt,2,sequential,5,2.25645724379238,0.185999737220649
8301,제과점,cnt,2,sequential,6,0.0965623296231066,-0.07644000373191
8301,제과점,cnt,2,sequential,7,0.0807674185858032,0.0310157240561728
8301,제과점,cnt,2,sequential,8,2.89559687311811,0.230083258599977
8301,제과점,cnt,2,sequential,9,1.54768456097242,0.0726906765736302
8301,제과점,cnt,2,sequential,10,-0.411744021050789,-0.0359715494058428
8301,제과점,cnt,2,leave_one_block_out,1,15.8388199718817,0.648316864335453
8301,제과점,cnt,2,leave_one_block_out,2,-1.9648081909935,-0.307370085882789
8301,제과점,cnt,2,leave_one_block_out,3,-0.841018212758232,-0.165930026450845
8301,제과점,cnt,2,leave_one_block_out,4,-2.35356329198725,-0.338792694299391
8301,제과점,cnt,2,leave_one_block_out,5,0.116066996640374,0.0182024407260227
8301,제과점,cnt,2,leave_one_block_out,6,0.645100945398341,0.00338176692786052
8301,제과점,cnt,2,leave_one_block_out,7,0.0602490488620266,-0.0109882566744741
8301,제과점,cnt,2,leave_one_block_out,8,0.364591414563695,0.0617683615182796
8301,제과점,cnt,2,leave_one_block_out,9,1.54768456097242,0.0726906765736302
8301,제과점,cnt,3,sequential,2,5.9488343315197,0.194750356702749
8301,제과점,cnt,3,sequential,3,4.08456737298428,0.135965380897501
8301,제과점,cnt,3,sequential,4,0.685283358019229,0.0849321470777622
8301,제과점,cnt,3,sequential,5,2.16960395717661,0.182801296392555
8301,제과점,cnt,3,sequential,6,0.796481605668531,-0.059692331858312
8301,제과점,cnt,3,sequential,7,0.0102575571109986,0.0286852294700922
8301,제과점,cnt,3,sequential,8,2.69360746394806,0.22998245432315
8301,제과점,cnt,3,sequential,9,3.73988118970673,0.192883805594891
8301,제과점,cnt,3,sequential,10,-0.223957566274793,-0.0224765962008662
8301,제과점,cnt,3,leave_one_block_out,1,18.8321987704893,0.75006783475661
8301,제과점,cnt,3,leave_one_block_out,2,-0.815252629956623,-0.259658215996348
8301,제과점,cnt,3,leave_one_block_out,3,0.0507318740864349,-0.0275562670246945
8301,제과점,cnt,3,leave_one_block_out,4,-0.265741462422178,-0.108590715498374
8301,제과점,cnt,3,leave_one_block_out,5,0.376730873425962,0.0801479516495852
8301,제과점,cnt,3,leave_one_block_out,6,0.211795217931687,-0.0767942507816548
8301,제과점,cnt,3,leave_one_block_out,7,0.508777012515629,0.0239281443036478
8301,제과점,cnt,3,leave_one_block_out,8,1.05887277663778,0.13984965809345
8301,제과점,cnt,3,leave_one_block_out,9,3.73988118970673,0.192883805594891
8301,제과점,cnt,4,sequential,2,6.68439732811401,0.274502028009585
8301,제과점,cnt,4,sequential,3,3.83260747165217,0.0910040614047454
8301,제과점,cnt,4,sequential,4,-0.0600448815535559,-0.0312425738323467
8301,제과점,cnt,4,sequential,5,2.75669966934416,0.167181822047643
8301,제과점,cnt,4,sequential,6,0.517768093071733,-0.032389090104376
8301,제과점,cnt,4,sequential,7,-0.0337214672738312,0.0681913360760947
8301,제과점,cnt,4,sequential,8,2.4312293535751,0.286276194713335
8301,제과점,cnt,4,sequential,9,1.87757337980664,0.0726905598485188
8301,제과점,cnt,4,sequential,10,-0.0980321701443965,-0.00603948880663463
8301,제과점,cnt,4,leave_one_block_out,1,15.1685244559482,0.620507571139394
8301,제과점,cnt,4,leave_one_block_out,2,-2.66083046867656,-0.336438348000746
8301,제과점,cnt,4,leave_one_block_out,3,-0.755343649044518,-0.04944895311437
8301,제과점,cnt,4,leave_one_block_out,4,-1.39497164383034,-0.212951400437768
8301,제과점,cnt,4,leave_one_block_out,5,0.107824447485652,0.0480379890100392
8301,제과점,cnt,4,leave_one_block_out,6,0.414417913883808,0.0547921589945392
8301,제과점,cnt,4,leave_one_block_out,7,-0.128786801153963,0.0187567877351995
8301,제과점,cnt,4,leave_one_block_out,8,0.431540814872841,0.0945124764277092
8301,제과점,cnt,4,leave_one_block_out,9,1.87757337980664,0.0726905598485188
8301,제과점,cnt,5,sequential,2,8.21230773622161,0.328426675258496
8301,제과점,cnt,5,sequential,3,2.58089713294847,-0.0563741015443124
8301,제과점,cnt,5,sequential,4,1.64265735441941,0.217084046881879
8301,제과점,cnt,5,sequential,5,3.10433086514079,0.163353341934132
8301,제과점,cnt,5,sequential,6,0.324151818124938,-0.0325496544270383
8301,제과점,cnt,5,sequential,7,0.013898406431509,0.0480080623802563
8301,제과점,cnt,5,sequential,8,2.45258372790459,0.266850929563811
8301,제과점,cnt,5,sequential,9,2.66932372964613,0.119429053018583
8301,제과점,cnt,5,sequential,10,-0.273018367740685,-0.0283215769675809
8301,제과점,cnt,5,leave_one_block_out,1,19.7672711811433,0.716567507518365
8301,제과점,cnt,5,leave_one_block_out,2,-1.17601034116236,-0.195071875878378
8301,제과점,cnt,5,leave_one_block_out,3,-0.216412357852505,-0.0205056355111177
8301,제과점,cnt,5,leave_one_block_out,4,0.000766670180396556,-0.119282484500844
8301,제과점,cnt,5,leave_one_block_out,5,0.0260786499762217,0.0367330275729879
8301,제과점,cnt,5,leave_one_block_out,6,1.20838931045223,0.0530912566646329
8301,제과점,cnt,5,leave_one_block_out,7,0.170654311441665,0.00401375831296269
8301,제과점,cnt,5,leave_one_block_out,8,1.05515765551091,0.139962162034005
8301,제과점,cnt,5,leave_one_block_out,9,2.66932372964613,0.119429053018583
8301,제과점,cnt,6,sequential,2,6.05773176033717,0.211047641330998
8301,제과점,cnt,6,sequential,3,3.87397630444266,0.135476862022368
8301,제과점,cnt,6,sequential,4,1.31119893701837,0.0961864528368794
8301,제과점,cnt,6,sequential,5,2.88957237073187,0.158863527074213
8301,제과점,cnt,6,sequential,6,0.43008466874597,-0.0497876026401363
8301,제과점,cnt,6,sequential,7,0.0816728107390974,0.0510762712143873
8301,제과점,cnt,6,sequential,8,3.22785489454824,0.288735867966076
8301,제과점,cnt,6,sequential,9,1.89606580859822,0.09877068262155
8301,제과점,cnt,6,sequential,10,0.00926380311139507,-0.00734259281718774
8301,제과점,cnt,6,leave_one_block_out,1,19.0552662756671,0.700847614455374
8301,제과점,cnt,6,leave_one_block_out,2,-1.82903692519246,-0.449278837784357
8301,제과점,cnt,6,leave_one_block_out,3,0.0283504477881252,-0.0158775940863141
8301,제과점,cnt,6,leave_one_block_out,4,-0.942696034392163,-0.210858275439499
8301,제과점,cnt,6,leave_one_block_out,5,0.0618080086367268,0.102338970196398
8301,제과점,cnt,6,leave_one_block_out,6,0.0674658897789504,0.037565383503476
8301,제과점,cnt,6,leave_one_block_out,7,-0.104466328131878,0.0266014651869041
8301,제과점,cnt,6,leave_one_block_out,8,-0.201222271510398,0.113768990844527
8301,제과점,cnt,6,leave_one_block_out,9,1.89606580859822,0.09877068262155
8301,제과점,cnt,7,sequential,2,7.38112228068621,0.293383992232574
8301,제과점,cnt,7,sequential,3,3.15697789899176,0.0435156000048972
8301,제과점,cnt,7,sequential,4,2.02770759626976,0.131002272253391
8301,제과점,cnt,7,sequential,5,1.89543214880162,0.138843157351285
8301,제과점,cnt,7,sequential,6,0.25935139628325,-0.113119518390653
8301,제과점,cnt,7,sequential,7,0.262627625040879,0.0425665340675909
8301,제과점,cnt,7,sequential,8,0.573536956323106,0.103372234694684
8301,제과점,cnt,7,sequential,9,2.14966511764862,0.029896693122816
8301,제과점,cnt,7,sequential,10,-0.035230980913134,-0.00385936131229503
8301,제과점,cnt,7,leave_one_block_out,1,18.5043470653135,0.670836216121553
8301,제과점,cnt,7,leave_one_block_out,2,-2.43446125443498,-0.563422124037977
8301,제과점,cnt,7,leave_one_block_out,3,-0.165360492166935,-0.0436934426154167
8301,제과점,cnt,7,leave_one_block_out,4,-3.2585360828551,-0.656859136816836
8301,제과점,cnt,7,leave_one_block_out,5,-0.301661742224993,0.0396923851436746
8301,제과점,cnt,7,leave_one_block_out,6,-0.0516196520141871,-0.0580764780755021
8301,제과점,cnt,7,leave_one_block_out,7,0.0673342197354238,0.00323164610423932
8301,제과점,cnt,7,leave_one_block_out,8,-0.466147599180039,-0.0636195625344875
8301,제과점,cnt,7,leave_one_block_out,9,2.14966511764862,0.029896693122816
8301,제과점,cnt,8,sequential,2,6.8362869541828,0.294346488790866
8301,제과점,cnt,8,sequential,3,4.07669355172998,0.0818462953815132
8301,제과점,cnt,8,sequential,4,0.566622979598685,0.083800104050659
8301,제과점,cnt,8,sequential,5,2.72127796125052,0.177111317294556
8301,제과점,cnt,8,sequential,6,-0.0227853864594174,-0.0574681295588864
8301,제과점,cnt,8,sequential,7,0.396266597722969,0.0755494169513925
8301,제과점,cnt,8,sequential,8,2.40219270209729,0.212590574776934
8301,제과점,cnt,8,sequential,9,2.85925715872503,0.175791064879306
8301,제과점,cnt,8,sequential,10,-0.117332183891741,-0.00970197325831101
8301,제과점,cnt,8,leave_one_block_out,1,18.1404670518354,0.67318645230989
8301,제과점,cnt,8,leave_one_block_out,2,-1.33913398959764,-0.13969608010355
8301,제과점,cnt,8,leave_one_block_out,3,-0.680124467478729,-0.0541712604935076
8301,제과점,cnt,8,leave_one_block_out,4,-0.346766007286636,-0.0426177987131513
8301,제과점,cnt,8,leave_one_block_out,5,0.217779043437338,0.0508872299235951
8301,제과점,cnt,8,leave_one_block_out,6,0.352059175960351,-0.016475177112419
8301,제과점,cnt,8,leave_one_block_out,7,0.0227852838690257,0.00137359773101275
8301,제과점,cnt,8,leave_one_block_out,8,1.38738784556166,0.15181588084624
8301,제과점,cnt,8,leave_one_block_out,9,2.85925715872503,0.175791064879306
8301,제과점,cnt,9,sequential,2,7.13580455867447,0.29025911382928
8301,제과점,cnt,9,sequential,3,3.59486983162024,0.084140783124573
8301,제과점,cnt,9,sequential,4,1.15827011418633,0.132324889604993
8301,제과점,cnt,9,sequential,5,2.84449682674992,0.18137407443728
8301,제과점,cnt,9,sequential,6,-0.101414468162234,-0.0602466481749433
8301,제과점,cnt,9,sequential,7,-0.095456625699078,-0.00380934556722257
8301,제과점,cnt,9,sequential,8,2.35731826896562,0.253803296364796
8301,제과점,cnt,9,sequential,9,1.61822454629682,0.0274313899236253
8301,제과점,cnt,9,sequential,10,-0.0425857277382896,0.00109015275891822
8301,제과점,cnt,9,leave_one_block_out,1,17.7276527535295,0.680219652745565
8301,제과점,cnt,9,leave_one_block_out,2,-2.21176918265057,-0.343757413432713
8301,제과점,cnt,9,leave_one_block_out,3,-0.367182920012102,-0.0501258690035937
8301,제과점,cnt,9,leave_one_block_out,4,-1.02354659501493,-0.201497528711198
8301,제과점,cnt,9,leave_one_block_out,5,0.0219131636870151,0.0397990244398077
8301,제과점,cnt,9,leave_one_block_out,6,0.569841610868874,-0.0109172903850827
8301,제과점,cnt,9,leave_one_block_out,7,0.118964245754796,0.0102937752356927
8301,제과점,cnt,9,leave_one_block_out,8,-0.224163868204041,0.0648465501369503
8301,제과점,cnt,9,leave_one_block_out,9,1.61822454629682,0.0274313899236253
8301,제과점,ticket,0,sequential,2,2.29883772554308,0.315594338130008
8301,제과점,ticket,0,sequential,3,0.0130248656578333,-0.00146267376314824
8301,제과점,ticket,0,sequential,4,0.111838936523964,0.00408164113134279
8301,제과점,ticket,0,sequential,5,0.315807075162097,0.0593938050619575
8301,제과점,ticket,0,sequential,6,-0.0740194459741633,-0.01947013477992
8301,제과점,ticket,0,sequential,7,-0.0444900572953988,-0.00545553997714254
8301,제과점,ticket,0,sequential,8,-0.183544345127021,-0.0290638198529958
8301,제과점,ticket,0,sequential,9,0.319396337327869,-0.0457844127819456
8301,제과점,ticket,0,sequential,10,-0.068677337813898,-0.00947226845134708
8301,제과점,ticket,0,leave_one_block_out,1,-0.00191202828610931,-0.0026755436592425
8301,제과점,ticket,0,leave_one_block_out,2,-0.0920415869033547,-0.0239096788275124
8301,제과점,ticket,0,leave_one_block_out,3,-0.0569247305788931,0.000989777829875416
8301,제과점,ticket,0,leave_one_block_out,4,-0.214195269338292,-0.0285282401064741
8301,제과점,ticket,0,leave_one_block_out,5,-0.0179276453119451,0.0102327172881485
8301,제과점,ticket,0,leave_one_block_out,6,0.0309175933772568,0.00189613297884395
8301,제과점,ticket,0,leave_one_block_out,7,-0.0185468072214687,-0.00888111749960574
8301,제과점,ticket,0,leave_one_block_out,8,-0.146876523336285,-0.040332126915408
8301,제과점,ticket,0,leave_one_block_out,9,0.319396337327869,-0.0457844127819456
8301,제과점,ticket,1,sequential,2,2.16805457925626,0.292886135286136
8301,제과점,ticket,1,sequential,3,0.0722198844526331,0.00447156667524773
8301,제과점,ticket,1,sequential,4,0.231562460414672,0.0148259670048398
8301,제과점,ticket,1,sequential,5,0.28182320630616,0.0547078922188771
8301,제과점,ticket,1,sequential,6,-0.0389713685484752,-0.00519765899484526
8301,제과점,ticket,1,sequential,7,-0.134343961667743,-0.0204981135925919
8301,제과점,ticket,1,sequential,8,-0.265404062629007,-0.041451447495892
8301,제과점,ticket,1,sequential,9,0.621380772843987,0.0335460793683636
8301,제과점,ticket,1,sequential,10,-0.10688161795574,-0.0136009607602541
8301,제과점,ticket,1,leave_one_block_out,1,-0.0787126866518092,-0.0130748843858668
8301,제과점,ticket,1,leave_one_block_out,2,-0.178086634987613,-0.0162593175698302
8301,제과점,ticket,1,leave_one_block_out,3,-0.105054317834884,-0.00916719758037998
8301,제과점,ticket,1,leave_one_block_out,4,-0.0997252540991311,-0.00975289004032054
8301,제과점,ticket,1,leave_one_block_out,5,-0.0525240561469659,0.0122514992886215
8301,제과점,ticket,1,leave_one_block_out,6,0.000577311678380543,0.00377568510930204
8301,제과점,ticket,1,leave_one_block_out,7,-0.0270392710929226,-0.00867822455458844
8301,제과점,ticket,1,leave_one_block_out,8,-0.0570689033332947,-0.02658680615649
8301,제과점,ticket,1,leave_one_block_out,9,0.621380772843987,0.0335460793683636
8301,제과점,ticket,2,sequential,2,2.45544699294938,0.319336725936012
8301,제과점,ticket,2,sequential,3,-0.0265862845720347,0.00103293640557689
8301,제과점,ticket,2,sequential,4,0.0829179734997187,0.00751928781342159
8301,제과점,ticket,2,sequential,5,0.224400595974404,0.043788564083757
8301,제과점,ticket,2,sequential,6,-0.0140693796289448,-0.00374863822704241
8301,제과점,ticket,2,sequential,7,-0.0610907940201147,-0.0174091604919171
8301,제과점,ticket,2,sequential,8,-0.385134909174194,-0.0609662327621274
8301,제과점,ticket,2,sequential,9,-0.000781334198653172,-0.0582206951954927
8301,제과점,ticket,2,sequential,10,-0.0878190966669384,-0.0126822742565584
8301,제과점,ticket,2,leave_one_block_out,1,0.0167172430634729,-0.000806140513087916
8301,제과점,ticket,2,leave_one_block_out,2,-0.258016368247656,-0.0349778496394837
8301,제과점,ticket,2,leave_one_block_out,3,-0.11109972457391,-0.00509028827201652
8301,제과점,ticket,2,leave_one_block_out,4,-0.352278259849598,-0.0310314353262742
8301,제과점,ticket,2,leave_one_block_out,5,-0.183955913161879,0.000889597779655693
8301,제과점,ticket,2,leave_one_block_out,6,0.0367304443365926,0.0121046257600691
8301,제과점,ticket,2,leave_one_block_out,7,-0.103108591166412,-0.0105691692506904
8301,제과점,ticket,2,leave_one_block_out,8,-0.469597393043623,-0.0841057834123553
8301,제과점,ticket,2,leave_one_block_out,9,-0.000781334198653172,-0.0582206951954927
8301,제과점,ticket,3,sequential,2,2.35077135976973,0.312079303521688
8301,제과점,ticket,3,sequential,3,-0.0124627814519579,-0.000806522360348172
8301,제과점,ticket,3,sequential,4,0.0519503165337235,0.0105371956001515
8301,제과점,ticket,3,sequential,5,0.231768107334918,0.02876047907859
8301,제과점,ticket,3,sequential,6,-0.00833005458783093,-0.00575463396640608
8301,제과점,ticket,3,sequential,7,-0.109600411655839,-0.0147491270075064
8301,제과점,ticket,3,sequential,8,-0.330988388677793,-0.0498015547781967
8301,제과점,ticket,3,sequential,9,0.542752195370545,0.0431673010185676
8301,제과점,ticket,3,sequential,10,-0.154623850697229,-0.0269025815892203
8301,제과점,ticket,3,leave_one_block_out,1,-0.0580106632602176,-0.0157746795193603
8301,제과점,ticket,3,leave_one_block_out,2,-0.286451805221344,-0.0350702406238177
8301,제과점,ticket,3,leave_one_block_out,3,-0.276299290518417,-0.025169712753722
8301,제과점,ticket,3,leave_one_block_out,4,-0.266554432102217,-0.0498782586886268
8301,제과점,ticket,3,leave_one_block_out,5,-0.270336788749212,-0.0225514825795827
8301,제과점,ticket,3,leave_one_block_out,6,0.0125135241481944,0.00792995211093095
8301,제과점,ticket,3,leave_one_block_out,7,-0.0350733253125624,-0.000653362242446054
8301,제과점,ticket,3,leave_one_block_out,8,-0.4060004836618,-0.0768422365895114
8301,제과점,ticket,3,leave_one_block_out,9,0.542752195370545,0.0431673010185676
8301,제과점,ticket,4,sequential,2,2.34319797462229,0.313050543073963
8301,제과점,ticket,4,sequential,3,0.0387671210919815,0.000665731225407584
8301,제과점,ticket,4,sequential,4,0.0874920516372446,0.0237286016254765
8301,제과점,ticket,4,sequential,5,0.246539603875971,0.0469645425499705
8301,제과점,ticket,4,sequential,6,-0.120512595789578,-0.0307235383159141
8301,제과점,ticket,4,sequential,7,-0.0768513534347939,-0.0115251236644145
8301,제과점,ticket,4,sequential,8,-0.317877167583888,-0.0445161013165836
8301,제과점,ticket,4,sequential,9,0.571162192460233,0.00941045450915912
8301,제과점,ticket,4,sequential,10,-0.0650122326343372,-0.0110382660805464
8301,제과점,ticket,4,leave_one_block_out,1,0.0638893670344448,-0.0059700149902906
8301,제과점,ticket,4,leave_one_block_out,2,-0.263165498970812,-0.0303541037044823
8301,제과점,ticket,4,leave_one_block_out,3,-0.0658790059890266,-0.00680263512609991
8301,제과점,ticket,4,leave_one_block_out,4,-0.449437263332404,-0.0703746934726033
8301,제과점,ticket,4,leave_one_block_out,5,-0.000795150049058557,0.0128741273901569
8301,제과점,ticket,4,leave_one_block_out,6,-0.0701825357280333,-0.0113112120269938
8301,제과점,ticket,4,leave_one_block_out,7,-0.0369047028509706,-0.0182227452050541
8301,제과점,ticket,4,leave_one_block_out,8,-0.242342996472163,-0.0522507550583373
8301,제과점,ticket,4,leave_one_block_out,9,0.571162192460233,0.00941045450915912
8301,제과점,ticket,5,sequential,2,2.33816022110031,0.31233122492414
8301,제과점,ticket,5,sequential,3,0.0903483697135846,0.000140719804565537
8301,제과점,ticket,5,sequential,4,0.196043486397642,0.0245476697353894
8301,제과점,ticket,5,sequential,5,0.150042649130686,0.0370986289315525
8301,제과점,ticket,5,sequential,6,-0.0184199309639546,-0.00869782006459108
8301,제과점,ticket,5,sequential,7,-0.226347267410423,-0.0295286697115382
8301,제과점,ticket,5,sequential,8,-0.250601179045103,-0.0468827937351162
8301,제과점,ticket,5,sequential,9,0.477434984427312,-0.022993763471499
8301,제과점,ticket,5,sequential,10,-0.049783767574689,-0.0156111188195103
8301,제과점,ticket,5,leave_one_block_out,1,-0.0126309012442649,-0.0103983564347316
8301,제과점,ticket,5,leave_one_block_out,2,-0.214139629591466,-0.0288844953464062
8301,제과점,ticket,5,leave_one_block_out,3,-0.057430472138234,-0.00369515219065719
8301,제과점,ticket,5,leave_one_block_out,4,-0.0812822147065975,-0.0101976381479811
8301,제과점,ticket,5,leave_one_block_out,5,-0.0627749073539796,0.00421163312395079
8301,제과점,ticket,5,leave_one_block_out,6,-0.00554295024794288,-0.0058557593997457
8301,제과점,ticket,5,leave_one_block_out,7,-0.115627765012072,-0.0254061942840793
8301,제과점,ticket,5,leave_one_block_out,8,-0.130197583510493,-0.0406857083159851
8301,제과점,ticket,5,leave_one_block_out,9,0.477434984427312,-0.022993763471499
8301,제과점,ticket,6,sequential,2,2.37370567259117,0.32106767005693
8301,제과점,ticket,6,sequential,3,0.0803150949536438,0.00150765017122934
8301,제과점,ticket,6,sequential,4,0.0701901367781074,0.00665687192435893
8301,제과점,ticket,6,sequential,5,0.207949008395188,0.0345094730916774
8301,제과점,ticket,6,sequential,6,-0.156816618204368,-0.033669225205452
8301,제과점,ticket,6,sequential,7,-0.155985418330454,-0.0210313720575761
8301,제과점,ticket,6,sequential,8,-0.460160948209241,-0.0702225677385784
8301,제과점,ticket,6,sequential,9,0.328427905976272,-0.0174711459316659
8301,제과점,ticket,6,sequential,10,-0.0358167002273091,-0.00563658116308696
8301,제과점,ticket,6,leave_one_block_out,1,-0.0164988553848833,-0.0169293288726584
8301,제과점,ticket,6,leave_one_block_out,2,-0.191224452949502,-0.0319825851931208
8301,제과점,ticket,6,leave_one_block_out,3,-0.12828271325985,-0.0053520360099939
8301,제과점,ticket,6,leave_one_block_out,4,-0.481005894255225,-0.0563716873062738
8301,제과점,ticket,6,leave_one_block_out,5,-0.191870966478808,-0.00981551214020038
8301,제과점,ticket,6,leave_one_block_out,6,-0.0882933857442411,-0.00543624810767929
8301,제과점,ticket,6,leave_one_block_out,7,-0.120425354414797,-0.00909193329476676
8301,제과점,ticket,6,leave_one_block_out,8,-0.511983008605686,-0.0809802767502383
8301,제과점,ticket,6,leave_one_block_out,9,0.328427905976272,-0.0174711459316659
8301,제과점,ticket,7,sequential,2,2.2061869494943,0.306944175230999
8301,제과점,ticket,7,sequential,3,0.0231543243930418,0.00338715231509279
8301,제과점,ticket,7,sequential,4,0.292440563006817,0.0322827727393181
8301,제과점,ticket,7,sequential,5,0.349716584077443,0.0580403474351139
8301,제과점,ticket,7,sequential,6,-0.0470528988299829,-0.00671834778639946
8301,제과점,ticket,7,sequential,7,-0.0454086397122647,-0.00609504424627061
8301,제과점,ticket,7,sequential,8,-0.230426235754654,-0.0464030404281528
8301,제과점,ticket,7,sequential,9,0.453296598147616,0.0217103819139381
8301,제과점,ticket,7,sequential,10,-0.0496610853309626,-0.00386098337400775
8301,제과점,ticket,7,leave_one_block_out,1,0.0164355079222661,0.00021289638565547
8301,제과점,ticket,7,leave_one_block_out,2,-0.138133024999938,-0.00294671568261351
8301,제과점,ticket,7,leave_one_block_out,3,-0.0798307212279553,-0.00401891797247722
8301,제과점,ticket,7,leave_one_block_out,4,-0.129729882946636,0.00238919087112544
8301,제과점,ticket,7,leave_one_block_out,5,-0.0776828047379996,0.00928520951859568
8301,제과점,ticket,7,leave_one_block_out,6,-0.0324121539857739,0.000460104292228425
8301,제과점,ticket,7,leave_one_block_out,7,-0.00226242766348528,0.000281522839640447
8301,제과점,ticket,7,leave_one_block_out,8,-0.011871675930894,-0.0155038281930009
8301,제과점,ticket,7,leave_one_block_out,9,0.453296598147616,0.0217103819139381
8301,제과점,ticket,8,sequential,2,2.29761222151991,0.305420448271828
8301,제과점,ticket,8,sequential,3,0.0650128994917176,0.00489834763159247
8301,제과점,ticket,8,sequential,4,0.14285703645716,0.0112594280724787
8301,제과점,ticket,8,sequential,5,0.153831307601664,0.0410757959112755
8301,제과점,ticket,8,sequential,6,-0.0974008315535055,-0.0239477908122276
8301,제과점,ticket,8,sequential,7,-0.0921480670328295,-0.0165895508701801
8301,제과점,ticket,8,sequential,8,-0.193245274874455,-0.0348372876984731
8301,제과점,ticket,8,sequential,9,0.762237232092031,0.0716458400920491
8301,제과점,ticket,8,sequential,10,-0.0423919222622679,-0.0021278745071398
8301,제과점,ticket,8,leave_one_block_out,1,0.022269362232516,-0.00521206166802113
8301,제과점,ticket,8,leave_one_block_out,2,-0.251885042255345,-0.0246906631542847
8301,제과점,ticket,8,leave_one_block_out,3,-0.0337323024161618,-0.00501897200567414
8301,제과점,ticket,8,leave_one_block_out,4,-0.149941850644178,-0.00952386623734247
8301,제과점,ticket,8,leave_one_block_out,5,-0.0170541748905365,0.00646195974109198
8301,제과점,ticket,8,leave_one_block_out,6,-0.0214964103691762,-0.0107307049505354
8301,제과점,ticket,8,leave_one_block_out,7,-0.0827859202309614,-0.0086689400949953
8301,제과점,ticket,8,leave_one_block_out,8,-0.129398037001054,-0.0241979303724498
8301,제과점,ticket,8,leave_one_block_out,9,0.762237232092031,0.0716458400920491
8301,제과점,ticket,9,sequential,2,2.25420833702721,0.313500221690074
8301,제과점,ticket,9,sequential,3,0.00275426361731196,-0.00318827698071189
8301,제과점,ticket,9,sequential,4,0.0610983456994119,0.0101712441411975
8301,제과점,ticket,9,sequential,5,0.13021473166042,0.0433855425595217
8301,제과점,ticket,9,sequential,6,-0.00879843847201994,-0.00186048081620394
8301,제과점,ticket,9,sequential,7,-0.163684866223084,-0.0222377599639614
8301,제과점,ticket,9,sequential,8,-0.312204136899054,-0.063507058555601
8301,제과점,ticket,9,sequential,9,0.777287822941229,0.0493722595257662
8301,제과점,ticket,9,sequential,10,-0.0691278956210531,-0.0104079268268711
8301,제과점,ticket,9,leave_one_block_out,1,-0.0709789149541284,-0.0146403723429347
8301,제과점,ticket,9,leave_one_block_out,2,-0.330216130338844,-0.0488160658544781
8301,제과점,ticket,9,leave_one_block_out,3,-0.149679825745719,-0.0200722268197748
8301,제과점,ticket,9,leave_one_block_out,4,-0.314230113149093,-0.0300906606538507
8301,제과점,ticket,9,leave_one_block_out,5,-0.117975014163298,-0.00148700316297035
8301,제과점,ticket,9,leave_one_block_out,6,-0.0265074616477248,0.00542107685521942
8301,제과점,ticket,9,leave_one_block_out,7,-0.102747837345582,-0.0326292990928361
8301,제과점,ticket,9,leave_one_block_out,8,-0.1446302696852,-0.0349737654865037
8301,제과점,ticket,9,leave_one_block_out,9,0.777287822941229,0.0493722595257662
all11_observed,all11_observed,amt,0,sequential,2,1.21062899050238,0.0966929048796645
all11_observed,all11_observed,amt,0,sequential,3,6.49363336474255,0.424665238177731
all11_observed,all11_observed,amt,0,sequential,4,2.69851671155601,0.210725408557137
all11_observed,all11_observed,amt,0,sequential,5,1.89374959473391,0.166236489352146
all11_observed,all11_observed,amt,0,sequential,6,0.634968088273227,0.0712356447824837
all11_observed,all11_observed,amt,0,sequential,7,-0.128787791594465,0.0191844196290947
all11_observed,all11_observed,amt,0,sequential,8,1.33051388691227,0.166072477047628
all11_observed,all11_observed,amt,0,sequential,9,3.18005747451835,0.43295341625188
all11_observed,all11_observed,amt,0,sequential,10,-0.0269814579235708,-0.0230856342934262
all11_observed,all11_observed,amt,0,leave_one_block_out,1,19.6576393457786,0.873392213153816
all11_observed,all11_observed,amt,0,leave_one_block_out,2,-0.0907459915161682,-0.00842510929107898
all11_observed,all11_observed,amt,0,leave_one_block_out,3,-0.0585598276354127,0.00885334752916678
all11_observed,all11_observed,amt,0,leave_one_block_out,4,-0.127464732388868,-0.00810095860351989
all11_observed,all11_observed,amt,0,leave_one_block_out,5,0.781117267644328,0.113425274380887
all11_observed,all11_observed,amt,0,leave_one_block_out,6,0.452844394216441,0.191422587892856
all11_observed,all11_observed,amt,0,leave_one_block_out,7,-0.131413885627221,-0.0161786591426352
all11_observed,all11_observed,amt,0,leave_one_block_out,8,0.685918989148403,0.18340098195581
all11_observed,all11_observed,amt,0,leave_one_block_out,9,3.18005747451835,0.43295341625188
all11_observed,all11_observed,amt,1,sequential,2,1.63362271422901,0.0988486100260824
all11_observed,all11_observed,amt,1,sequential,3,5.19073664192829,0.352956342478895
all11_observed,all11_observed,amt,1,sequential,4,3.16510754573581,0.225557874507899
all11_observed,all11_observed,amt,1,sequential,5,2.12976147638901,0.181075248606902
all11_observed,all11_observed,amt,1,sequential,6,1.00112249633629,0.11911573699747
all11_observed,all11_observed,amt,1,sequential,7,0.094513172982072,0.0356806163971576
all11_observed,all11_observed,amt,1,sequential,8,0.965886380775713,0.0950854931388443
all11_observed,all11_observed,amt,1,sequential,9,2.13615628126141,0.333590708588221
all11_observed,all11_observed,amt,1,sequential,10,0.136176484674655,0.000177200361889396
all11_observed,all11_observed,amt,1,leave_one_block_out,1,21.024772110514,0.864441118641871
all11_observed,all11_observed,amt,1,leave_one_block_out,2,-0.830350280994904,-0.133675609922295
all11_observed,all11_observed,amt,1,leave_one_block_out,3,-0.0708753397719072,-0.0129898325451872
all11_observed,all11_observed,amt,1,leave_one_block_out,4,-0.431619352208761,-0.0718446280815737
all11_observed,all11_observed,amt,1,leave_one_block_out,5,0.49217334678562,0.0225415695286271
all11_observed,all11_observed,amt,1,leave_one_block_out,6,-0.158626204362744,0.0477543437223089
all11_observed,all11_observed,amt,1,leave_one_block_out,7,-0.345529046340433,-0.0535570704370749
all11_observed,all11_observed,amt,1,leave_one_block_out,8,-0.200600458241133,0.00602334166649476
all11_observed,all11_observed,amt,1,leave_one_block_out,9,2.13615628126141,0.333590708588221
all11_observed,all11_observed,amt,2,sequential,2,2.16280688925493,0.130670881651753
all11_observed,all11_observed,amt,2,sequential,3,5.25509181207101,0.397585524840377
all11_observed,all11_observed,amt,2,sequential,4,2.73656585868548,0.193919834335889
all11_observed,all11_observed,amt,2,sequential,5,1.85843709958104,0.16785311068778
all11_observed,all11_observed,amt,2,sequential,6,1.00015064606408,0.0762865543989277
all11_observed,all11_observed,amt,2,sequential,7,-0.0602533679152584,0.0025949640815246
all11_observed,all11_observed,amt,2,sequential,8,1.10004919135084,0.137113599458748
all11_observed,all11_observed,amt,2,sequential,9,1.86563022071794,0.278534350979457
all11_observed,all11_observed,amt,2,sequential,10,0.194263638541971,0.0314916098667676
all11_observed,all11_observed,amt,2,leave_one_block_out,1,19.4312161865333,0.84886950880198
all11_observed,all11_observed,amt,2,leave_one_block_out,2,-1.1839044358915,-0.18344894924827
all11_observed,all11_observed,amt,2,leave_one_block_out,3,-0.202715605259139,-0.0283024204968618
all11_observed,all11_observed,amt,2,leave_one_block_out,4,-0.360609437522179,-0.108981518777138
all11_observed,all11_observed,amt,2,leave_one_block_out,5,0.610585228803949,0.0292416933232512
all11_observed,all11_observed,amt,2,leave_one_block_out,6,-0.104053831344314,0.0627807362171695
all11_observed,all11_observed,amt,2,leave_one_block_out,7,-0.0655896297229702,-0.0186344369438933
all11_observed,all11_observed,amt,2,leave_one_block_out,8,-0.43072091096745,-0.0624040776295693
all11_observed,all11_observed,amt,2,leave_one_block_out,9,1.86563022071794,0.278534350979457
all11_observed,all11_observed,amt,3,sequential,2,0.87915241682478,0.0504800887602848
all11_observed,all11_observed,amt,3,sequential,3,5.84512812130286,0.407720109147714
all11_observed,all11_observed,amt,3,sequential,4,2.87157106534321,0.16324318289793
all11_observed,all11_observed,amt,3,sequential,5,1.85596120519658,0.176748967125015
all11_observed,all11_observed,amt,3,sequential,6,1.03283206243107,0.0983785507607504
all11_observed,all11_observed,amt,3,sequential,7,0.340097375210249,0.0484387039757559
all11_observed,all11_observed,amt,3,sequential,8,1.97997381504214,0.207041234958061
all11_observed,all11_observed,amt,3,sequential,9,1.71065861777105,0.350757272290906
all11_observed,all11_observed,amt,3,sequential,10,-0.0132505542554201,0.00769284982494334
all11_observed,all11_observed,amt,3,leave_one_block_out,1,20.5359672044213,0.869624934959847
all11_observed,all11_observed,amt,3,leave_one_block_out,2,-0.272455819153314,0.028897730096537
all11_observed,all11_observed,amt,3,leave_one_block_out,3,0.0167606305795182,0.0116034515754017
all11_observed,all11_observed,amt,3,leave_one_block_out,4,0.0449454013729006,0.0391037866382855
all11_observed,all11_observed,amt,3,leave_one_block_out,5,0.191652663362518,0.0329608491844767
all11_observed,all11_observed,amt,3,leave_one_block_out,6,0.32377409918156,0.157198422879481
all11_observed,all11_observed,amt,3,leave_one_block_out,7,0.0644810338133864,0.0432634772482888
all11_observed,all11_observed,amt,3,leave_one_block_out,8,-0.0364709400004853,0.0501976316113261
all11_observed,all11_observed,amt,3,leave_one_block_out,9,1.71065861777105,0.350757272290906
all11_observed,all11_observed,amt,4,sequential,2,2.05249824549937,0.127264725230262
all11_observed,all11_observed,amt,4,sequential,3,5.49032836367359,0.396653061467717
all11_observed,all11_observed,amt,4,sequential,4,2.44288191178774,0.140418746119334
all11_observed,all11_observed,amt,4,sequential,5,2.10872447272651,0.191775227167699
all11_observed,all11_observed,amt,4,sequential,6,0.81780047461551,0.124505935558859
all11_observed,all11_observed,amt,4,sequential,7,-0.0582479364793442,0.000408787819615841
all11_observed,all11_observed,amt,4,sequential,8,0.924019215214103,0.13448185024838
all11_observed,all11_observed,amt,4,sequential,9,2.76887922442706,0.341923436310414
all11_observed,all11_observed,amt,4,sequential,10,0.118255610352599,0.00586157021956346
all11_observed,all11_observed,amt,4,leave_one_block_out,1,18.802639174485,0.85321458609976
all11_observed,all11_observed,amt,4,leave_one_block_out,2,-0.890476084163909,-0.170442075270106
all11_observed,all11_observed,amt,4,leave_one_block_out,3,-0.131984954380979,-0.0111687959104587
all11_observed,all11_observed,amt,4,leave_one_block_out,4,-0.238521111481882,0.0237629740233629
all11_observed,all11_observed,amt,4,leave_one_block_out,5,0.728211108505676,0.0577794688686094
all11_observed,all11_observed,amt,4,leave_one_block_out,6,0.182626586309964,0.149962064122332
all11_observed,all11_observed,amt,4,leave_one_block_out,7,-0.343838780161521,-0.0676485230323771
all11_observed,all11_observed,amt,4,leave_one_block_out,8,-0.377245365071782,0.0182873134467131
all11_observed,all11_observed,amt,4,leave_one_block_out,9,2.76887922442706,0.341923436310414
all11_observed,all11_observed,amt,5,sequential,2,1.85594850642807,0.117755031668899
all11_observed,all11_observed,amt,5,sequential,3,5.41237775124749,0.353095646845143
all11_observed,all11_observed,amt,5,sequential,4,2.99561260034166,0.225543056215332
all11_observed,all11_observed,amt,5,sequential,5,1.79485667054276,0.164452414013205
all11_observed,all11_observed,amt,5,sequential,6,0.503720247521047,0.0699350643368064
all11_observed,all11_observed,amt,5,sequential,7,0.33702678575622,0.0391068446966994
all11_observed,all11_observed,amt,5,sequential,8,1.63922659146701,0.205734412933459
all11_observed,all11_observed,amt,5,sequential,9,3.21926742032231,0.475741866501339
all11_observed,all11_observed,amt,5,sequential,10,-0.146572326514043,-0.0055475623598269
all11_observed,all11_observed,amt,5,leave_one_block_out,1,23.1435790888932,0.907276015168777
all11_observed,all11_observed,amt,5,leave_one_block_out,2,-0.508554530038374,-0.0101671680288649
all11_observed,all11_observed,amt,5,leave_one_block_out,3,-0.0192337354117764,-0.0308787365692698
all11_observed,all11_observed,amt,5,leave_one_block_out,4,0.121168534607619,-0.00931781030262413
all11_observed,all11_observed,amt,5,leave_one_block_out,5,0.644321684341014,0.0607054039755509
all11_observed,all11_observed,amt,5,leave_one_block_out,6,0.328683288708609,0.116425895527178
all11_observed,all11_observed,amt,5,leave_one_block_out,7,0.0396070047468056,0.0100966411600137
all11_observed,all11_observed,amt,5,leave_one_block_out,8,0.765248914709153,0.142828390656502
all11_observed,all11_observed,amt,5,leave_one_block_out,9,3.21926742032231,0.475741866501339
all11_observed,all11_observed,amt,6,sequential,2,1.64666535807809,0.0749295082808603
all11_observed,all11_observed,amt,6,sequential,3,5.88847941555775,0.409201172030506
all11_observed,all11_observed,amt,6,sequential,4,2.38985007462603,0.170049096258818
all11_observed,all11_observed,amt,6,sequential,5,2.29931512896592,0.198139477929176
all11_observed,all11_observed,amt,6,sequential,6,1.19164335143151,0.144865737021179
all11_observed,all11_observed,amt,6,sequential,7,-0.0775128587677143,-0.00850122809994835
all11_observed,all11_observed,amt,6,sequential,8,1.57986487588162,0.211567400736261
all11_observed,all11_observed,amt,6,sequential,9,2.4762757986923,0.392077070186888
all11_observed,all11_observed,amt,6,sequential,10,0.14627256933753,0.017882660311537
all11_observed,all11_observed,amt,6,leave_one_block_out,1,20.888566659099,0.886862560752263
all11_observed,all11_observed,amt,6,leave_one_block_out,2,-0.450207062129623,-0.0415929422914596
all11_observed,all11_observed,amt,6,leave_one_block_out,3,-0.0110699882346021,0.00269034146991864
all11_observed,all11_observed,amt,6,leave_one_block_out,4,-0.298170436567316,-0.0379221595675037
all11_observed,all11_observed,amt,6,leave_one_block_out,5,0.330776456382771,0.0610041561802562
all11_observed,all11_observed,amt,6,leave_one_block_out,6,0.693000542177971,0.227502250875115
all11_observed,all11_observed,amt,6,leave_one_block_out,7,-0.124902423882263,-0.019042358307898
all11_observed,all11_observed,amt,6,leave_one_block_out,8,0.538509210785469,0.136650632484657
all11_observed,all11_observed,amt,6,leave_one_block_out,9,2.4762757986923,0.392077070186888
all11_observed,all11_observed,amt,7,sequential,2,1.88998568455438,0.102934003431171
all11_observed,all11_observed,amt,7,sequential,3,5.51676053525699,0.388039598829069
all11_observed,all11_observed,amt,7,sequential,4,3.27079621604408,0.227914082684213
all11_observed,all11_observed,amt,7,sequential,5,1.76496634416892,0.169368110798748
all11_observed,all11_observed,amt,7,sequential,6,0.690980990880941,0.0482353061700167
all11_observed,all11_observed,amt,7,sequential,7,0.331784720985004,0.0459620892305698
all11_observed,all11_observed,amt,7,sequential,8,0.792912948929184,0.0825381779089466
all11_observed,all11_observed,amt,7,sequential,9,2.78694877491701,0.427259460780592
all11_observed,all11_observed,amt,7,sequential,10,0.0714917763153397,-0.000966751572791358
all11_observed,all11_observed,amt,7,leave_one_block_out,1,20.2904439562953,0.868851900777643
all11_observed,all11_observed,amt,7,leave_one_block_out,2,-0.169360608651062,-0.0687780256556179
all11_observed,all11_observed,amt,7,leave_one_block_out,3,-0.172177200911222,-0.00570629575364112
all11_observed,all11_observed,amt,7,leave_one_block_out,4,-0.157539881256236,-0.03479569713897
all11_observed,all11_observed,amt,7,leave_one_block_out,5,0.587773899571184,0.0793723111827138
all11_observed,all11_observed,amt,7,leave_one_block_out,6,-0.139308861868057,0.00960274115222737
all11_observed,all11_observed,amt,7,leave_one_block_out,7,-0.52078584775201,-0.0429077662422543
all11_observed,all11_observed,amt,7,leave_one_block_out,8,0.170999332223079,0.0461363916193817
all11_observed,all11_observed,amt,7,leave_one_block_out,9,2.78694877491701,0.427259460780592
all11_observed,all11_observed,amt,8,sequential,2,1.3660464124582,0.0893360187221272
all11_observed,all11_observed,amt,8,sequential,3,5.64619600003285,0.391546912028872
all11_observed,all11_observed,amt,8,sequential,4,3.20908517037482,0.219473484509805
all11_observed,all11_observed,amt,8,sequential,5,1.99035336810386,0.192701441962423
all11_observed,all11_observed,amt,8,sequential,6,0.876056238752934,0.117227936225317
all11_observed,all11_observed,amt,8,sequential,7,0.392976430904085,0.0458135872211517
all11_observed,all11_observed,amt,8,sequential,8,0.801490632348306,0.110993693011844
all11_observed,all11_observed,amt,8,sequential,9,2.38273581267733,0.331632011404201
all11_observed,all11_observed,amt,8,sequential,10,-0.0721095525977891,-0.032922325478284
all11_observed,all11_observed,amt,8,leave_one_block_out,1,20.0132746659103,0.866462907394505
all11_observed,all11_observed,amt,8,leave_one_block_out,2,-0.529083971531356,-0.0780868405352253
all11_observed,all11_observed,amt,8,leave_one_block_out,3,-0.38385975520951,-0.0692198279181708
all11_observed,all11_observed,amt,8,leave_one_block_out,4,0.134569771715391,0.0306486371809543
all11_observed,all11_observed,amt,8,leave_one_block_out,5,0.288699346267651,0.00272626601255588
all11_observed,all11_observed,amt,8,leave_one_block_out,6,0.28753030875911,0.195617279654276
all11_observed,all11_observed,amt,8,leave_one_block_out,7,-0.235087948942697,-0.0497879659825635
all11_observed,all11_observed,amt,8,leave_one_block_out,8,-0.1541731629275,-0.0235327176154263
all11_observed,all11_observed,amt,8,leave_one_block_out,9,2.38273581267733,0.331632011404201
all11_observed,all11_observed,amt,9,sequential,2,2.04407890077767,0.124992868963811
all11_observed,all11_observed,amt,9,sequential,3,5.65576422477941,0.389320520551079
all11_observed,all11_observed,amt,9,sequential,4,2.88911644672183,0.211142358197439
all11_observed,all11_observed,amt,9,sequential,5,2.10509483263388,0.187927606670411
all11_observed,all11_observed,amt,9,sequential,6,0.849986263428432,0.0985431407120747
all11_observed,all11_observed,amt,9,sequential,7,0.0153870126830546,-0.0132353673747878
all11_observed,all11_observed,amt,9,sequential,8,0.882135024628403,0.120536402514722
all11_observed,all11_observed,amt,9,sequential,9,1.82220288267885,0.348008776749787
all11_observed,all11_observed,amt,9,sequential,10,-0.016575673734516,-0.0115667180806993
all11_observed,all11_observed,amt,9,leave_one_block_out,1,18.5279776860836,0.845003030898069
all11_observed,all11_observed,amt,9,leave_one_block_out,2,-0.831256467741373,-0.131523050492493
all11_observed,all11_observed,amt,9,leave_one_block_out,3,-0.0962607795643333,-0.00804245934984071
all11_observed,all11_observed,amt,9,leave_one_block_out,4,-0.782470194030187,-0.10377942285341
all11_observed,all11_observed,amt,9,leave_one_block_out,5,0.398339316327151,0.0233847663959622
all11_observed,all11_observed,amt,9,leave_one_block_out,6,0.0551464742895719,0.0945735621440635
all11_observed,all11_observed,amt,9,leave_one_block_out,7,-0.160937130392073,-0.0218742284171136
all11_observed,all11_observed,amt,9,leave_one_block_out,8,-0.359292065798118,0.0378764960135607
all11_observed,all11_observed,amt,9,leave_one_block_out,9,1.82220288267885,0.348008776749787
all11_observed,all11_observed,cnt,0,sequential,2,1.37046153440803,0.1029894769821
all11_observed,all11_observed,cnt,0,sequential,3,6.43378942450888,0.409756663994404
all11_observed,all11_observed,cnt,0,sequential,4,1.01865915649854,0.0512272186615473
all11_observed,all11_observed,cnt,0,sequential,5,2.78710230113291,0.259179253329576
all11_observed,all11_observed,cnt,0,sequential,6,0.394833234605149,0.0150854767342261
all11_observed,all11_observed,cnt,0,sequential,7,0.209529296504329,0.0361953648617908
all11_observed,all11_observed,cnt,0,sequential,8,2.01760837327713,0.274597137448841
all11_observed,all11_observed,cnt,0,sequential,9,4.18708876499866,0.453558697746036
all11_observed,all11_observed,cnt,0,sequential,10,-0.0917206648344215,-0.0295632173494236
all11_observed,all11_observed,cnt,0,leave_one_block_out,1,20.1021157269833,0.880461785698985
all11_observed,all11_observed,cnt,0,leave_one_block_out,2,-0.131707260786559,-0.153980038595841
all11_observed,all11_observed,cnt,0,leave_one_block_out,3,-0.0468419274545884,0.0249560893742597
all11_observed,all11_observed,cnt,0,leave_one_block_out,4,-0.468493352621503,-0.105432095647895
all11_observed,all11_observed,cnt,0,leave_one_block_out,5,0.93355718534644,0.127503496129391
all11_observed,all11_observed,cnt,0,leave_one_block_out,6,0.422919369868134,0.221151806211835
all11_observed,all11_observed,cnt,0,leave_one_block_out,7,0.0572921985830574,-0.0252838392151848
all11_observed,all11_observed,cnt,0,leave_one_block_out,8,1.28184194535301,0.251629861284941
all11_observed,all11_observed,cnt,0,leave_one_block_out,9,4.18708876499866,0.453558697746036
all11_observed,all11_observed,cnt,1,sequential,2,1.97793675937731,0.116481618445021
all11_observed,all11_observed,cnt,1,sequential,3,5.28010223677068,0.357833129668913
all11_observed,all11_observed,cnt,1,sequential,4,1.44473847363361,0.124532514725267
all11_observed,all11_observed,cnt,1,sequential,5,3.49931596964769,0.280923955384907
all11_observed,all11_observed,cnt,1,sequential,6,0.422185144349688,0.0219227072666994
all11_observed,all11_observed,cnt,1,sequential,7,0.174996607548755,0.0329089882815592
all11_observed,all11_observed,cnt,1,sequential,8,1.9870441108693,0.23033806666889
all11_observed,all11_observed,cnt,1,sequential,9,3.64049831482566,0.487933347131002
all11_observed,all11_observed,cnt,1,sequential,10,-0.186193953969005,-0.0321577771982315
all11_observed,all11_observed,cnt,1,leave_one_block_out,1,22.8786054413543,0.897404712197536
all11_observed,all11_observed,cnt,1,leave_one_block_out,2,-0.221676847316091,-0.140264248836699
all11_observed,all11_observed,cnt,1,leave_one_block_out,3,-0.174852327477534,-0.044346059420135
all11_observed,all11_observed,cnt,1,leave_one_block_out,4,-0.459150366731088,0.00238816104657946
all11_observed,all11_observed,cnt,1,leave_one_block_out,5,1.03128855868983,0.106028284151209
all11_observed,all11_observed,cnt,1,leave_one_block_out,6,0.549410714185031,0.186835839544173
all11_observed,all11_observed,cnt,1,leave_one_block_out,7,-0.0219998590639231,-0.0557396583367262
all11_observed,all11_observed,cnt,1,leave_one_block_out,8,0.910437517960076,0.23932183524031
all11_observed,all11_observed,cnt,1,leave_one_block_out,9,3.64049831482566,0.487933347131002
all11_observed,all11_observed,cnt,2,sequential,2,2.38147178112444,0.169604613710786
all11_observed,all11_observed,cnt,2,sequential,3,5.38474459559071,0.37340492217446
all11_observed,all11_observed,cnt,2,sequential,4,0.977158749589849,0.0615057266962498
all11_observed,all11_observed,cnt,2,sequential,5,3.01339075650262,0.251175784579339
all11_observed,all11_observed,cnt,2,sequential,6,0.238729521514278,-0.0439549474825414
all11_observed,all11_observed,cnt,2,sequential,7,0.438462222271963,0.0377748582866041
all11_observed,all11_observed,cnt,2,sequential,8,2.19453389978182,0.304350038142689
all11_observed,all11_observed,cnt,2,sequential,9,3.31220668015113,0.401686666193177
all11_observed,all11_observed,cnt,2,sequential,10,-0.0495632757808923,-0.0125442349078431
all11_observed,all11_observed,cnt,2,leave_one_block_out,1,21.2637074108088,0.877120702564954
all11_observed,all11_observed,cnt,2,leave_one_block_out,2,-1.08774146490609,-0.323799617009709
all11_observed,all11_observed,cnt,2,leave_one_block_out,3,-0.0953335498215871,0.0118019057078608
all11_observed,all11_observed,cnt,2,leave_one_block_out,4,-0.609602816214526,-0.124628384824262
all11_observed,all11_observed,cnt,2,leave_one_block_out,5,1.06702582155266,0.0471876715160007
all11_observed,all11_observed,cnt,2,leave_one_block_out,6,0.2246240509037,0.0978341668634206
all11_observed,all11_observed,cnt,2,leave_one_block_out,7,0.0785562943753634,-0.00924380889099718
all11_observed,all11_observed,cnt,2,leave_one_block_out,8,0.705224447483885,0.173542244694585
all11_observed,all11_observed,cnt,2,leave_one_block_out,9,3.31220668015113,0.401686666193177
all11_observed,all11_observed,cnt,3,sequential,2,1.72745020487015,0.0462315799225437
all11_observed,all11_observed,cnt,3,sequential,3,5.89592331668622,0.424763917079865
all11_observed,all11_observed,cnt,3,sequential,4,1.27373066693202,0.0733014177860287
all11_observed,all11_observed,cnt,3,sequential,5,3.04721147986392,0.266571751862424
all11_observed,all11_observed,cnt,3,sequential,6,0.020194837217305,-0.0274864519596145
all11_observed,all11_observed,cnt,3,sequential,7,0.561178210866931,0.069214187734556
all11_observed,all11_observed,cnt,3,sequential,8,2.59628098631222,0.308426986805875
all11_observed,all11_observed,cnt,3,sequential,9,3.1107955598818,0.478123914356593
all11_observed,all11_observed,cnt,3,sequential,10,-0.0644506167002915,-0.00388225463144209
all11_observed,all11_observed,cnt,3,leave_one_block_out,1,21.1084828328734,0.896364504176655
all11_observed,all11_observed,cnt,3,leave_one_block_out,2,-0.150255531482735,-0.0530036011576887
all11_observed,all11_observed,cnt,3,leave_one_block_out,3,-0.108461733167221,0.0439549793914276
all11_observed,all11_observed,cnt,3,leave_one_block_out,4,-0.012525581117491,0.08936625658109
all11_observed,all11_observed,cnt,3,leave_one_block_out,5,0.692849981157977,0.0766045658811644
all11_observed,all11_observed,cnt,3,leave_one_block_out,6,0.247767777219429,0.183518783223143
all11_observed,all11_observed,cnt,3,leave_one_block_out,7,-0.00194285075997003,0.0112951544879832
all11_observed,all11_observed,cnt,3,leave_one_block_out,8,0.648074717505487,0.184195278260484
all11_observed,all11_observed,cnt,3,leave_one_block_out,9,3.1107955598818,0.478123914356593
all11_observed,all11_observed,cnt,4,sequential,2,2.45559184658367,0.129939839559831
all11_observed,all11_observed,cnt,4,sequential,3,5.78616100663741,0.399993846226339
all11_observed,all11_observed,cnt,4,sequential,4,0.515456106801968,-0.00552737937821868
all11_observed,all11_observed,cnt,4,sequential,5,2.70666874284124,0.262416446376461
all11_observed,all11_observed,cnt,4,sequential,6,0.216502460673382,0.0558459753332106
all11_observed,all11_observed,cnt,4,sequential,7,0.579449182087316,0.0311045910237001
all11_observed,all11_observed,cnt,4,sequential,8,1.36344739614422,0.216616847390188
all11_observed,all11_observed,cnt,4,sequential,9,4.72742044325776,0.448108280161298
all11_observed,all11_observed,cnt,4,sequential,10,-0.145134994973867,-0.0408615105970835
all11_observed,all11_observed,cnt,4,leave_one_block_out,1,19.9593146848425,0.873247611621592
all11_observed,all11_observed,cnt,4,leave_one_block_out,2,-0.576676930911899,-0.348340557004873
all11_observed,all11_observed,cnt,4,leave_one_block_out,3,-0.216295935754934,-0.0349922026716738
all11_observed,all11_observed,cnt,4,leave_one_block_out,4,-0.415351427391508,0.00573160728550026
all11_observed,all11_observed,cnt,4,leave_one_block_out,5,0.975809812053192,0.0889850832391378
all11_observed,all11_observed,cnt,4,leave_one_block_out,6,0.869991841091471,0.258492033448027
all11_observed,all11_observed,cnt,4,leave_one_block_out,7,-0.0721653150207321,-0.0484629054831855
all11_observed,all11_observed,cnt,4,leave_one_block_out,8,0.772358209626933,0.17980578001308
all11_observed,all11_observed,cnt,4,leave_one_block_out,9,4.72742044325776,0.448108280161298
all11_observed,all11_observed,cnt,5,sequential,2,2.72533782591404,0.150031207674764
all11_observed,all11_observed,cnt,5,sequential,3,4.88736273408618,0.341938959643335
all11_observed,all11_observed,cnt,5,sequential,4,1.19842348767992,0.110321384405675
all11_observed,all11_observed,cnt,5,sequential,5,3.1624139207402,0.254538134075652
all11_observed,all11_observed,cnt,5,sequential,6,-0.00466730759101364,-0.0102725019777123
all11_observed,all11_observed,cnt,5,sequential,7,0.364831221874345,0.0477855682376732
all11_observed,all11_observed,cnt,5,sequential,8,2.3980285420806,0.283604985197873
all11_observed,all11_observed,cnt,5,sequential,9,4.25626230515878,0.568324253748071
all11_observed,all11_observed,cnt,5,sequential,10,-0.0784567196731797,-0.0248995334628135
all11_observed,all11_observed,cnt,5,leave_one_block_out,1,23.2329953761304,0.921250990352281
all11_observed,all11_observed,cnt,5,leave_one_block_out,2,-0.320346187919683,-0.0515110939007442
all11_observed,all11_observed,cnt,5,leave_one_block_out,3,-0.0482003110571783,-0.0205545441589268
all11_observed,all11_observed,cnt,5,leave_one_block_out,4,-0.338586156752257,-0.0513559074165777
all11_observed,all11_observed,cnt,5,leave_one_block_out,5,0.900056349179104,0.10905586211179
all11_observed,all11_observed,cnt,5,leave_one_block_out,6,0.25769328533182,0.171446195847727
all11_observed,all11_observed,cnt,5,leave_one_block_out,7,-0.00322224838029822,-0.00384810377545097
all11_observed,all11_observed,cnt,5,leave_one_block_out,8,0.901609882472745,0.249921137380013
all11_observed,all11_observed,cnt,5,leave_one_block_out,9,4.25626230515878,0.568324253748071
all11_observed,all11_observed,cnt,6,sequential,2,1.66303778936434,0.0271174194510126
all11_observed,all11_observed,cnt,6,sequential,3,6.09182605700733,0.438908304028913
all11_observed,all11_observed,cnt,6,sequential,4,1.07876813350508,0.0450621087432815
all11_observed,all11_observed,cnt,6,sequential,5,3.23959739903979,0.266755803716754
all11_observed,all11_observed,cnt,6,sequential,6,0.4514311653595,0.0443975372790707
all11_observed,all11_observed,cnt,6,sequential,7,0.104634305242754,-0.00222058091305111
all11_observed,all11_observed,cnt,6,sequential,8,2.49723936056014,0.297572586185854
all11_observed,all11_observed,cnt,6,sequential,9,3.93782810456518,0.458759575237589
all11_observed,all11_observed,cnt,6,sequential,10,-0.0825074183477686,-0.00994650645361261
all11_observed,all11_observed,cnt,6,leave_one_block_out,1,21.9348780862864,0.894177567683679
all11_observed,all11_observed,cnt,6,leave_one_block_out,2,-0.259315447251471,-0.190181122213984
all11_observed,all11_observed,cnt,6,leave_one_block_out,3,-0.200928143819447,-0.00498269368631932
all11_observed,all11_observed,cnt,6,leave_one_block_out,4,-0.357866056625084,-0.117422668083728
all11_observed,all11_observed,cnt,6,leave_one_block_out,5,0.748821713162089,0.104272387327085
all11_observed,all11_observed,cnt,6,leave_one_block_out,6,0.647342597798005,0.239333341325776
all11_observed,all11_observed,cnt,6,leave_one_block_out,7,0.0119757967114997,-0.0352457427739419
all11_observed,all11_observed,cnt,6,leave_one_block_out,8,0.912274472257835,0.187454277867188
all11_observed,all11_observed,cnt,6,leave_one_block_out,9,3.93782810456518,0.458759575237589
all11_observed,all11_observed,cnt,7,sequential,2,2.13407901092453,0.0949733496038432
all11_observed,all11_observed,cnt,7,sequential,3,5.63806332150717,0.379072759264955
all11_observed,all11_observed,cnt,7,sequential,4,1.33487083836231,0.116457932704696
all11_observed,all11_observed,cnt,7,sequential,5,3.09948360537491,0.258463520064031
all11_observed,all11_observed,cnt,7,sequential,6,0.0377310308855516,-0.0519899956938819
all11_observed,all11_observed,cnt,7,sequential,7,0.507721326489738,0.0632404473916376
all11_observed,all11_observed,cnt,7,sequential,8,1.57243140342195,0.189260263891496
all11_observed,all11_observed,cnt,7,sequential,9,4.27868730590751,0.546744823312222
all11_observed,all11_observed,cnt,7,sequential,10,-0.00634986215679867,-0.013648716000191
all11_observed,all11_observed,cnt,7,leave_one_block_out,1,20.2563896518965,0.888682080371531
all11_observed,all11_observed,cnt,7,leave_one_block_out,2,-0.328017514543774,-0.155930573672904
all11_observed,all11_observed,cnt,7,leave_one_block_out,3,-0.103159423163957,0.0264866704948614
all11_observed,all11_observed,cnt,7,leave_one_block_out,4,-0.422021328911551,-0.0675818473379346
all11_observed,all11_observed,cnt,7,leave_one_block_out,5,0.884761847042516,0.167340188866047
all11_observed,all11_observed,cnt,7,leave_one_block_out,6,0.184657614777409,0.116222427778098
all11_observed,all11_observed,cnt,7,leave_one_block_out,7,0.0405692212251021,-0.0213770179795316
all11_observed,all11_observed,cnt,7,leave_one_block_out,8,1.04569671040016,0.199441227351037
all11_observed,all11_observed,cnt,7,leave_one_block_out,9,4.27868730590751,0.546744823312222
all11_observed,all11_observed,cnt,8,sequential,2,1.80495323890501,0.097453032650973
all11_observed,all11_observed,cnt,8,sequential,3,5.74428308061733,0.395665121762867
all11_observed,all11_observed,cnt,8,sequential,4,1.71834385287072,0.123115577007309
all11_observed,all11_observed,cnt,8,sequential,5,2.98403209920022,0.27642080693758
all11_observed,all11_observed,cnt,8,sequential,6,0.583895817575641,0.0309620682154107
all11_observed,all11_observed,cnt,8,sequential,7,0.508032015433668,0.0613938985575083
all11_observed,all11_observed,cnt,8,sequential,8,1.01614749101457,0.145792588576513
all11_observed,all11_observed,cnt,8,sequential,9,4.10029697608655,0.459440546123934
all11_observed,all11_observed,cnt,8,sequential,10,-0.0697554897055669,-0.0283914980030111
all11_observed,all11_observed,cnt,8,leave_one_block_out,1,20.3568396261765,0.87957909329463
all11_observed,all11_observed,cnt,8,leave_one_block_out,2,-0.829983949135775,-0.267097123710835
all11_observed,all11_observed,cnt,8,leave_one_block_out,3,-0.29833064338223,-0.0816781127316275
all11_observed,all11_observed,cnt,8,leave_one_block_out,4,-0.220359972437935,-0.0330753641070618
all11_observed,all11_observed,cnt,8,leave_one_block_out,5,0.943595544807799,0.0473493695563246
all11_observed,all11_observed,cnt,8,leave_one_block_out,6,0.294585102775836,0.211147871044984
all11_observed,all11_observed,cnt,8,leave_one_block_out,7,0.0901380516865072,-0.0203251338561476
all11_observed,all11_observed,cnt,8,leave_one_block_out,8,1.1726381755455,0.100133162509995
all11_observed,all11_observed,cnt,8,leave_one_block_out,9,4.10029697608655,0.459440546123934
all11_observed,all11_observed,cnt,9,sequential,2,2.46404866560813,0.130723841739776
all11_observed,all11_observed,cnt,9,sequential,3,6.02409898786576,0.398761694693972
all11_observed,all11_observed,cnt,9,sequential,4,1.06103334489042,0.03678818800517
all11_observed,all11_observed,cnt,9,sequential,5,2.98309153274381,0.280040551332882
all11_observed,all11_observed,cnt,9,sequential,6,0.258264579136849,0.0315032069322546
all11_observed,all11_observed,cnt,9,sequential,7,0.363242208762771,0.00794573950369049
all11_observed,all11_observed,cnt,9,sequential,8,1.4500534269364,0.248860696057004
all11_observed,all11_observed,cnt,9,sequential,9,3.96238890058056,0.466780731563204
all11_observed,all11_observed,cnt,9,sequential,10,0.0435311651087039,-0.00293691699835397
all11_observed,all11_observed,cnt,9,leave_one_block_out,1,19.3382823052215,0.869499834417956
all11_observed,all11_observed,cnt,9,leave_one_block_out,2,-0.76260383071574,-0.288186363969199
all11_observed,all11_observed,cnt,9,leave_one_block_out,3,-0.122915130901335,-0.0111189778184968
all11_observed,all11_observed,cnt,9,leave_one_block_out,4,-0.69120422485321,-0.0293108701806022
all11_observed,all11_observed,cnt,9,leave_one_block_out,5,1.13066166483835,0.107871616603313
all11_observed,all11_observed,cnt,9,leave_one_block_out,6,0.396762084904606,0.203222379108077
all11_observed,all11_observed,cnt,9,leave_one_block_out,7,-0.0282432321518949,-0.0535437674927643
all11_observed,all11_observed,cnt,9,leave_one_block_out,8,1.12404201907752,0.202801287716547
all11_observed,all11_observed,cnt,9,leave_one_block_out,9,3.96238890058056,0.466780731563204
all11_observed,all11_observed,ticket,0,sequential,2,1.43080704691396,0.179841290230374
all11_observed,all11_observed,ticket,0,sequential,3,0.327062024372513,0.059543845442969
all11_observed,all11_observed,ticket,0,sequential,4,0.529057554646868,0.0939558467550982
all11_observed,all11_observed,ticket,0,sequential,5,0.248736915958377,0.0227682540126775
all11_observed,all11_observed,ticket,0,sequential,6,0.630281223693027,0.12730082277105
all11_observed,all11_observed,ticket,0,sequential,7,0.0718097156463163,-0.00129429935973158
all11_observed,all11_observed,ticket,0,sequential,8,-0.0792000385278643,-0.0214333697034914
all11_observed,all11_observed,ticket,0,sequential,9,-0.293172368199432,-0.105131732232864
all11_observed,all11_observed,ticket,0,sequential,10,0.0591443825697438,0.0199714176432135
all11_observed,all11_observed,ticket,0,leave_one_block_out,1,0.0152387537736345,0.00930628251941956
all11_observed,all11_observed,ticket,0,leave_one_block_out,2,0.387766445142458,0.0900126997896559
all11_observed,all11_observed,ticket,0,leave_one_block_out,3,-0.223457453063142,-0.0422674932206866
all11_observed,all11_observed,ticket,0,leave_one_block_out,4,-0.208756783826791,-0.0533983758065801
all11_observed,all11_observed,ticket,0,leave_one_block_out,5,-0.0331953339020072,-0.0270662468765837
all11_observed,all11_observed,ticket,0,leave_one_block_out,6,0.407667212690373,0.0550596702224735
all11_observed,all11_observed,ticket,0,leave_one_block_out,7,-0.0217114296851242,-0.00952996066846379
all11_observed,all11_observed,ticket,0,leave_one_block_out,8,-0.427124271609691,-0.140629512457885
all11_observed,all11_observed,ticket,0,leave_one_block_out,9,-0.293172368199432,-0.105131732232864
all11_observed,all11_observed,ticket,1,sequential,2,1.35359219695101,0.166776245702788
all11_observed,all11_observed,ticket,1,sequential,3,0.24830119382054,0.0503688827366715
all11_observed,all11_observed,ticket,1,sequential,4,0.924055465850064,0.132194288609226
all11_observed,all11_observed,ticket,1,sequential,5,0.349407053008535,0.0374889032835195
all11_observed,all11_observed,ticket,1,sequential,6,0.512617661422586,0.123254209387693
all11_observed,all11_observed,ticket,1,sequential,7,-0.0520061337897823,-0.0127593726115121
all11_observed,all11_observed,ticket,1,sequential,8,-0.336001298661556,-0.0798063607962023
all11_observed,all11_observed,ticket,1,sequential,9,0.166001635018762,0.020443982314501
all11_observed,all11_observed,ticket,1,sequential,10,0.0512643100268967,0.0161382850899389
all11_observed,all11_observed,ticket,1,leave_one_block_out,1,-0.00296518980359567,0.010579281204051
all11_observed,all11_observed,ticket,1,leave_one_block_out,2,-0.0515661942730145,-0.00201207271141057
all11_observed,all11_observed,ticket,1,leave_one_block_out,3,-0.0895178154027204,0.00129231083094949
all11_observed,all11_observed,ticket,1,leave_one_block_out,4,-0.0576851284556701,0.000652102276194055
all11_observed,all11_observed,ticket,1,leave_one_block_out,5,-0.0042347259641487,0.0122422772713335
all11_observed,all11_observed,ticket,1,leave_one_block_out,6,0.510789197766955,0.0796137628158268
all11_observed,all11_observed,ticket,1,leave_one_block_out,7,-0.116058997331919,-0.0161925505217628
all11_observed,all11_observed,ticket,1,leave_one_block_out,8,-0.286751857405161,-0.0715724323915918
all11_observed,all11_observed,ticket,1,leave_one_block_out,9,0.166001635018762,0.020443982314501
all11_observed,all11_observed,ticket,2,sequential,2,1.34047003294307,0.175267202751502
all11_observed,all11_observed,ticket,2,sequential,3,0.274341007057895,0.0355494158503971
all11_observed,all11_observed,ticket,2,sequential,4,0.711511179190469,0.107099205386318
all11_observed,all11_observed,ticket,2,sequential,5,0.326041228110413,0.0325171793350799
all11_observed,all11_observed,ticket,2,sequential,6,0.282650555011277,0.0421448000887596
all11_observed,all11_observed,ticket,2,sequential,7,-0.0371817705603808,-0.0122894847359569
all11_observed,all11_observed,ticket,2,sequential,8,-0.0987393684685201,0.00764861377015358
all11_observed,all11_observed,ticket,2,sequential,9,-0.171907991200691,-0.070067039536406
all11_observed,all11_observed,ticket,2,sequential,10,0.0179436443250858,0.0150070599397538
all11_observed,all11_observed,ticket,2,leave_one_block_out,1,-0.0667994623694407,-0.00188430181779342
all11_observed,all11_observed,ticket,2,leave_one_block_out,2,0.059439663999393,0.00963811302308837
all11_observed,all11_observed,ticket,2,leave_one_block_out,3,-0.0720204541330205,-0.00125912524405636
all11_observed,all11_observed,ticket,2,leave_one_block_out,4,-0.264723905742803,-0.0538089915604609
all11_observed,all11_observed,ticket,2,leave_one_block_out,5,-0.104532882630058,-0.0167411028106963
all11_observed,all11_observed,ticket,2,leave_one_block_out,6,0.488111590148387,0.0914358876784098
all11_observed,all11_observed,ticket,2,leave_one_block_out,7,-0.0480734573623617,-0.00636592070039343
all11_observed,all11_observed,ticket,2,leave_one_block_out,8,-0.650319203728944,-0.155509062255188
all11_observed,all11_observed,ticket,2,leave_one_block_out,9,-0.171907991200691,-0.070067039536406
all11_observed,all11_observed,ticket,3,sequential,2,1.49496312787342,0.199159827855746
all11_observed,all11_observed,ticket,3,sequential,3,0.279937445061691,0.0514246414963236
all11_observed,all11_observed,ticket,3,sequential,4,0.730016154626849,0.10528906919746
all11_observed,all11_observed,ticket,3,sequential,5,0.28954296017006,0.0413724649471201
all11_observed,all11_observed,ticket,3,sequential,6,0.521183056872691,0.119921659904858
all11_observed,all11_observed,ticket,3,sequential,7,0.0412959831934942,0.000769103576743868
all11_observed,all11_observed,ticket,3,sequential,8,-0.0905135670961607,-0.0326786630897096
all11_observed,all11_observed,ticket,3,sequential,9,0.0833669787906888,-0.0052403372230172
all11_observed,all11_observed,ticket,3,sequential,10,-0.0914037317460412,-0.00766616953817678
all11_observed,all11_observed,ticket,3,leave_one_block_out,1,-0.0595524904275321,-0.00963722255088872
all11_observed,all11_observed,ticket,3,leave_one_block_out,2,0.416027631263922,0.0566218636775451
all11_observed,all11_observed,ticket,3,leave_one_block_out,3,-0.050973582676539,0.00700946422926207
all11_observed,all11_observed,ticket,3,leave_one_block_out,4,-0.0970435143319612,-0.0328549548041064
all11_observed,all11_observed,ticket,3,leave_one_block_out,5,-0.0920889404039477,-0.0186456808155546
all11_observed,all11_observed,ticket,3,leave_one_block_out,6,0.805126269411339,0.1518944277416
all11_observed,all11_observed,ticket,3,leave_one_block_out,7,0.00581247201405788,-0.00662374556437562
all11_observed,all11_observed,ticket,3,leave_one_block_out,8,-0.175237813701405,-0.0740950149195667
all11_observed,all11_observed,ticket,3,leave_one_block_out,9,0.0833669787906888,-0.0052403372230172
all11_observed,all11_observed,ticket,4,sequential,2,1.46817278855752,0.188801961314749
all11_observed,all11_observed,ticket,4,sequential,3,0.260819380956946,0.0617771773940965
all11_observed,all11_observed,ticket,4,sequential,4,0.706280770196617,0.097825627299318
all11_observed,all11_observed,ticket,4,sequential,5,0.400398328777644,0.0580350352073645
all11_observed,all11_observed,ticket,4,sequential,6,0.163017674235466,0.0377687713676234
all11_observed,all11_observed,ticket,4,sequential,7,-0.0527314984416175,-0.0173063950299674
all11_observed,all11_observed,ticket,4,sequential,8,-0.0747778713000025,-0.00498577198073513
all11_observed,all11_observed,ticket,4,sequential,9,0.185995751207016,-0.00364498768584642
all11_observed,all11_observed,ticket,4,sequential,10,-0.0376011503202933,0.00439033068506711
all11_observed,all11_observed,ticket,4,leave_one_block_out,1,-0.0201070575108694,-0.00142122302186753
all11_observed,all11_observed,ticket,4,leave_one_block_out,2,-0.0514231259260409,0.00983398497198384
all11_observed,all11_observed,ticket,4,leave_one_block_out,3,0.0952878154693443,0.0272397341795574
all11_observed,all11_observed,ticket,4,leave_one_block_out,4,0.0263682403572038,-0.0264667133146739
all11_observed,all11_observed,ticket,4,leave_one_block_out,5,-0.0322208884122557,-0.00474075236095728
all11_observed,all11_observed,ticket,4,leave_one_block_out,6,0.356467611575016,0.0828634452422911
all11_observed,all11_observed,ticket,4,leave_one_block_out,7,-0.140837871330328,-0.0236067247005542
all11_observed,all11_observed,ticket,4,leave_one_block_out,8,-0.289583553993254,-0.0739441657805198
all11_observed,all11_observed,ticket,4,leave_one_block_out,9,0.185995751207016,-0.00364498768584642
all11_observed,all11_observed,ticket,5,sequential,2,1.48056302758219,0.189630141590431
all11_observed,all11_observed,ticket,5,sequential,3,0.254162077067904,0.0470595122329907
all11_observed,all11_observed,ticket,5,sequential,4,0.653101758699876,0.103729787429695
all11_observed,all11_observed,ticket,5,sequential,5,0.474068697642875,0.0541418426979128
all11_observed,all11_observed,ticket,5,sequential,6,0.662076265054419,0.127752959318298
all11_observed,all11_observed,ticket,5,sequential,7,-0.0563946424949835,-0.0169981353223525
all11_observed,all11_observed,ticket,5,sequential,8,-0.00998098228152389,0.00276572032025313
all11_observed,all11_observed,ticket,5,sequential,9,0.00397059655353194,-0.0215752405940828
all11_observed,all11_observed,ticket,5,sequential,10,-0.0735886197536464,0.000754441282734275
all11_observed,all11_observed,ticket,5,leave_one_block_out,1,-0.013117210705639,-0.00331329392499646
all11_observed,all11_observed,ticket,5,leave_one_block_out,2,0.0652868733664727,0.0364243580621108
all11_observed,all11_observed,ticket,5,leave_one_block_out,3,-0.00346537292169879,0.00411317043719484
all11_observed,all11_observed,ticket,5,leave_one_block_out,4,0.0893974697845301,0.0294384101218513
all11_observed,all11_observed,ticket,5,leave_one_block_out,5,0.0205340926718312,-8.44761304146235e-05
all11_observed,all11_observed,ticket,5,leave_one_block_out,6,0.521123239241504,0.108000755990506
all11_observed,all11_observed,ticket,5,leave_one_block_out,7,-0.0633002771266766,-0.0144067247248885
all11_observed,all11_observed,ticket,5,leave_one_block_out,8,-0.262521674157039,-0.0769622305041004
all11_observed,all11_observed,ticket,5,leave_one_block_out,9,0.00397059655353194,-0.0215752405940828
all11_observed,all11_observed,ticket,6,sequential,2,1.25903715341194,0.162371073899553
all11_observed,all11_observed,ticket,6,sequential,3,0.267954213215005,0.0497192536932871
all11_observed,all11_observed,ticket,6,sequential,4,0.85345395227497,0.131535909000682
all11_observed,all11_observed,ticket,6,sequential,5,0.353300288765983,0.0401808993703038
all11_observed,all11_observed,ticket,6,sequential,6,0.428165970654332,0.117395626865277
all11_observed,all11_observed,ticket,6,sequential,7,-0.0455587303185109,-0.0207232700980611
all11_observed,all11_observed,ticket,6,sequential,8,0.0285944011262404,0.017779858868776
all11_observed,all11_observed,ticket,6,sequential,9,-0.21642241073674,-0.0910117049509893
all11_observed,all11_observed,ticket,6,sequential,10,-0.0343954586047676,0.0111814129123766
all11_observed,all11_observed,ticket,6,leave_one_block_out,1,-0.0589759773616208,-0.0179860868829773
all11_observed,all11_observed,ticket,6,leave_one_block_out,2,0.182881308155292,0.0436806614934065
all11_observed,all11_observed,ticket,6,leave_one_block_out,3,0.00512697166473036,0.000696298154465924
all11_observed,all11_observed,ticket,6,leave_one_block_out,4,0.00085976140273003,-0.0194736557799964
all11_observed,all11_observed,ticket,6,leave_one_block_out,5,-0.0135945637002977,-0.00748257478284553
all11_observed,all11_observed,ticket,6,leave_one_block_out,6,0.699933484809287,0.120097036905968
all11_observed,all11_observed,ticket,6,leave_one_block_out,7,-0.00495895911282462,-0.00419477029241055
all11_observed,all11_observed,ticket,6,leave_one_block_out,8,-0.271033362015276,-0.0751295810312183
all11_observed,all11_observed,ticket,6,leave_one_block_out,9,-0.21642241073674,-0.0910117049509893
all11_observed,all11_observed,ticket,7,sequential,2,1.37034162545096,0.170834091149797
all11_observed,all11_observed,ticket,7,sequential,3,0.245559271485501,0.0505957435526015
all11_observed,all11_observed,ticket,7,sequential,4,0.986580698385377,0.146316973447216
all11_observed,all11_observed,ticket,7,sequential,5,0.243333175022296,0.0141623018384763
all11_observed,all11_observed,ticket,7,sequential,6,0.391673836327375,0.0778851741363024
all11_observed,all11_observed,ticket,7,sequential,7,-0.0744107640943042,-0.0157973768340962
all11_observed,all11_observed,ticket,7,sequential,8,-0.0464796579642643,0.0339284318721154
all11_observed,all11_observed,ticket,7,sequential,9,0.264426456117531,0.035533628108062
all11_observed,all11_observed,ticket,7,sequential,10,0.0255670640431416,0.00289961116944859
all11_observed,all11_observed,ticket,7,leave_one_block_out,1,-0.0736419984856934,-0.0160122159112297
all11_observed,all11_observed,ticket,7,leave_one_block_out,2,-0.0538456187503727,0.0198865622643183
all11_observed,all11_observed,ticket,7,leave_one_block_out,3,0.0959992978042029,0.0319188425343373
all11_observed,all11_observed,ticket,7,leave_one_block_out,4,0.194788512484129,0.0307791126790682
all11_observed,all11_observed,ticket,7,leave_one_block_out,5,-0.0590994091914196,-0.00320287402134656
all11_observed,all11_observed,ticket,7,leave_one_block_out,6,0.382749456555111,0.100850784992199
all11_observed,all11_observed,ticket,7,leave_one_block_out,7,-0.160374614625357,-0.0306782439621542
all11_observed,all11_observed,ticket,7,leave_one_block_out,8,-0.20950122622657,-0.0289763495201778
all11_observed,all11_observed,ticket,7,leave_one_block_out,9,0.264426456117531,0.035533628108062
all11_observed,all11_observed,ticket,8,sequential,2,1.4268668954932,0.195327926540683
all11_observed,all11_observed,ticket,8,sequential,3,0.203817171454639,0.0419254819431413
all11_observed,all11_observed,ticket,8,sequential,4,0.905468352985363,0.111131089731805
all11_observed,all11_observed,ticket,8,sequential,5,0.243872266133185,0.0279232477576378
all11_observed,all11_observed,ticket,8,sequential,6,0.229597761544223,0.0732599399470517
all11_observed,all11_observed,ticket,8,sequential,7,0.00979180435284471,-0.0117827865272775
all11_observed,all11_observed,ticket,8,sequential,8,-0.450911361533426,-0.0593675535528155
all11_observed,all11_observed,ticket,8,sequential,9,0.071690329628285,0.00144849018564941
all11_observed,all11_observed,ticket,8,sequential,10,0.000892529319361512,0.0169257177245563
all11_observed,all11_observed,ticket,8,leave_one_block_out,1,-0.0987213581990734,-0.0239273799122655
all11_observed,all11_observed,ticket,8,leave_one_block_out,2,-0.0899750404271635,0.0278113611010801
all11_observed,all11_observed,ticket,8,leave_one_block_out,3,-0.0513257983007068,0.0036288210376314
all11_observed,all11_observed,ticket,8,leave_one_block_out,4,-0.0734935874685538,-0.00523615210930584
all11_observed,all11_observed,ticket,8,leave_one_block_out,5,-0.0493408880785293,-0.00249829064121032
all11_observed,all11_observed,ticket,8,leave_one_block_out,6,0.311465977243293,0.0527093087626955
all11_observed,all11_observed,ticket,8,leave_one_block_out,7,-0.0462710047209727,-0.0125335278384575
all11_observed,all11_observed,ticket,8,leave_one_block_out,8,-0.372764562262982,-0.0680408177751495
all11_observed,all11_observed,ticket,8,leave_one_block_out,9,0.071690329628285,0.00144849018564941
all11_observed,all11_observed,ticket,9,sequential,2,1.31841502490585,0.161391044035061
all11_observed,all11_observed,ticket,9,sequential,3,0.267098784392993,0.0548325234767532
all11_observed,all11_observed,ticket,9,sequential,4,0.854344194684926,0.133504573163055
all11_observed,all11_observed,ticket,9,sequential,5,0.297337564707319,0.0357437493367367
all11_observed,all11_observed,ticket,9,sequential,6,0.591357644034392,0.124577484380347
all11_observed,all11_observed,ticket,9,sequential,7,0.0619872076134592,0.00340008351890142
all11_observed,all11_observed,ticket,9,sequential,8,0.0129696833791881,0.0217734646783201
all11_observed,all11_observed,ticket,9,sequential,9,0.203430925719729,0.0118112884711271
all11_observed,all11_observed,ticket,9,sequential,10,-0.0586989543721536,-0.00654735508186621
all11_observed,all11_observed,ticket,9,leave_one_block_out,1,0.0247303591023637,0.0118446992995093
all11_observed,all11_observed,ticket,9,leave_one_block_out,2,0.148235968135892,0.0574472409966553
all11_observed,all11_observed,ticket,9,leave_one_block_out,3,-0.0353036979085772,0.00516292450310496
all11_observed,all11_observed,ticket,9,leave_one_block_out,4,0.0446287920954413,-0.00226642112039066
all11_observed,all11_observed,ticket,9,leave_one_block_out,5,0.0685189860851546,0.0092553675284498
all11_observed,all11_observed,ticket,9,leave_one_block_out,6,0.889330192510093,0.161936837534315
all11_observed,all11_observed,ticket,9,leave_one_block_out,7,-0.0415673928840329,0.00394465292206758
all11_observed,all11_observed,ticket,9,leave_one_block_out,8,-0.176004954435945,-0.0231573607703026
all11_observed,all11_observed,ticket,9,leave_one_block_out,9,0.203430925719729,0.0118112884711271
core9,core9,amt,0,sequential,2,1.20446663919391,0.0962156733124799
core9,core9,amt,0,sequential,3,6.49062223112139,0.425831468708105
core9,core9,amt,0,sequential,4,2.70529915067467,0.210990095521411
core9,core9,amt,0,sequential,5,1.88837827145729,0.166660947222307
core9,core9,amt,0,sequential,6,0.615980073219252,0.0544999201414236
core9,core9,amt,0,sequential,7,-0.107583117587562,0.0249408619159874
core9,core9,amt,0,sequential,8,1.37084707476866,0.171097619414993
core9,core9,amt,0,sequential,9,3.01557199524657,0.424671695350779
core9,core9,amt,0,sequential,10,0.00101179544036156,-0.0182972755218498
core9,core9,amt,0,leave_one_block_out,1,19.4360533172565,0.870355303763608
core9,core9,amt,0,leave_one_block_out,2,-0.0706238469220161,-0.0138539503661721
core9,core9,amt,0,leave_one_block_out,3,0.00836591738023057,0.0139643096517683
core9,core9,amt,0,leave_one_block_out,4,-0.10023118624196,-0.0154130589836681
core9,core9,amt,0,leave_one_block_out,5,0.760969687080784,0.120153549760629
core9,core9,amt,0,leave_one_block_out,6,0.362220001641854,0.176996791387472
core9,core9,amt,0,leave_one_block_out,7,-0.10442520162388,-0.0131328958518544
core9,core9,amt,0,leave_one_block_out,8,0.660071362112363,0.178333604489666
core9,core9,amt,0,leave_one_block_out,9,3.01557199524657,0.424671695350779
core9,core9,amt,1,sequential,2,1.62398753181601,0.0979169892014699
core9,core9,amt,1,sequential,3,5.19765600371781,0.354462271290932
core9,core9,amt,1,sequential,4,3.15743661965676,0.226115203082335
core9,core9,amt,1,sequential,5,2.13605606656916,0.181588015093688
core9,core9,amt,1,sequential,6,0.90537895456051,0.0705385699581501
core9,core9,amt,1,sequential,7,0.110487081275737,0.048977193442638
core9,core9,amt,1,sequential,8,0.980693707843536,0.113462787254344
core9,core9,amt,1,sequential,9,2.14651631747863,0.337915202605345
core9,core9,amt,1,sequential,10,0.139903551787052,0.00689212070998302
core9,core9,amt,1,leave_one_block_out,1,20.6991404538983,0.866181735665528
core9,core9,amt,1,leave_one_block_out,2,-0.733336323571025,-0.124152302096672
core9,core9,amt,1,leave_one_block_out,3,-0.0230653897857605,-0.00810871874396701
core9,core9,amt,1,leave_one_block_out,4,-0.418339310757215,-0.0750007854529879
core9,core9,amt,1,leave_one_block_out,5,0.569922757270352,0.0376379649651803
core9,core9,amt,1,leave_one_block_out,6,-0.175899522662239,0.0391881512783044
core9,core9,amt,1,leave_one_block_out,7,-0.311990780561781,-0.0488685930278046
core9,core9,amt,1,leave_one_block_out,8,-0.155867819293312,0.00330881655941428
core9,core9,amt,1,leave_one_block_out,9,2.14651631747863,0.337915202605345
core9,core9,amt,2,sequential,2,2.1589081093452,0.130318115906821
core9,core9,amt,2,sequential,3,5.25115325003372,0.39856692656559
core9,core9,amt,2,sequential,4,2.73896843390251,0.194428243479935
core9,core9,amt,2,sequential,5,1.85142223088499,0.168142530504006
core9,core9,amt,2,sequential,6,0.901580899951601,0.0490707601471191
core9,core9,amt,2,sequential,7,0.0016294283743834,0.0119790273326575
core9,core9,amt,2,sequential,8,1.1995573599885,0.143877293421731
core9,core9,amt,2,sequential,9,1.83239262580775,0.292849148327353
core9,core9,amt,2,sequential,10,0.232243926156377,0.035653291201215
core9,core9,amt,2,leave_one_block_out,1,19.3622884184179,0.846685048753898
core9,core9,amt,2,leave_one_block_out,2,-1.07388374135744,-0.171962567535204
core9,core9,amt,2,leave_one_block_out,3,-0.136315055841128,-0.0214237182263888
core9,core9,amt,2,leave_one_block_out,4,-0.431662100071162,-0.116187014064276
core9,core9,amt,2,leave_one_block_out,5,0.606563755548685,0.0293627136907361
core9,core9,amt,2,leave_one_block_out,6,-0.0495451732849025,0.074619297244338
core9,core9,amt,2,leave_one_block_out,7,-0.076276595168899,-0.0203972154743908
core9,core9,amt,2,leave_one_block_out,8,-0.404705286202084,-0.0577300427258245
core9,core9,amt,2,leave_one_block_out,9,1.83239262580775,0.292849148327353
core9,core9,amt,3,sequential,2,0.869195779830317,0.0498313966863968
core9,core9,amt,3,sequential,3,5.8562612691805,0.409127196957813
core9,core9,amt,3,sequential,4,2.87594434308859,0.163817542812819
core9,core9,amt,3,sequential,5,1.85401162025351,0.177297571795023
core9,core9,amt,3,sequential,6,0.888776906961988,0.0538352637032899
core9,core9,amt,3,sequential,7,0.415080220981282,0.0606840813689623
core9,core9,amt,3,sequential,8,1.86529702347837,0.216889784835917
core9,core9,amt,3,sequential,9,1.83227463309314,0.364895690677252
core9,core9,amt,3,sequential,10,-0.0218368648184281,0.00826604256272379
core9,core9,amt,3,leave_one_block_out,1,20.3696428500372,0.868516239186948
core9,core9,amt,3,leave_one_block_out,2,-0.265383445787938,0.0334007086975981
core9,core9,amt,3,leave_one_block_out,3,0.0310570441396943,0.015409519541125
core9,core9,amt,3,leave_one_block_out,4,0.0841308438339752,0.0379392497550591
core9,core9,amt,3,leave_one_block_out,5,0.213854818949007,0.038079881489292
core9,core9,amt,3,leave_one_block_out,6,0.302723892758308,0.159322524652979
core9,core9,amt,3,leave_one_block_out,7,0.0535718755935985,0.0420973547464384
core9,core9,amt,3,leave_one_block_out,8,-0.075717093707954,0.0548309542689367
core9,core9,amt,3,leave_one_block_out,9,1.83227463309314,0.364895690677252
core9,core9,amt,4,sequential,2,2.04463769098239,0.126727620686237
core9,core9,amt,4,sequential,3,5.48843254477091,0.397534471664307
core9,core9,amt,4,sequential,4,2.44664688680332,0.141230590354916
core9,core9,amt,4,sequential,5,2.10185097236281,0.192094059735523
core9,core9,amt,4,sequential,6,0.832183822395857,0.0930426394641896
core9,core9,amt,4,sequential,7,-0.195919752946314,0.0135102843852034
core9,core9,amt,4,sequential,8,1.04284190175909,0.143102771579698
core9,core9,amt,4,sequential,9,2.81785117975909,0.356571497430342
core9,core9,amt,4,sequential,10,0.113714700199126,0.0055707767340416
core9,core9,amt,4,leave_one_block_out,1,18.6125754106787,0.853423563560545
core9,core9,amt,4,leave_one_block_out,2,-0.856495624177325,-0.15025366832808
core9,core9,amt,4,leave_one_block_out,3,-0.119297500062641,-0.0180977303338605
core9,core9,amt,4,leave_one_block_out,4,-0.206680814669276,0.0208518980332149
core9,core9,amt,4,leave_one_block_out,5,0.664851916378914,0.0663419606965082
core9,core9,amt,4,leave_one_block_out,6,0.256722187018492,0.162516233394704
core9,core9,amt,4,leave_one_block_out,7,-0.304127651640086,-0.0573821993542865
core9,core9,amt,4,leave_one_block_out,8,-0.293397916806781,0.0216017857608704
core9,core9,amt,4,leave_one_block_out,9,2.81785117975909,0.356571497430342
core9,core9,amt,5,sequential,2,1.85011101353093,0.11720240840887
core9,core9,amt,5,sequential,3,5.41453290935188,0.354585544625195
core9,core9,amt,5,sequential,4,3.00373760276622,0.226384689899377
core9,core9,amt,5,sequential,5,1.79311786834196,0.164892096321347
core9,core9,amt,5,sequential,6,0.322374631688466,0.0268116015013836
core9,core9,amt,5,sequential,7,0.41452537641998,0.0467488256158145
core9,core9,amt,5,sequential,8,1.51505608052478,0.218656439466561
core9,core9,amt,5,sequential,9,3.32729785694115,0.477518971274979
core9,core9,amt,5,sequential,10,-0.128416095883085,-3.79222187507633e-05
core9,core9,amt,5,leave_one_block_out,1,22.4599340412653,0.902930802994839
core9,core9,amt,5,leave_one_block_out,2,-0.529540935230882,-0.0198538680655445
core9,core9,amt,5,leave_one_block_out,3,0.0245966418475616,-0.0286408438521981
core9,core9,amt,5,leave_one_block_out,4,0.104663898524007,-0.0140307799686583
core9,core9,amt,5,leave_one_block_out,5,0.691842280680456,0.0748118269731276
core9,core9,amt,5,leave_one_block_out,6,0.249288563384532,0.103227626058681
core9,core9,amt,5,leave_one_block_out,7,0.0171247931844726,0.00791584732538431
core9,core9,amt,5,leave_one_block_out,8,0.706376781341486,0.137286020575816
core9,core9,amt,5,leave_one_block_out,9,3.32729785694115,0.477518971274979
core9,core9,amt,6,sequential,2,1.6368264862259,0.0742123882642781
core9,core9,amt,6,sequential,3,5.88570494888156,0.410298019292372
core9,core9,amt,6,sequential,4,2.39474765918555,0.170487938118286
core9,core9,amt,6,sequential,5,2.29818296592016,0.198481924707031
core9,core9,amt,6,sequential,6,1.14157532398739,0.112370766920217
core9,core9,amt,6,sequential,7,-0.0855691909848688,0.00322119104828933
core9,core9,amt,6,sequential,8,1.70856128230328,0.228497322443746
core9,core9,amt,6,sequential,9,2.46763286148269,0.395132061267415
core9,core9,amt,6,sequential,10,0.177980659822446,0.0192699315428793
core9,core9,amt,6,leave_one_block_out,1,19.8506669185477,0.881437753660002
core9,core9,amt,6,leave_one_block_out,2,-0.464885154017182,-0.053508442369355
core9,core9,amt,6,leave_one_block_out,3,0.0331278459790751,0.00844777875252201
core9,core9,amt,6,leave_one_block_out,4,-0.195682306884304,-0.0376479040284552
core9,core9,amt,6,leave_one_block_out,5,0.201944202437096,0.0664014234598876
core9,core9,amt,6,leave_one_block_out,6,0.77995439794136,0.230424945348435
core9,core9,amt,6,leave_one_block_out,7,-0.123372558884048,-0.0206299806126047
core9,core9,amt,6,leave_one_block_out,8,0.47678875636248,0.136881606269213
core9,core9,amt,6,leave_one_block_out,9,2.46763286148269,0.395132061267415
core9,core9,amt,7,sequential,2,1.88098986000553,0.102174221634275
core9,core9,amt,7,sequential,3,5.52132092103088,0.389704799802413
core9,core9,amt,7,sequential,4,3.27698324672847,0.228925954442367
core9,core9,amt,7,sequential,5,1.76616185394559,0.170244940129056
core9,core9,amt,7,sequential,6,0.495159449800547,-0.00144223402670374
core9,core9,amt,7,sequential,7,0.509020920743464,0.0734036071794815
core9,core9,amt,7,sequential,8,0.628666871022915,0.0918400547629343
core9,core9,amt,7,sequential,9,3.1134237738127,0.441725493545165
core9,core9,amt,7,sequential,10,0.0458508536613958,0.0019454394266788
core9,core9,amt,7,leave_one_block_out,1,20.1803722121365,0.867473386322979
core9,core9,amt,7,leave_one_block_out,2,-0.111034906096404,-0.0615523191530603
core9,core9,amt,7,leave_one_block_out,3,-0.130153559622008,-0.0162139299743109
core9,core9,amt,7,leave_one_block_out,4,-0.143699587935556,-0.0485814142972136
core9,core9,amt,7,leave_one_block_out,5,0.667323805489264,0.0903128435286874
core9,core9,amt,7,leave_one_block_out,6,0.0471363022007246,0.0273160436580039
core9,core9,amt,7,leave_one_block_out,7,-0.412376771116807,-0.0372860418396972
core9,core9,amt,7,leave_one_block_out,8,0.285735038862536,0.049900650099548
core9,core9,amt,7,leave_one_block_out,9,3.1134237738127,0.441725493545165
core9,core9,amt,8,sequential,2,1.36108071891259,0.0887049233774508
core9,core9,amt,8,sequential,3,5.64399110470486,0.39254293894582
core9,core9,amt,8,sequential,4,3.21157559741736,0.220693595264614
core9,core9,amt,8,sequential,5,1.99184328337333,0.193210064981465
core9,core9,amt,8,sequential,6,0.746641464834125,0.0808342890166779
core9,core9,amt,8,sequential,7,0.452064282243078,0.0648484510598373
core9,core9,amt,8,sequential,8,0.89450083377367,0.129877181011222
core9,core9,amt,8,sequential,9,2.49014603865383,0.337243202611525
core9,core9,amt,8,sequential,10,-0.113524732153611,-0.0355522939907316
core9,core9,amt,8,leave_one_block_out,1,19.3965948388094,0.863340316903762
core9,core9,amt,8,leave_one_block_out,2,-0.363391169622761,-0.0598413909433977
core9,core9,amt,8,leave_one_block_out,3,-0.36896789692418,-0.0754333444270769
core9,core9,amt,8,leave_one_block_out,4,0.114059219208656,0.0263288843580783
core9,core9,amt,8,leave_one_block_out,5,0.429013732553189,0.00552449446547965
core9,core9,amt,8,leave_one_block_out,6,0.436755395837804,0.205411024245424
core9,core9,amt,8,leave_one_block_out,7,-0.238858923439439,-0.0519582990320913
core9,core9,amt,8,leave_one_block_out,8,-0.00261513828534454,-0.00887384959520698
core9,core9,amt,8,leave_one_block_out,9,2.49014603865383,0.337243202611525
core9,core9,amt,9,sequential,2,2.03219316333385,0.124465754930413
core9,core9,amt,9,sequential,3,5.66339172266207,0.390482488075186
core9,core9,amt,9,sequential,4,2.88969875689134,0.211577592212317
core9,core9,amt,9,sequential,5,2.1043719203023,0.188059107757902
core9,core9,amt,9,sequential,6,0.801488278128634,0.0606599359483878
core9,core9,amt,9,sequential,7,0.0282854759874662,-0.00352917725553614
core9,core9,amt,9,sequential,8,0.956575392059988,0.147480604778873
core9,core9,amt,9,sequential,9,1.71559146862785,0.328176783355289
core9,core9,amt,9,sequential,10,-0.013804200210793,-0.0104217918860372
core9,core9,amt,9,leave_one_block_out,1,18.4935847974185,0.842900756250678
core9,core9,amt,9,leave_one_block_out,2,-0.839403799982238,-0.127774778923932
core9,core9,amt,9,leave_one_block_out,3,-0.0203989164086329,-0.00476384764736859
core9,core9,amt,9,leave_one_block_out,4,-0.701269190754204,-0.120930314145969
core9,core9,amt,9,leave_one_block_out,5,0.423267471423357,0.0355237149705798
core9,core9,amt,9,leave_one_block_out,6,0.0279782971520814,0.0707589032257946
core9,core9,amt,9,leave_one_block_out,7,-0.180378030551967,-0.0184792421855879
core9,core9,amt,9,leave_one_block_out,8,-0.350446614627971,0.0217751287921208
core9,core9,amt,9,leave_one_block_out,9,1.71559146862785,0.328176783355289
core9,core9,cnt,0,sequential,2,1.36976517796847,0.102877993122743
core9,core9,cnt,0,sequential,3,6.4348573932372,0.41001752389307
core9,core9,cnt,0,sequential,4,1.01743326498179,0.0510761532204657
core9,core9,cnt,0,sequential,5,2.78609837977713,0.259286152030811
core9,core9,cnt,0,sequential,6,0.323188520948287,0.00960818813737219
core9,core9,cnt,0,sequential,7,0.339029244302794,0.0453220944469573
core9,core9,cnt,0,sequential,8,2.00925242754131,0.274839356154959
core9,core9,cnt,0,sequential,9,4.2561757012432,0.454974371319134
core9,core9,cnt,0,sequential,10,-0.0917486328233422,-0.0285275183507276
core9,core9,cnt,0,leave_one_block_out,1,20.0196156221174,0.879274437708809
core9,core9,cnt,0,leave_one_block_out,2,-0.0214967025460172,-0.141891165991133
core9,core9,cnt,0,leave_one_block_out,3,-0.0663605217816929,0.0341027866281659
core9,core9,cnt,0,leave_one_block_out,4,-0.481398883677318,-0.0904424607944652
core9,core9,cnt,0,leave_one_block_out,5,0.904441429170484,0.121486303939127
core9,core9,cnt,0,leave_one_block_out,6,0.548027138630429,0.227225341366828
core9,core9,cnt,0,leave_one_block_out,7,0.00186061705871737,-0.0260753636973199
core9,core9,cnt,0,leave_one_block_out,8,1.27986434088691,0.241960134323487
core9,core9,cnt,0,leave_one_block_out,9,4.2561757012432,0.454974371319134
core9,core9,cnt,1,sequential,2,1.9758694563272,0.11625562763058
core9,core9,cnt,1,sequential,3,5.28251841463268,0.358222785844995
core9,core9,cnt,1,sequential,4,1.44275231187819,0.124421138288628
core9,core9,cnt,1,sequential,5,3.49926068757455,0.281097681586965
core9,core9,cnt,1,sequential,6,0.404887041184873,-0.0070778754445926
core9,core9,cnt,1,sequential,7,0.140961973559878,0.0395168987351502
core9,core9,cnt,1,sequential,8,2.01773428778013,0.239680128574124
core9,core9,cnt,1,sequential,9,3.71095808695177,0.484062231793229
core9,core9,cnt,1,sequential,10,-0.18602210350413,-0.0319549298738451
core9,core9,cnt,1,leave_one_block_out,1,22.4793849740931,0.897714243782587
core9,core9,cnt,1,leave_one_block_out,2,-0.125724981554766,-0.140260460360004
core9,core9,cnt,1,leave_one_block_out,3,-0.123874836763538,-0.041093447697911
core9,core9,cnt,1,leave_one_block_out,4,-0.459366435671517,-0.0116775436904206
core9,core9,cnt,1,leave_one_block_out,5,1.00037781399191,0.111371606730977
core9,core9,cnt,1,leave_one_block_out,6,0.606045395855868,0.173211540445313
core9,core9,cnt,1,leave_one_block_out,7,-0.0505116603544575,-0.066489417193063
core9,core9,cnt,1,leave_one_block_out,8,0.869802055920309,0.229458710362795
core9,core9,cnt,1,leave_one_block_out,9,3.71095808695177,0.484062231793229
core9,core9,cnt,2,sequential,2,2.38132121340613,0.16958868958008
core9,core9,cnt,2,sequential,3,5.38481722432318,0.373643605704245
core9,core9,cnt,2,sequential,4,0.975778860402948,0.0613959713962388
core9,core9,cnt,2,sequential,5,3.01376664108217,0.251248878505297
core9,core9,cnt,2,sequential,6,0.121900216546178,-0.0669730771613988
core9,core9,cnt,2,sequential,7,0.543564659703999,0.052624752178682
core9,core9,cnt,2,sequential,8,2.26792976922715,0.309128009780258
core9,core9,cnt,2,sequential,9,3.48615626947374,0.427948207406843
core9,core9,cnt,2,sequential,10,-0.0692236582046632,-0.0185853102574451
core9,core9,cnt,2,leave_one_block_out,1,21.1775157574622,0.879991017630156
core9,core9,cnt,2,leave_one_block_out,2,-0.961312947146865,-0.319901616105028
core9,core9,cnt,2,leave_one_block_out,3,-0.0192073248899818,0.0277568628173509
core9,core9,cnt,2,leave_one_block_out,4,-0.56530860701773,-0.101539063160034
core9,core9,cnt,2,leave_one_block_out,5,0.982401214947654,0.0321182264089723
core9,core9,cnt,2,leave_one_block_out,6,0.46951096573504,0.138848189806307
core9,core9,cnt,2,leave_one_block_out,7,0.0888306649842865,-0.00813266422404935
core9,core9,cnt,2,leave_one_block_out,8,0.749481589394516,0.183113319675404
core9,core9,cnt,2,leave_one_block_out,9,3.48615626947374,0.427948207406843
core9,core9,cnt,3,sequential,2,1.7277159633413,0.0460225327515862
core9,core9,cnt,3,sequential,3,5.89722132868969,0.425110747928631
core9,core9,cnt,3,sequential,4,1.2722203793256,0.0732802519448026
core9,core9,cnt,3,sequential,5,3.04651689476833,0.266740769499034
core9,core9,cnt,3,sequential,6,-0.0127694426420549,-0.0626920685470382
core9,core9,cnt,3,sequential,7,0.576796547783462,0.0785210858208872
core9,core9,cnt,3,sequential,8,2.5802928297649,0.3190958662293
core9,core9,cnt,3,sequential,9,3.29577242682305,0.492191673586507
core9,core9,cnt,3,sequential,10,-0.0817715759367649,-0.00707895104622547
core9,core9,cnt,3,leave_one_block_out,1,21.1460123861668,0.897044004272815
core9,core9,cnt,3,leave_one_block_out,2,0.000685174118049414,-0.0320998838410211
core9,core9,cnt,3,leave_one_block_out,3,-0.0924312383067519,0.046668366711263
core9,core9,cnt,3,leave_one_block_out,4,-0.0658545248256953,0.0788351331678387
core9,core9,cnt,3,leave_one_block_out,5,0.765580142973614,0.080719050408658
core9,core9,cnt,3,leave_one_block_out,6,0.409081020877076,0.200028423257325
core9,core9,cnt,3,leave_one_block_out,7,-0.0252164942857333,-0.000899667879175503
core9,core9,cnt,3,leave_one_block_out,8,0.598698247692782,0.188597039201252
core9,core9,cnt,3,leave_one_block_out,9,3.29577242682305,0.492191673586507
core9,core9,cnt,4,sequential,2,2.45400622504218,0.129819477666518
core9,core9,cnt,4,sequential,3,5.78731455013614,0.40022068118989
core9,core9,cnt,4,sequential,4,0.515504831584548,-0.00554561826179212
core9,core9,cnt,4,sequential,5,2.70480643066291,0.262508171435798
core9,core9,cnt,4,sequential,6,0.135663176399611,0.032169501953966
core9,core9,cnt,4,sequential,7,0.517790868833712,0.0419968584994991
core9,core9,cnt,4,sequential,8,1.5497027866206,0.227513937962966
core9,core9,cnt,4,sequential,9,4.85868798115715,0.448293699406393
core9,core9,cnt,4,sequential,10,-0.148103224234547,-0.0406149406527674
core9,core9,cnt,4,leave_one_block_out,1,19.9081075356085,0.872703321306433
core9,core9,cnt,4,leave_one_block_out,2,-0.400947752798531,-0.379291808486234
core9,core9,cnt,4,leave_one_block_out,3,-0.189442130674826,-0.0223074532312955
core9,core9,cnt,4,leave_one_block_out,4,-0.345407220322408,0.00591663409598142
core9,core9,cnt,4,leave_one_block_out,5,0.982372974460545,0.0762396961244058
core9,core9,cnt,4,leave_one_block_out,6,1.05163021300881,0.260036695286244
core9,core9,cnt,4,leave_one_block_out,7,-0.072250884963565,-0.0521014783846492
core9,core9,cnt,4,leave_one_block_out,8,0.832584398962367,0.188198449644478
core9,core9,cnt,4,leave_one_block_out,9,4.85868798115715,0.448293699406393
core9,core9,cnt,5,sequential,2,2.72465766367523,0.149925318336085
core9,core9,cnt,5,sequential,3,4.89087253882093,0.342328238000455
core9,core9,cnt,5,sequential,4,1.19545936493889,0.110217433655656
core9,core9,cnt,5,sequential,5,3.16138298011727,0.254654749568815
core9,core9,cnt,5,sequential,6,-0.0822410390149492,-0.0402330527761419
core9,core9,cnt,5,sequential,7,0.392289445419741,0.0553498402587831
core9,core9,cnt,5,sequential,8,2.48252139623392,0.302084309153728
core9,core9,cnt,5,sequential,9,4.35097685713738,0.57439563561798
core9,core9,cnt,5,sequential,10,-0.103232375583259,-0.02613350712185
core9,core9,cnt,5,leave_one_block_out,1,22.7034833339902,0.91943811860767
core9,core9,cnt,5,leave_one_block_out,2,-0.210066195307157,-0.0457988249664321
core9,core9,cnt,5,leave_one_block_out,3,-0.0627996434936412,-0.0213954502152687
core9,core9,cnt,5,leave_one_block_out,4,-0.332257863602689,-0.0432079640593428
core9,core9,cnt,5,leave_one_block_out,5,0.918997693709042,0.104746172259913
core9,core9,cnt,5,leave_one_block_out,6,0.395356794034364,0.188095739553039
core9,core9,cnt,5,leave_one_block_out,7,-0.00323998477038817,-0.00746077245589949
core9,core9,cnt,5,leave_one_block_out,8,0.966579908019234,0.260035633743901
core9,core9,cnt,5,leave_one_block_out,9,4.35097685713738,0.57439563561798
core9,core9,cnt,6,sequential,2,1.66112435628782,0.026876305461211
core9,core9,cnt,6,sequential,3,6.09272140342953,0.4391880808467
core9,core9,cnt,6,sequential,4,1.07919124825067,0.0449583677484283
core9,core9,cnt,6,sequential,5,3.23867709863073,0.266844629078102
core9,core9,cnt,6,sequential,6,0.253006084862403,0.0188866757705337
core9,core9,cnt,6,sequential,7,0.217823166387837,0.0103789188574112
core9,core9,cnt,6,sequential,8,2.61931655806426,0.305967643474535
core9,core9,cnt,6,sequential,9,4.14411162188698,0.472040937758795
core9,core9,cnt,6,sequential,10,-0.0849155828219553,-0.00984694275167919
core9,core9,cnt,6,leave_one_block_out,1,21.0983627402841,0.890267403245172
core9,core9,cnt,6,leave_one_block_out,2,-0.18465138197632,-0.21660728274286
core9,core9,cnt,6,leave_one_block_out,3,-0.140140224096644,0.00512111398444237
core9,core9,cnt,6,leave_one_block_out,4,-0.287686328863322,-0.0889901411798233
core9,core9,cnt,6,leave_one_block_out,5,0.613161245015256,0.0935269773185858
core9,core9,cnt,6,leave_one_block_out,6,0.897825547344926,0.257484052264809
core9,core9,cnt,6,leave_one_block_out,7,0.017189564050496,-0.043200251302014
core9,core9,cnt,6,leave_one_block_out,8,0.921015091970991,0.197776467862443
core9,core9,cnt,6,leave_one_block_out,9,4.14411162188698,0.472040937758795
core9,core9,cnt,7,sequential,2,2.13394580978474,0.0947750775383569
core9,core9,cnt,7,sequential,3,5.63808811707157,0.379493487366333
core9,core9,cnt,7,sequential,4,1.33511767276391,0.116395060454308
core9,core9,cnt,7,sequential,5,3.09987352563078,0.258666848241773
core9,core9,cnt,7,sequential,6,0.0725136428633311,-0.0726768101070128
core9,core9,cnt,7,sequential,7,0.569396202427919,0.0823480592199157
core9,core9,cnt,7,sequential,8,1.54667368042457,0.193245249491253
core9,core9,cnt,7,sequential,9,4.30832775219228,0.563624623765393
core9,core9,cnt,7,sequential,10,-0.00963238794351173,-0.0149217363886502
core9,core9,cnt,7,leave_one_block_out,1,20.090281177177,0.889927583065143
core9,core9,cnt,7,leave_one_block_out,2,-0.151643499174224,-0.121247592815253
core9,core9,cnt,7,leave_one_block_out,3,-0.0797729043653855,0.0277854711697473
core9,core9,cnt,7,leave_one_block_out,4,-0.48466116337428,-0.0544818398834184
core9,core9,cnt,7,leave_one_block_out,5,0.811313558280147,0.158766228279672
core9,core9,cnt,7,leave_one_block_out,6,0.292407193295247,0.15521149791066
core9,core9,cnt,7,leave_one_block_out,7,0.00791725557449385,-0.0279175198350923
core9,core9,cnt,7,leave_one_block_out,8,1.01272499146183,0.212064895281153
core9,core9,cnt,7,leave_one_block_out,9,4.30832775219228,0.563624623765393
core9,core9,cnt,8,sequential,2,1.80416545218116,0.0972664113470848
core9,core9,cnt,8,sequential,3,5.7453496097475,0.395927457773312
core9,core9,cnt,8,sequential,4,1.71785833797437,0.123194275249233
core9,core9,cnt,8,sequential,5,2.9833871574411,0.276569325650356
core9,core9,cnt,8,sequential,6,0.418904149939384,0.00152944708845226
core9,core9,cnt,8,sequential,7,0.602778283827043,0.0756522303378514
core9,core9,cnt,8,sequential,8,1.17896751410898,0.170575473044827
core9,core9,cnt,8,sequential,9,4.3896347681556,0.468744420708349
core9,core9,cnt,8,sequential,10,-0.0918738369039773,-0.0355371310411898
core9,core9,cnt,8,leave_one_block_out,1,19.818523540223,0.877428736410535
core9,core9,cnt,8,leave_one_block_out,2,-0.453687019054183,-0.223828069158838
core9,core9,cnt,8,leave_one_block_out,3,-0.281211186259987,-0.08976526731782
core9,core9,cnt,8,leave_one_block_out,4,-0.186738942537702,-0.0250015241223576
core9,core9,cnt,8,leave_one_block_out,5,1.00288946739783,0.0372159249180791
core9,core9,cnt,8,leave_one_block_out,6,0.684057463406835,0.236776022599536
core9,core9,cnt,8,leave_one_block_out,7,0.0550928697673717,-0.0320604878479045
core9,core9,cnt,8,leave_one_block_out,8,1.30112111986482,0.114442358763256
core9,core9,cnt,8,leave_one_block_out,9,4.3896347681556,0.468744420708349
core9,core9,cnt,9,sequential,2,2.46363724440016,0.130600338815382
core9,core9,cnt,9,sequential,3,6.0243363090162,0.399041838037674
core9,core9,cnt,9,sequential,4,1.06286262185148,0.0367880593003099
core9,core9,cnt,9,sequential,5,2.98123123300854,0.280129536610418
core9,core9,cnt,9,sequential,6,0.0608422495330579,-0.0107539121025
core9,core9,cnt,9,sequential,7,0.459789880492575,0.0241879478412864
core9,core9,cnt,9,sequential,8,1.72497196462056,0.27697371411254
core9,core9,cnt,9,sequential,9,4.04521248934749,0.46632688294143
core9,core9,cnt,9,sequential,10,-0.00793667865405107,-0.00702697211401437
core9,core9,cnt,9,leave_one_block_out,1,19.4690788447453,0.870392952263343
core9,core9,cnt,9,leave_one_block_out,2,-0.603233145991587,-0.290255450530804
core9,core9,cnt,9,leave_one_block_out,3,-0.057265339357189,-0.00782156425386127
core9,core9,cnt,9,leave_one_block_out,4,-0.58196006608737,-0.0142665461107334
core9,core9,cnt,9,leave_one_block_out,5,1.29428949121696,0.128300534743287
core9,core9,cnt,9,leave_one_block_out,6,0.664358256238733,0.213004460710883
core9,core9,cnt,9,leave_one_block_out,7,-0.0279563390538848,-0.0509149185982016
core9,core9,cnt,9,leave_one_block_out,8,1.26378493229416,0.20656058400495
core9,core9,cnt,9,leave_one_block_out,9,4.04521248934749,0.46632688294143
core9,core9,ticket,0,sequential,2,1.42580949874126,0.17883057237371
core9,core9,ticket,0,sequential,3,0.329748455123866,0.0599041728446548
core9,core9,ticket,0,sequential,4,0.527624542141138,0.093183798406088
core9,core9,ticket,0,sequential,5,0.24352109923283,0.0229824201649909
core9,core9,ticket,0,sequential,6,0.543269930873799,0.114188363638825
core9,core9,ticket,0,sequential,7,0.0896686726774371,0.000704584106874684
core9,core9,ticket,0,sequential,8,-0.0748523390558503,-0.0363472530682993
core9,core9,ticket,0,sequential,9,-0.221648073495308,-0.0913255171119884
core9,core9,ticket,0,sequential,10,0.0735363782631351,0.0252257144662752
core9,core9,ticket,0,leave_one_block_out,1,0.0177250273829532,0.00883281482580445
core9,core9,ticket,0,leave_one_block_out,2,0.462340857143693,0.100269275167494
core9,core9,ticket,0,leave_one_block_out,3,-0.30300147043171,-0.0328116807917709
core9,core9,ticket,0,leave_one_block_out,4,-0.237711818105957,-0.0431906694192008
core9,core9,ticket,0,leave_one_block_out,5,-0.134396069894954,-0.0293180495032919
core9,core9,ticket,0,leave_one_block_out,6,0.405043970476762,0.0393097451840726
core9,core9,ticket,0,leave_one_block_out,7,-0.0633573788122066,-0.00839103085891746
core9,core9,ticket,0,leave_one_block_out,8,-0.515482500509761,-0.166501303943682
core9,core9,ticket,0,leave_one_block_out,9,-0.221648073495308,-0.0913255171119884
core9,core9,ticket,1,sequential,2,1.34594030781572,0.16562873028828
core9,core9,ticket,1,sequential,3,0.252310859357832,0.0510084490617588
core9,core9,ticket,1,sequential,4,0.922794340845012,0.131604330166441
core9,core9,ticket,1,sequential,5,0.349865019263926,0.037487849150285
core9,core9,ticket,1,sequential,6,0.504917563563163,0.10863641187597
core9,core9,ticket,1,sequential,7,-0.0128481703078831,-0.00982928328374277
core9,core9,ticket,1,sequential,8,-0.286667665712949,-0.0687474599214504
core9,core9,ticket,1,sequential,9,0.164132837601985,0.0178993012307367
core9,core9,ticket,1,sequential,10,0.0456823657643504,0.016956911475693
core9,core9,ticket,1,leave_one_block_out,1,-0.0510237757652188,0.00598929609124921
core9,core9,ticket,1,leave_one_block_out,2,0.131091744527401,0.0317789905847343
core9,core9,ticket,1,leave_one_block_out,3,0.0456696852434463,0.0238916316992643
core9,core9,ticket,1,leave_one_block_out,4,0.0140537287054557,0.0102426834175925
core9,core9,ticket,1,leave_one_block_out,5,-0.0127033118137831,0.00819001967184696
core9,core9,ticket,1,leave_one_block_out,6,0.588081807182814,0.0726755366343314
core9,core9,ticket,1,leave_one_block_out,7,-0.0417791575384172,-0.0108753564399062
core9,core9,ticket,1,leave_one_block_out,8,-0.285215550760906,-0.071710659113509
core9,core9,ticket,1,leave_one_block_out,9,0.164132837601985,0.0178993012307367
core9,core9,ticket,2,sequential,2,1.3367244145243,0.174483397699663
core9,core9,ticket,2,sequential,3,0.274376816625595,0.0360000297886549
core9,core9,ticket,2,sequential,4,0.706364826260092,0.106023152492751
core9,core9,ticket,2,sequential,5,0.324335907533023,0.0330745618450652
core9,core9,ticket,2,sequential,6,0.175047305036027,0.0346319104890369
core9,core9,ticket,2,sequential,7,-0.013426187156261,-0.0176699656634987
core9,core9,ticket,2,sequential,8,-0.121262573183334,-0.00901338489691139
core9,core9,ticket,2,sequential,9,-0.052590671775897,-0.0679850878582493
core9,core9,ticket,2,sequential,10,0.0326562129785365,0.0181804620643445
core9,core9,ticket,2,leave_one_block_out,1,-0.0943096136948249,8.55129068093596e-05
core9,core9,ticket,2,leave_one_block_out,2,0.132818995559533,0.0193190983187053
core9,core9,ticket,2,leave_one_block_out,3,-0.0259842009331532,0.00948341097858874
core9,core9,ticket,2,leave_one_block_out,4,-0.28014429089453,-0.0593872584853199
core9,core9,ticket,2,leave_one_block_out,5,-0.131510022152737,-0.020115565354486
core9,core9,ticket,2,leave_one_block_out,6,0.497066542392749,0.0650885370518954
core9,core9,ticket,2,leave_one_block_out,7,-0.0597025918020785,-0.0064632819204189
core9,core9,ticket,2,leave_one_block_out,8,-0.701143040889112,-0.183616753617422
core9,core9,ticket,2,leave_one_block_out,9,-0.052590671775897,-0.0679850878582493
core9,core9,ticket,3,sequential,2,1.48881624946487,0.198560952534634
core9,core9,ticket,3,sequential,3,0.282278085343551,0.0519017196286198
core9,core9,ticket,3,sequential,4,0.725277971756749,0.104223717630348
core9,core9,ticket,3,sequential,5,0.292170974679265,0.0414933050009205
core9,core9,ticket,3,sequential,6,0.431981290477118,0.0947308577618371
core9,core9,ticket,3,sequential,7,0.0257857544020496,-9.74326468354825e-05
core9,core9,ticket,3,sequential,8,-0.105391274065261,-0.0430571101720811
core9,core9,ticket,3,sequential,9,0.0684065196954978,-0.016755812436672
core9,core9,ticket,3,sequential,10,-0.0692365765789946,-0.00494610133172957
core9,core9,ticket,3,leave_one_block_out,1,-0.0334264339813775,-0.0142612896005054
core9,core9,ticket,3,leave_one_block_out,2,0.435838503030829,0.0721456386488188
core9,core9,ticket,3,leave_one_block_out,3,-0.0604248211201808,0.0165850368913462
core9,core9,ticket,3,leave_one_block_out,4,-0.0947053371958634,-0.0301658066045409
core9,core9,ticket,3,leave_one_block_out,5,-0.0703477757512463,-0.0171434447230572
core9,core9,ticket,3,leave_one_block_out,6,0.658333278602573,0.10596132536437
core9,core9,ticket,3,leave_one_block_out,7,-0.0241686360798729,-0.00867493426625154
core9,core9,ticket,3,leave_one_block_out,8,-0.249004772198234,-0.092770524752122
core9,core9,ticket,3,leave_one_block_out,9,0.0684065196954978,-0.016755812436672
core9,core9,ticket,4,sequential,2,1.46132889747801,0.187870773421735
core9,core9,ticket,4,sequential,3,0.265900455896295,0.0623861345045224
core9,core9,ticket,4,sequential,4,0.700389417687729,0.0967092408562777
core9,core9,ticket,4,sequential,5,0.397674454728572,0.0582741555517097
core9,core9,ticket,4,sequential,6,0.205127377888396,0.0454727514440038
core9,core9,ticket,4,sequential,7,0.03137518315037,-0.0133788163388957
core9,core9,ticket,4,sequential,8,-0.0767859887915029,-0.00810911320623586
core9,core9,ticket,4,sequential,9,0.169696179633209,-0.0217920343663431
core9,core9,ticket,4,sequential,10,-0.02630183535305,0.00648697285111255
core9,core9,ticket,4,leave_one_block_out,1,-0.0107475866731196,0.000791938383277735
core9,core9,ticket,4,leave_one_block_out,2,0.103298690234092,0.0396563353982727
core9,core9,ticket,4,leave_one_block_out,3,0.194378675416389,0.0460272549409215
core9,core9,ticket,4,leave_one_block_out,4,0.119834643018686,-0.00740756365374073
core9,core9,ticket,4,leave_one_block_out,5,0.0174144090107922,-0.00238053394444893
core9,core9,ticket,4,leave_one_block_out,6,0.459186494861981,0.0724483312132839
core9,core9,ticket,4,leave_one_block_out,7,-0.081895584995148,-0.0156878335569188
core9,core9,ticket,4,leave_one_block_out,8,-0.296355524890801,-0.0740182396162812
core9,core9,ticket,4,leave_one_block_out,9,0.169696179633209,-0.0217920343663431
core9,core9,ticket,5,sequential,2,1.4663977626571,0.188303135789151
core9,core9,ticket,5,sequential,3,0.259148973529265,0.0475640396938912
core9,core9,ticket,5,sequential,4,0.647618893861855,0.103058598036231
core9,core9,ticket,5,sequential,5,0.474019463103816,0.0543356844979279
core9,core9,ticket,5,sequential,6,0.535396447866632,0.106218675351474
core9,core9,ticket,5,sequential,7,-0.0307599929575783,-0.0176344250348348
core9,core9,ticket,5,sequential,8,0.0389818089167715,0.00607579904619759
core9,core9,ticket,5,sequential,9,0.1549787313763,-0.0207089956351085
core9,core9,ticket,5,sequential,10,-0.0512405095567922,0.00733983542148642
core9,core9,ticket,5,leave_one_block_out,1,0.019534544854595,-0.00306725326746493
core9,core9,ticket,5,leave_one_block_out,2,0.306147189662569,0.0602283028269938
core9,core9,ticket,5,leave_one_block_out,3,0.0868453856441354,0.0140633805017312
core9,core9,ticket,5,leave_one_block_out,4,0.117028073432067,0.0220462127977219
core9,core9,ticket,5,leave_one_block_out,5,0.018907784782532,-0.00140101402390092
core9,core9,ticket,5,leave_one_block_out,6,0.609358454574754,0.0874924825798695
core9,core9,ticket,5,leave_one_block_out,7,-0.0248535277279582,-0.012701342687129
core9,core9,ticket,5,leave_one_block_out,8,-0.139326624690371,-0.0816725698403733
core9,core9,ticket,5,leave_one_block_out,9,0.1549787313763,-0.0207089956351085
core9,core9,ticket,6,sequential,2,1.25148287554637,0.161161800356269
core9,core9,ticket,6,sequential,3,0.270940266255888,0.0501879521708993
core9,core9,ticket,6,sequential,4,0.852683854473009,0.130922468815962
core9,core9,ticket,6,sequential,5,0.350346954949267,0.0401698029093948
core9,core9,ticket,6,sequential,6,0.438252267233714,0.104659097252902
core9,core9,ticket,6,sequential,7,-0.0231896080183355,-0.0144356846007978
core9,core9,ticket,6,sequential,8,0.0827145403533389,0.0256900826983902
core9,core9,ticket,6,sequential,9,-0.290733647821895,-0.103471821123365
core9,core9,ticket,6,sequential,10,-0.0341810653537652,0.0126584642772849
core9,core9,ticket,6,leave_one_block_out,1,-0.0600852812588773,-0.0183652899907611
core9,core9,ticket,6,leave_one_block_out,2,0.325558110415673,0.0636462532855208
core9,core9,ticket,6,leave_one_block_out,3,0.00657874684557441,0.0138133263539038
core9,core9,ticket,6,leave_one_block_out,4,-0.0104935306356177,-0.0197884883734636
core9,core9,ticket,6,leave_one_block_out,5,-0.0254177089189886,0.000712404328647054
core9,core9,ticket,6,leave_one_block_out,6,0.706820145156947,0.107878240516449
core9,core9,ticket,6,leave_one_block_out,7,0.00997646845615624,-0.00308628701885461
core9,core9,ticket,6,leave_one_block_out,8,-0.286912884424528,-0.0788452940744819
core9,core9,ticket,6,leave_one_block_out,9,-0.290733647821895,-0.103471821123365
core9,core9,ticket,7,sequential,2,1.35913045883988,0.169897471053279
core9,core9,ticket,7,sequential,3,0.245524798603568,0.0508841906630563
core9,core9,ticket,7,sequential,4,0.982619235015578,0.14529304329479
core9,core9,ticket,7,sequential,5,0.244373097458922,0.0141829213265315
core9,core9,ticket,7,sequential,6,0.527120877282153,0.10644747872715
core9,core9,ticket,7,sequential,7,0.00163512271846022,-0.00685002938684165
core9,core9,ticket,7,sequential,8,0.0167664867972664,0.0333111876239525
core9,core9,ticket,7,sequential,9,0.250243756429736,0.00895087377480974
core9,core9,ticket,7,sequential,10,0.00451499722722987,0.00586120362303011
core9,core9,ticket,7,leave_one_block_out,1,-0.0769934030236341,-0.0120186805600142
core9,core9,ticket,7,leave_one_block_out,2,0.162699854414045,0.0331686536724763
core9,core9,ticket,7,leave_one_block_out,3,0.21621425106495,0.0551254027859359
core9,core9,ticket,7,leave_one_block_out,4,0.302190218154567,0.0432542717245858
core9,core9,ticket,7,leave_one_block_out,5,-0.0135480967173612,-0.00246831326192321
core9,core9,ticket,7,leave_one_block_out,6,0.637105535186287,0.109762985191472
core9,core9,ticket,7,leave_one_block_out,7,-0.0868231926757349,-0.0220423703383539
core9,core9,ticket,7,leave_one_block_out,8,-0.155520851992121,-0.0432698354332128
core9,core9,ticket,7,leave_one_block_out,9,0.250243756429736,0.00895087377480974
core9,core9,ticket,8,sequential,2,1.41811098945429,0.194044088089696
core9,core9,ticket,8,sequential,3,0.207066902994013,0.0423020302907431
core9,core9,ticket,8,sequential,4,0.902925280251113,0.110696954900504
core9,core9,ticket,8,sequential,5,0.247097497052683,0.0282664173088828
core9,core9,ticket,8,sequential,6,0.252152493840598,0.0656824332400912
core9,core9,ticket,8,sequential,7,0.0192778883493186,-0.0116226532850729
core9,core9,ticket,8,sequential,8,-0.433663186935318,-0.0476358560607479
core9,core9,ticket,8,sequential,9,0.108827432425392,-0.00749715532360407
core9,core9,ticket,8,sequential,10,0.0119987429152021,0.0191250281143929
core9,core9,ticket,8,leave_one_block_out,1,-0.0658880122918024,-0.0228844090360831
core9,core9,ticket,8,leave_one_block_out,2,-0.200049833432976,0.0284363442240644
core9,core9,ticket,8,leave_one_block_out,3,-0.0575284376212917,0.0119918308910021
core9,core9,ticket,8,leave_one_block_out,4,-0.0902709054890191,-0.00487055735340447
core9,core9,ticket,8,leave_one_block_out,5,-0.0725900742648569,-0.0035834120544771
core9,core9,ticket,8,leave_one_block_out,6,0.391685710621506,0.044586307496441
core9,core9,ticket,8,leave_one_block_out,7,-0.0733019912548982,-0.0125533900300625
core9,core9,ticket,8,leave_one_block_out,8,-0.37604622325654,-0.0675797002718121
core9,core9,ticket,8,leave_one_block_out,9,0.108827432425392,-0.00749715532360407
core9,core9,ticket,9,sequential,2,1.30640843509503,0.160077815533537
core9,core9,ticket,9,sequential,3,0.270763910126211,0.0554950620932148
core9,core9,ticket,9,sequential,4,0.84985452822985,0.13265480187894
core9,core9,ticket,9,sequential,5,0.294758829816205,0.035759073385081
core9,core9,ticket,9,sequential,6,0.49957682366181,0.111452009316774
core9,core9,ticket,9,sequential,7,0.0904902168122265,0.000774542269276091
core9,core9,ticket,9,sequential,8,0.0308298825689113,0.0180037205023058
core9,core9,ticket,9,sequential,9,0.209208464693965,0.0199121828628902
core9,core9,ticket,9,sequential,10,-0.0765737732873834,-0.00375500416757757
core9,core9,ticket,9,leave_one_block_out,1,0.021946628227297,0.012505571214292
core9,core9,ticket,9,leave_one_block_out,2,0.112850708545048,0.0479135750629823
core9,core9,ticket,9,leave_one_block_out,3,0.0207339272986329,0.0274025545118752
core9,core9,ticket,9,leave_one_block_out,4,0.0470806052094333,0.0056417877049556
core9,core9,ticket,9,leave_one_block_out,5,0.0808119165922994,0.00918530802375261
core9,core9,ticket,9,leave_one_block_out,6,0.842304662774965,0.149165363118911
core9,core9,ticket,9,leave_one_block_out,7,-0.0364832487936478,0.00192757074165606
core9,core9,ticket,9,leave_one_block_out,8,-0.225908631295586,-0.0406291755273722
core9,core9,ticket,9,leave_one_block_out,9,0.209208464693965,0.0199121828628902
