scope,model,family,feature,first_block
core9,M1,log_ridge_smear,log_population,1
core9,M2,log_ridge_smear,log_population,1
core9,M2,log_ridge_smear,share_u20,2
core9,M2,log_ridge_smear,share_20s,2
core9,M2,log_ridge_smear,share_30s,2
core9,M2,log_ridge_smear,share_40s,2
core9,M2,log_ridge_smear,share_50s,2
core9,M2,log_ridge_smear,female_share,2
core9,M2,log_ridge_smear,hh1_share,2
core9,M2,log_ridge_smear,hh2_share,2
core9,M3,log_ridge_smear,log_population,1
core9,M3,log_ridge_smear,share_u20,2
core9,M3,log_ridge_smear,share_20s,2
core9,M3,log_ridge_smear,share_30s,2
core9,M3,log_ridge_smear,share_40s,2
core9,M3,log_ridge_smear,share_50s,2
core9,M3,log_ridge_smear,female_share,2
core9,M3,log_ridge_smear,hh1_share,2
core9,M3,log_ridge_smear,hh2_share,2
core9,M3,log_ridge_smear,log_est_per_population,3
core9,M3,log_ridge_smear,log_emp_per_population,3
core9,M4,log_ridge_smear,log_population,1
core9,M4,log_ridge_smear,share_u20,2
core9,M4,log_ridge_smear,share_20s,2
core9,M4,log_ridge_smear,share_30s,2
core9,M4,log_ridge_smear,share_40s,2
core9,M4,log_ridge_smear,share_50s,2
core9,M4,log_ridge_smear,female_share,2
core9,M4,log_ridge_smear,hh1_share,2
core9,M4,log_ridge_smear,hh2_share,2
core9,M4,log_ridge_smear,log_est_per_population,3
core9,M4,log_ridge_smear,log_emp_per_population,3
core9,M4,log_ridge_smear,est_share_G,4
core9,M4,log_ridge_smear,est_share_I,4
core9,M4,log_ridge_smear,emp_share_G,4
core9,M4,log_ridge_smear,emp_share_I,4
core9,M4,log_ridge_smear,emp_share_C,4
core9,M4,log_ridge_smear,emp_share_M,4
core9,M5,log_ridge_smear,log_population,1
core9,M5,log_ridge_smear,share_u20,2
core9,M5,log_ridge_smear,share_20s,2
core9,M5,log_ridge_smear,share_30s,2
core9,M5,log_ridge_smear,share_40s,2
core9,M5,log_ridge_smear,share_50s,2
core9,M5,log_ridge_smear,female_share,2
core9,M5,log_ridge_smear,hh1_share,2
core9,M5,log_ridge_smear,hh2_share,2
core9,M5,log_ridge_smear,log_est_per_population,3
core9,M5,log_ridge_smear,log_emp_per_population,3
core9,M5,log_ridge_smear,est_share_G,4
core9,M5,log_ridge_smear,est_share_I,4
core9,M5,log_ridge_smear,emp_share_G,4
core9,M5,log_ridge_smear,emp_share_I,4
core9,M5,log_ridge_smear,emp_share_C,4
core9,M5,log_ridge_smear,emp_share_M,4
core9,M5,log_ridge_smear,log_inflow_per_population,5
core9,M5,log_ridge_smear,log_in_out_ratio,5
core9,M6,log_ridge_smear,log_population,1
core9,M6,log_ridge_smear,share_u20,2
core9,M6,log_ridge_smear,share_20s,2
core9,M6,log_ridge_smear,share_30s,2
core9,M6,log_ridge_smear,share_40s,2
core9,M6,log_ridge_smear,share_50s,2
core9,M6,log_ridge_smear,female_share,2
core9,M6,log_ridge_smear,hh1_share,2
core9,M6,log_ridge_smear,hh2_share,2
core9,M6,log_ridge_smear,log_est_per_population,3
core9,M6,log_ridge_smear,log_emp_per_population,3
core9,M6,log_ridge_smear,est_share_G,4
core9,M6,log_ridge_smear,est_share_I,4
core9,M6,log_ridge_smear,emp_share_G,4
core9,M6,log_ridge_smear,emp_share_I,4
core9,M6,log_ridge_smear,emp_share_C,4
core9,M6,log_ridge_smear,emp_share_M,4
core9,M6,log_ridge_smear,log_inflow_per_population,5
core9,M6,log_ridge_smear,log_in_out_ratio,5
core9,M6,log_ridge_smear,supply_narrow_4004,6
core9,M6,log_ridge_smear,supply_narrow_4010,6
core9,M6,log_ridge_smear,supply_narrow_4020,6
core9,M6,log_ridge_smear,supply_narrow_8001,6
core9,M6,log_ridge_smear,supply_narrow_8004,6
core9,M6,log_ridge_smear,supply_narrow_8005,6
core9,M6,log_ridge_smear,supply_narrow_8006,6
core9,M6,log_ridge_smear,supply_narrow_8021,6
core9,M6,log_ridge_smear,supply_narrow_8301,6
core9,M7,log_ridge_smear,log_population,1
core9,M7,log_ridge_smear,share_u20,2
core9,M7,log_ridge_smear,share_20s,2
core9,M7,log_ridge_smear,share_30s,2
core9,M7,log_ridge_smear,share_40s,2
core9,M7,log_ridge_smear,share_50s,2
core9,M7,log_ridge_smear,female_share,2
core9,M7,log_ridge_smear,hh1_share,2
core9,M7,log_ridge_smear,hh2_share,2
core9,M7,log_ridge_smear,log_est_per_population,3
core9,M7,log_ridge_smear,log_emp_per_population,3
core9,M7,log_ridge_smear,est_share_G,4
core9,M7,log_ridge_smear,est_share_I,4
core9,M7,log_ridge_smear,emp_share_G,4
core9,M7,log_ridge_smear,emp_share_I,4
core9,M7,log_ridge_smear,emp_share_C,4
core9,M7,log_ridge_smear,emp_share_M,4
core9,M7,log_ridge_smear,log_inflow_per_population,5
core9,M7,log_ridge_smear,log_in_out_ratio,5
core9,M7,log_ridge_smear,supply_narrow_4004,6
core9,M7,log_ridge_smear,supply_narrow_4010,6
core9,M7,log_ridge_smear,supply_narrow_4020,6
core9,M7,log_ridge_smear,supply_narrow_8001,6
core9,M7,log_ridge_smear,supply_narrow_8004,6
core9,M7,log_ridge_smear,supply_narrow_8005,6
core9,M7,log_ridge_smear,supply_narrow_8006,6
core9,M7,log_ridge_smear,supply_narrow_8021,6
core9,M7,log_ridge_smear,supply_narrow_8301,6
core9,M7,log_ridge_smear,log_residence_mean_pay,7
core9,M7,log_ridge_smear,residence_filer_population_ratio,7
core9,M7,log_ridge_smear,residence_parent_shared,7
core9,M8,log_ridge_smear,log_population,1
core9,M8,log_ridge_smear,share_u20,2
core9,M8,log_ridge_smear,share_20s,2
core9,M8,log_ridge_smear,share_30s,2
core9,M8,log_ridge_smear,share_40s,2
core9,M8,log_ridge_smear,share_50s,2
core9,M8,log_ridge_smear,female_share,2
core9,M8,log_ridge_smear,hh1_share,2
core9,M8,log_ridge_smear,hh2_share,2
core9,M8,log_ridge_smear,log_est_per_population,3
core9,M8,log_ridge_smear,log_emp_per_population,3
core9,M8,log_ridge_smear,est_share_G,4
core9,M8,log_ridge_smear,est_share_I,4
core9,M8,log_ridge_smear,emp_share_G,4
core9,M8,log_ridge_smear,emp_share_I,4
core9,M8,log_ridge_smear,emp_share_C,4
core9,M8,log_ridge_smear,emp_share_M,4
core9,M8,log_ridge_smear,log_inflow_per_population,5
core9,M8,log_ridge_smear,log_in_out_ratio,5
core9,M8,log_ridge_smear,supply_narrow_4004,6
core9,M8,log_ridge_smear,supply_narrow_4010,6
core9,M8,log_ridge_smear,supply_narrow_4020,6
core9,M8,log_ridge_smear,supply_narrow_8001,6
core9,M8,log_ridge_smear,supply_narrow_8004,6
core9,M8,log_ridge_smear,supply_narrow_8005,6
core9,M8,log_ridge_smear,supply_narrow_8006,6
core9,M8,log_ridge_smear,supply_narrow_8021,6
core9,M8,log_ridge_smear,supply_narrow_8301,6
core9,M8,log_ridge_smear,log_residence_mean_pay,7
core9,M8,log_ridge_smear,residence_filer_population_ratio,7
core9,M8,log_ridge_smear,residence_parent_shared,7
core9,M8,log_ridge_smear,log_population_density,8
core9,M8,log_ridge_smear,land_building_share,8
core9,M8,log_ridge_smear,land_factory_share,8
core9,M8,log_ridge_smear,land_farm_forest_share,8
core9,M8,log_ridge_smear,urban_area_ratio,8
core9,M8,log_ridge_smear,urban_population_ratio,8
core9,M8,log_ridge_smear,urban_residential_share,8
core9,M8,log_ridge_smear,urban_commercial_share,8
core9,M8,log_ridge_smear,urban_industrial_share,8
core9,M8,log_ridge_smear,urban_parent_shared,8
core9,M8,log_ridge_smear,admin_type,8
core9,M9,log_ridge_smear,log_population,1
core9,M9,log_ridge_smear,share_u20,2
core9,M9,log_ridge_smear,share_20s,2
core9,M9,log_ridge_smear,share_30s,2
core9,M9,log_ridge_smear,share_40s,2
core9,M9,log_ridge_smear,share_50s,2
core9,M9,log_ridge_smear,female_share,2
core9,M9,log_ridge_smear,hh1_share,2
core9,M9,log_ridge_smear,hh2_share,2
core9,M9,log_ridge_smear,log_est_per_population,3
core9,M9,log_ridge_smear,log_emp_per_population,3
core9,M9,log_ridge_smear,est_share_G,4
core9,M9,log_ridge_smear,est_share_I,4
core9,M9,log_ridge_smear,emp_share_G,4
core9,M9,log_ridge_smear,emp_share_I,4
core9,M9,log_ridge_smear,emp_share_C,4
core9,M9,log_ridge_smear,emp_share_M,4
core9,M9,log_ridge_smear,log_inflow_per_population,5
core9,M9,log_ridge_smear,log_in_out_ratio,5
core9,M9,log_ridge_smear,supply_narrow_4004,6
core9,M9,log_ridge_smear,supply_narrow_4010,6
core9,M9,log_ridge_smear,supply_narrow_4020,6
core9,M9,log_ridge_smear,supply_narrow_8001,6
core9,M9,log_ridge_smear,supply_narrow_8004,6
core9,M9,log_ridge_smear,supply_narrow_8005,6
core9,M9,log_ridge_smear,supply_narrow_8006,6
core9,M9,log_ridge_smear,supply_narrow_8021,6
core9,M9,log_ridge_smear,supply_narrow_8301,6
core9,M9,log_ridge_smear,log_residence_mean_pay,7
core9,M9,log_ridge_smear,residence_filer_population_ratio,7
core9,M9,log_ridge_smear,residence_parent_shared,7
core9,M9,log_ridge_smear,log_population_density,8
core9,M9,log_ridge_smear,land_building_share,8
core9,M9,log_ridge_smear,land_factory_share,8
core9,M9,log_ridge_smear,land_farm_forest_share,8
core9,M9,log_ridge_smear,urban_area_ratio,8
core9,M9,log_ridge_smear,urban_population_ratio,8
core9,M9,log_ridge_smear,urban_residential_share,8
core9,M9,log_ridge_smear,urban_commercial_share,8
core9,M9,log_ridge_smear,urban_industrial_share,8
core9,M9,log_ridge_smear,urban_parent_shared,8
core9,M9,log_ridge_smear,admin_type,8
core9,M9,log_ridge_smear,SIDO_NM,9
core9,without_M1,log_ridge_smear,share_u20,2
core9,without_M1,log_ridge_smear,share_20s,2
core9,without_M1,log_ridge_smear,share_30s,2
core9,without_M1,log_ridge_smear,share_40s,2
core9,without_M1,log_ridge_smear,share_50s,2
core9,without_M1,log_ridge_smear,female_share,2
core9,without_M1,log_ridge_smear,hh1_share,2
core9,without_M1,log_ridge_smear,hh2_share,2
core9,without_M1,log_ridge_smear,log_est_per_population,3
core9,without_M1,log_ridge_smear,log_emp_per_population,3
core9,without_M1,log_ridge_smear,est_share_G,4
core9,without_M1,log_ridge_smear,est_share_I,4
core9,without_M1,log_ridge_smear,emp_share_G,4
core9,without_M1,log_ridge_smear,emp_share_I,4
core9,without_M1,log_ridge_smear,emp_share_C,4
core9,without_M1,log_ridge_smear,emp_share_M,4
core9,without_M1,log_ridge_smear,log_inflow_per_population,5
core9,without_M1,log_ridge_smear,log_in_out_ratio,5
core9,without_M1,log_ridge_smear,supply_narrow_4004,6
core9,without_M1,log_ridge_smear,supply_narrow_4010,6
core9,without_M1,log_ridge_smear,supply_narrow_4020,6
core9,without_M1,log_ridge_smear,supply_narrow_8001,6
core9,without_M1,log_ridge_smear,supply_narrow_8004,6
core9,without_M1,log_ridge_smear,supply_narrow_8005,6
core9,without_M1,log_ridge_smear,supply_narrow_8006,6
core9,without_M1,log_ridge_smear,supply_narrow_8021,6
core9,without_M1,log_ridge_smear,supply_narrow_8301,6
core9,without_M1,log_ridge_smear,log_residence_mean_pay,7
core9,without_M1,log_ridge_smear,residence_filer_population_ratio,7
core9,without_M1,log_ridge_smear,residence_parent_shared,7
core9,without_M1,log_ridge_smear,log_population_density,8
core9,without_M1,log_ridge_smear,land_building_share,8
core9,without_M1,log_ridge_smear,land_factory_share,8
core9,without_M1,log_ridge_smear,land_farm_forest_share,8
core9,without_M1,log_ridge_smear,urban_area_ratio,8
core9,without_M1,log_ridge_smear,urban_population_ratio,8
core9,without_M1,log_ridge_smear,urban_residential_share,8
core9,without_M1,log_ridge_smear,urban_commercial_share,8
core9,without_M1,log_ridge_smear,urban_industrial_share,8
core9,without_M1,log_ridge_smear,urban_parent_shared,8
core9,without_M1,log_ridge_smear,admin_type,8
core9,without_M1,log_ridge_smear,SIDO_NM,9
core9,without_M2,log_ridge_smear,log_population,1
core9,without_M2,log_ridge_smear,log_est_per_population,3
core9,without_M2,log_ridge_smear,log_emp_per_population,3
core9,without_M2,log_ridge_smear,est_share_G,4
core9,without_M2,log_ridge_smear,est_share_I,4
core9,without_M2,log_ridge_smear,emp_share_G,4
core9,without_M2,log_ridge_smear,emp_share_I,4
core9,without_M2,log_ridge_smear,emp_share_C,4
core9,without_M2,log_ridge_smear,emp_share_M,4
core9,without_M2,log_ridge_smear,log_inflow_per_population,5
core9,without_M2,log_ridge_smear,log_in_out_ratio,5
core9,without_M2,log_ridge_smear,supply_narrow_4004,6
core9,without_M2,log_ridge_smear,supply_narrow_4010,6
core9,without_M2,log_ridge_smear,supply_narrow_4020,6
core9,without_M2,log_ridge_smear,supply_narrow_8001,6
core9,without_M2,log_ridge_smear,supply_narrow_8004,6
core9,without_M2,log_ridge_smear,supply_narrow_8005,6
core9,without_M2,log_ridge_smear,supply_narrow_8006,6
core9,without_M2,log_ridge_smear,supply_narrow_8021,6
core9,without_M2,log_ridge_smear,supply_narrow_8301,6
core9,without_M2,log_ridge_smear,log_residence_mean_pay,7
core9,without_M2,log_ridge_smear,residence_filer_population_ratio,7
core9,without_M2,log_ridge_smear,residence_parent_shared,7
core9,without_M2,log_ridge_smear,log_population_density,8
core9,without_M2,log_ridge_smear,land_building_share,8
core9,without_M2,log_ridge_smear,land_factory_share,8
core9,without_M2,log_ridge_smear,land_farm_forest_share,8
core9,without_M2,log_ridge_smear,urban_area_ratio,8
core9,without_M2,log_ridge_smear,urban_population_ratio,8
core9,without_M2,log_ridge_smear,urban_residential_share,8
core9,without_M2,log_ridge_smear,urban_commercial_share,8
core9,without_M2,log_ridge_smear,urban_industrial_share,8
core9,without_M2,log_ridge_smear,urban_parent_shared,8
core9,without_M2,log_ridge_smear,admin_type,8
core9,without_M2,log_ridge_smear,SIDO_NM,9
core9,without_M3,log_ridge_smear,log_population,1
core9,without_M3,log_ridge_smear,share_u20,2
core9,without_M3,log_ridge_smear,share_20s,2
core9,without_M3,log_ridge_smear,share_30s,2
core9,without_M3,log_ridge_smear,share_40s,2
core9,without_M3,log_ridge_smear,share_50s,2
core9,without_M3,log_ridge_smear,female_share,2
core9,without_M3,log_ridge_smear,hh1_share,2
core9,without_M3,log_ridge_smear,hh2_share,2
core9,without_M3,log_ridge_smear,est_share_G,4
core9,without_M3,log_ridge_smear,est_share_I,4
core9,without_M3,log_ridge_smear,emp_share_G,4
core9,without_M3,log_ridge_smear,emp_share_I,4
core9,without_M3,log_ridge_smear,emp_share_C,4
core9,without_M3,log_ridge_smear,emp_share_M,4
core9,without_M3,log_ridge_smear,log_inflow_per_population,5
core9,without_M3,log_ridge_smear,log_in_out_ratio,5
core9,without_M3,log_ridge_smear,supply_narrow_4004,6
core9,without_M3,log_ridge_smear,supply_narrow_4010,6
core9,without_M3,log_ridge_smear,supply_narrow_4020,6
core9,without_M3,log_ridge_smear,supply_narrow_8001,6
core9,without_M3,log_ridge_smear,supply_narrow_8004,6
core9,without_M3,log_ridge_smear,supply_narrow_8005,6
core9,without_M3,log_ridge_smear,supply_narrow_8006,6
core9,without_M3,log_ridge_smear,supply_narrow_8021,6
core9,without_M3,log_ridge_smear,supply_narrow_8301,6
core9,without_M3,log_ridge_smear,log_residence_mean_pay,7
core9,without_M3,log_ridge_smear,residence_filer_population_ratio,7
core9,without_M3,log_ridge_smear,residence_parent_shared,7
core9,without_M3,log_ridge_smear,log_population_density,8
core9,without_M3,log_ridge_smear,land_building_share,8
core9,without_M3,log_ridge_smear,land_factory_share,8
core9,without_M3,log_ridge_smear,land_farm_forest_share,8
core9,without_M3,log_ridge_smear,urban_area_ratio,8
core9,without_M3,log_ridge_smear,urban_population_ratio,8
core9,without_M3,log_ridge_smear,urban_residential_share,8
core9,without_M3,log_ridge_smear,urban_commercial_share,8
core9,without_M3,log_ridge_smear,urban_industrial_share,8
core9,without_M3,log_ridge_smear,urban_parent_shared,8
core9,without_M3,log_ridge_smear,admin_type,8
core9,without_M3,log_ridge_smear,SIDO_NM,9
core9,without_M4,log_ridge_smear,log_population,1
core9,without_M4,log_ridge_smear,share_u20,2
core9,without_M4,log_ridge_smear,share_20s,2
core9,without_M4,log_ridge_smear,share_30s,2
core9,without_M4,log_ridge_smear,share_40s,2
core9,without_M4,log_ridge_smear,share_50s,2
core9,without_M4,log_ridge_smear,female_share,2
core9,without_M4,log_ridge_smear,hh1_share,2
core9,without_M4,log_ridge_smear,hh2_share,2
core9,without_M4,log_ridge_smear,log_est_per_population,3
core9,without_M4,log_ridge_smear,log_emp_per_population,3
core9,without_M4,log_ridge_smear,log_inflow_per_population,5
core9,without_M4,log_ridge_smear,log_in_out_ratio,5
core9,without_M4,log_ridge_smear,supply_narrow_4004,6
core9,without_M4,log_ridge_smear,supply_narrow_4010,6
core9,without_M4,log_ridge_smear,supply_narrow_4020,6
core9,without_M4,log_ridge_smear,supply_narrow_8001,6
core9,without_M4,log_ridge_smear,supply_narrow_8004,6
core9,without_M4,log_ridge_smear,supply_narrow_8005,6
core9,without_M4,log_ridge_smear,supply_narrow_8006,6
core9,without_M4,log_ridge_smear,supply_narrow_8021,6
core9,without_M4,log_ridge_smear,supply_narrow_8301,6
core9,without_M4,log_ridge_smear,log_residence_mean_pay,7
core9,without_M4,log_ridge_smear,residence_filer_population_ratio,7
core9,without_M4,log_ridge_smear,residence_parent_shared,7
core9,without_M4,log_ridge_smear,log_population_density,8
core9,without_M4,log_ridge_smear,land_building_share,8
core9,without_M4,log_ridge_smear,land_factory_share,8
core9,without_M4,log_ridge_smear,land_farm_forest_share,8
core9,without_M4,log_ridge_smear,urban_area_ratio,8
core9,without_M4,log_ridge_smear,urban_population_ratio,8
core9,without_M4,log_ridge_smear,urban_residential_share,8
core9,without_M4,log_ridge_smear,urban_commercial_share,8
core9,without_M4,log_ridge_smear,urban_industrial_share,8
core9,without_M4,log_ridge_smear,urban_parent_shared,8
core9,without_M4,log_ridge_smear,admin_type,8
core9,without_M4,log_ridge_smear,SIDO_NM,9
core9,without_M5,log_ridge_smear,log_population,1
core9,without_M5,log_ridge_smear,share_u20,2
core9,without_M5,log_ridge_smear,share_20s,2
core9,without_M5,log_ridge_smear,share_30s,2
core9,without_M5,log_ridge_smear,share_40s,2
core9,without_M5,log_ridge_smear,share_50s,2
core9,without_M5,log_ridge_smear,female_share,2
core9,without_M5,log_ridge_smear,hh1_share,2
core9,without_M5,log_ridge_smear,hh2_share,2
core9,without_M5,log_ridge_smear,log_est_per_population,3
core9,without_M5,log_ridge_smear,log_emp_per_population,3
core9,without_M5,log_ridge_smear,est_share_G,4
core9,without_M5,log_ridge_smear,est_share_I,4
core9,without_M5,log_ridge_smear,emp_share_G,4
core9,without_M5,log_ridge_smear,emp_share_I,4
core9,without_M5,log_ridge_smear,emp_share_C,4
core9,without_M5,log_ridge_smear,emp_share_M,4
core9,without_M5,log_ridge_smear,supply_narrow_4004,6
core9,without_M5,log_ridge_smear,supply_narrow_4010,6
core9,without_M5,log_ridge_smear,supply_narrow_4020,6
core9,without_M5,log_ridge_smear,supply_narrow_8001,6
core9,without_M5,log_ridge_smear,supply_narrow_8004,6
core9,without_M5,log_ridge_smear,supply_narrow_8005,6
core9,without_M5,log_ridge_smear,supply_narrow_8006,6
core9,without_M5,log_ridge_smear,supply_narrow_8021,6
core9,without_M5,log_ridge_smear,supply_narrow_8301,6
core9,without_M5,log_ridge_smear,log_residence_mean_pay,7
core9,without_M5,log_ridge_smear,residence_filer_population_ratio,7
core9,without_M5,log_ridge_smear,residence_parent_shared,7
core9,without_M5,log_ridge_smear,log_population_density,8
core9,without_M5,log_ridge_smear,land_building_share,8
core9,without_M5,log_ridge_smear,land_factory_share,8
core9,without_M5,log_ridge_smear,land_farm_forest_share,8
core9,without_M5,log_ridge_smear,urban_area_ratio,8
core9,without_M5,log_ridge_smear,urban_population_ratio,8
core9,without_M5,log_ridge_smear,urban_residential_share,8
core9,without_M5,log_ridge_smear,urban_commercial_share,8
core9,without_M5,log_ridge_smear,urban_industrial_share,8
core9,without_M5,log_ridge_smear,urban_parent_shared,8
core9,without_M5,log_ridge_smear,admin_type,8
core9,without_M5,log_ridge_smear,SIDO_NM,9
core9,without_M6,log_ridge_smear,log_population,1
core9,without_M6,log_ridge_smear,share_u20,2
core9,without_M6,log_ridge_smear,share_20s,2
core9,without_M6,log_ridge_smear,share_30s,2
core9,without_M6,log_ridge_smear,share_40s,2
core9,without_M6,log_ridge_smear,share_50s,2
core9,without_M6,log_ridge_smear,female_share,2
core9,without_M6,log_ridge_smear,hh1_share,2
core9,without_M6,log_ridge_smear,hh2_share,2
core9,without_M6,log_ridge_smear,log_est_per_population,3
core9,without_M6,log_ridge_smear,log_emp_per_population,3
core9,without_M6,log_ridge_smear,est_share_G,4
core9,without_M6,log_ridge_smear,est_share_I,4
core9,without_M6,log_ridge_smear,emp_share_G,4
core9,without_M6,log_ridge_smear,emp_share_I,4
core9,without_M6,log_ridge_smear,emp_share_C,4
core9,without_M6,log_ridge_smear,emp_share_M,4
core9,without_M6,log_ridge_smear,log_inflow_per_population,5
core9,without_M6,log_ridge_smear,log_in_out_ratio,5
core9,without_M6,log_ridge_smear,log_residence_mean_pay,7
core9,without_M6,log_ridge_smear,residence_filer_population_ratio,7
core9,without_M6,log_ridge_smear,residence_parent_shared,7
core9,without_M6,log_ridge_smear,log_population_density,8
core9,without_M6,log_ridge_smear,land_building_share,8
core9,without_M6,log_ridge_smear,land_factory_share,8
core9,without_M6,log_ridge_smear,land_farm_forest_share,8
core9,without_M6,log_ridge_smear,urban_area_ratio,8
core9,without_M6,log_ridge_smear,urban_population_ratio,8
core9,without_M6,log_ridge_smear,urban_residential_share,8
core9,without_M6,log_ridge_smear,urban_commercial_share,8
core9,without_M6,log_ridge_smear,urban_industrial_share,8
core9,without_M6,log_ridge_smear,urban_parent_shared,8
core9,without_M6,log_ridge_smear,admin_type,8
core9,without_M6,log_ridge_smear,SIDO_NM,9
core9,without_M7,log_ridge_smear,log_population,1
core9,without_M7,log_ridge_smear,share_u20,2
core9,without_M7,log_ridge_smear,share_20s,2
core9,without_M7,log_ridge_smear,share_30s,2
core9,without_M7,log_ridge_smear,share_40s,2
core9,without_M7,log_ridge_smear,share_50s,2
core9,without_M7,log_ridge_smear,female_share,2
core9,without_M7,log_ridge_smear,hh1_share,2
core9,without_M7,log_ridge_smear,hh2_share,2
core9,without_M7,log_ridge_smear,log_est_per_population,3
core9,without_M7,log_ridge_smear,log_emp_per_population,3
core9,without_M7,log_ridge_smear,est_share_G,4
core9,without_M7,log_ridge_smear,est_share_I,4
core9,without_M7,log_ridge_smear,emp_share_G,4
core9,without_M7,log_ridge_smear,emp_share_I,4
core9,without_M7,log_ridge_smear,emp_share_C,4
core9,without_M7,log_ridge_smear,emp_share_M,4
core9,without_M7,log_ridge_smear,log_inflow_per_population,5
core9,without_M7,log_ridge_smear,log_in_out_ratio,5
core9,without_M7,log_ridge_smear,supply_narrow_4004,6
core9,without_M7,log_ridge_smear,supply_narrow_4010,6
core9,without_M7,log_ridge_smear,supply_narrow_4020,6
core9,without_M7,log_ridge_smear,supply_narrow_8001,6
core9,without_M7,log_ridge_smear,supply_narrow_8004,6
core9,without_M7,log_ridge_smear,supply_narrow_8005,6
core9,without_M7,log_ridge_smear,supply_narrow_8006,6
core9,without_M7,log_ridge_smear,supply_narrow_8021,6
core9,without_M7,log_ridge_smear,supply_narrow_8301,6
core9,without_M7,log_ridge_smear,log_population_density,8
core9,without_M7,log_ridge_smear,land_building_share,8
core9,without_M7,log_ridge_smear,land_factory_share,8
core9,without_M7,log_ridge_smear,land_farm_forest_share,8
core9,without_M7,log_ridge_smear,urban_area_ratio,8
core9,without_M7,log_ridge_smear,urban_population_ratio,8
core9,without_M7,log_ridge_smear,urban_residential_share,8
core9,without_M7,log_ridge_smear,urban_commercial_share,8
core9,without_M7,log_ridge_smear,urban_industrial_share,8
core9,without_M7,log_ridge_smear,urban_parent_shared,8
core9,without_M7,log_ridge_smear,admin_type,8
core9,without_M7,log_ridge_smear,SIDO_NM,9
core9,without_M8,log_ridge_smear,log_population,1
core9,without_M8,log_ridge_smear,share_u20,2
core9,without_M8,log_ridge_smear,share_20s,2
core9,without_M8,log_ridge_smear,share_30s,2
core9,without_M8,log_ridge_smear,share_40s,2
core9,without_M8,log_ridge_smear,share_50s,2
core9,without_M8,log_ridge_smear,female_share,2
core9,without_M8,log_ridge_smear,hh1_share,2
core9,without_M8,log_ridge_smear,hh2_share,2
core9,without_M8,log_ridge_smear,log_est_per_population,3
core9,without_M8,log_ridge_smear,log_emp_per_population,3
core9,without_M8,log_ridge_smear,est_share_G,4
core9,without_M8,log_ridge_smear,est_share_I,4
core9,without_M8,log_ridge_smear,emp_share_G,4
core9,without_M8,log_ridge_smear,emp_share_I,4
core9,without_M8,log_ridge_smear,emp_share_C,4
core9,without_M8,log_ridge_smear,emp_share_M,4
core9,without_M8,log_ridge_smear,log_inflow_per_population,5
core9,without_M8,log_ridge_smear,log_in_out_ratio,5
core9,without_M8,log_ridge_smear,supply_narrow_4004,6
core9,without_M8,log_ridge_smear,supply_narrow_4010,6
core9,without_M8,log_ridge_smear,supply_narrow_4020,6
core9,without_M8,log_ridge_smear,supply_narrow_8001,6
core9,without_M8,log_ridge_smear,supply_narrow_8004,6
core9,without_M8,log_ridge_smear,supply_narrow_8005,6
core9,without_M8,log_ridge_smear,supply_narrow_8006,6
core9,without_M8,log_ridge_smear,supply_narrow_8021,6
core9,without_M8,log_ridge_smear,supply_narrow_8301,6
core9,without_M8,log_ridge_smear,log_residence_mean_pay,7
core9,without_M8,log_ridge_smear,residence_filer_population_ratio,7
core9,without_M8,log_ridge_smear,residence_parent_shared,7
core9,without_M8,log_ridge_smear,SIDO_NM,9
core9,without_M9,log_ridge_smear,log_population,1
core9,without_M9,log_ridge_smear,share_u20,2
core9,without_M9,log_ridge_smear,share_20s,2
core9,without_M9,log_ridge_smear,share_30s,2
core9,without_M9,log_ridge_smear,share_40s,2
core9,without_M9,log_ridge_smear,share_50s,2
core9,without_M9,log_ridge_smear,female_share,2
core9,without_M9,log_ridge_smear,hh1_share,2
core9,without_M9,log_ridge_smear,hh2_share,2
core9,without_M9,log_ridge_smear,log_est_per_population,3
core9,without_M9,log_ridge_smear,log_emp_per_population,3
core9,without_M9,log_ridge_smear,est_share_G,4
core9,without_M9,log_ridge_smear,est_share_I,4
core9,without_M9,log_ridge_smear,emp_share_G,4
core9,without_M9,log_ridge_smear,emp_share_I,4
core9,without_M9,log_ridge_smear,emp_share_C,4
core9,without_M9,log_ridge_smear,emp_share_M,4
core9,without_M9,log_ridge_smear,log_inflow_per_population,5
core9,without_M9,log_ridge_smear,log_in_out_ratio,5
core9,without_M9,log_ridge_smear,supply_narrow_4004,6
core9,without_M9,log_ridge_smear,supply_narrow_4010,6
core9,without_M9,log_ridge_smear,supply_narrow_4020,6
core9,without_M9,log_ridge_smear,supply_narrow_8001,6
core9,without_M9,log_ridge_smear,supply_narrow_8004,6
core9,without_M9,log_ridge_smear,supply_narrow_8005,6
core9,without_M9,log_ridge_smear,supply_narrow_8006,6
core9,without_M9,log_ridge_smear,supply_narrow_8021,6
core9,without_M9,log_ridge_smear,supply_narrow_8301,6
core9,without_M9,log_ridge_smear,log_residence_mean_pay,7
core9,without_M9,log_ridge_smear,residence_filer_population_ratio,7
core9,without_M9,log_ridge_smear,residence_parent_shared,7
core9,without_M9,log_ridge_smear,log_population_density,8
core9,without_M9,log_ridge_smear,land_building_share,8
core9,without_M9,log_ridge_smear,land_factory_share,8
core9,without_M9,log_ridge_smear,land_farm_forest_share,8
core9,without_M9,log_ridge_smear,urban_area_ratio,8
core9,without_M9,log_ridge_smear,urban_population_ratio,8
core9,without_M9,log_ridge_smear,urban_residential_share,8
core9,without_M9,log_ridge_smear,urban_commercial_share,8
core9,without_M9,log_ridge_smear,urban_industrial_share,8
core9,without_M9,log_ridge_smear,urban_parent_shared,8
core9,without_M9,log_ridge_smear,admin_type,8
core9,M9_workplace,log_ridge_smear,log_population,1
core9,M9_workplace,log_ridge_smear,share_u20,2
core9,M9_workplace,log_ridge_smear,share_20s,2
core9,M9_workplace,log_ridge_smear,share_30s,2
core9,M9_workplace,log_ridge_smear,share_40s,2
core9,M9_workplace,log_ridge_smear,share_50s,2
core9,M9_workplace,log_ridge_smear,female_share,2
core9,M9_workplace,log_ridge_smear,hh1_share,2
core9,M9_workplace,log_ridge_smear,hh2_share,2
core9,M9_workplace,log_ridge_smear,log_est_per_population,3
core9,M9_workplace,log_ridge_smear,log_emp_per_population,3
core9,M9_workplace,log_ridge_smear,est_share_G,4
core9,M9_workplace,log_ridge_smear,est_share_I,4
core9,M9_workplace,log_ridge_smear,emp_share_G,4
core9,M9_workplace,log_ridge_smear,emp_share_I,4
core9,M9_workplace,log_ridge_smear,emp_share_C,4
core9,M9_workplace,log_ridge_smear,emp_share_M,4
core9,M9_workplace,log_ridge_smear,log_inflow_per_population,5
core9,M9_workplace,log_ridge_smear,log_in_out_ratio,5
core9,M9_workplace,log_ridge_smear,supply_narrow_4004,6
core9,M9_workplace,log_ridge_smear,supply_narrow_4010,6
core9,M9_workplace,log_ridge_smear,supply_narrow_4020,6
core9,M9_workplace,log_ridge_smear,supply_narrow_8001,6
core9,M9_workplace,log_ridge_smear,supply_narrow_8004,6
core9,M9_workplace,log_ridge_smear,supply_narrow_8005,6
core9,M9_workplace,log_ridge_smear,supply_narrow_8006,6
core9,M9_workplace,log_ridge_smear,supply_narrow_8021,6
core9,M9_workplace,log_ridge_smear,supply_narrow_8301,6
core9,M9_workplace,log_ridge_smear,log_residence_mean_pay,7
core9,M9_workplace,log_ridge_smear,residence_filer_population_ratio,7
core9,M9_workplace,log_ridge_smear,residence_parent_shared,7
core9,M9_workplace,log_ridge_smear,log_population_density,8
core9,M9_workplace,log_ridge_smear,land_building_share,8
core9,M9_workplace,log_ridge_smear,land_factory_share,8
core9,M9_workplace,log_ridge_smear,land_farm_forest_share,8
core9,M9_workplace,log_ridge_smear,urban_area_ratio,8
core9,M9_workplace,log_ridge_smear,urban_population_ratio,8
core9,M9_workplace,log_ridge_smear,urban_residential_share,8
core9,M9_workplace,log_ridge_smear,urban_commercial_share,8
core9,M9_workplace,log_ridge_smear,urban_industrial_share,8
core9,M9_workplace,log_ridge_smear,urban_parent_shared,8
core9,M9_workplace,log_ridge_smear,log_workplace_mean_pay,10
core9,M9_workplace,log_ridge_smear,admin_type,8
core9,M9_workplace,log_ridge_smear,SIDO_NM,9
core9,M9_broad_supply,log_ridge_smear,log_population,1
core9,M9_broad_supply,log_ridge_smear,share_u20,2
core9,M9_broad_supply,log_ridge_smear,share_20s,2
core9,M9_broad_supply,log_ridge_smear,share_30s,2
core9,M9_broad_supply,log_ridge_smear,share_40s,2
core9,M9_broad_supply,log_ridge_smear,share_50s,2
core9,M9_broad_supply,log_ridge_smear,female_share,2
core9,M9_broad_supply,log_ridge_smear,hh1_share,2
core9,M9_broad_supply,log_ridge_smear,hh2_share,2
core9,M9_broad_supply,log_ridge_smear,log_est_per_population,3
core9,M9_broad_supply,log_ridge_smear,log_emp_per_population,3
core9,M9_broad_supply,log_ridge_smear,est_share_G,4
core9,M9_broad_supply,log_ridge_smear,est_share_I,4
core9,M9_broad_supply,log_ridge_smear,emp_share_G,4
core9,M9_broad_supply,log_ridge_smear,emp_share_I,4
core9,M9_broad_supply,log_ridge_smear,emp_share_C,4
core9,M9_broad_supply,log_ridge_smear,emp_share_M,4
core9,M9_broad_supply,log_ridge_smear,log_inflow_per_population,5
core9,M9_broad_supply,log_ridge_smear,log_in_out_ratio,5
core9,M9_broad_supply,log_ridge_smear,supply_broad_4004,6
core9,M9_broad_supply,log_ridge_smear,supply_broad_4010,6
core9,M9_broad_supply,log_ridge_smear,supply_broad_4020,6
core9,M9_broad_supply,log_ridge_smear,supply_broad_8001,6
core9,M9_broad_supply,log_ridge_smear,supply_broad_8004,6
core9,M9_broad_supply,log_ridge_smear,supply_broad_8005,6
core9,M9_broad_supply,log_ridge_smear,supply_broad_8006,6
core9,M9_broad_supply,log_ridge_smear,supply_broad_8021,6
core9,M9_broad_supply,log_ridge_smear,supply_broad_8301,6
core9,M9_broad_supply,log_ridge_smear,log_residence_mean_pay,7
core9,M9_broad_supply,log_ridge_smear,residence_filer_population_ratio,7
core9,M9_broad_supply,log_ridge_smear,residence_parent_shared,7
core9,M9_broad_supply,log_ridge_smear,log_population_density,8
core9,M9_broad_supply,log_ridge_smear,land_building_share,8
core9,M9_broad_supply,log_ridge_smear,land_factory_share,8
core9,M9_broad_supply,log_ridge_smear,land_farm_forest_share,8
core9,M9_broad_supply,log_ridge_smear,urban_area_ratio,8
core9,M9_broad_supply,log_ridge_smear,urban_population_ratio,8
core9,M9_broad_supply,log_ridge_smear,urban_residential_share,8
core9,M9_broad_supply,log_ridge_smear,urban_commercial_share,8
core9,M9_broad_supply,log_ridge_smear,urban_industrial_share,8
core9,M9_broad_supply,log_ridge_smear,urban_parent_shared,8
core9,M9_broad_supply,log_ridge_smear,admin_type,8
core9,M9_broad_supply,log_ridge_smear,SIDO_NM,9
core9,M9_alpha10,log_ridge_smear,log_population,1
core9,M9_alpha10,log_ridge_smear,share_u20,2
core9,M9_alpha10,log_ridge_smear,share_20s,2
core9,M9_alpha10,log_ridge_smear,share_30s,2
core9,M9_alpha10,log_ridge_smear,share_40s,2
core9,M9_alpha10,log_ridge_smear,share_50s,2
core9,M9_alpha10,log_ridge_smear,female_share,2
core9,M9_alpha10,log_ridge_smear,hh1_share,2
core9,M9_alpha10,log_ridge_smear,hh2_share,2
core9,M9_alpha10,log_ridge_smear,log_est_per_population,3
core9,M9_alpha10,log_ridge_smear,log_emp_per_population,3
core9,M9_alpha10,log_ridge_smear,est_share_G,4
core9,M9_alpha10,log_ridge_smear,est_share_I,4
core9,M9_alpha10,log_ridge_smear,emp_share_G,4
core9,M9_alpha10,log_ridge_smear,emp_share_I,4
core9,M9_alpha10,log_ridge_smear,emp_share_C,4
core9,M9_alpha10,log_ridge_smear,emp_share_M,4
core9,M9_alpha10,log_ridge_smear,log_inflow_per_population,5
core9,M9_alpha10,log_ridge_smear,log_in_out_ratio,5
core9,M9_alpha10,log_ridge_smear,supply_narrow_4004,6
core9,M9_alpha10,log_ridge_smear,supply_narrow_4010,6
core9,M9_alpha10,log_ridge_smear,supply_narrow_4020,6
core9,M9_alpha10,log_ridge_smear,supply_narrow_8001,6
core9,M9_alpha10,log_ridge_smear,supply_narrow_8004,6
core9,M9_alpha10,log_ridge_smear,supply_narrow_8005,6
core9,M9_alpha10,log_ridge_smear,supply_narrow_8006,6
core9,M9_alpha10,log_ridge_smear,supply_narrow_8021,6
core9,M9_alpha10,log_ridge_smear,supply_narrow_8301,6
core9,M9_alpha10,log_ridge_smear,log_residence_mean_pay,7
core9,M9_alpha10,log_ridge_smear,residence_filer_population_ratio,7
core9,M9_alpha10,log_ridge_smear,residence_parent_shared,7
core9,M9_alpha10,log_ridge_smear,log_population_density,8
core9,M9_alpha10,log_ridge_smear,land_building_share,8
core9,M9_alpha10,log_ridge_smear,land_factory_share,8
core9,M9_alpha10,log_ridge_smear,land_farm_forest_share,8
core9,M9_alpha10,log_ridge_smear,urban_area_ratio,8
core9,M9_alpha10,log_ridge_smear,urban_population_ratio,8
core9,M9_alpha10,log_ridge_smear,urban_residential_share,8
core9,M9_alpha10,log_ridge_smear,urban_commercial_share,8
core9,M9_alpha10,log_ridge_smear,urban_industrial_share,8
core9,M9_alpha10,log_ridge_smear,urban_parent_shared,8
core9,M9_alpha10,log_ridge_smear,admin_type,8
core9,M9_alpha10,log_ridge_smear,SIDO_NM,9
core9,M9_taxable_pay,log_ridge_smear,log_population,1
core9,M9_taxable_pay,log_ridge_smear,share_u20,2
core9,M9_taxable_pay,log_ridge_smear,share_20s,2
core9,M9_taxable_pay,log_ridge_smear,share_30s,2
core9,M9_taxable_pay,log_ridge_smear,share_40s,2
core9,M9_taxable_pay,log_ridge_smear,share_50s,2
core9,M9_taxable_pay,log_ridge_smear,female_share,2
core9,M9_taxable_pay,log_ridge_smear,hh1_share,2
core9,M9_taxable_pay,log_ridge_smear,hh2_share,2
core9,M9_taxable_pay,log_ridge_smear,log_est_per_population,3
core9,M9_taxable_pay,log_ridge_smear,log_emp_per_population,3
core9,M9_taxable_pay,log_ridge_smear,est_share_G,4
core9,M9_taxable_pay,log_ridge_smear,est_share_I,4
core9,M9_taxable_pay,log_ridge_smear,emp_share_G,4
core9,M9_taxable_pay,log_ridge_smear,emp_share_I,4
core9,M9_taxable_pay,log_ridge_smear,emp_share_C,4
core9,M9_taxable_pay,log_ridge_smear,emp_share_M,4
core9,M9_taxable_pay,log_ridge_smear,log_inflow_per_population,5
core9,M9_taxable_pay,log_ridge_smear,log_in_out_ratio,5
core9,M9_taxable_pay,log_ridge_smear,supply_narrow_4004,6
core9,M9_taxable_pay,log_ridge_smear,supply_narrow_4010,6
core9,M9_taxable_pay,log_ridge_smear,supply_narrow_4020,6
core9,M9_taxable_pay,log_ridge_smear,supply_narrow_8001,6
core9,M9_taxable_pay,log_ridge_smear,supply_narrow_8004,6
core9,M9_taxable_pay,log_ridge_smear,supply_narrow_8005,6
core9,M9_taxable_pay,log_ridge_smear,supply_narrow_8006,6
core9,M9_taxable_pay,log_ridge_smear,supply_narrow_8021,6
core9,M9_taxable_pay,log_ridge_smear,supply_narrow_8301,6
core9,M9_taxable_pay,log_ridge_smear,log_residence_mean_tax_pay,9
core9,M9_taxable_pay,log_ridge_smear,residence_filer_population_ratio,7
core9,M9_taxable_pay,log_ridge_smear,residence_parent_shared,7
core9,M9_taxable_pay,log_ridge_smear,log_population_density,8
core9,M9_taxable_pay,log_ridge_smear,land_building_share,8
core9,M9_taxable_pay,log_ridge_smear,land_factory_share,8
core9,M9_taxable_pay,log_ridge_smear,land_farm_forest_share,8
core9,M9_taxable_pay,log_ridge_smear,urban_area_ratio,8
core9,M9_taxable_pay,log_ridge_smear,urban_population_ratio,8
core9,M9_taxable_pay,log_ridge_smear,urban_residential_share,8
core9,M9_taxable_pay,log_ridge_smear,urban_commercial_share,8
core9,M9_taxable_pay,log_ridge_smear,urban_industrial_share,8
core9,M9_taxable_pay,log_ridge_smear,urban_parent_shared,8
core9,M9_taxable_pay,log_ridge_smear,admin_type,8
core9,M9_taxable_pay,log_ridge_smear,SIDO_NM,9
core9,M1,raw_ridge,population,1
core9,M2,raw_ridge,population,1
core9,M2,raw_ridge,share_u20,2
core9,M2,raw_ridge,share_20s,2
core9,M2,raw_ridge,share_30s,2
core9,M2,raw_ridge,share_40s,2
core9,M2,raw_ridge,share_50s,2
core9,M2,raw_ridge,female_share,2
core9,M2,raw_ridge,hh1_share,2
core9,M2,raw_ridge,hh2_share,2
core9,M3,raw_ridge,population,1
core9,M3,raw_ridge,share_u20,2
core9,M3,raw_ridge,share_20s,2
core9,M3,raw_ridge,share_30s,2
core9,M3,raw_ridge,share_40s,2
core9,M3,raw_ridge,share_50s,2
core9,M3,raw_ridge,female_share,2
core9,M3,raw_ridge,hh1_share,2
core9,M3,raw_ridge,hh2_share,2
core9,M3,raw_ridge,est_0,3
core9,M3,raw_ridge,emp_0,3
core9,M4,raw_ridge,population,1
core9,M4,raw_ridge,share_u20,2
core9,M4,raw_ridge,share_20s,2
core9,M4,raw_ridge,share_30s,2
core9,M4,raw_ridge,share_40s,2
core9,M4,raw_ridge,share_50s,2
core9,M4,raw_ridge,female_share,2
core9,M4,raw_ridge,hh1_share,2
core9,M4,raw_ridge,hh2_share,2
core9,M4,raw_ridge,est_0,3
core9,M4,raw_ridge,emp_0,3
core9,M4,raw_ridge,est_share_G,4
core9,M4,raw_ridge,est_share_I,4
core9,M4,raw_ridge,emp_share_G,4
core9,M4,raw_ridge,emp_share_I,4
core9,M4,raw_ridge,emp_share_C,4
core9,M4,raw_ridge,emp_share_M,4
core9,M5,raw_ridge,population,1
core9,M5,raw_ridge,share_u20,2
core9,M5,raw_ridge,share_20s,2
core9,M5,raw_ridge,share_30s,2
core9,M5,raw_ridge,share_40s,2
core9,M5,raw_ridge,share_50s,2
core9,M5,raw_ridge,female_share,2
core9,M5,raw_ridge,hh1_share,2
core9,M5,raw_ridge,hh2_share,2
core9,M5,raw_ridge,est_0,3
core9,M5,raw_ridge,emp_0,3
core9,M5,raw_ridge,est_share_G,4
core9,M5,raw_ridge,est_share_I,4
core9,M5,raw_ridge,emp_share_G,4
core9,M5,raw_ridge,emp_share_I,4
core9,M5,raw_ridge,emp_share_C,4
core9,M5,raw_ridge,emp_share_M,4
core9,M5,raw_ridge,inflow,5
core9,M5,raw_ridge,outflow,5
core9,M9,raw_ridge,population,1
core9,M9,raw_ridge,share_u20,2
core9,M9,raw_ridge,share_20s,2
core9,M9,raw_ridge,share_30s,2
core9,M9,raw_ridge,share_40s,2
core9,M9,raw_ridge,share_50s,2
core9,M9,raw_ridge,female_share,2
core9,M9,raw_ridge,hh1_share,2
core9,M9,raw_ridge,hh2_share,2
core9,M9,raw_ridge,est_0,3
core9,M9,raw_ridge,emp_0,3
core9,M9,raw_ridge,est_share_G,4
core9,M9,raw_ridge,est_share_I,4
core9,M9,raw_ridge,emp_share_G,4
core9,M9,raw_ridge,emp_share_I,4
core9,M9,raw_ridge,emp_share_C,4
core9,M9,raw_ridge,emp_share_M,4
core9,M9,raw_ridge,inflow,5
core9,M9,raw_ridge,outflow,5
core9,M9,raw_ridge,supply_narrow_4004,6
core9,M9,raw_ridge,supply_narrow_4010,6
core9,M9,raw_ridge,supply_narrow_4020,6
core9,M9,raw_ridge,supply_narrow_8001,6
core9,M9,raw_ridge,supply_narrow_8004,6
core9,M9,raw_ridge,supply_narrow_8005,6
core9,M9,raw_ridge,supply_narrow_8006,6
core9,M9,raw_ridge,supply_narrow_8021,6
core9,M9,raw_ridge,supply_narrow_8301,6
core9,M9,raw_ridge,log_residence_mean_pay,7
core9,M9,raw_ridge,residence_filer_population_ratio,7
core9,M9,raw_ridge,residence_parent_shared,7
core9,M9,raw_ridge,log_population_density,8
core9,M9,raw_ridge,land_building_share,8
core9,M9,raw_ridge,land_factory_share,8
core9,M9,raw_ridge,land_farm_forest_share,8
core9,M9,raw_ridge,urban_area_ratio,8
core9,M9,raw_ridge,urban_population_ratio,8
core9,M9,raw_ridge,urban_residential_share,8
core9,M9,raw_ridge,urban_commercial_share,8
core9,M9,raw_ridge,urban_industrial_share,8
core9,M9,raw_ridge,urban_parent_shared,8
core9,M9,raw_ridge,admin_type,8
core9,M9,raw_ridge,SIDO_NM,9
core9,M9_mall_area,log_ridge_smear,log_population,1
core9,M9_mall_area,log_ridge_smear,share_u20,2
core9,M9_mall_area,log_ridge_smear,share_20s,2
core9,M9_mall_area,log_ridge_smear,share_30s,2
core9,M9_mall_area,log_ridge_smear,share_40s,2
core9,M9_mall_area,log_ridge_smear,share_50s,2
core9,M9_mall_area,log_ridge_smear,female_share,2
core9,M9_mall_area,log_ridge_smear,hh1_share,2
core9,M9_mall_area,log_ridge_smear,hh2_share,2
core9,M9_mall_area,log_ridge_smear,log_est_per_population,3
core9,M9_mall_area,log_ridge_smear,log_emp_per_population,3
core9,M9_mall_area,log_ridge_smear,est_share_G,4
core9,M9_mall_area,log_ridge_smear,est_share_I,4
core9,M9_mall_area,log_ridge_smear,emp_share_G,4
core9,M9_mall_area,log_ridge_smear,emp_share_I,4
core9,M9_mall_area,log_ridge_smear,emp_share_C,4
core9,M9_mall_area,log_ridge_smear,emp_share_M,4
core9,M9_mall_area,log_ridge_smear,log_inflow_per_population,5
core9,M9_mall_area,log_ridge_smear,log_in_out_ratio,5
core9,M9_mall_area,log_ridge_smear,supply_narrow_4004,6
core9,M9_mall_area,log_ridge_smear,supply_narrow_4010,6
core9,M9_mall_area,log_ridge_smear,supply_narrow_4020,6
core9,M9_mall_area,log_ridge_smear,supply_narrow_8001,6
core9,M9_mall_area,log_ridge_smear,supply_narrow_8004,6
core9,M9_mall_area,log_ridge_smear,supply_narrow_8005,6
core9,M9_mall_area,log_ridge_smear,supply_narrow_8006,6
core9,M9_mall_area,log_ridge_smear,supply_narrow_8021,6
core9,M9_mall_area,log_ridge_smear,supply_narrow_8301,6
core9,M9_mall_area,log_ridge_smear,log_residence_mean_pay,7
core9,M9_mall_area,log_ridge_smear,residence_filer_population_ratio,7
core9,M9_mall_area,log_ridge_smear,residence_parent_shared,7
core9,M9_mall_area,log_ridge_smear,log_population_density,8
core9,M9_mall_area,log_ridge_smear,land_building_share,8
core9,M9_mall_area,log_ridge_smear,land_factory_share,8
core9,M9_mall_area,log_ridge_smear,land_farm_forest_share,8
core9,M9_mall_area,log_ridge_smear,urban_area_ratio,8
core9,M9_mall_area,log_ridge_smear,urban_population_ratio,8
core9,M9_mall_area,log_ridge_smear,urban_residential_share,8
core9,M9_mall_area,log_ridge_smear,urban_commercial_share,8
core9,M9_mall_area,log_ridge_smear,urban_industrial_share,8
core9,M9_mall_area,log_ridge_smear,urban_parent_shared,8
core9,M9_mall_area,log_ridge_smear,log_mall_area_per_population,9
core9,M9_mall_area,log_ridge_smear,mall_narrow_area_missing_rate,9
core9,M9_mall_area,log_ridge_smear,admin_type,8
core9,M9_mall_area,log_ridge_smear,SIDO_NM,9
core9,M9_current_stores,log_ridge_smear,log_population,1
core9,M9_current_stores,log_ridge_smear,share_u20,2
core9,M9_current_stores,log_ridge_smear,share_20s,2
core9,M9_current_stores,log_ridge_smear,share_30s,2
core9,M9_current_stores,log_ridge_smear,share_40s,2
core9,M9_current_stores,log_ridge_smear,share_50s,2
core9,M9_current_stores,log_ridge_smear,female_share,2
core9,M9_current_stores,log_ridge_smear,hh1_share,2
core9,M9_current_stores,log_ridge_smear,hh2_share,2
core9,M9_current_stores,log_ridge_smear,log_est_per_population,3
core9,M9_current_stores,log_ridge_smear,log_emp_per_population,3
core9,M9_current_stores,log_ridge_smear,est_share_G,4
core9,M9_current_stores,log_ridge_smear,est_share_I,4
core9,M9_current_stores,log_ridge_smear,emp_share_G,4
core9,M9_current_stores,log_ridge_smear,emp_share_I,4
core9,M9_current_stores,log_ridge_smear,emp_share_C,4
core9,M9_current_stores,log_ridge_smear,emp_share_M,4
core9,M9_current_stores,log_ridge_smear,log_inflow_per_population,5
core9,M9_current_stores,log_ridge_smear,log_in_out_ratio,5
core9,M9_current_stores,log_ridge_smear,supply_strict_4004,9
core9,M9_current_stores,log_ridge_smear,supply_narrow_4010,6
core9,M9_current_stores,log_ridge_smear,supply_narrow_4020,6
core9,M9_current_stores,log_ridge_smear,supply_narrow_8001,6
core9,M9_current_stores,log_ridge_smear,supply_narrow_8004,6
core9,M9_current_stores,log_ridge_smear,supply_narrow_8005,6
core9,M9_current_stores,log_ridge_smear,supply_narrow_8006,6
core9,M9_current_stores,log_ridge_smear,supply_narrow_8021,6
core9,M9_current_stores,log_ridge_smear,supply_narrow_8301,6
core9,M9_current_stores,log_ridge_smear,log_residence_mean_pay,7
core9,M9_current_stores,log_ridge_smear,residence_filer_population_ratio,7
core9,M9_current_stores,log_ridge_smear,residence_parent_shared,7
core9,M9_current_stores,log_ridge_smear,log_population_density,8
core9,M9_current_stores,log_ridge_smear,land_building_share,8
core9,M9_current_stores,log_ridge_smear,land_factory_share,8
core9,M9_current_stores,log_ridge_smear,land_farm_forest_share,8
core9,M9_current_stores,log_ridge_smear,urban_area_ratio,8
core9,M9_current_stores,log_ridge_smear,urban_population_ratio,8
core9,M9_current_stores,log_ridge_smear,urban_residential_share,8
core9,M9_current_stores,log_ridge_smear,urban_commercial_share,8
core9,M9_current_stores,log_ridge_smear,urban_industrial_share,8
core9,M9_current_stores,log_ridge_smear,urban_parent_shared,8
core9,M9_current_stores,log_ridge_smear,admin_type,8
core9,M9_current_stores,log_ridge_smear,SIDO_NM,9
all11_observed,M1,log_ridge_smear,log_population,1
all11_observed,M2,log_ridge_smear,log_population,1
all11_observed,M2,log_ridge_smear,share_u20,2
all11_observed,M2,log_ridge_smear,share_20s,2
all11_observed,M2,log_ridge_smear,share_30s,2
all11_observed,M2,log_ridge_smear,share_40s,2
all11_observed,M2,log_ridge_smear,share_50s,2
all11_observed,M2,log_ridge_smear,female_share,2
all11_observed,M2,log_ridge_smear,hh1_share,2
all11_observed,M2,log_ridge_smear,hh2_share,2
all11_observed,M3,log_ridge_smear,log_population,1
all11_observed,M3,log_ridge_smear,share_u20,2
all11_observed,M3,log_ridge_smear,share_20s,2
all11_observed,M3,log_ridge_smear,share_30s,2
all11_observed,M3,log_ridge_smear,share_40s,2
all11_observed,M3,log_ridge_smear,share_50s,2
all11_observed,M3,log_ridge_smear,female_share,2
all11_observed,M3,log_ridge_smear,hh1_share,2
all11_observed,M3,log_ridge_smear,hh2_share,2
all11_observed,M3,log_ridge_smear,log_est_per_population,3
all11_observed,M3,log_ridge_smear,log_emp_per_population,3
all11_observed,M4,log_ridge_smear,log_population,1
all11_observed,M4,log_ridge_smear,share_u20,2
all11_observed,M4,log_ridge_smear,share_20s,2
all11_observed,M4,log_ridge_smear,share_30s,2
all11_observed,M4,log_ridge_smear,share_40s,2
all11_observed,M4,log_ridge_smear,share_50s,2
all11_observed,M4,log_ridge_smear,female_share,2
all11_observed,M4,log_ridge_smear,hh1_share,2
all11_observed,M4,log_ridge_smear,hh2_share,2
all11_observed,M4,log_ridge_smear,log_est_per_population,3
all11_observed,M4,log_ridge_smear,log_emp_per_population,3
all11_observed,M4,log_ridge_smear,est_share_G,4
all11_observed,M4,log_ridge_smear,est_share_I,4
all11_observed,M4,log_ridge_smear,emp_share_G,4
all11_observed,M4,log_ridge_smear,emp_share_I,4
all11_observed,M4,log_ridge_smear,emp_share_C,4
all11_observed,M4,log_ridge_smear,emp_share_M,4
all11_observed,M5,log_ridge_smear,log_population,1
all11_observed,M5,log_ridge_smear,share_u20,2
all11_observed,M5,log_ridge_smear,share_20s,2
all11_observed,M5,log_ridge_smear,share_30s,2
all11_observed,M5,log_ridge_smear,share_40s,2
all11_observed,M5,log_ridge_smear,share_50s,2
all11_observed,M5,log_ridge_smear,female_share,2
all11_observed,M5,log_ridge_smear,hh1_share,2
all11_observed,M5,log_ridge_smear,hh2_share,2
all11_observed,M5,log_ridge_smear,log_est_per_population,3
all11_observed,M5,log_ridge_smear,log_emp_per_population,3
all11_observed,M5,log_ridge_smear,est_share_G,4
all11_observed,M5,log_ridge_smear,est_share_I,4
all11_observed,M5,log_ridge_smear,emp_share_G,4
all11_observed,M5,log_ridge_smear,emp_share_I,4
all11_observed,M5,log_ridge_smear,emp_share_C,4
all11_observed,M5,log_ridge_smear,emp_share_M,4
all11_observed,M5,log_ridge_smear,log_inflow_per_population,5
all11_observed,M5,log_ridge_smear,log_in_out_ratio,5
all11_observed,M6,log_ridge_smear,log_population,1
all11_observed,M6,log_ridge_smear,share_u20,2
all11_observed,M6,log_ridge_smear,share_20s,2
all11_observed,M6,log_ridge_smear,share_30s,2
all11_observed,M6,log_ridge_smear,share_40s,2
all11_observed,M6,log_ridge_smear,share_50s,2
all11_observed,M6,log_ridge_smear,female_share,2
all11_observed,M6,log_ridge_smear,hh1_share,2
all11_observed,M6,log_ridge_smear,hh2_share,2
all11_observed,M6,log_ridge_smear,log_est_per_population,3
all11_observed,M6,log_ridge_smear,log_emp_per_population,3
all11_observed,M6,log_ridge_smear,est_share_G,4
all11_observed,M6,log_ridge_smear,est_share_I,4
all11_observed,M6,log_ridge_smear,emp_share_G,4
all11_observed,M6,log_ridge_smear,emp_share_I,4
all11_observed,M6,log_ridge_smear,emp_share_C,4
all11_observed,M6,log_ridge_smear,emp_share_M,4
all11_observed,M6,log_ridge_smear,log_inflow_per_population,5
all11_observed,M6,log_ridge_smear,log_in_out_ratio,5
all11_observed,M6,log_ridge_smear,supply_narrow_4004,6
all11_observed,M6,log_ridge_smear,supply_narrow_4010,6
all11_observed,M6,log_ridge_smear,supply_narrow_4020,6
all11_observed,M6,log_ridge_smear,supply_narrow_8001,6
all11_observed,M6,log_ridge_smear,supply_narrow_8002,6
all11_observed,M6,log_ridge_smear,supply_narrow_8003,6
all11_observed,M6,log_ridge_smear,supply_narrow_8004,6
all11_observed,M6,log_ridge_smear,supply_narrow_8005,6
all11_observed,M6,log_ridge_smear,supply_narrow_8006,6
all11_observed,M6,log_ridge_smear,supply_narrow_8021,6
all11_observed,M6,log_ridge_smear,supply_narrow_8301,6
all11_observed,M7,log_ridge_smear,log_population,1
all11_observed,M7,log_ridge_smear,share_u20,2
all11_observed,M7,log_ridge_smear,share_20s,2
all11_observed,M7,log_ridge_smear,share_30s,2
all11_observed,M7,log_ridge_smear,share_40s,2
all11_observed,M7,log_ridge_smear,share_50s,2
all11_observed,M7,log_ridge_smear,female_share,2
all11_observed,M7,log_ridge_smear,hh1_share,2
all11_observed,M7,log_ridge_smear,hh2_share,2
all11_observed,M7,log_ridge_smear,log_est_per_population,3
all11_observed,M7,log_ridge_smear,log_emp_per_population,3
all11_observed,M7,log_ridge_smear,est_share_G,4
all11_observed,M7,log_ridge_smear,est_share_I,4
all11_observed,M7,log_ridge_smear,emp_share_G,4
all11_observed,M7,log_ridge_smear,emp_share_I,4
all11_observed,M7,log_ridge_smear,emp_share_C,4
all11_observed,M7,log_ridge_smear,emp_share_M,4
all11_observed,M7,log_ridge_smear,log_inflow_per_population,5
all11_observed,M7,log_ridge_smear,log_in_out_ratio,5
all11_observed,M7,log_ridge_smear,supply_narrow_4004,6
all11_observed,M7,log_ridge_smear,supply_narrow_4010,6
all11_observed,M7,log_ridge_smear,supply_narrow_4020,6
all11_observed,M7,log_ridge_smear,supply_narrow_8001,6
all11_observed,M7,log_ridge_smear,supply_narrow_8002,6
all11_observed,M7,log_ridge_smear,supply_narrow_8003,6
all11_observed,M7,log_ridge_smear,supply_narrow_8004,6
all11_observed,M7,log_ridge_smear,supply_narrow_8005,6
all11_observed,M7,log_ridge_smear,supply_narrow_8006,6
all11_observed,M7,log_ridge_smear,supply_narrow_8021,6
all11_observed,M7,log_ridge_smear,supply_narrow_8301,6
all11_observed,M7,log_ridge_smear,log_residence_mean_pay,7
all11_observed,M7,log_ridge_smear,residence_filer_population_ratio,7
all11_observed,M7,log_ridge_smear,residence_parent_shared,7
all11_observed,M8,log_ridge_smear,log_population,1
all11_observed,M8,log_ridge_smear,share_u20,2
all11_observed,M8,log_ridge_smear,share_20s,2
all11_observed,M8,log_ridge_smear,share_30s,2
all11_observed,M8,log_ridge_smear,share_40s,2
all11_observed,M8,log_ridge_smear,share_50s,2
all11_observed,M8,log_ridge_smear,female_share,2
all11_observed,M8,log_ridge_smear,hh1_share,2
all11_observed,M8,log_ridge_smear,hh2_share,2
all11_observed,M8,log_ridge_smear,log_est_per_population,3
all11_observed,M8,log_ridge_smear,log_emp_per_population,3
all11_observed,M8,log_ridge_smear,est_share_G,4
all11_observed,M8,log_ridge_smear,est_share_I,4
all11_observed,M8,log_ridge_smear,emp_share_G,4
all11_observed,M8,log_ridge_smear,emp_share_I,4
all11_observed,M8,log_ridge_smear,emp_share_C,4
all11_observed,M8,log_ridge_smear,emp_share_M,4
all11_observed,M8,log_ridge_smear,log_inflow_per_population,5
all11_observed,M8,log_ridge_smear,log_in_out_ratio,5
all11_observed,M8,log_ridge_smear,supply_narrow_4004,6
all11_observed,M8,log_ridge_smear,supply_narrow_4010,6
all11_observed,M8,log_ridge_smear,supply_narrow_4020,6
all11_observed,M8,log_ridge_smear,supply_narrow_8001,6
all11_observed,M8,log_ridge_smear,supply_narrow_8002,6
all11_observed,M8,log_ridge_smear,supply_narrow_8003,6
all11_observed,M8,log_ridge_smear,supply_narrow_8004,6
all11_observed,M8,log_ridge_smear,supply_narrow_8005,6
all11_observed,M8,log_ridge_smear,supply_narrow_8006,6
all11_observed,M8,log_ridge_smear,supply_narrow_8021,6
all11_observed,M8,log_ridge_smear,supply_narrow_8301,6
all11_observed,M8,log_ridge_smear,log_residence_mean_pay,7
all11_observed,M8,log_ridge_smear,residence_filer_population_ratio,7
all11_observed,M8,log_ridge_smear,residence_parent_shared,7
all11_observed,M8,log_ridge_smear,log_population_density,8
all11_observed,M8,log_ridge_smear,land_building_share,8
all11_observed,M8,log_ridge_smear,land_factory_share,8
all11_observed,M8,log_ridge_smear,land_farm_forest_share,8
all11_observed,M8,log_ridge_smear,urban_area_ratio,8
all11_observed,M8,log_ridge_smear,urban_population_ratio,8
all11_observed,M8,log_ridge_smear,urban_residential_share,8
all11_observed,M8,log_ridge_smear,urban_commercial_share,8
all11_observed,M8,log_ridge_smear,urban_industrial_share,8
all11_observed,M8,log_ridge_smear,urban_parent_shared,8
all11_observed,M8,log_ridge_smear,admin_type,8
all11_observed,M9,log_ridge_smear,log_population,1
all11_observed,M9,log_ridge_smear,share_u20,2
all11_observed,M9,log_ridge_smear,share_20s,2
all11_observed,M9,log_ridge_smear,share_30s,2
all11_observed,M9,log_ridge_smear,share_40s,2
all11_observed,M9,log_ridge_smear,share_50s,2
all11_observed,M9,log_ridge_smear,female_share,2
all11_observed,M9,log_ridge_smear,hh1_share,2
all11_observed,M9,log_ridge_smear,hh2_share,2
all11_observed,M9,log_ridge_smear,log_est_per_population,3
all11_observed,M9,log_ridge_smear,log_emp_per_population,3
all11_observed,M9,log_ridge_smear,est_share_G,4
all11_observed,M9,log_ridge_smear,est_share_I,4
all11_observed,M9,log_ridge_smear,emp_share_G,4
all11_observed,M9,log_ridge_smear,emp_share_I,4
all11_observed,M9,log_ridge_smear,emp_share_C,4
all11_observed,M9,log_ridge_smear,emp_share_M,4
all11_observed,M9,log_ridge_smear,log_inflow_per_population,5
all11_observed,M9,log_ridge_smear,log_in_out_ratio,5
all11_observed,M9,log_ridge_smear,supply_narrow_4004,6
all11_observed,M9,log_ridge_smear,supply_narrow_4010,6
all11_observed,M9,log_ridge_smear,supply_narrow_4020,6
all11_observed,M9,log_ridge_smear,supply_narrow_8001,6
all11_observed,M9,log_ridge_smear,supply_narrow_8002,6
all11_observed,M9,log_ridge_smear,supply_narrow_8003,6
all11_observed,M9,log_ridge_smear,supply_narrow_8004,6
all11_observed,M9,log_ridge_smear,supply_narrow_8005,6
all11_observed,M9,log_ridge_smear,supply_narrow_8006,6
all11_observed,M9,log_ridge_smear,supply_narrow_8021,6
all11_observed,M9,log_ridge_smear,supply_narrow_8301,6
all11_observed,M9,log_ridge_smear,log_residence_mean_pay,7
all11_observed,M9,log_ridge_smear,residence_filer_population_ratio,7
all11_observed,M9,log_ridge_smear,residence_parent_shared,7
all11_observed,M9,log_ridge_smear,log_population_density,8
all11_observed,M9,log_ridge_smear,land_building_share,8
all11_observed,M9,log_ridge_smear,land_factory_share,8
all11_observed,M9,log_ridge_smear,land_farm_forest_share,8
all11_observed,M9,log_ridge_smear,urban_area_ratio,8
all11_observed,M9,log_ridge_smear,urban_population_ratio,8
all11_observed,M9,log_ridge_smear,urban_residential_share,8
all11_observed,M9,log_ridge_smear,urban_commercial_share,8
all11_observed,M9,log_ridge_smear,urban_industrial_share,8
all11_observed,M9,log_ridge_smear,urban_parent_shared,8
all11_observed,M9,log_ridge_smear,admin_type,8
all11_observed,M9,log_ridge_smear,SIDO_NM,9
all11_observed,without_M1,log_ridge_smear,share_u20,2
all11_observed,without_M1,log_ridge_smear,share_20s,2
all11_observed,without_M1,log_ridge_smear,share_30s,2
all11_observed,without_M1,log_ridge_smear,share_40s,2
all11_observed,without_M1,log_ridge_smear,share_50s,2
all11_observed,without_M1,log_ridge_smear,female_share,2
all11_observed,without_M1,log_ridge_smear,hh1_share,2
all11_observed,without_M1,log_ridge_smear,hh2_share,2
all11_observed,without_M1,log_ridge_smear,log_est_per_population,3
all11_observed,without_M1,log_ridge_smear,log_emp_per_population,3
all11_observed,without_M1,log_ridge_smear,est_share_G,4
all11_observed,without_M1,log_ridge_smear,est_share_I,4
all11_observed,without_M1,log_ridge_smear,emp_share_G,4
all11_observed,without_M1,log_ridge_smear,emp_share_I,4
all11_observed,without_M1,log_ridge_smear,emp_share_C,4
all11_observed,without_M1,log_ridge_smear,emp_share_M,4
all11_observed,without_M1,log_ridge_smear,log_inflow_per_population,5
all11_observed,without_M1,log_ridge_smear,log_in_out_ratio,5
all11_observed,without_M1,log_ridge_smear,supply_narrow_4004,6
all11_observed,without_M1,log_ridge_smear,supply_narrow_4010,6
all11_observed,without_M1,log_ridge_smear,supply_narrow_4020,6
all11_observed,without_M1,log_ridge_smear,supply_narrow_8001,6
all11_observed,without_M1,log_ridge_smear,supply_narrow_8002,6
all11_observed,without_M1,log_ridge_smear,supply_narrow_8003,6
all11_observed,without_M1,log_ridge_smear,supply_narrow_8004,6
all11_observed,without_M1,log_ridge_smear,supply_narrow_8005,6
all11_observed,without_M1,log_ridge_smear,supply_narrow_8006,6
all11_observed,without_M1,log_ridge_smear,supply_narrow_8021,6
all11_observed,without_M1,log_ridge_smear,supply_narrow_8301,6
all11_observed,without_M1,log_ridge_smear,log_residence_mean_pay,7
all11_observed,without_M1,log_ridge_smear,residence_filer_population_ratio,7
all11_observed,without_M1,log_ridge_smear,residence_parent_shared,7
all11_observed,without_M1,log_ridge_smear,log_population_density,8
all11_observed,without_M1,log_ridge_smear,land_building_share,8
all11_observed,without_M1,log_ridge_smear,land_factory_share,8
all11_observed,without_M1,log_ridge_smear,land_farm_forest_share,8
all11_observed,without_M1,log_ridge_smear,urban_area_ratio,8
all11_observed,without_M1,log_ridge_smear,urban_population_ratio,8
all11_observed,without_M1,log_ridge_smear,urban_residential_share,8
all11_observed,without_M1,log_ridge_smear,urban_commercial_share,8
all11_observed,without_M1,log_ridge_smear,urban_industrial_share,8
all11_observed,without_M1,log_ridge_smear,urban_parent_shared,8
all11_observed,without_M1,log_ridge_smear,admin_type,8
all11_observed,without_M1,log_ridge_smear,SIDO_NM,9
all11_observed,without_M2,log_ridge_smear,log_population,1
all11_observed,without_M2,log_ridge_smear,log_est_per_population,3
all11_observed,without_M2,log_ridge_smear,log_emp_per_population,3
all11_observed,without_M2,log_ridge_smear,est_share_G,4
all11_observed,without_M2,log_ridge_smear,est_share_I,4
all11_observed,without_M2,log_ridge_smear,emp_share_G,4
all11_observed,without_M2,log_ridge_smear,emp_share_I,4
all11_observed,without_M2,log_ridge_smear,emp_share_C,4
all11_observed,without_M2,log_ridge_smear,emp_share_M,4
all11_observed,without_M2,log_ridge_smear,log_inflow_per_population,5
all11_observed,without_M2,log_ridge_smear,log_in_out_ratio,5
all11_observed,without_M2,log_ridge_smear,supply_narrow_4004,6
all11_observed,without_M2,log_ridge_smear,supply_narrow_4010,6
all11_observed,without_M2,log_ridge_smear,supply_narrow_4020,6
all11_observed,without_M2,log_ridge_smear,supply_narrow_8001,6
all11_observed,without_M2,log_ridge_smear,supply_narrow_8002,6
all11_observed,without_M2,log_ridge_smear,supply_narrow_8003,6
all11_observed,without_M2,log_ridge_smear,supply_narrow_8004,6
all11_observed,without_M2,log_ridge_smear,supply_narrow_8005,6
all11_observed,without_M2,log_ridge_smear,supply_narrow_8006,6
all11_observed,without_M2,log_ridge_smear,supply_narrow_8021,6
all11_observed,without_M2,log_ridge_smear,supply_narrow_8301,6
all11_observed,without_M2,log_ridge_smear,log_residence_mean_pay,7
all11_observed,without_M2,log_ridge_smear,residence_filer_population_ratio,7
all11_observed,without_M2,log_ridge_smear,residence_parent_shared,7
all11_observed,without_M2,log_ridge_smear,log_population_density,8
all11_observed,without_M2,log_ridge_smear,land_building_share,8
all11_observed,without_M2,log_ridge_smear,land_factory_share,8
all11_observed,without_M2,log_ridge_smear,land_farm_forest_share,8
all11_observed,without_M2,log_ridge_smear,urban_area_ratio,8
all11_observed,without_M2,log_ridge_smear,urban_population_ratio,8
all11_observed,without_M2,log_ridge_smear,urban_residential_share,8
all11_observed,without_M2,log_ridge_smear,urban_commercial_share,8
all11_observed,without_M2,log_ridge_smear,urban_industrial_share,8
all11_observed,without_M2,log_ridge_smear,urban_parent_shared,8
all11_observed,without_M2,log_ridge_smear,admin_type,8
all11_observed,without_M2,log_ridge_smear,SIDO_NM,9
all11_observed,without_M3,log_ridge_smear,log_population,1
all11_observed,without_M3,log_ridge_smear,share_u20,2
all11_observed,without_M3,log_ridge_smear,share_20s,2
all11_observed,without_M3,log_ridge_smear,share_30s,2
all11_observed,without_M3,log_ridge_smear,share_40s,2
all11_observed,without_M3,log_ridge_smear,share_50s,2
all11_observed,without_M3,log_ridge_smear,female_share,2
all11_observed,without_M3,log_ridge_smear,hh1_share,2
all11_observed,without_M3,log_ridge_smear,hh2_share,2
all11_observed,without_M3,log_ridge_smear,est_share_G,4
all11_observed,without_M3,log_ridge_smear,est_share_I,4
all11_observed,without_M3,log_ridge_smear,emp_share_G,4
all11_observed,without_M3,log_ridge_smear,emp_share_I,4
all11_observed,without_M3,log_ridge_smear,emp_share_C,4
all11_observed,without_M3,log_ridge_smear,emp_share_M,4
all11_observed,without_M3,log_ridge_smear,log_inflow_per_population,5
all11_observed,without_M3,log_ridge_smear,log_in_out_ratio,5
all11_observed,without_M3,log_ridge_smear,supply_narrow_4004,6
all11_observed,without_M3,log_ridge_smear,supply_narrow_4010,6
all11_observed,without_M3,log_ridge_smear,supply_narrow_4020,6
all11_observed,without_M3,log_ridge_smear,supply_narrow_8001,6
all11_observed,without_M3,log_ridge_smear,supply_narrow_8002,6
all11_observed,without_M3,log_ridge_smear,supply_narrow_8003,6
all11_observed,without_M3,log_ridge_smear,supply_narrow_8004,6
all11_observed,without_M3,log_ridge_smear,supply_narrow_8005,6
all11_observed,without_M3,log_ridge_smear,supply_narrow_8006,6
all11_observed,without_M3,log_ridge_smear,supply_narrow_8021,6
all11_observed,without_M3,log_ridge_smear,supply_narrow_8301,6
all11_observed,without_M3,log_ridge_smear,log_residence_mean_pay,7
all11_observed,without_M3,log_ridge_smear,residence_filer_population_ratio,7
all11_observed,without_M3,log_ridge_smear,residence_parent_shared,7
all11_observed,without_M3,log_ridge_smear,log_population_density,8
all11_observed,without_M3,log_ridge_smear,land_building_share,8
all11_observed,without_M3,log_ridge_smear,land_factory_share,8
all11_observed,without_M3,log_ridge_smear,land_farm_forest_share,8
all11_observed,without_M3,log_ridge_smear,urban_area_ratio,8
all11_observed,without_M3,log_ridge_smear,urban_population_ratio,8
all11_observed,without_M3,log_ridge_smear,urban_residential_share,8
all11_observed,without_M3,log_ridge_smear,urban_commercial_share,8
all11_observed,without_M3,log_ridge_smear,urban_industrial_share,8
all11_observed,without_M3,log_ridge_smear,urban_parent_shared,8
all11_observed,without_M3,log_ridge_smear,admin_type,8
all11_observed,without_M3,log_ridge_smear,SIDO_NM,9
all11_observed,without_M4,log_ridge_smear,log_population,1
all11_observed,without_M4,log_ridge_smear,share_u20,2
all11_observed,without_M4,log_ridge_smear,share_20s,2
all11_observed,without_M4,log_ridge_smear,share_30s,2
all11_observed,without_M4,log_ridge_smear,share_40s,2
all11_observed,without_M4,log_ridge_smear,share_50s,2
all11_observed,without_M4,log_ridge_smear,female_share,2
all11_observed,without_M4,log_ridge_smear,hh1_share,2
all11_observed,without_M4,log_ridge_smear,hh2_share,2
all11_observed,without_M4,log_ridge_smear,log_est_per_population,3
all11_observed,without_M4,log_ridge_smear,log_emp_per_population,3
all11_observed,without_M4,log_ridge_smear,log_inflow_per_population,5
all11_observed,without_M4,log_ridge_smear,log_in_out_ratio,5
all11_observed,without_M4,log_ridge_smear,supply_narrow_4004,6
all11_observed,without_M4,log_ridge_smear,supply_narrow_4010,6
all11_observed,without_M4,log_ridge_smear,supply_narrow_4020,6
all11_observed,without_M4,log_ridge_smear,supply_narrow_8001,6
all11_observed,without_M4,log_ridge_smear,supply_narrow_8002,6
all11_observed,without_M4,log_ridge_smear,supply_narrow_8003,6
all11_observed,without_M4,log_ridge_smear,supply_narrow_8004,6
all11_observed,without_M4,log_ridge_smear,supply_narrow_8005,6
all11_observed,without_M4,log_ridge_smear,supply_narrow_8006,6
all11_observed,without_M4,log_ridge_smear,supply_narrow_8021,6
all11_observed,without_M4,log_ridge_smear,supply_narrow_8301,6
all11_observed,without_M4,log_ridge_smear,log_residence_mean_pay,7
all11_observed,without_M4,log_ridge_smear,residence_filer_population_ratio,7
all11_observed,without_M4,log_ridge_smear,residence_parent_shared,7
all11_observed,without_M4,log_ridge_smear,log_population_density,8
all11_observed,without_M4,log_ridge_smear,land_building_share,8
all11_observed,without_M4,log_ridge_smear,land_factory_share,8
all11_observed,without_M4,log_ridge_smear,land_farm_forest_share,8
all11_observed,without_M4,log_ridge_smear,urban_area_ratio,8
all11_observed,without_M4,log_ridge_smear,urban_population_ratio,8
all11_observed,without_M4,log_ridge_smear,urban_residential_share,8
all11_observed,without_M4,log_ridge_smear,urban_commercial_share,8
all11_observed,without_M4,log_ridge_smear,urban_industrial_share,8
all11_observed,without_M4,log_ridge_smear,urban_parent_shared,8
all11_observed,without_M4,log_ridge_smear,admin_type,8
all11_observed,without_M4,log_ridge_smear,SIDO_NM,9
all11_observed,without_M5,log_ridge_smear,log_population,1
all11_observed,without_M5,log_ridge_smear,share_u20,2
all11_observed,without_M5,log_ridge_smear,share_20s,2
all11_observed,without_M5,log_ridge_smear,share_30s,2
all11_observed,without_M5,log_ridge_smear,share_40s,2
all11_observed,without_M5,log_ridge_smear,share_50s,2
all11_observed,without_M5,log_ridge_smear,female_share,2
all11_observed,without_M5,log_ridge_smear,hh1_share,2
all11_observed,without_M5,log_ridge_smear,hh2_share,2
all11_observed,without_M5,log_ridge_smear,log_est_per_population,3
all11_observed,without_M5,log_ridge_smear,log_emp_per_population,3
all11_observed,without_M5,log_ridge_smear,est_share_G,4
all11_observed,without_M5,log_ridge_smear,est_share_I,4
all11_observed,without_M5,log_ridge_smear,emp_share_G,4
all11_observed,without_M5,log_ridge_smear,emp_share_I,4
all11_observed,without_M5,log_ridge_smear,emp_share_C,4
all11_observed,without_M5,log_ridge_smear,emp_share_M,4
all11_observed,without_M5,log_ridge_smear,supply_narrow_4004,6
all11_observed,without_M5,log_ridge_smear,supply_narrow_4010,6
all11_observed,without_M5,log_ridge_smear,supply_narrow_4020,6
all11_observed,without_M5,log_ridge_smear,supply_narrow_8001,6
all11_observed,without_M5,log_ridge_smear,supply_narrow_8002,6
all11_observed,without_M5,log_ridge_smear,supply_narrow_8003,6
all11_observed,without_M5,log_ridge_smear,supply_narrow_8004,6
all11_observed,without_M5,log_ridge_smear,supply_narrow_8005,6
all11_observed,without_M5,log_ridge_smear,supply_narrow_8006,6
all11_observed,without_M5,log_ridge_smear,supply_narrow_8021,6
all11_observed,without_M5,log_ridge_smear,supply_narrow_8301,6
all11_observed,without_M5,log_ridge_smear,log_residence_mean_pay,7
all11_observed,without_M5,log_ridge_smear,residence_filer_population_ratio,7
all11_observed,without_M5,log_ridge_smear,residence_parent_shared,7
all11_observed,without_M5,log_ridge_smear,log_population_density,8
all11_observed,without_M5,log_ridge_smear,land_building_share,8
all11_observed,without_M5,log_ridge_smear,land_factory_share,8
all11_observed,without_M5,log_ridge_smear,land_farm_forest_share,8
all11_observed,without_M5,log_ridge_smear,urban_area_ratio,8
all11_observed,without_M5,log_ridge_smear,urban_population_ratio,8
all11_observed,without_M5,log_ridge_smear,urban_residential_share,8
all11_observed,without_M5,log_ridge_smear,urban_commercial_share,8
all11_observed,without_M5,log_ridge_smear,urban_industrial_share,8
all11_observed,without_M5,log_ridge_smear,urban_parent_shared,8
all11_observed,without_M5,log_ridge_smear,admin_type,8
all11_observed,without_M5,log_ridge_smear,SIDO_NM,9
all11_observed,without_M6,log_ridge_smear,log_population,1
all11_observed,without_M6,log_ridge_smear,share_u20,2
all11_observed,without_M6,log_ridge_smear,share_20s,2
all11_observed,without_M6,log_ridge_smear,share_30s,2
all11_observed,without_M6,log_ridge_smear,share_40s,2
all11_observed,without_M6,log_ridge_smear,share_50s,2
all11_observed,without_M6,log_ridge_smear,female_share,2
all11_observed,without_M6,log_ridge_smear,hh1_share,2
all11_observed,without_M6,log_ridge_smear,hh2_share,2
all11_observed,without_M6,log_ridge_smear,log_est_per_population,3
all11_observed,without_M6,log_ridge_smear,log_emp_per_population,3
all11_observed,without_M6,log_ridge_smear,est_share_G,4
all11_observed,without_M6,log_ridge_smear,est_share_I,4
all11_observed,without_M6,log_ridge_smear,emp_share_G,4
all11_observed,without_M6,log_ridge_smear,emp_share_I,4
all11_observed,without_M6,log_ridge_smear,emp_share_C,4
all11_observed,without_M6,log_ridge_smear,emp_share_M,4
all11_observed,without_M6,log_ridge_smear,log_inflow_per_population,5
all11_observed,without_M6,log_ridge_smear,log_in_out_ratio,5
all11_observed,without_M6,log_ridge_smear,log_residence_mean_pay,7
all11_observed,without_M6,log_ridge_smear,residence_filer_population_ratio,7
all11_observed,without_M6,log_ridge_smear,residence_parent_shared,7
all11_observed,without_M6,log_ridge_smear,log_population_density,8
all11_observed,without_M6,log_ridge_smear,land_building_share,8
all11_observed,without_M6,log_ridge_smear,land_factory_share,8
all11_observed,without_M6,log_ridge_smear,land_farm_forest_share,8
all11_observed,without_M6,log_ridge_smear,urban_area_ratio,8
all11_observed,without_M6,log_ridge_smear,urban_population_ratio,8
all11_observed,without_M6,log_ridge_smear,urban_residential_share,8
all11_observed,without_M6,log_ridge_smear,urban_commercial_share,8
all11_observed,without_M6,log_ridge_smear,urban_industrial_share,8
all11_observed,without_M6,log_ridge_smear,urban_parent_shared,8
all11_observed,without_M6,log_ridge_smear,admin_type,8
all11_observed,without_M6,log_ridge_smear,SIDO_NM,9
all11_observed,without_M7,log_ridge_smear,log_population,1
all11_observed,without_M7,log_ridge_smear,share_u20,2
all11_observed,without_M7,log_ridge_smear,share_20s,2
all11_observed,without_M7,log_ridge_smear,share_30s,2
all11_observed,without_M7,log_ridge_smear,share_40s,2
all11_observed,without_M7,log_ridge_smear,share_50s,2
all11_observed,without_M7,log_ridge_smear,female_share,2
all11_observed,without_M7,log_ridge_smear,hh1_share,2
all11_observed,without_M7,log_ridge_smear,hh2_share,2
all11_observed,without_M7,log_ridge_smear,log_est_per_population,3
all11_observed,without_M7,log_ridge_smear,log_emp_per_population,3
all11_observed,without_M7,log_ridge_smear,est_share_G,4
all11_observed,without_M7,log_ridge_smear,est_share_I,4
all11_observed,without_M7,log_ridge_smear,emp_share_G,4
all11_observed,without_M7,log_ridge_smear,emp_share_I,4
all11_observed,without_M7,log_ridge_smear,emp_share_C,4
all11_observed,without_M7,log_ridge_smear,emp_share_M,4
all11_observed,without_M7,log_ridge_smear,log_inflow_per_population,5
all11_observed,without_M7,log_ridge_smear,log_in_out_ratio,5
all11_observed,without_M7,log_ridge_smear,supply_narrow_4004,6
all11_observed,without_M7,log_ridge_smear,supply_narrow_4010,6
all11_observed,without_M7,log_ridge_smear,supply_narrow_4020,6
all11_observed,without_M7,log_ridge_smear,supply_narrow_8001,6
all11_observed,without_M7,log_ridge_smear,supply_narrow_8002,6
all11_observed,without_M7,log_ridge_smear,supply_narrow_8003,6
all11_observed,without_M7,log_ridge_smear,supply_narrow_8004,6
all11_observed,without_M7,log_ridge_smear,supply_narrow_8005,6
all11_observed,without_M7,log_ridge_smear,supply_narrow_8006,6
all11_observed,without_M7,log_ridge_smear,supply_narrow_8021,6
all11_observed,without_M7,log_ridge_smear,supply_narrow_8301,6
all11_observed,without_M7,log_ridge_smear,log_population_density,8
all11_observed,without_M7,log_ridge_smear,land_building_share,8
all11_observed,without_M7,log_ridge_smear,land_factory_share,8
all11_observed,without_M7,log_ridge_smear,land_farm_forest_share,8
all11_observed,without_M7,log_ridge_smear,urban_area_ratio,8
all11_observed,without_M7,log_ridge_smear,urban_population_ratio,8
all11_observed,without_M7,log_ridge_smear,urban_residential_share,8
all11_observed,without_M7,log_ridge_smear,urban_commercial_share,8
all11_observed,without_M7,log_ridge_smear,urban_industrial_share,8
all11_observed,without_M7,log_ridge_smear,urban_parent_shared,8
all11_observed,without_M7,log_ridge_smear,admin_type,8
all11_observed,without_M7,log_ridge_smear,SIDO_NM,9
all11_observed,without_M8,log_ridge_smear,log_population,1
all11_observed,without_M8,log_ridge_smear,share_u20,2
all11_observed,without_M8,log_ridge_smear,share_20s,2
all11_observed,without_M8,log_ridge_smear,share_30s,2
all11_observed,without_M8,log_ridge_smear,share_40s,2
all11_observed,without_M8,log_ridge_smear,share_50s,2
all11_observed,without_M8,log_ridge_smear,female_share,2
all11_observed,without_M8,log_ridge_smear,hh1_share,2
all11_observed,without_M8,log_ridge_smear,hh2_share,2
all11_observed,without_M8,log_ridge_smear,log_est_per_population,3
all11_observed,without_M8,log_ridge_smear,log_emp_per_population,3
all11_observed,without_M8,log_ridge_smear,est_share_G,4
all11_observed,without_M8,log_ridge_smear,est_share_I,4
all11_observed,without_M8,log_ridge_smear,emp_share_G,4
all11_observed,without_M8,log_ridge_smear,emp_share_I,4
all11_observed,without_M8,log_ridge_smear,emp_share_C,4
all11_observed,without_M8,log_ridge_smear,emp_share_M,4
all11_observed,without_M8,log_ridge_smear,log_inflow_per_population,5
all11_observed,without_M8,log_ridge_smear,log_in_out_ratio,5
all11_observed,without_M8,log_ridge_smear,supply_narrow_4004,6
all11_observed,without_M8,log_ridge_smear,supply_narrow_4010,6
all11_observed,without_M8,log_ridge_smear,supply_narrow_4020,6
all11_observed,without_M8,log_ridge_smear,supply_narrow_8001,6
all11_observed,without_M8,log_ridge_smear,supply_narrow_8002,6
all11_observed,without_M8,log_ridge_smear,supply_narrow_8003,6
all11_observed,without_M8,log_ridge_smear,supply_narrow_8004,6
all11_observed,without_M8,log_ridge_smear,supply_narrow_8005,6
all11_observed,without_M8,log_ridge_smear,supply_narrow_8006,6
all11_observed,without_M8,log_ridge_smear,supply_narrow_8021,6
all11_observed,without_M8,log_ridge_smear,supply_narrow_8301,6
all11_observed,without_M8,log_ridge_smear,log_residence_mean_pay,7
all11_observed,without_M8,log_ridge_smear,residence_filer_population_ratio,7
all11_observed,without_M8,log_ridge_smear,residence_parent_shared,7
all11_observed,without_M8,log_ridge_smear,SIDO_NM,9
all11_observed,without_M9,log_ridge_smear,log_population,1
all11_observed,without_M9,log_ridge_smear,share_u20,2
all11_observed,without_M9,log_ridge_smear,share_20s,2
all11_observed,without_M9,log_ridge_smear,share_30s,2
all11_observed,without_M9,log_ridge_smear,share_40s,2
all11_observed,without_M9,log_ridge_smear,share_50s,2
all11_observed,without_M9,log_ridge_smear,female_share,2
all11_observed,without_M9,log_ridge_smear,hh1_share,2
all11_observed,without_M9,log_ridge_smear,hh2_share,2
all11_observed,without_M9,log_ridge_smear,log_est_per_population,3
all11_observed,without_M9,log_ridge_smear,log_emp_per_population,3
all11_observed,without_M9,log_ridge_smear,est_share_G,4
all11_observed,without_M9,log_ridge_smear,est_share_I,4
all11_observed,without_M9,log_ridge_smear,emp_share_G,4
all11_observed,without_M9,log_ridge_smear,emp_share_I,4
all11_observed,without_M9,log_ridge_smear,emp_share_C,4
all11_observed,without_M9,log_ridge_smear,emp_share_M,4
all11_observed,without_M9,log_ridge_smear,log_inflow_per_population,5
all11_observed,without_M9,log_ridge_smear,log_in_out_ratio,5
all11_observed,without_M9,log_ridge_smear,supply_narrow_4004,6
all11_observed,without_M9,log_ridge_smear,supply_narrow_4010,6
all11_observed,without_M9,log_ridge_smear,supply_narrow_4020,6
all11_observed,without_M9,log_ridge_smear,supply_narrow_8001,6
all11_observed,without_M9,log_ridge_smear,supply_narrow_8002,6
all11_observed,without_M9,log_ridge_smear,supply_narrow_8003,6
all11_observed,without_M9,log_ridge_smear,supply_narrow_8004,6
all11_observed,without_M9,log_ridge_smear,supply_narrow_8005,6
all11_observed,without_M9,log_ridge_smear,supply_narrow_8006,6
all11_observed,without_M9,log_ridge_smear,supply_narrow_8021,6
all11_observed,without_M9,log_ridge_smear,supply_narrow_8301,6
all11_observed,without_M9,log_ridge_smear,log_residence_mean_pay,7
all11_observed,without_M9,log_ridge_smear,residence_filer_population_ratio,7
all11_observed,without_M9,log_ridge_smear,residence_parent_shared,7
all11_observed,without_M9,log_ridge_smear,log_population_density,8
all11_observed,without_M9,log_ridge_smear,land_building_share,8
all11_observed,without_M9,log_ridge_smear,land_factory_share,8
all11_observed,without_M9,log_ridge_smear,land_farm_forest_share,8
all11_observed,without_M9,log_ridge_smear,urban_area_ratio,8
all11_observed,without_M9,log_ridge_smear,urban_population_ratio,8
all11_observed,without_M9,log_ridge_smear,urban_residential_share,8
all11_observed,without_M9,log_ridge_smear,urban_commercial_share,8
all11_observed,without_M9,log_ridge_smear,urban_industrial_share,8
all11_observed,without_M9,log_ridge_smear,urban_parent_shared,8
all11_observed,without_M9,log_ridge_smear,admin_type,8
all11_observed,M9_workplace,log_ridge_smear,log_population,1
all11_observed,M9_workplace,log_ridge_smear,share_u20,2
all11_observed,M9_workplace,log_ridge_smear,share_20s,2
all11_observed,M9_workplace,log_ridge_smear,share_30s,2
all11_observed,M9_workplace,log_ridge_smear,share_40s,2
all11_observed,M9_workplace,log_ridge_smear,share_50s,2
all11_observed,M9_workplace,log_ridge_smear,female_share,2
all11_observed,M9_workplace,log_ridge_smear,hh1_share,2
all11_observed,M9_workplace,log_ridge_smear,hh2_share,2
all11_observed,M9_workplace,log_ridge_smear,log_est_per_population,3
all11_observed,M9_workplace,log_ridge_smear,log_emp_per_population,3
all11_observed,M9_workplace,log_ridge_smear,est_share_G,4
all11_observed,M9_workplace,log_ridge_smear,est_share_I,4
all11_observed,M9_workplace,log_ridge_smear,emp_share_G,4
all11_observed,M9_workplace,log_ridge_smear,emp_share_I,4
all11_observed,M9_workplace,log_ridge_smear,emp_share_C,4
all11_observed,M9_workplace,log_ridge_smear,emp_share_M,4
all11_observed,M9_workplace,log_ridge_smear,log_inflow_per_population,5
all11_observed,M9_workplace,log_ridge_smear,log_in_out_ratio,5
all11_observed,M9_workplace,log_ridge_smear,supply_narrow_4004,6
all11_observed,M9_workplace,log_ridge_smear,supply_narrow_4010,6
all11_observed,M9_workplace,log_ridge_smear,supply_narrow_4020,6
all11_observed,M9_workplace,log_ridge_smear,supply_narrow_8001,6
all11_observed,M9_workplace,log_ridge_smear,supply_narrow_8002,6
all11_observed,M9_workplace,log_ridge_smear,supply_narrow_8003,6
all11_observed,M9_workplace,log_ridge_smear,supply_narrow_8004,6
all11_observed,M9_workplace,log_ridge_smear,supply_narrow_8005,6
all11_observed,M9_workplace,log_ridge_smear,supply_narrow_8006,6
all11_observed,M9_workplace,log_ridge_smear,supply_narrow_8021,6
all11_observed,M9_workplace,log_ridge_smear,supply_narrow_8301,6
all11_observed,M9_workplace,log_ridge_smear,log_residence_mean_pay,7
all11_observed,M9_workplace,log_ridge_smear,residence_filer_population_ratio,7
all11_observed,M9_workplace,log_ridge_smear,residence_parent_shared,7
all11_observed,M9_workplace,log_ridge_smear,log_population_density,8
all11_observed,M9_workplace,log_ridge_smear,land_building_share,8
all11_observed,M9_workplace,log_ridge_smear,land_factory_share,8
all11_observed,M9_workplace,log_ridge_smear,land_farm_forest_share,8
all11_observed,M9_workplace,log_ridge_smear,urban_area_ratio,8
all11_observed,M9_workplace,log_ridge_smear,urban_population_ratio,8
all11_observed,M9_workplace,log_ridge_smear,urban_residential_share,8
all11_observed,M9_workplace,log_ridge_smear,urban_commercial_share,8
all11_observed,M9_workplace,log_ridge_smear,urban_industrial_share,8
all11_observed,M9_workplace,log_ridge_smear,urban_parent_shared,8
all11_observed,M9_workplace,log_ridge_smear,log_workplace_mean_pay,10
all11_observed,M9_workplace,log_ridge_smear,admin_type,8
all11_observed,M9_workplace,log_ridge_smear,SIDO_NM,9
all11_observed,M9_broad_supply,log_ridge_smear,log_population,1
all11_observed,M9_broad_supply,log_ridge_smear,share_u20,2
all11_observed,M9_broad_supply,log_ridge_smear,share_20s,2
all11_observed,M9_broad_supply,log_ridge_smear,share_30s,2
all11_observed,M9_broad_supply,log_ridge_smear,share_40s,2
all11_observed,M9_broad_supply,log_ridge_smear,share_50s,2
all11_observed,M9_broad_supply,log_ridge_smear,female_share,2
all11_observed,M9_broad_supply,log_ridge_smear,hh1_share,2
all11_observed,M9_broad_supply,log_ridge_smear,hh2_share,2
all11_observed,M9_broad_supply,log_ridge_smear,log_est_per_population,3
all11_observed,M9_broad_supply,log_ridge_smear,log_emp_per_population,3
all11_observed,M9_broad_supply,log_ridge_smear,est_share_G,4
all11_observed,M9_broad_supply,log_ridge_smear,est_share_I,4
all11_observed,M9_broad_supply,log_ridge_smear,emp_share_G,4
all11_observed,M9_broad_supply,log_ridge_smear,emp_share_I,4
all11_observed,M9_broad_supply,log_ridge_smear,emp_share_C,4
all11_observed,M9_broad_supply,log_ridge_smear,emp_share_M,4
all11_observed,M9_broad_supply,log_ridge_smear,log_inflow_per_population,5
all11_observed,M9_broad_supply,log_ridge_smear,log_in_out_ratio,5
all11_observed,M9_broad_supply,log_ridge_smear,supply_broad_4004,6
all11_observed,M9_broad_supply,log_ridge_smear,supply_broad_4010,6
all11_observed,M9_broad_supply,log_ridge_smear,supply_broad_4020,6
all11_observed,M9_broad_supply,log_ridge_smear,supply_broad_8001,6
all11_observed,M9_broad_supply,log_ridge_smear,supply_broad_8002,6
all11_observed,M9_broad_supply,log_ridge_smear,supply_broad_8003,6
all11_observed,M9_broad_supply,log_ridge_smear,supply_broad_8004,6
all11_observed,M9_broad_supply,log_ridge_smear,supply_broad_8005,6
all11_observed,M9_broad_supply,log_ridge_smear,supply_broad_8006,6
all11_observed,M9_broad_supply,log_ridge_smear,supply_broad_8021,6
all11_observed,M9_broad_supply,log_ridge_smear,supply_broad_8301,6
all11_observed,M9_broad_supply,log_ridge_smear,log_residence_mean_pay,7
all11_observed,M9_broad_supply,log_ridge_smear,residence_filer_population_ratio,7
all11_observed,M9_broad_supply,log_ridge_smear,residence_parent_shared,7
all11_observed,M9_broad_supply,log_ridge_smear,log_population_density,8
all11_observed,M9_broad_supply,log_ridge_smear,land_building_share,8
all11_observed,M9_broad_supply,log_ridge_smear,land_factory_share,8
all11_observed,M9_broad_supply,log_ridge_smear,land_farm_forest_share,8
all11_observed,M9_broad_supply,log_ridge_smear,urban_area_ratio,8
all11_observed,M9_broad_supply,log_ridge_smear,urban_population_ratio,8
all11_observed,M9_broad_supply,log_ridge_smear,urban_residential_share,8
all11_observed,M9_broad_supply,log_ridge_smear,urban_commercial_share,8
all11_observed,M9_broad_supply,log_ridge_smear,urban_industrial_share,8
all11_observed,M9_broad_supply,log_ridge_smear,urban_parent_shared,8
all11_observed,M9_broad_supply,log_ridge_smear,admin_type,8
all11_observed,M9_broad_supply,log_ridge_smear,SIDO_NM,9
all11_observed,M9_alpha10,log_ridge_smear,log_population,1
all11_observed,M9_alpha10,log_ridge_smear,share_u20,2
all11_observed,M9_alpha10,log_ridge_smear,share_20s,2
all11_observed,M9_alpha10,log_ridge_smear,share_30s,2
all11_observed,M9_alpha10,log_ridge_smear,share_40s,2
all11_observed,M9_alpha10,log_ridge_smear,share_50s,2
all11_observed,M9_alpha10,log_ridge_smear,female_share,2
all11_observed,M9_alpha10,log_ridge_smear,hh1_share,2
all11_observed,M9_alpha10,log_ridge_smear,hh2_share,2
all11_observed,M9_alpha10,log_ridge_smear,log_est_per_population,3
all11_observed,M9_alpha10,log_ridge_smear,log_emp_per_population,3
all11_observed,M9_alpha10,log_ridge_smear,est_share_G,4
all11_observed,M9_alpha10,log_ridge_smear,est_share_I,4
all11_observed,M9_alpha10,log_ridge_smear,emp_share_G,4
all11_observed,M9_alpha10,log_ridge_smear,emp_share_I,4
all11_observed,M9_alpha10,log_ridge_smear,emp_share_C,4
all11_observed,M9_alpha10,log_ridge_smear,emp_share_M,4
all11_observed,M9_alpha10,log_ridge_smear,log_inflow_per_population,5
all11_observed,M9_alpha10,log_ridge_smear,log_in_out_ratio,5
all11_observed,M9_alpha10,log_ridge_smear,supply_narrow_4004,6
all11_observed,M9_alpha10,log_ridge_smear,supply_narrow_4010,6
all11_observed,M9_alpha10,log_ridge_smear,supply_narrow_4020,6
all11_observed,M9_alpha10,log_ridge_smear,supply_narrow_8001,6
all11_observed,M9_alpha10,log_ridge_smear,supply_narrow_8002,6
all11_observed,M9_alpha10,log_ridge_smear,supply_narrow_8003,6
all11_observed,M9_alpha10,log_ridge_smear,supply_narrow_8004,6
all11_observed,M9_alpha10,log_ridge_smear,supply_narrow_8005,6
all11_observed,M9_alpha10,log_ridge_smear,supply_narrow_8006,6
all11_observed,M9_alpha10,log_ridge_smear,supply_narrow_8021,6
all11_observed,M9_alpha10,log_ridge_smear,supply_narrow_8301,6
all11_observed,M9_alpha10,log_ridge_smear,log_residence_mean_pay,7
all11_observed,M9_alpha10,log_ridge_smear,residence_filer_population_ratio,7
all11_observed,M9_alpha10,log_ridge_smear,residence_parent_shared,7
all11_observed,M9_alpha10,log_ridge_smear,log_population_density,8
all11_observed,M9_alpha10,log_ridge_smear,land_building_share,8
all11_observed,M9_alpha10,log_ridge_smear,land_factory_share,8
all11_observed,M9_alpha10,log_ridge_smear,land_farm_forest_share,8
all11_observed,M9_alpha10,log_ridge_smear,urban_area_ratio,8
all11_observed,M9_alpha10,log_ridge_smear,urban_population_ratio,8
all11_observed,M9_alpha10,log_ridge_smear,urban_residential_share,8
all11_observed,M9_alpha10,log_ridge_smear,urban_commercial_share,8
all11_observed,M9_alpha10,log_ridge_smear,urban_industrial_share,8
all11_observed,M9_alpha10,log_ridge_smear,urban_parent_shared,8
all11_observed,M9_alpha10,log_ridge_smear,admin_type,8
all11_observed,M9_alpha10,log_ridge_smear,SIDO_NM,9
all11_observed,M9_taxable_pay,log_ridge_smear,log_population,1
all11_observed,M9_taxable_pay,log_ridge_smear,share_u20,2
all11_observed,M9_taxable_pay,log_ridge_smear,share_20s,2
all11_observed,M9_taxable_pay,log_ridge_smear,share_30s,2
all11_observed,M9_taxable_pay,log_ridge_smear,share_40s,2
all11_observed,M9_taxable_pay,log_ridge_smear,share_50s,2
all11_observed,M9_taxable_pay,log_ridge_smear,female_share,2
all11_observed,M9_taxable_pay,log_ridge_smear,hh1_share,2
all11_observed,M9_taxable_pay,log_ridge_smear,hh2_share,2
all11_observed,M9_taxable_pay,log_ridge_smear,log_est_per_population,3
all11_observed,M9_taxable_pay,log_ridge_smear,log_emp_per_population,3
all11_observed,M9_taxable_pay,log_ridge_smear,est_share_G,4
all11_observed,M9_taxable_pay,log_ridge_smear,est_share_I,4
all11_observed,M9_taxable_pay,log_ridge_smear,emp_share_G,4
all11_observed,M9_taxable_pay,log_ridge_smear,emp_share_I,4
all11_observed,M9_taxable_pay,log_ridge_smear,emp_share_C,4
all11_observed,M9_taxable_pay,log_ridge_smear,emp_share_M,4
all11_observed,M9_taxable_pay,log_ridge_smear,log_inflow_per_population,5
all11_observed,M9_taxable_pay,log_ridge_smear,log_in_out_ratio,5
all11_observed,M9_taxable_pay,log_ridge_smear,supply_narrow_4004,6
all11_observed,M9_taxable_pay,log_ridge_smear,supply_narrow_4010,6
all11_observed,M9_taxable_pay,log_ridge_smear,supply_narrow_4020,6
all11_observed,M9_taxable_pay,log_ridge_smear,supply_narrow_8001,6
all11_observed,M9_taxable_pay,log_ridge_smear,supply_narrow_8002,6
all11_observed,M9_taxable_pay,log_ridge_smear,supply_narrow_8003,6
all11_observed,M9_taxable_pay,log_ridge_smear,supply_narrow_8004,6
all11_observed,M9_taxable_pay,log_ridge_smear,supply_narrow_8005,6
all11_observed,M9_taxable_pay,log_ridge_smear,supply_narrow_8006,6
all11_observed,M9_taxable_pay,log_ridge_smear,supply_narrow_8021,6
all11_observed,M9_taxable_pay,log_ridge_smear,supply_narrow_8301,6
all11_observed,M9_taxable_pay,log_ridge_smear,log_residence_mean_tax_pay,9
all11_observed,M9_taxable_pay,log_ridge_smear,residence_filer_population_ratio,7
all11_observed,M9_taxable_pay,log_ridge_smear,residence_parent_shared,7
all11_observed,M9_taxable_pay,log_ridge_smear,log_population_density,8
all11_observed,M9_taxable_pay,log_ridge_smear,land_building_share,8
all11_observed,M9_taxable_pay,log_ridge_smear,land_factory_share,8
all11_observed,M9_taxable_pay,log_ridge_smear,land_farm_forest_share,8
all11_observed,M9_taxable_pay,log_ridge_smear,urban_area_ratio,8
all11_observed,M9_taxable_pay,log_ridge_smear,urban_population_ratio,8
all11_observed,M9_taxable_pay,log_ridge_smear,urban_residential_share,8
all11_observed,M9_taxable_pay,log_ridge_smear,urban_commercial_share,8
all11_observed,M9_taxable_pay,log_ridge_smear,urban_industrial_share,8
all11_observed,M9_taxable_pay,log_ridge_smear,urban_parent_shared,8
all11_observed,M9_taxable_pay,log_ridge_smear,admin_type,8
all11_observed,M9_taxable_pay,log_ridge_smear,SIDO_NM,9
all11_observed,M1,raw_ridge,population,1
all11_observed,M2,raw_ridge,population,1
all11_observed,M2,raw_ridge,share_u20,2
all11_observed,M2,raw_ridge,share_20s,2
all11_observed,M2,raw_ridge,share_30s,2
all11_observed,M2,raw_ridge,share_40s,2
all11_observed,M2,raw_ridge,share_50s,2
all11_observed,M2,raw_ridge,female_share,2
all11_observed,M2,raw_ridge,hh1_share,2
all11_observed,M2,raw_ridge,hh2_share,2
all11_observed,M3,raw_ridge,population,1
all11_observed,M3,raw_ridge,share_u20,2
all11_observed,M3,raw_ridge,share_20s,2
all11_observed,M3,raw_ridge,share_30s,2
all11_observed,M3,raw_ridge,share_40s,2
all11_observed,M3,raw_ridge,share_50s,2
all11_observed,M3,raw_ridge,female_share,2
all11_observed,M3,raw_ridge,hh1_share,2
all11_observed,M3,raw_ridge,hh2_share,2
all11_observed,M3,raw_ridge,est_0,3
all11_observed,M3,raw_ridge,emp_0,3
all11_observed,M4,raw_ridge,population,1
all11_observed,M4,raw_ridge,share_u20,2
all11_observed,M4,raw_ridge,share_20s,2
all11_observed,M4,raw_ridge,share_30s,2
all11_observed,M4,raw_ridge,share_40s,2
all11_observed,M4,raw_ridge,share_50s,2
all11_observed,M4,raw_ridge,female_share,2
all11_observed,M4,raw_ridge,hh1_share,2
all11_observed,M4,raw_ridge,hh2_share,2
all11_observed,M4,raw_ridge,est_0,3
all11_observed,M4,raw_ridge,emp_0,3
all11_observed,M4,raw_ridge,est_share_G,4
all11_observed,M4,raw_ridge,est_share_I,4
all11_observed,M4,raw_ridge,emp_share_G,4
all11_observed,M4,raw_ridge,emp_share_I,4
all11_observed,M4,raw_ridge,emp_share_C,4
all11_observed,M4,raw_ridge,emp_share_M,4
all11_observed,M5,raw_ridge,population,1
all11_observed,M5,raw_ridge,share_u20,2
all11_observed,M5,raw_ridge,share_20s,2
all11_observed,M5,raw_ridge,share_30s,2
all11_observed,M5,raw_ridge,share_40s,2
all11_observed,M5,raw_ridge,share_50s,2
all11_observed,M5,raw_ridge,female_share,2
all11_observed,M5,raw_ridge,hh1_share,2
all11_observed,M5,raw_ridge,hh2_share,2
all11_observed,M5,raw_ridge,est_0,3
all11_observed,M5,raw_ridge,emp_0,3
all11_observed,M5,raw_ridge,est_share_G,4
all11_observed,M5,raw_ridge,est_share_I,4
all11_observed,M5,raw_ridge,emp_share_G,4
all11_observed,M5,raw_ridge,emp_share_I,4
all11_observed,M5,raw_ridge,emp_share_C,4
all11_observed,M5,raw_ridge,emp_share_M,4
all11_observed,M5,raw_ridge,inflow,5
all11_observed,M5,raw_ridge,outflow,5
all11_observed,M9,raw_ridge,population,1
all11_observed,M9,raw_ridge,share_u20,2
all11_observed,M9,raw_ridge,share_20s,2
all11_observed,M9,raw_ridge,share_30s,2
all11_observed,M9,raw_ridge,share_40s,2
all11_observed,M9,raw_ridge,share_50s,2
all11_observed,M9,raw_ridge,female_share,2
all11_observed,M9,raw_ridge,hh1_share,2
all11_observed,M9,raw_ridge,hh2_share,2
all11_observed,M9,raw_ridge,est_0,3
all11_observed,M9,raw_ridge,emp_0,3
all11_observed,M9,raw_ridge,est_share_G,4
all11_observed,M9,raw_ridge,est_share_I,4
all11_observed,M9,raw_ridge,emp_share_G,4
all11_observed,M9,raw_ridge,emp_share_I,4
all11_observed,M9,raw_ridge,emp_share_C,4
all11_observed,M9,raw_ridge,emp_share_M,4
all11_observed,M9,raw_ridge,inflow,5
all11_observed,M9,raw_ridge,outflow,5
all11_observed,M9,raw_ridge,supply_narrow_4004,6
all11_observed,M9,raw_ridge,supply_narrow_4010,6
all11_observed,M9,raw_ridge,supply_narrow_4020,6
all11_observed,M9,raw_ridge,supply_narrow_8001,6
all11_observed,M9,raw_ridge,supply_narrow_8002,6
all11_observed,M9,raw_ridge,supply_narrow_8003,6
all11_observed,M9,raw_ridge,supply_narrow_8004,6
all11_observed,M9,raw_ridge,supply_narrow_8005,6
all11_observed,M9,raw_ridge,supply_narrow_8006,6
all11_observed,M9,raw_ridge,supply_narrow_8021,6
all11_observed,M9,raw_ridge,supply_narrow_8301,6
all11_observed,M9,raw_ridge,log_residence_mean_pay,7
all11_observed,M9,raw_ridge,residence_filer_population_ratio,7
all11_observed,M9,raw_ridge,residence_parent_shared,7
all11_observed,M9,raw_ridge,log_population_density,8
all11_observed,M9,raw_ridge,land_building_share,8
all11_observed,M9,raw_ridge,land_factory_share,8
all11_observed,M9,raw_ridge,land_farm_forest_share,8
all11_observed,M9,raw_ridge,urban_area_ratio,8
all11_observed,M9,raw_ridge,urban_population_ratio,8
all11_observed,M9,raw_ridge,urban_residential_share,8
all11_observed,M9,raw_ridge,urban_commercial_share,8
all11_observed,M9,raw_ridge,urban_industrial_share,8
all11_observed,M9,raw_ridge,urban_parent_shared,8
all11_observed,M9,raw_ridge,admin_type,8
all11_observed,M9,raw_ridge,SIDO_NM,9
all11_observed,M9_mall_area,log_ridge_smear,log_population,1
all11_observed,M9_mall_area,log_ridge_smear,share_u20,2
all11_observed,M9_mall_area,log_ridge_smear,share_20s,2
all11_observed,M9_mall_area,log_ridge_smear,share_30s,2
all11_observed,M9_mall_area,log_ridge_smear,share_40s,2
all11_observed,M9_mall_area,log_ridge_smear,share_50s,2
all11_observed,M9_mall_area,log_ridge_smear,female_share,2
all11_observed,M9_mall_area,log_ridge_smear,hh1_share,2
all11_observed,M9_mall_area,log_ridge_smear,hh2_share,2
all11_observed,M9_mall_area,log_ridge_smear,log_est_per_population,3
all11_observed,M9_mall_area,log_ridge_smear,log_emp_per_population,3
all11_observed,M9_mall_area,log_ridge_smear,est_share_G,4
all11_observed,M9_mall_area,log_ridge_smear,est_share_I,4
all11_observed,M9_mall_area,log_ridge_smear,emp_share_G,4
all11_observed,M9_mall_area,log_ridge_smear,emp_share_I,4
all11_observed,M9_mall_area,log_ridge_smear,emp_share_C,4
all11_observed,M9_mall_area,log_ridge_smear,emp_share_M,4
all11_observed,M9_mall_area,log_ridge_smear,log_inflow_per_population,5
all11_observed,M9_mall_area,log_ridge_smear,log_in_out_ratio,5
all11_observed,M9_mall_area,log_ridge_smear,supply_narrow_4004,6
all11_observed,M9_mall_area,log_ridge_smear,supply_narrow_4010,6
all11_observed,M9_mall_area,log_ridge_smear,supply_narrow_4020,6
all11_observed,M9_mall_area,log_ridge_smear,supply_narrow_8001,6
all11_observed,M9_mall_area,log_ridge_smear,supply_narrow_8002,6
all11_observed,M9_mall_area,log_ridge_smear,supply_narrow_8003,6
all11_observed,M9_mall_area,log_ridge_smear,supply_narrow_8004,6
all11_observed,M9_mall_area,log_ridge_smear,supply_narrow_8005,6
all11_observed,M9_mall_area,log_ridge_smear,supply_narrow_8006,6
all11_observed,M9_mall_area,log_ridge_smear,supply_narrow_8021,6
all11_observed,M9_mall_area,log_ridge_smear,supply_narrow_8301,6
all11_observed,M9_mall_area,log_ridge_smear,log_residence_mean_pay,7
all11_observed,M9_mall_area,log_ridge_smear,residence_filer_population_ratio,7
all11_observed,M9_mall_area,log_ridge_smear,residence_parent_shared,7
all11_observed,M9_mall_area,log_ridge_smear,log_population_density,8
all11_observed,M9_mall_area,log_ridge_smear,land_building_share,8
all11_observed,M9_mall_area,log_ridge_smear,land_factory_share,8
all11_observed,M9_mall_area,log_ridge_smear,land_farm_forest_share,8
all11_observed,M9_mall_area,log_ridge_smear,urban_area_ratio,8
all11_observed,M9_mall_area,log_ridge_smear,urban_population_ratio,8
all11_observed,M9_mall_area,log_ridge_smear,urban_residential_share,8
all11_observed,M9_mall_area,log_ridge_smear,urban_commercial_share,8
all11_observed,M9_mall_area,log_ridge_smear,urban_industrial_share,8
all11_observed,M9_mall_area,log_ridge_smear,urban_parent_shared,8
all11_observed,M9_mall_area,log_ridge_smear,log_mall_area_per_population,9
all11_observed,M9_mall_area,log_ridge_smear,mall_narrow_area_missing_rate,9
all11_observed,M9_mall_area,log_ridge_smear,admin_type,8
all11_observed,M9_mall_area,log_ridge_smear,SIDO_NM,9
all11_observed,M9_current_stores,log_ridge_smear,log_population,1
all11_observed,M9_current_stores,log_ridge_smear,share_u20,2
all11_observed,M9_current_stores,log_ridge_smear,share_20s,2
all11_observed,M9_current_stores,log_ridge_smear,share_30s,2
all11_observed,M9_current_stores,log_ridge_smear,share_40s,2
all11_observed,M9_current_stores,log_ridge_smear,share_50s,2
all11_observed,M9_current_stores,log_ridge_smear,female_share,2
all11_observed,M9_current_stores,log_ridge_smear,hh1_share,2
all11_observed,M9_current_stores,log_ridge_smear,hh2_share,2
all11_observed,M9_current_stores,log_ridge_smear,log_est_per_population,3
all11_observed,M9_current_stores,log_ridge_smear,log_emp_per_population,3
all11_observed,M9_current_stores,log_ridge_smear,est_share_G,4
all11_observed,M9_current_stores,log_ridge_smear,est_share_I,4
all11_observed,M9_current_stores,log_ridge_smear,emp_share_G,4
all11_observed,M9_current_stores,log_ridge_smear,emp_share_I,4
all11_observed,M9_current_stores,log_ridge_smear,emp_share_C,4
all11_observed,M9_current_stores,log_ridge_smear,emp_share_M,4
all11_observed,M9_current_stores,log_ridge_smear,log_inflow_per_population,5
all11_observed,M9_current_stores,log_ridge_smear,log_in_out_ratio,5
all11_observed,M9_current_stores,log_ridge_smear,supply_strict_4004,9
all11_observed,M9_current_stores,log_ridge_smear,supply_narrow_4010,6
all11_observed,M9_current_stores,log_ridge_smear,supply_narrow_4020,6
all11_observed,M9_current_stores,log_ridge_smear,supply_narrow_8001,6
all11_observed,M9_current_stores,log_ridge_smear,supply_narrow_8002,6
all11_observed,M9_current_stores,log_ridge_smear,supply_narrow_8003,6
all11_observed,M9_current_stores,log_ridge_smear,supply_narrow_8004,6
all11_observed,M9_current_stores,log_ridge_smear,supply_narrow_8005,6
all11_observed,M9_current_stores,log_ridge_smear,supply_narrow_8006,6
all11_observed,M9_current_stores,log_ridge_smear,supply_narrow_8021,6
all11_observed,M9_current_stores,log_ridge_smear,supply_narrow_8301,6
all11_observed,M9_current_stores,log_ridge_smear,log_residence_mean_pay,7
all11_observed,M9_current_stores,log_ridge_smear,residence_filer_population_ratio,7
all11_observed,M9_current_stores,log_ridge_smear,residence_parent_shared,7
all11_observed,M9_current_stores,log_ridge_smear,log_population_density,8
all11_observed,M9_current_stores,log_ridge_smear,land_building_share,8
all11_observed,M9_current_stores,log_ridge_smear,land_factory_share,8
all11_observed,M9_current_stores,log_ridge_smear,land_farm_forest_share,8
all11_observed,M9_current_stores,log_ridge_smear,urban_area_ratio,8
all11_observed,M9_current_stores,log_ridge_smear,urban_population_ratio,8
all11_observed,M9_current_stores,log_ridge_smear,urban_residential_share,8
all11_observed,M9_current_stores,log_ridge_smear,urban_commercial_share,8
all11_observed,M9_current_stores,log_ridge_smear,urban_industrial_share,8
all11_observed,M9_current_stores,log_ridge_smear,urban_parent_shared,8
all11_observed,M9_current_stores,log_ridge_smear,admin_type,8
all11_observed,M9_current_stores,log_ridge_smear,SIDO_NM,9
4004,M1,log_ridge_smear,log_population,1
4004,M2,log_ridge_smear,log_population,1
4004,M2,log_ridge_smear,share_u20,2
4004,M2,log_ridge_smear,share_20s,2
4004,M2,log_ridge_smear,share_30s,2
4004,M2,log_ridge_smear,share_40s,2
4004,M2,log_ridge_smear,share_50s,2
4004,M2,log_ridge_smear,female_share,2
4004,M2,log_ridge_smear,hh1_share,2
4004,M2,log_ridge_smear,hh2_share,2
4004,M3,log_ridge_smear,log_population,1
4004,M3,log_ridge_smear,share_u20,2
4004,M3,log_ridge_smear,share_20s,2
4004,M3,log_ridge_smear,share_30s,2
4004,M3,log_ridge_smear,share_40s,2
4004,M3,log_ridge_smear,share_50s,2
4004,M3,log_ridge_smear,female_share,2
4004,M3,log_ridge_smear,hh1_share,2
4004,M3,log_ridge_smear,hh2_share,2
4004,M3,log_ridge_smear,log_est_per_population,3
4004,M3,log_ridge_smear,log_emp_per_population,3
4004,M4,log_ridge_smear,log_population,1
4004,M4,log_ridge_smear,share_u20,2
4004,M4,log_ridge_smear,share_20s,2
4004,M4,log_ridge_smear,share_30s,2
4004,M4,log_ridge_smear,share_40s,2
4004,M4,log_ridge_smear,share_50s,2
4004,M4,log_ridge_smear,female_share,2
4004,M4,log_ridge_smear,hh1_share,2
4004,M4,log_ridge_smear,hh2_share,2
4004,M4,log_ridge_smear,log_est_per_population,3
4004,M4,log_ridge_smear,log_emp_per_population,3
4004,M4,log_ridge_smear,est_share_G,4
4004,M4,log_ridge_smear,est_share_I,4
4004,M4,log_ridge_smear,emp_share_G,4
4004,M4,log_ridge_smear,emp_share_I,4
4004,M4,log_ridge_smear,emp_share_C,4
4004,M4,log_ridge_smear,emp_share_M,4
4004,M5,log_ridge_smear,log_population,1
4004,M5,log_ridge_smear,share_u20,2
4004,M5,log_ridge_smear,share_20s,2
4004,M5,log_ridge_smear,share_30s,2
4004,M5,log_ridge_smear,share_40s,2
4004,M5,log_ridge_smear,share_50s,2
4004,M5,log_ridge_smear,female_share,2
4004,M5,log_ridge_smear,hh1_share,2
4004,M5,log_ridge_smear,hh2_share,2
4004,M5,log_ridge_smear,log_est_per_population,3
4004,M5,log_ridge_smear,log_emp_per_population,3
4004,M5,log_ridge_smear,est_share_G,4
4004,M5,log_ridge_smear,est_share_I,4
4004,M5,log_ridge_smear,emp_share_G,4
4004,M5,log_ridge_smear,emp_share_I,4
4004,M5,log_ridge_smear,emp_share_C,4
4004,M5,log_ridge_smear,emp_share_M,4
4004,M5,log_ridge_smear,log_inflow_per_population,5
4004,M5,log_ridge_smear,log_in_out_ratio,5
4004,M6,log_ridge_smear,log_population,1
4004,M6,log_ridge_smear,share_u20,2
4004,M6,log_ridge_smear,share_20s,2
4004,M6,log_ridge_smear,share_30s,2
4004,M6,log_ridge_smear,share_40s,2
4004,M6,log_ridge_smear,share_50s,2
4004,M6,log_ridge_smear,female_share,2
4004,M6,log_ridge_smear,hh1_share,2
4004,M6,log_ridge_smear,hh2_share,2
4004,M6,log_ridge_smear,log_est_per_population,3
4004,M6,log_ridge_smear,log_emp_per_population,3
4004,M6,log_ridge_smear,est_share_G,4
4004,M6,log_ridge_smear,est_share_I,4
4004,M6,log_ridge_smear,emp_share_G,4
4004,M6,log_ridge_smear,emp_share_I,4
4004,M6,log_ridge_smear,emp_share_C,4
4004,M6,log_ridge_smear,emp_share_M,4
4004,M6,log_ridge_smear,log_inflow_per_population,5
4004,M6,log_ridge_smear,log_in_out_ratio,5
4004,M6,log_ridge_smear,supply_narrow_4004,6
4004,M7,log_ridge_smear,log_population,1
4004,M7,log_ridge_smear,share_u20,2
4004,M7,log_ridge_smear,share_20s,2
4004,M7,log_ridge_smear,share_30s,2
4004,M7,log_ridge_smear,share_40s,2
4004,M7,log_ridge_smear,share_50s,2
4004,M7,log_ridge_smear,female_share,2
4004,M7,log_ridge_smear,hh1_share,2
4004,M7,log_ridge_smear,hh2_share,2
4004,M7,log_ridge_smear,log_est_per_population,3
4004,M7,log_ridge_smear,log_emp_per_population,3
4004,M7,log_ridge_smear,est_share_G,4
4004,M7,log_ridge_smear,est_share_I,4
4004,M7,log_ridge_smear,emp_share_G,4
4004,M7,log_ridge_smear,emp_share_I,4
4004,M7,log_ridge_smear,emp_share_C,4
4004,M7,log_ridge_smear,emp_share_M,4
4004,M7,log_ridge_smear,log_inflow_per_population,5
4004,M7,log_ridge_smear,log_in_out_ratio,5
4004,M7,log_ridge_smear,supply_narrow_4004,6
4004,M7,log_ridge_smear,log_residence_mean_pay,7
4004,M7,log_ridge_smear,residence_filer_population_ratio,7
4004,M7,log_ridge_smear,residence_parent_shared,7
4004,M8,log_ridge_smear,log_population,1
4004,M8,log_ridge_smear,share_u20,2
4004,M8,log_ridge_smear,share_20s,2
4004,M8,log_ridge_smear,share_30s,2
4004,M8,log_ridge_smear,share_40s,2
4004,M8,log_ridge_smear,share_50s,2
4004,M8,log_ridge_smear,female_share,2
4004,M8,log_ridge_smear,hh1_share,2
4004,M8,log_ridge_smear,hh2_share,2
4004,M8,log_ridge_smear,log_est_per_population,3
4004,M8,log_ridge_smear,log_emp_per_population,3
4004,M8,log_ridge_smear,est_share_G,4
4004,M8,log_ridge_smear,est_share_I,4
4004,M8,log_ridge_smear,emp_share_G,4
4004,M8,log_ridge_smear,emp_share_I,4
4004,M8,log_ridge_smear,emp_share_C,4
4004,M8,log_ridge_smear,emp_share_M,4
4004,M8,log_ridge_smear,log_inflow_per_population,5
4004,M8,log_ridge_smear,log_in_out_ratio,5
4004,M8,log_ridge_smear,supply_narrow_4004,6
4004,M8,log_ridge_smear,log_residence_mean_pay,7
4004,M8,log_ridge_smear,residence_filer_population_ratio,7
4004,M8,log_ridge_smear,residence_parent_shared,7
4004,M8,log_ridge_smear,log_population_density,8
4004,M8,log_ridge_smear,land_building_share,8
4004,M8,log_ridge_smear,land_factory_share,8
4004,M8,log_ridge_smear,land_farm_forest_share,8
4004,M8,log_ridge_smear,urban_area_ratio,8
4004,M8,log_ridge_smear,urban_population_ratio,8
4004,M8,log_ridge_smear,urban_residential_share,8
4004,M8,log_ridge_smear,urban_commercial_share,8
4004,M8,log_ridge_smear,urban_industrial_share,8
4004,M8,log_ridge_smear,urban_parent_shared,8
4004,M8,log_ridge_smear,admin_type,8
4004,M9,log_ridge_smear,log_population,1
4004,M9,log_ridge_smear,share_u20,2
4004,M9,log_ridge_smear,share_20s,2
4004,M9,log_ridge_smear,share_30s,2
4004,M9,log_ridge_smear,share_40s,2
4004,M9,log_ridge_smear,share_50s,2
4004,M9,log_ridge_smear,female_share,2
4004,M9,log_ridge_smear,hh1_share,2
4004,M9,log_ridge_smear,hh2_share,2
4004,M9,log_ridge_smear,log_est_per_population,3
4004,M9,log_ridge_smear,log_emp_per_population,3
4004,M9,log_ridge_smear,est_share_G,4
4004,M9,log_ridge_smear,est_share_I,4
4004,M9,log_ridge_smear,emp_share_G,4
4004,M9,log_ridge_smear,emp_share_I,4
4004,M9,log_ridge_smear,emp_share_C,4
4004,M9,log_ridge_smear,emp_share_M,4
4004,M9,log_ridge_smear,log_inflow_per_population,5
4004,M9,log_ridge_smear,log_in_out_ratio,5
4004,M9,log_ridge_smear,supply_narrow_4004,6
4004,M9,log_ridge_smear,log_residence_mean_pay,7
4004,M9,log_ridge_smear,residence_filer_population_ratio,7
4004,M9,log_ridge_smear,residence_parent_shared,7
4004,M9,log_ridge_smear,log_population_density,8
4004,M9,log_ridge_smear,land_building_share,8
4004,M9,log_ridge_smear,land_factory_share,8
4004,M9,log_ridge_smear,land_farm_forest_share,8
4004,M9,log_ridge_smear,urban_area_ratio,8
4004,M9,log_ridge_smear,urban_population_ratio,8
4004,M9,log_ridge_smear,urban_residential_share,8
4004,M9,log_ridge_smear,urban_commercial_share,8
4004,M9,log_ridge_smear,urban_industrial_share,8
4004,M9,log_ridge_smear,urban_parent_shared,8
4004,M9,log_ridge_smear,admin_type,8
4004,M9,log_ridge_smear,SIDO_NM,9
4004,without_M1,log_ridge_smear,share_u20,2
4004,without_M1,log_ridge_smear,share_20s,2
4004,without_M1,log_ridge_smear,share_30s,2
4004,without_M1,log_ridge_smear,share_40s,2
4004,without_M1,log_ridge_smear,share_50s,2
4004,without_M1,log_ridge_smear,female_share,2
4004,without_M1,log_ridge_smear,hh1_share,2
4004,without_M1,log_ridge_smear,hh2_share,2
4004,without_M1,log_ridge_smear,log_est_per_population,3
4004,without_M1,log_ridge_smear,log_emp_per_population,3
4004,without_M1,log_ridge_smear,est_share_G,4
4004,without_M1,log_ridge_smear,est_share_I,4
4004,without_M1,log_ridge_smear,emp_share_G,4
4004,without_M1,log_ridge_smear,emp_share_I,4
4004,without_M1,log_ridge_smear,emp_share_C,4
4004,without_M1,log_ridge_smear,emp_share_M,4
4004,without_M1,log_ridge_smear,log_inflow_per_population,5
4004,without_M1,log_ridge_smear,log_in_out_ratio,5
4004,without_M1,log_ridge_smear,supply_narrow_4004,6
4004,without_M1,log_ridge_smear,log_residence_mean_pay,7
4004,without_M1,log_ridge_smear,residence_filer_population_ratio,7
4004,without_M1,log_ridge_smear,residence_parent_shared,7
4004,without_M1,log_ridge_smear,log_population_density,8
4004,without_M1,log_ridge_smear,land_building_share,8
4004,without_M1,log_ridge_smear,land_factory_share,8
4004,without_M1,log_ridge_smear,land_farm_forest_share,8
4004,without_M1,log_ridge_smear,urban_area_ratio,8
4004,without_M1,log_ridge_smear,urban_population_ratio,8
4004,without_M1,log_ridge_smear,urban_residential_share,8
4004,without_M1,log_ridge_smear,urban_commercial_share,8
4004,without_M1,log_ridge_smear,urban_industrial_share,8
4004,without_M1,log_ridge_smear,urban_parent_shared,8
4004,without_M1,log_ridge_smear,admin_type,8
4004,without_M1,log_ridge_smear,SIDO_NM,9
4004,without_M2,log_ridge_smear,log_population,1
4004,without_M2,log_ridge_smear,log_est_per_population,3
4004,without_M2,log_ridge_smear,log_emp_per_population,3
4004,without_M2,log_ridge_smear,est_share_G,4
4004,without_M2,log_ridge_smear,est_share_I,4
4004,without_M2,log_ridge_smear,emp_share_G,4
4004,without_M2,log_ridge_smear,emp_share_I,4
4004,without_M2,log_ridge_smear,emp_share_C,4
4004,without_M2,log_ridge_smear,emp_share_M,4
4004,without_M2,log_ridge_smear,log_inflow_per_population,5
4004,without_M2,log_ridge_smear,log_in_out_ratio,5
4004,without_M2,log_ridge_smear,supply_narrow_4004,6
4004,without_M2,log_ridge_smear,log_residence_mean_pay,7
4004,without_M2,log_ridge_smear,residence_filer_population_ratio,7
4004,without_M2,log_ridge_smear,residence_parent_shared,7
4004,without_M2,log_ridge_smear,log_population_density,8
4004,without_M2,log_ridge_smear,land_building_share,8
4004,without_M2,log_ridge_smear,land_factory_share,8
4004,without_M2,log_ridge_smear,land_farm_forest_share,8
4004,without_M2,log_ridge_smear,urban_area_ratio,8
4004,without_M2,log_ridge_smear,urban_population_ratio,8
4004,without_M2,log_ridge_smear,urban_residential_share,8
4004,without_M2,log_ridge_smear,urban_commercial_share,8
4004,without_M2,log_ridge_smear,urban_industrial_share,8
4004,without_M2,log_ridge_smear,urban_parent_shared,8
4004,without_M2,log_ridge_smear,admin_type,8
4004,without_M2,log_ridge_smear,SIDO_NM,9
4004,without_M3,log_ridge_smear,log_population,1
4004,without_M3,log_ridge_smear,share_u20,2
4004,without_M3,log_ridge_smear,share_20s,2
4004,without_M3,log_ridge_smear,share_30s,2
4004,without_M3,log_ridge_smear,share_40s,2
4004,without_M3,log_ridge_smear,share_50s,2
4004,without_M3,log_ridge_smear,female_share,2
4004,without_M3,log_ridge_smear,hh1_share,2
4004,without_M3,log_ridge_smear,hh2_share,2
4004,without_M3,log_ridge_smear,est_share_G,4
4004,without_M3,log_ridge_smear,est_share_I,4
4004,without_M3,log_ridge_smear,emp_share_G,4
4004,without_M3,log_ridge_smear,emp_share_I,4
4004,without_M3,log_ridge_smear,emp_share_C,4
4004,without_M3,log_ridge_smear,emp_share_M,4
4004,without_M3,log_ridge_smear,log_inflow_per_population,5
4004,without_M3,log_ridge_smear,log_in_out_ratio,5
4004,without_M3,log_ridge_smear,supply_narrow_4004,6
4004,without_M3,log_ridge_smear,log_residence_mean_pay,7
4004,without_M3,log_ridge_smear,residence_filer_population_ratio,7
4004,without_M3,log_ridge_smear,residence_parent_shared,7
4004,without_M3,log_ridge_smear,log_population_density,8
4004,without_M3,log_ridge_smear,land_building_share,8
4004,without_M3,log_ridge_smear,land_factory_share,8
4004,without_M3,log_ridge_smear,land_farm_forest_share,8
4004,without_M3,log_ridge_smear,urban_area_ratio,8
4004,without_M3,log_ridge_smear,urban_population_ratio,8
4004,without_M3,log_ridge_smear,urban_residential_share,8
4004,without_M3,log_ridge_smear,urban_commercial_share,8
4004,without_M3,log_ridge_smear,urban_industrial_share,8
4004,without_M3,log_ridge_smear,urban_parent_shared,8
4004,without_M3,log_ridge_smear,admin_type,8
4004,without_M3,log_ridge_smear,SIDO_NM,9
4004,without_M4,log_ridge_smear,log_population,1
4004,without_M4,log_ridge_smear,share_u20,2
4004,without_M4,log_ridge_smear,share_20s,2
4004,without_M4,log_ridge_smear,share_30s,2
4004,without_M4,log_ridge_smear,share_40s,2
4004,without_M4,log_ridge_smear,share_50s,2
4004,without_M4,log_ridge_smear,female_share,2
4004,without_M4,log_ridge_smear,hh1_share,2
4004,without_M4,log_ridge_smear,hh2_share,2
4004,without_M4,log_ridge_smear,log_est_per_population,3
4004,without_M4,log_ridge_smear,log_emp_per_population,3
4004,without_M4,log_ridge_smear,log_inflow_per_population,5
4004,without_M4,log_ridge_smear,log_in_out_ratio,5
4004,without_M4,log_ridge_smear,supply_narrow_4004,6
4004,without_M4,log_ridge_smear,log_residence_mean_pay,7
4004,without_M4,log_ridge_smear,residence_filer_population_ratio,7
4004,without_M4,log_ridge_smear,residence_parent_shared,7
4004,without_M4,log_ridge_smear,log_population_density,8
4004,without_M4,log_ridge_smear,land_building_share,8
4004,without_M4,log_ridge_smear,land_factory_share,8
4004,without_M4,log_ridge_smear,land_farm_forest_share,8
4004,without_M4,log_ridge_smear,urban_area_ratio,8
4004,without_M4,log_ridge_smear,urban_population_ratio,8
4004,without_M4,log_ridge_smear,urban_residential_share,8
4004,without_M4,log_ridge_smear,urban_commercial_share,8
4004,without_M4,log_ridge_smear,urban_industrial_share,8
4004,without_M4,log_ridge_smear,urban_parent_shared,8
4004,without_M4,log_ridge_smear,admin_type,8
4004,without_M4,log_ridge_smear,SIDO_NM,9
4004,without_M5,log_ridge_smear,log_population,1
4004,without_M5,log_ridge_smear,share_u20,2
4004,without_M5,log_ridge_smear,share_20s,2
4004,without_M5,log_ridge_smear,share_30s,2
4004,without_M5,log_ridge_smear,share_40s,2
4004,without_M5,log_ridge_smear,share_50s,2
4004,without_M5,log_ridge_smear,female_share,2
4004,without_M5,log_ridge_smear,hh1_share,2
4004,without_M5,log_ridge_smear,hh2_share,2
4004,without_M5,log_ridge_smear,log_est_per_population,3
4004,without_M5,log_ridge_smear,log_emp_per_population,3
4004,without_M5,log_ridge_smear,est_share_G,4
4004,without_M5,log_ridge_smear,est_share_I,4
4004,without_M5,log_ridge_smear,emp_share_G,4
4004,without_M5,log_ridge_smear,emp_share_I,4
4004,without_M5,log_ridge_smear,emp_share_C,4
4004,without_M5,log_ridge_smear,emp_share_M,4
4004,without_M5,log_ridge_smear,supply_narrow_4004,6
4004,without_M5,log_ridge_smear,log_residence_mean_pay,7
4004,without_M5,log_ridge_smear,residence_filer_population_ratio,7
4004,without_M5,log_ridge_smear,residence_parent_shared,7
4004,without_M5,log_ridge_smear,log_population_density,8
4004,without_M5,log_ridge_smear,land_building_share,8
4004,without_M5,log_ridge_smear,land_factory_share,8
4004,without_M5,log_ridge_smear,land_farm_forest_share,8
4004,without_M5,log_ridge_smear,urban_area_ratio,8
4004,without_M5,log_ridge_smear,urban_population_ratio,8
4004,without_M5,log_ridge_smear,urban_residential_share,8
4004,without_M5,log_ridge_smear,urban_commercial_share,8
4004,without_M5,log_ridge_smear,urban_industrial_share,8
4004,without_M5,log_ridge_smear,urban_parent_shared,8
4004,without_M5,log_ridge_smear,admin_type,8
4004,without_M5,log_ridge_smear,SIDO_NM,9
4004,without_M6,log_ridge_smear,log_population,1
4004,without_M6,log_ridge_smear,share_u20,2
4004,without_M6,log_ridge_smear,share_20s,2
4004,without_M6,log_ridge_smear,share_30s,2
4004,without_M6,log_ridge_smear,share_40s,2
4004,without_M6,log_ridge_smear,share_50s,2
4004,without_M6,log_ridge_smear,female_share,2
4004,without_M6,log_ridge_smear,hh1_share,2
4004,without_M6,log_ridge_smear,hh2_share,2
4004,without_M6,log_ridge_smear,log_est_per_population,3
4004,without_M6,log_ridge_smear,log_emp_per_population,3
4004,without_M6,log_ridge_smear,est_share_G,4
4004,without_M6,log_ridge_smear,est_share_I,4
4004,without_M6,log_ridge_smear,emp_share_G,4
4004,without_M6,log_ridge_smear,emp_share_I,4
4004,without_M6,log_ridge_smear,emp_share_C,4
4004,without_M6,log_ridge_smear,emp_share_M,4
4004,without_M6,log_ridge_smear,log_inflow_per_population,5
4004,without_M6,log_ridge_smear,log_in_out_ratio,5
4004,without_M6,log_ridge_smear,log_residence_mean_pay,7
4004,without_M6,log_ridge_smear,residence_filer_population_ratio,7
4004,without_M6,log_ridge_smear,residence_parent_shared,7
4004,without_M6,log_ridge_smear,log_population_density,8
4004,without_M6,log_ridge_smear,land_building_share,8
4004,without_M6,log_ridge_smear,land_factory_share,8
4004,without_M6,log_ridge_smear,land_farm_forest_share,8
4004,without_M6,log_ridge_smear,urban_area_ratio,8
4004,without_M6,log_ridge_smear,urban_population_ratio,8
4004,without_M6,log_ridge_smear,urban_residential_share,8
4004,without_M6,log_ridge_smear,urban_commercial_share,8
4004,without_M6,log_ridge_smear,urban_industrial_share,8
4004,without_M6,log_ridge_smear,urban_parent_shared,8
4004,without_M6,log_ridge_smear,admin_type,8
4004,without_M6,log_ridge_smear,SIDO_NM,9
4004,without_M7,log_ridge_smear,log_population,1
4004,without_M7,log_ridge_smear,share_u20,2
4004,without_M7,log_ridge_smear,share_20s,2
4004,without_M7,log_ridge_smear,share_30s,2
4004,without_M7,log_ridge_smear,share_40s,2
4004,without_M7,log_ridge_smear,share_50s,2
4004,without_M7,log_ridge_smear,female_share,2
4004,without_M7,log_ridge_smear,hh1_share,2
4004,without_M7,log_ridge_smear,hh2_share,2
4004,without_M7,log_ridge_smear,log_est_per_population,3
4004,without_M7,log_ridge_smear,log_emp_per_population,3
4004,without_M7,log_ridge_smear,est_share_G,4
4004,without_M7,log_ridge_smear,est_share_I,4
4004,without_M7,log_ridge_smear,emp_share_G,4
4004,without_M7,log_ridge_smear,emp_share_I,4
4004,without_M7,log_ridge_smear,emp_share_C,4
4004,without_M7,log_ridge_smear,emp_share_M,4
4004,without_M7,log_ridge_smear,log_inflow_per_population,5
4004,without_M7,log_ridge_smear,log_in_out_ratio,5
4004,without_M7,log_ridge_smear,supply_narrow_4004,6
4004,without_M7,log_ridge_smear,log_population_density,8
4004,without_M7,log_ridge_smear,land_building_share,8
4004,without_M7,log_ridge_smear,land_factory_share,8
4004,without_M7,log_ridge_smear,land_farm_forest_share,8
4004,without_M7,log_ridge_smear,urban_area_ratio,8
4004,without_M7,log_ridge_smear,urban_population_ratio,8
4004,without_M7,log_ridge_smear,urban_residential_share,8
4004,without_M7,log_ridge_smear,urban_commercial_share,8
4004,without_M7,log_ridge_smear,urban_industrial_share,8
4004,without_M7,log_ridge_smear,urban_parent_shared,8
4004,without_M7,log_ridge_smear,admin_type,8
4004,without_M7,log_ridge_smear,SIDO_NM,9
4004,without_M8,log_ridge_smear,log_population,1
4004,without_M8,log_ridge_smear,share_u20,2
4004,without_M8,log_ridge_smear,share_20s,2
4004,without_M8,log_ridge_smear,share_30s,2
4004,without_M8,log_ridge_smear,share_40s,2
4004,without_M8,log_ridge_smear,share_50s,2
4004,without_M8,log_ridge_smear,female_share,2
4004,without_M8,log_ridge_smear,hh1_share,2
4004,without_M8,log_ridge_smear,hh2_share,2
4004,without_M8,log_ridge_smear,log_est_per_population,3
4004,without_M8,log_ridge_smear,log_emp_per_population,3
4004,without_M8,log_ridge_smear,est_share_G,4
4004,without_M8,log_ridge_smear,est_share_I,4
4004,without_M8,log_ridge_smear,emp_share_G,4
4004,without_M8,log_ridge_smear,emp_share_I,4
4004,without_M8,log_ridge_smear,emp_share_C,4
4004,without_M8,log_ridge_smear,emp_share_M,4
4004,without_M8,log_ridge_smear,log_inflow_per_population,5
4004,without_M8,log_ridge_smear,log_in_out_ratio,5
4004,without_M8,log_ridge_smear,supply_narrow_4004,6
4004,without_M8,log_ridge_smear,log_residence_mean_pay,7
4004,without_M8,log_ridge_smear,residence_filer_population_ratio,7
4004,without_M8,log_ridge_smear,residence_parent_shared,7
4004,without_M8,log_ridge_smear,SIDO_NM,9
4004,without_M9,log_ridge_smear,log_population,1
4004,without_M9,log_ridge_smear,share_u20,2
4004,without_M9,log_ridge_smear,share_20s,2
4004,without_M9,log_ridge_smear,share_30s,2
4004,without_M9,log_ridge_smear,share_40s,2
4004,without_M9,log_ridge_smear,share_50s,2
4004,without_M9,log_ridge_smear,female_share,2
4004,without_M9,log_ridge_smear,hh1_share,2
4004,without_M9,log_ridge_smear,hh2_share,2
4004,without_M9,log_ridge_smear,log_est_per_population,3
4004,without_M9,log_ridge_smear,log_emp_per_population,3
4004,without_M9,log_ridge_smear,est_share_G,4
4004,without_M9,log_ridge_smear,est_share_I,4
4004,without_M9,log_ridge_smear,emp_share_G,4
4004,without_M9,log_ridge_smear,emp_share_I,4
4004,without_M9,log_ridge_smear,emp_share_C,4
4004,without_M9,log_ridge_smear,emp_share_M,4
4004,without_M9,log_ridge_smear,log_inflow_per_population,5
4004,without_M9,log_ridge_smear,log_in_out_ratio,5
4004,without_M9,log_ridge_smear,supply_narrow_4004,6
4004,without_M9,log_ridge_smear,log_residence_mean_pay,7
4004,without_M9,log_ridge_smear,residence_filer_population_ratio,7
4004,without_M9,log_ridge_smear,residence_parent_shared,7
4004,without_M9,log_ridge_smear,log_population_density,8
4004,without_M9,log_ridge_smear,land_building_share,8
4004,without_M9,log_ridge_smear,land_factory_share,8
4004,without_M9,log_ridge_smear,land_farm_forest_share,8
4004,without_M9,log_ridge_smear,urban_area_ratio,8
4004,without_M9,log_ridge_smear,urban_population_ratio,8
4004,without_M9,log_ridge_smear,urban_residential_share,8
4004,without_M9,log_ridge_smear,urban_commercial_share,8
4004,without_M9,log_ridge_smear,urban_industrial_share,8
4004,without_M9,log_ridge_smear,urban_parent_shared,8
4004,without_M9,log_ridge_smear,admin_type,8
4004,M9_workplace,log_ridge_smear,log_population,1
4004,M9_workplace,log_ridge_smear,share_u20,2
4004,M9_workplace,log_ridge_smear,share_20s,2
4004,M9_workplace,log_ridge_smear,share_30s,2
4004,M9_workplace,log_ridge_smear,share_40s,2
4004,M9_workplace,log_ridge_smear,share_50s,2
4004,M9_workplace,log_ridge_smear,female_share,2
4004,M9_workplace,log_ridge_smear,hh1_share,2
4004,M9_workplace,log_ridge_smear,hh2_share,2
4004,M9_workplace,log_ridge_smear,log_est_per_population,3
4004,M9_workplace,log_ridge_smear,log_emp_per_population,3
4004,M9_workplace,log_ridge_smear,est_share_G,4
4004,M9_workplace,log_ridge_smear,est_share_I,4
4004,M9_workplace,log_ridge_smear,emp_share_G,4
4004,M9_workplace,log_ridge_smear,emp_share_I,4
4004,M9_workplace,log_ridge_smear,emp_share_C,4
4004,M9_workplace,log_ridge_smear,emp_share_M,4
4004,M9_workplace,log_ridge_smear,log_inflow_per_population,5
4004,M9_workplace,log_ridge_smear,log_in_out_ratio,5
4004,M9_workplace,log_ridge_smear,supply_narrow_4004,6
4004,M9_workplace,log_ridge_smear,log_residence_mean_pay,7
4004,M9_workplace,log_ridge_smear,residence_filer_population_ratio,7
4004,M9_workplace,log_ridge_smear,residence_parent_shared,7
4004,M9_workplace,log_ridge_smear,log_population_density,8
4004,M9_workplace,log_ridge_smear,land_building_share,8
4004,M9_workplace,log_ridge_smear,land_factory_share,8
4004,M9_workplace,log_ridge_smear,land_farm_forest_share,8
4004,M9_workplace,log_ridge_smear,urban_area_ratio,8
4004,M9_workplace,log_ridge_smear,urban_population_ratio,8
4004,M9_workplace,log_ridge_smear,urban_residential_share,8
4004,M9_workplace,log_ridge_smear,urban_commercial_share,8
4004,M9_workplace,log_ridge_smear,urban_industrial_share,8
4004,M9_workplace,log_ridge_smear,urban_parent_shared,8
4004,M9_workplace,log_ridge_smear,log_workplace_mean_pay,10
4004,M9_workplace,log_ridge_smear,admin_type,8
4004,M9_workplace,log_ridge_smear,SIDO_NM,9
4004,M9_broad_supply,log_ridge_smear,log_population,1
4004,M9_broad_supply,log_ridge_smear,share_u20,2
4004,M9_broad_supply,log_ridge_smear,share_20s,2
4004,M9_broad_supply,log_ridge_smear,share_30s,2
4004,M9_broad_supply,log_ridge_smear,share_40s,2
4004,M9_broad_supply,log_ridge_smear,share_50s,2
4004,M9_broad_supply,log_ridge_smear,female_share,2
4004,M9_broad_supply,log_ridge_smear,hh1_share,2
4004,M9_broad_supply,log_ridge_smear,hh2_share,2
4004,M9_broad_supply,log_ridge_smear,log_est_per_population,3
4004,M9_broad_supply,log_ridge_smear,log_emp_per_population,3
4004,M9_broad_supply,log_ridge_smear,est_share_G,4
4004,M9_broad_supply,log_ridge_smear,est_share_I,4
4004,M9_broad_supply,log_ridge_smear,emp_share_G,4
4004,M9_broad_supply,log_ridge_smear,emp_share_I,4
4004,M9_broad_supply,log_ridge_smear,emp_share_C,4
4004,M9_broad_supply,log_ridge_smear,emp_share_M,4
4004,M9_broad_supply,log_ridge_smear,log_inflow_per_population,5
4004,M9_broad_supply,log_ridge_smear,log_in_out_ratio,5
4004,M9_broad_supply,log_ridge_smear,supply_broad_4004,6
4004,M9_broad_supply,log_ridge_smear,log_residence_mean_pay,7
4004,M9_broad_supply,log_ridge_smear,residence_filer_population_ratio,7
4004,M9_broad_supply,log_ridge_smear,residence_parent_shared,7
4004,M9_broad_supply,log_ridge_smear,log_population_density,8
4004,M9_broad_supply,log_ridge_smear,land_building_share,8
4004,M9_broad_supply,log_ridge_smear,land_factory_share,8
4004,M9_broad_supply,log_ridge_smear,land_farm_forest_share,8
4004,M9_broad_supply,log_ridge_smear,urban_area_ratio,8
4004,M9_broad_supply,log_ridge_smear,urban_population_ratio,8
4004,M9_broad_supply,log_ridge_smear,urban_residential_share,8
4004,M9_broad_supply,log_ridge_smear,urban_commercial_share,8
4004,M9_broad_supply,log_ridge_smear,urban_industrial_share,8
4004,M9_broad_supply,log_ridge_smear,urban_parent_shared,8
4004,M9_broad_supply,log_ridge_smear,admin_type,8
4004,M9_broad_supply,log_ridge_smear,SIDO_NM,9
4004,M9_alpha10,log_ridge_smear,log_population,1
4004,M9_alpha10,log_ridge_smear,share_u20,2
4004,M9_alpha10,log_ridge_smear,share_20s,2
4004,M9_alpha10,log_ridge_smear,share_30s,2
4004,M9_alpha10,log_ridge_smear,share_40s,2
4004,M9_alpha10,log_ridge_smear,share_50s,2
4004,M9_alpha10,log_ridge_smear,female_share,2
4004,M9_alpha10,log_ridge_smear,hh1_share,2
4004,M9_alpha10,log_ridge_smear,hh2_share,2
4004,M9_alpha10,log_ridge_smear,log_est_per_population,3
4004,M9_alpha10,log_ridge_smear,log_emp_per_population,3
4004,M9_alpha10,log_ridge_smear,est_share_G,4
4004,M9_alpha10,log_ridge_smear,est_share_I,4
4004,M9_alpha10,log_ridge_smear,emp_share_G,4
4004,M9_alpha10,log_ridge_smear,emp_share_I,4
4004,M9_alpha10,log_ridge_smear,emp_share_C,4
4004,M9_alpha10,log_ridge_smear,emp_share_M,4
4004,M9_alpha10,log_ridge_smear,log_inflow_per_population,5
4004,M9_alpha10,log_ridge_smear,log_in_out_ratio,5
4004,M9_alpha10,log_ridge_smear,supply_narrow_4004,6
4004,M9_alpha10,log_ridge_smear,log_residence_mean_pay,7
4004,M9_alpha10,log_ridge_smear,residence_filer_population_ratio,7
4004,M9_alpha10,log_ridge_smear,residence_parent_shared,7
4004,M9_alpha10,log_ridge_smear,log_population_density,8
4004,M9_alpha10,log_ridge_smear,land_building_share,8
4004,M9_alpha10,log_ridge_smear,land_factory_share,8
4004,M9_alpha10,log_ridge_smear,land_farm_forest_share,8
4004,M9_alpha10,log_ridge_smear,urban_area_ratio,8
4004,M9_alpha10,log_ridge_smear,urban_population_ratio,8
4004,M9_alpha10,log_ridge_smear,urban_residential_share,8
4004,M9_alpha10,log_ridge_smear,urban_commercial_share,8
4004,M9_alpha10,log_ridge_smear,urban_industrial_share,8
4004,M9_alpha10,log_ridge_smear,urban_parent_shared,8
4004,M9_alpha10,log_ridge_smear,admin_type,8
4004,M9_alpha10,log_ridge_smear,SIDO_NM,9
4004,M9_taxable_pay,log_ridge_smear,log_population,1
4004,M9_taxable_pay,log_ridge_smear,share_u20,2
4004,M9_taxable_pay,log_ridge_smear,share_20s,2
4004,M9_taxable_pay,log_ridge_smear,share_30s,2
4004,M9_taxable_pay,log_ridge_smear,share_40s,2
4004,M9_taxable_pay,log_ridge_smear,share_50s,2
4004,M9_taxable_pay,log_ridge_smear,female_share,2
4004,M9_taxable_pay,log_ridge_smear,hh1_share,2
4004,M9_taxable_pay,log_ridge_smear,hh2_share,2
4004,M9_taxable_pay,log_ridge_smear,log_est_per_population,3
4004,M9_taxable_pay,log_ridge_smear,log_emp_per_population,3
4004,M9_taxable_pay,log_ridge_smear,est_share_G,4
4004,M9_taxable_pay,log_ridge_smear,est_share_I,4
4004,M9_taxable_pay,log_ridge_smear,emp_share_G,4
4004,M9_taxable_pay,log_ridge_smear,emp_share_I,4
4004,M9_taxable_pay,log_ridge_smear,emp_share_C,4
4004,M9_taxable_pay,log_ridge_smear,emp_share_M,4
4004,M9_taxable_pay,log_ridge_smear,log_inflow_per_population,5
4004,M9_taxable_pay,log_ridge_smear,log_in_out_ratio,5
4004,M9_taxable_pay,log_ridge_smear,supply_narrow_4004,6
4004,M9_taxable_pay,log_ridge_smear,log_residence_mean_tax_pay,9
4004,M9_taxable_pay,log_ridge_smear,residence_filer_population_ratio,7
4004,M9_taxable_pay,log_ridge_smear,residence_parent_shared,7
4004,M9_taxable_pay,log_ridge_smear,log_population_density,8
4004,M9_taxable_pay,log_ridge_smear,land_building_share,8
4004,M9_taxable_pay,log_ridge_smear,land_factory_share,8
4004,M9_taxable_pay,log_ridge_smear,land_farm_forest_share,8
4004,M9_taxable_pay,log_ridge_smear,urban_area_ratio,8
4004,M9_taxable_pay,log_ridge_smear,urban_population_ratio,8
4004,M9_taxable_pay,log_ridge_smear,urban_residential_share,8
4004,M9_taxable_pay,log_ridge_smear,urban_commercial_share,8
4004,M9_taxable_pay,log_ridge_smear,urban_industrial_share,8
4004,M9_taxable_pay,log_ridge_smear,urban_parent_shared,8
4004,M9_taxable_pay,log_ridge_smear,admin_type,8
4004,M9_taxable_pay,log_ridge_smear,SIDO_NM,9
4004,M1,raw_ridge,population,1
4004,M2,raw_ridge,population,1
4004,M2,raw_ridge,share_u20,2
4004,M2,raw_ridge,share_20s,2
4004,M2,raw_ridge,share_30s,2
4004,M2,raw_ridge,share_40s,2
4004,M2,raw_ridge,share_50s,2
4004,M2,raw_ridge,female_share,2
4004,M2,raw_ridge,hh1_share,2
4004,M2,raw_ridge,hh2_share,2
4004,M3,raw_ridge,population,1
4004,M3,raw_ridge,share_u20,2
4004,M3,raw_ridge,share_20s,2
4004,M3,raw_ridge,share_30s,2
4004,M3,raw_ridge,share_40s,2
4004,M3,raw_ridge,share_50s,2
4004,M3,raw_ridge,female_share,2
4004,M3,raw_ridge,hh1_share,2
4004,M3,raw_ridge,hh2_share,2
4004,M3,raw_ridge,est_0,3
4004,M3,raw_ridge,emp_0,3
4004,M4,raw_ridge,population,1
4004,M4,raw_ridge,share_u20,2
4004,M4,raw_ridge,share_20s,2
4004,M4,raw_ridge,share_30s,2
4004,M4,raw_ridge,share_40s,2
4004,M4,raw_ridge,share_50s,2
4004,M4,raw_ridge,female_share,2
4004,M4,raw_ridge,hh1_share,2
4004,M4,raw_ridge,hh2_share,2
4004,M4,raw_ridge,est_0,3
4004,M4,raw_ridge,emp_0,3
4004,M4,raw_ridge,est_share_G,4
4004,M4,raw_ridge,est_share_I,4
4004,M4,raw_ridge,emp_share_G,4
4004,M4,raw_ridge,emp_share_I,4
4004,M4,raw_ridge,emp_share_C,4
4004,M4,raw_ridge,emp_share_M,4
4004,M5,raw_ridge,population,1
4004,M5,raw_ridge,share_u20,2
4004,M5,raw_ridge,share_20s,2
4004,M5,raw_ridge,share_30s,2
4004,M5,raw_ridge,share_40s,2
4004,M5,raw_ridge,share_50s,2
4004,M5,raw_ridge,female_share,2
4004,M5,raw_ridge,hh1_share,2
4004,M5,raw_ridge,hh2_share,2
4004,M5,raw_ridge,est_0,3
4004,M5,raw_ridge,emp_0,3
4004,M5,raw_ridge,est_share_G,4
4004,M5,raw_ridge,est_share_I,4
4004,M5,raw_ridge,emp_share_G,4
4004,M5,raw_ridge,emp_share_I,4
4004,M5,raw_ridge,emp_share_C,4
4004,M5,raw_ridge,emp_share_M,4
4004,M5,raw_ridge,inflow,5
4004,M5,raw_ridge,outflow,5
4004,M9,raw_ridge,population,1
4004,M9,raw_ridge,share_u20,2
4004,M9,raw_ridge,share_20s,2
4004,M9,raw_ridge,share_30s,2
4004,M9,raw_ridge,share_40s,2
4004,M9,raw_ridge,share_50s,2
4004,M9,raw_ridge,female_share,2
4004,M9,raw_ridge,hh1_share,2
4004,M9,raw_ridge,hh2_share,2
4004,M9,raw_ridge,est_0,3
4004,M9,raw_ridge,emp_0,3
4004,M9,raw_ridge,est_share_G,4
4004,M9,raw_ridge,est_share_I,4
4004,M9,raw_ridge,emp_share_G,4
4004,M9,raw_ridge,emp_share_I,4
4004,M9,raw_ridge,emp_share_C,4
4004,M9,raw_ridge,emp_share_M,4
4004,M9,raw_ridge,inflow,5
4004,M9,raw_ridge,outflow,5
4004,M9,raw_ridge,supply_narrow_4004,6
4004,M9,raw_ridge,log_residence_mean_pay,7
4004,M9,raw_ridge,residence_filer_population_ratio,7
4004,M9,raw_ridge,residence_parent_shared,7
4004,M9,raw_ridge,log_population_density,8
4004,M9,raw_ridge,land_building_share,8
4004,M9,raw_ridge,land_factory_share,8
4004,M9,raw_ridge,land_farm_forest_share,8
4004,M9,raw_ridge,urban_area_ratio,8
4004,M9,raw_ridge,urban_population_ratio,8
4004,M9,raw_ridge,urban_residential_share,8
4004,M9,raw_ridge,urban_commercial_share,8
4004,M9,raw_ridge,urban_industrial_share,8
4004,M9,raw_ridge,urban_parent_shared,8
4004,M9,raw_ridge,admin_type,8
4004,M9,raw_ridge,SIDO_NM,9
4004,M9_mall_area,log_ridge_smear,log_population,1
4004,M9_mall_area,log_ridge_smear,share_u20,2
4004,M9_mall_area,log_ridge_smear,share_20s,2
4004,M9_mall_area,log_ridge_smear,share_30s,2
4004,M9_mall_area,log_ridge_smear,share_40s,2
4004,M9_mall_area,log_ridge_smear,share_50s,2
4004,M9_mall_area,log_ridge_smear,female_share,2
4004,M9_mall_area,log_ridge_smear,hh1_share,2
4004,M9_mall_area,log_ridge_smear,hh2_share,2
4004,M9_mall_area,log_ridge_smear,log_est_per_population,3
4004,M9_mall_area,log_ridge_smear,log_emp_per_population,3
4004,M9_mall_area,log_ridge_smear,est_share_G,4
4004,M9_mall_area,log_ridge_smear,est_share_I,4
4004,M9_mall_area,log_ridge_smear,emp_share_G,4
4004,M9_mall_area,log_ridge_smear,emp_share_I,4
4004,M9_mall_area,log_ridge_smear,emp_share_C,4
4004,M9_mall_area,log_ridge_smear,emp_share_M,4
4004,M9_mall_area,log_ridge_smear,log_inflow_per_population,5
4004,M9_mall_area,log_ridge_smear,log_in_out_ratio,5
4004,M9_mall_area,log_ridge_smear,supply_narrow_4004,6
4004,M9_mall_area,log_ridge_smear,log_residence_mean_pay,7
4004,M9_mall_area,log_ridge_smear,residence_filer_population_ratio,7
4004,M9_mall_area,log_ridge_smear,residence_parent_shared,7
4004,M9_mall_area,log_ridge_smear,log_population_density,8
4004,M9_mall_area,log_ridge_smear,land_building_share,8
4004,M9_mall_area,log_ridge_smear,land_factory_share,8
4004,M9_mall_area,log_ridge_smear,land_farm_forest_share,8
4004,M9_mall_area,log_ridge_smear,urban_area_ratio,8
4004,M9_mall_area,log_ridge_smear,urban_population_ratio,8
4004,M9_mall_area,log_ridge_smear,urban_residential_share,8
4004,M9_mall_area,log_ridge_smear,urban_commercial_share,8
4004,M9_mall_area,log_ridge_smear,urban_industrial_share,8
4004,M9_mall_area,log_ridge_smear,urban_parent_shared,8
4004,M9_mall_area,log_ridge_smear,log_mall_area_per_population,9
4004,M9_mall_area,log_ridge_smear,mall_narrow_area_missing_rate,9
4004,M9_mall_area,log_ridge_smear,admin_type,8
4004,M9_mall_area,log_ridge_smear,SIDO_NM,9
4004,M9_current_stores,log_ridge_smear,log_population,1
4004,M9_current_stores,log_ridge_smear,share_u20,2
4004,M9_current_stores,log_ridge_smear,share_20s,2
4004,M9_current_stores,log_ridge_smear,share_30s,2
4004,M9_current_stores,log_ridge_smear,share_40s,2
4004,M9_current_stores,log_ridge_smear,share_50s,2
4004,M9_current_stores,log_ridge_smear,female_share,2
4004,M9_current_stores,log_ridge_smear,hh1_share,2
4004,M9_current_stores,log_ridge_smear,hh2_share,2
4004,M9_current_stores,log_ridge_smear,log_est_per_population,3
4004,M9_current_stores,log_ridge_smear,log_emp_per_population,3
4004,M9_current_stores,log_ridge_smear,est_share_G,4
4004,M9_current_stores,log_ridge_smear,est_share_I,4
4004,M9_current_stores,log_ridge_smear,emp_share_G,4
4004,M9_current_stores,log_ridge_smear,emp_share_I,4
4004,M9_current_stores,log_ridge_smear,emp_share_C,4
4004,M9_current_stores,log_ridge_smear,emp_share_M,4
4004,M9_current_stores,log_ridge_smear,log_inflow_per_population,5
4004,M9_current_stores,log_ridge_smear,log_in_out_ratio,5
4004,M9_current_stores,log_ridge_smear,supply_strict_4004,9
4004,M9_current_stores,log_ridge_smear,log_residence_mean_pay,7
4004,M9_current_stores,log_ridge_smear,residence_filer_population_ratio,7
4004,M9_current_stores,log_ridge_smear,residence_parent_shared,7
4004,M9_current_stores,log_ridge_smear,log_population_density,8
4004,M9_current_stores,log_ridge_smear,land_building_share,8
4004,M9_current_stores,log_ridge_smear,land_factory_share,8
4004,M9_current_stores,log_ridge_smear,land_farm_forest_share,8
4004,M9_current_stores,log_ridge_smear,urban_area_ratio,8
4004,M9_current_stores,log_ridge_smear,urban_population_ratio,8
4004,M9_current_stores,log_ridge_smear,urban_residential_share,8
4004,M9_current_stores,log_ridge_smear,urban_commercial_share,8
4004,M9_current_stores,log_ridge_smear,urban_industrial_share,8
4004,M9_current_stores,log_ridge_smear,urban_parent_shared,8
4004,M9_current_stores,log_ridge_smear,admin_type,8
4004,M9_current_stores,log_ridge_smear,SIDO_NM,9
4010,M1,log_ridge_smear,log_population,1
4010,M2,log_ridge_smear,log_population,1
4010,M2,log_ridge_smear,share_u20,2
4010,M2,log_ridge_smear,share_20s,2
4010,M2,log_ridge_smear,share_30s,2
4010,M2,log_ridge_smear,share_40s,2
4010,M2,log_ridge_smear,share_50s,2
4010,M2,log_ridge_smear,female_share,2
4010,M2,log_ridge_smear,hh1_share,2
4010,M2,log_ridge_smear,hh2_share,2
4010,M3,log_ridge_smear,log_population,1
4010,M3,log_ridge_smear,share_u20,2
4010,M3,log_ridge_smear,share_20s,2
4010,M3,log_ridge_smear,share_30s,2
4010,M3,log_ridge_smear,share_40s,2
4010,M3,log_ridge_smear,share_50s,2
4010,M3,log_ridge_smear,female_share,2
4010,M3,log_ridge_smear,hh1_share,2
4010,M3,log_ridge_smear,hh2_share,2
4010,M3,log_ridge_smear,log_est_per_population,3
4010,M3,log_ridge_smear,log_emp_per_population,3
4010,M4,log_ridge_smear,log_population,1
4010,M4,log_ridge_smear,share_u20,2
4010,M4,log_ridge_smear,share_20s,2
4010,M4,log_ridge_smear,share_30s,2
4010,M4,log_ridge_smear,share_40s,2
4010,M4,log_ridge_smear,share_50s,2
4010,M4,log_ridge_smear,female_share,2
4010,M4,log_ridge_smear,hh1_share,2
4010,M4,log_ridge_smear,hh2_share,2
4010,M4,log_ridge_smear,log_est_per_population,3
4010,M4,log_ridge_smear,log_emp_per_population,3
4010,M4,log_ridge_smear,est_share_G,4
4010,M4,log_ridge_smear,est_share_I,4
4010,M4,log_ridge_smear,emp_share_G,4
4010,M4,log_ridge_smear,emp_share_I,4
4010,M4,log_ridge_smear,emp_share_C,4
4010,M4,log_ridge_smear,emp_share_M,4
4010,M5,log_ridge_smear,log_population,1
4010,M5,log_ridge_smear,share_u20,2
4010,M5,log_ridge_smear,share_20s,2
4010,M5,log_ridge_smear,share_30s,2
4010,M5,log_ridge_smear,share_40s,2
4010,M5,log_ridge_smear,share_50s,2
4010,M5,log_ridge_smear,female_share,2
4010,M5,log_ridge_smear,hh1_share,2
4010,M5,log_ridge_smear,hh2_share,2
4010,M5,log_ridge_smear,log_est_per_population,3
4010,M5,log_ridge_smear,log_emp_per_population,3
4010,M5,log_ridge_smear,est_share_G,4
4010,M5,log_ridge_smear,est_share_I,4
4010,M5,log_ridge_smear,emp_share_G,4
4010,M5,log_ridge_smear,emp_share_I,4
4010,M5,log_ridge_smear,emp_share_C,4
4010,M5,log_ridge_smear,emp_share_M,4
4010,M5,log_ridge_smear,log_inflow_per_population,5
4010,M5,log_ridge_smear,log_in_out_ratio,5
4010,M6,log_ridge_smear,log_population,1
4010,M6,log_ridge_smear,share_u20,2
4010,M6,log_ridge_smear,share_20s,2
4010,M6,log_ridge_smear,share_30s,2
4010,M6,log_ridge_smear,share_40s,2
4010,M6,log_ridge_smear,share_50s,2
4010,M6,log_ridge_smear,female_share,2
4010,M6,log_ridge_smear,hh1_share,2
4010,M6,log_ridge_smear,hh2_share,2
4010,M6,log_ridge_smear,log_est_per_population,3
4010,M6,log_ridge_smear,log_emp_per_population,3
4010,M6,log_ridge_smear,est_share_G,4
4010,M6,log_ridge_smear,est_share_I,4
4010,M6,log_ridge_smear,emp_share_G,4
4010,M6,log_ridge_smear,emp_share_I,4
4010,M6,log_ridge_smear,emp_share_C,4
4010,M6,log_ridge_smear,emp_share_M,4
4010,M6,log_ridge_smear,log_inflow_per_population,5
4010,M6,log_ridge_smear,log_in_out_ratio,5
4010,M6,log_ridge_smear,supply_narrow_4010,6
4010,M7,log_ridge_smear,log_population,1
4010,M7,log_ridge_smear,share_u20,2
4010,M7,log_ridge_smear,share_20s,2
4010,M7,log_ridge_smear,share_30s,2
4010,M7,log_ridge_smear,share_40s,2
4010,M7,log_ridge_smear,share_50s,2
4010,M7,log_ridge_smear,female_share,2
4010,M7,log_ridge_smear,hh1_share,2
4010,M7,log_ridge_smear,hh2_share,2
4010,M7,log_ridge_smear,log_est_per_population,3
4010,M7,log_ridge_smear,log_emp_per_population,3
4010,M7,log_ridge_smear,est_share_G,4
4010,M7,log_ridge_smear,est_share_I,4
4010,M7,log_ridge_smear,emp_share_G,4
4010,M7,log_ridge_smear,emp_share_I,4
4010,M7,log_ridge_smear,emp_share_C,4
4010,M7,log_ridge_smear,emp_share_M,4
4010,M7,log_ridge_smear,log_inflow_per_population,5
4010,M7,log_ridge_smear,log_in_out_ratio,5
4010,M7,log_ridge_smear,supply_narrow_4010,6
4010,M7,log_ridge_smear,log_residence_mean_pay,7
4010,M7,log_ridge_smear,residence_filer_population_ratio,7
4010,M7,log_ridge_smear,residence_parent_shared,7
4010,M8,log_ridge_smear,log_population,1
4010,M8,log_ridge_smear,share_u20,2
4010,M8,log_ridge_smear,share_20s,2
4010,M8,log_ridge_smear,share_30s,2
4010,M8,log_ridge_smear,share_40s,2
4010,M8,log_ridge_smear,share_50s,2
4010,M8,log_ridge_smear,female_share,2
4010,M8,log_ridge_smear,hh1_share,2
4010,M8,log_ridge_smear,hh2_share,2
4010,M8,log_ridge_smear,log_est_per_population,3
4010,M8,log_ridge_smear,log_emp_per_population,3
4010,M8,log_ridge_smear,est_share_G,4
4010,M8,log_ridge_smear,est_share_I,4
4010,M8,log_ridge_smear,emp_share_G,4
4010,M8,log_ridge_smear,emp_share_I,4
4010,M8,log_ridge_smear,emp_share_C,4
4010,M8,log_ridge_smear,emp_share_M,4
4010,M8,log_ridge_smear,log_inflow_per_population,5
4010,M8,log_ridge_smear,log_in_out_ratio,5
4010,M8,log_ridge_smear,supply_narrow_4010,6
4010,M8,log_ridge_smear,log_residence_mean_pay,7
4010,M8,log_ridge_smear,residence_filer_population_ratio,7
4010,M8,log_ridge_smear,residence_parent_shared,7
4010,M8,log_ridge_smear,log_population_density,8
4010,M8,log_ridge_smear,land_building_share,8
4010,M8,log_ridge_smear,land_factory_share,8
4010,M8,log_ridge_smear,land_farm_forest_share,8
4010,M8,log_ridge_smear,urban_area_ratio,8
4010,M8,log_ridge_smear,urban_population_ratio,8
4010,M8,log_ridge_smear,urban_residential_share,8
4010,M8,log_ridge_smear,urban_commercial_share,8
4010,M8,log_ridge_smear,urban_industrial_share,8
4010,M8,log_ridge_smear,urban_parent_shared,8
4010,M8,log_ridge_smear,admin_type,8
4010,M9,log_ridge_smear,log_population,1
4010,M9,log_ridge_smear,share_u20,2
4010,M9,log_ridge_smear,share_20s,2
4010,M9,log_ridge_smear,share_30s,2
4010,M9,log_ridge_smear,share_40s,2
4010,M9,log_ridge_smear,share_50s,2
4010,M9,log_ridge_smear,female_share,2
4010,M9,log_ridge_smear,hh1_share,2
4010,M9,log_ridge_smear,hh2_share,2
4010,M9,log_ridge_smear,log_est_per_population,3
4010,M9,log_ridge_smear,log_emp_per_population,3
4010,M9,log_ridge_smear,est_share_G,4
4010,M9,log_ridge_smear,est_share_I,4
4010,M9,log_ridge_smear,emp_share_G,4
4010,M9,log_ridge_smear,emp_share_I,4
4010,M9,log_ridge_smear,emp_share_C,4
4010,M9,log_ridge_smear,emp_share_M,4
4010,M9,log_ridge_smear,log_inflow_per_population,5
4010,M9,log_ridge_smear,log_in_out_ratio,5
4010,M9,log_ridge_smear,supply_narrow_4010,6
4010,M9,log_ridge_smear,log_residence_mean_pay,7
4010,M9,log_ridge_smear,residence_filer_population_ratio,7
4010,M9,log_ridge_smear,residence_parent_shared,7
4010,M9,log_ridge_smear,log_population_density,8
4010,M9,log_ridge_smear,land_building_share,8
4010,M9,log_ridge_smear,land_factory_share,8
4010,M9,log_ridge_smear,land_farm_forest_share,8
4010,M9,log_ridge_smear,urban_area_ratio,8
4010,M9,log_ridge_smear,urban_population_ratio,8
4010,M9,log_ridge_smear,urban_residential_share,8
4010,M9,log_ridge_smear,urban_commercial_share,8
4010,M9,log_ridge_smear,urban_industrial_share,8
4010,M9,log_ridge_smear,urban_parent_shared,8
4010,M9,log_ridge_smear,admin_type,8
4010,M9,log_ridge_smear,SIDO_NM,9
4010,without_M1,log_ridge_smear,share_u20,2
4010,without_M1,log_ridge_smear,share_20s,2
4010,without_M1,log_ridge_smear,share_30s,2
4010,without_M1,log_ridge_smear,share_40s,2
4010,without_M1,log_ridge_smear,share_50s,2
4010,without_M1,log_ridge_smear,female_share,2
4010,without_M1,log_ridge_smear,hh1_share,2
4010,without_M1,log_ridge_smear,hh2_share,2
4010,without_M1,log_ridge_smear,log_est_per_population,3
4010,without_M1,log_ridge_smear,log_emp_per_population,3
4010,without_M1,log_ridge_smear,est_share_G,4
4010,without_M1,log_ridge_smear,est_share_I,4
4010,without_M1,log_ridge_smear,emp_share_G,4
4010,without_M1,log_ridge_smear,emp_share_I,4
4010,without_M1,log_ridge_smear,emp_share_C,4
4010,without_M1,log_ridge_smear,emp_share_M,4
4010,without_M1,log_ridge_smear,log_inflow_per_population,5
4010,without_M1,log_ridge_smear,log_in_out_ratio,5
4010,without_M1,log_ridge_smear,supply_narrow_4010,6
4010,without_M1,log_ridge_smear,log_residence_mean_pay,7
4010,without_M1,log_ridge_smear,residence_filer_population_ratio,7
4010,without_M1,log_ridge_smear,residence_parent_shared,7
4010,without_M1,log_ridge_smear,log_population_density,8
4010,without_M1,log_ridge_smear,land_building_share,8
4010,without_M1,log_ridge_smear,land_factory_share,8
4010,without_M1,log_ridge_smear,land_farm_forest_share,8
4010,without_M1,log_ridge_smear,urban_area_ratio,8
4010,without_M1,log_ridge_smear,urban_population_ratio,8
4010,without_M1,log_ridge_smear,urban_residential_share,8
4010,without_M1,log_ridge_smear,urban_commercial_share,8
4010,without_M1,log_ridge_smear,urban_industrial_share,8
4010,without_M1,log_ridge_smear,urban_parent_shared,8
4010,without_M1,log_ridge_smear,admin_type,8
4010,without_M1,log_ridge_smear,SIDO_NM,9
4010,without_M2,log_ridge_smear,log_population,1
4010,without_M2,log_ridge_smear,log_est_per_population,3
4010,without_M2,log_ridge_smear,log_emp_per_population,3
4010,without_M2,log_ridge_smear,est_share_G,4
4010,without_M2,log_ridge_smear,est_share_I,4
4010,without_M2,log_ridge_smear,emp_share_G,4
4010,without_M2,log_ridge_smear,emp_share_I,4
4010,without_M2,log_ridge_smear,emp_share_C,4
4010,without_M2,log_ridge_smear,emp_share_M,4
4010,without_M2,log_ridge_smear,log_inflow_per_population,5
4010,without_M2,log_ridge_smear,log_in_out_ratio,5
4010,without_M2,log_ridge_smear,supply_narrow_4010,6
4010,without_M2,log_ridge_smear,log_residence_mean_pay,7
4010,without_M2,log_ridge_smear,residence_filer_population_ratio,7
4010,without_M2,log_ridge_smear,residence_parent_shared,7
4010,without_M2,log_ridge_smear,log_population_density,8
4010,without_M2,log_ridge_smear,land_building_share,8
4010,without_M2,log_ridge_smear,land_factory_share,8
4010,without_M2,log_ridge_smear,land_farm_forest_share,8
4010,without_M2,log_ridge_smear,urban_area_ratio,8
4010,without_M2,log_ridge_smear,urban_population_ratio,8
4010,without_M2,log_ridge_smear,urban_residential_share,8
4010,without_M2,log_ridge_smear,urban_commercial_share,8
4010,without_M2,log_ridge_smear,urban_industrial_share,8
4010,without_M2,log_ridge_smear,urban_parent_shared,8
4010,without_M2,log_ridge_smear,admin_type,8
4010,without_M2,log_ridge_smear,SIDO_NM,9
4010,without_M3,log_ridge_smear,log_population,1
4010,without_M3,log_ridge_smear,share_u20,2
4010,without_M3,log_ridge_smear,share_20s,2
4010,without_M3,log_ridge_smear,share_30s,2
4010,without_M3,log_ridge_smear,share_40s,2
4010,without_M3,log_ridge_smear,share_50s,2
4010,without_M3,log_ridge_smear,female_share,2
4010,without_M3,log_ridge_smear,hh1_share,2
4010,without_M3,log_ridge_smear,hh2_share,2
4010,without_M3,log_ridge_smear,est_share_G,4
4010,without_M3,log_ridge_smear,est_share_I,4
4010,without_M3,log_ridge_smear,emp_share_G,4
4010,without_M3,log_ridge_smear,emp_share_I,4
4010,without_M3,log_ridge_smear,emp_share_C,4
4010,without_M3,log_ridge_smear,emp_share_M,4
4010,without_M3,log_ridge_smear,log_inflow_per_population,5
4010,without_M3,log_ridge_smear,log_in_out_ratio,5
4010,without_M3,log_ridge_smear,supply_narrow_4010,6
4010,without_M3,log_ridge_smear,log_residence_mean_pay,7
4010,without_M3,log_ridge_smear,residence_filer_population_ratio,7
4010,without_M3,log_ridge_smear,residence_parent_shared,7
4010,without_M3,log_ridge_smear,log_population_density,8
4010,without_M3,log_ridge_smear,land_building_share,8
4010,without_M3,log_ridge_smear,land_factory_share,8
4010,without_M3,log_ridge_smear,land_farm_forest_share,8
4010,without_M3,log_ridge_smear,urban_area_ratio,8
4010,without_M3,log_ridge_smear,urban_population_ratio,8
4010,without_M3,log_ridge_smear,urban_residential_share,8
4010,without_M3,log_ridge_smear,urban_commercial_share,8
4010,without_M3,log_ridge_smear,urban_industrial_share,8
4010,without_M3,log_ridge_smear,urban_parent_shared,8
4010,without_M3,log_ridge_smear,admin_type,8
4010,without_M3,log_ridge_smear,SIDO_NM,9
4010,without_M4,log_ridge_smear,log_population,1
4010,without_M4,log_ridge_smear,share_u20,2
4010,without_M4,log_ridge_smear,share_20s,2
4010,without_M4,log_ridge_smear,share_30s,2
4010,without_M4,log_ridge_smear,share_40s,2
4010,without_M4,log_ridge_smear,share_50s,2
4010,without_M4,log_ridge_smear,female_share,2
4010,without_M4,log_ridge_smear,hh1_share,2
4010,without_M4,log_ridge_smear,hh2_share,2
4010,without_M4,log_ridge_smear,log_est_per_population,3
4010,without_M4,log_ridge_smear,log_emp_per_population,3
4010,without_M4,log_ridge_smear,log_inflow_per_population,5
4010,without_M4,log_ridge_smear,log_in_out_ratio,5
4010,without_M4,log_ridge_smear,supply_narrow_4010,6
4010,without_M4,log_ridge_smear,log_residence_mean_pay,7
4010,without_M4,log_ridge_smear,residence_filer_population_ratio,7
4010,without_M4,log_ridge_smear,residence_parent_shared,7
4010,without_M4,log_ridge_smear,log_population_density,8
4010,without_M4,log_ridge_smear,land_building_share,8
4010,without_M4,log_ridge_smear,land_factory_share,8
4010,without_M4,log_ridge_smear,land_farm_forest_share,8
4010,without_M4,log_ridge_smear,urban_area_ratio,8
4010,without_M4,log_ridge_smear,urban_population_ratio,8
4010,without_M4,log_ridge_smear,urban_residential_share,8
4010,without_M4,log_ridge_smear,urban_commercial_share,8
4010,without_M4,log_ridge_smear,urban_industrial_share,8
4010,without_M4,log_ridge_smear,urban_parent_shared,8
4010,without_M4,log_ridge_smear,admin_type,8
4010,without_M4,log_ridge_smear,SIDO_NM,9
4010,without_M5,log_ridge_smear,log_population,1
4010,without_M5,log_ridge_smear,share_u20,2
4010,without_M5,log_ridge_smear,share_20s,2
4010,without_M5,log_ridge_smear,share_30s,2
4010,without_M5,log_ridge_smear,share_40s,2
4010,without_M5,log_ridge_smear,share_50s,2
4010,without_M5,log_ridge_smear,female_share,2
4010,without_M5,log_ridge_smear,hh1_share,2
4010,without_M5,log_ridge_smear,hh2_share,2
4010,without_M5,log_ridge_smear,log_est_per_population,3
4010,without_M5,log_ridge_smear,log_emp_per_population,3
4010,without_M5,log_ridge_smear,est_share_G,4
4010,without_M5,log_ridge_smear,est_share_I,4
4010,without_M5,log_ridge_smear,emp_share_G,4
4010,without_M5,log_ridge_smear,emp_share_I,4
4010,without_M5,log_ridge_smear,emp_share_C,4
4010,without_M5,log_ridge_smear,emp_share_M,4
4010,without_M5,log_ridge_smear,supply_narrow_4010,6
4010,without_M5,log_ridge_smear,log_residence_mean_pay,7
4010,without_M5,log_ridge_smear,residence_filer_population_ratio,7
4010,without_M5,log_ridge_smear,residence_parent_shared,7
4010,without_M5,log_ridge_smear,log_population_density,8
4010,without_M5,log_ridge_smear,land_building_share,8
4010,without_M5,log_ridge_smear,land_factory_share,8
4010,without_M5,log_ridge_smear,land_farm_forest_share,8
4010,without_M5,log_ridge_smear,urban_area_ratio,8
4010,without_M5,log_ridge_smear,urban_population_ratio,8
4010,without_M5,log_ridge_smear,urban_residential_share,8
4010,without_M5,log_ridge_smear,urban_commercial_share,8
4010,without_M5,log_ridge_smear,urban_industrial_share,8
4010,without_M5,log_ridge_smear,urban_parent_shared,8
4010,without_M5,log_ridge_smear,admin_type,8
4010,without_M5,log_ridge_smear,SIDO_NM,9
4010,without_M6,log_ridge_smear,log_population,1
4010,without_M6,log_ridge_smear,share_u20,2
4010,without_M6,log_ridge_smear,share_20s,2
4010,without_M6,log_ridge_smear,share_30s,2
4010,without_M6,log_ridge_smear,share_40s,2
4010,without_M6,log_ridge_smear,share_50s,2
4010,without_M6,log_ridge_smear,female_share,2
4010,without_M6,log_ridge_smear,hh1_share,2
4010,without_M6,log_ridge_smear,hh2_share,2
4010,without_M6,log_ridge_smear,log_est_per_population,3
4010,without_M6,log_ridge_smear,log_emp_per_population,3
4010,without_M6,log_ridge_smear,est_share_G,4
4010,without_M6,log_ridge_smear,est_share_I,4
4010,without_M6,log_ridge_smear,emp_share_G,4
4010,without_M6,log_ridge_smear,emp_share_I,4
4010,without_M6,log_ridge_smear,emp_share_C,4
4010,without_M6,log_ridge_smear,emp_share_M,4
4010,without_M6,log_ridge_smear,log_inflow_per_population,5
4010,without_M6,log_ridge_smear,log_in_out_ratio,5
4010,without_M6,log_ridge_smear,log_residence_mean_pay,7
4010,without_M6,log_ridge_smear,residence_filer_population_ratio,7
4010,without_M6,log_ridge_smear,residence_parent_shared,7
4010,without_M6,log_ridge_smear,log_population_density,8
4010,without_M6,log_ridge_smear,land_building_share,8
4010,without_M6,log_ridge_smear,land_factory_share,8
4010,without_M6,log_ridge_smear,land_farm_forest_share,8
4010,without_M6,log_ridge_smear,urban_area_ratio,8
4010,without_M6,log_ridge_smear,urban_population_ratio,8
4010,without_M6,log_ridge_smear,urban_residential_share,8
4010,without_M6,log_ridge_smear,urban_commercial_share,8
4010,without_M6,log_ridge_smear,urban_industrial_share,8
4010,without_M6,log_ridge_smear,urban_parent_shared,8
4010,without_M6,log_ridge_smear,admin_type,8
4010,without_M6,log_ridge_smear,SIDO_NM,9
4010,without_M7,log_ridge_smear,log_population,1
4010,without_M7,log_ridge_smear,share_u20,2
4010,without_M7,log_ridge_smear,share_20s,2
4010,without_M7,log_ridge_smear,share_30s,2
4010,without_M7,log_ridge_smear,share_40s,2
4010,without_M7,log_ridge_smear,share_50s,2
4010,without_M7,log_ridge_smear,female_share,2
4010,without_M7,log_ridge_smear,hh1_share,2
4010,without_M7,log_ridge_smear,hh2_share,2
4010,without_M7,log_ridge_smear,log_est_per_population,3
4010,without_M7,log_ridge_smear,log_emp_per_population,3
4010,without_M7,log_ridge_smear,est_share_G,4
4010,without_M7,log_ridge_smear,est_share_I,4
4010,without_M7,log_ridge_smear,emp_share_G,4
4010,without_M7,log_ridge_smear,emp_share_I,4
4010,without_M7,log_ridge_smear,emp_share_C,4
4010,without_M7,log_ridge_smear,emp_share_M,4
4010,without_M7,log_ridge_smear,log_inflow_per_population,5
4010,without_M7,log_ridge_smear,log_in_out_ratio,5
4010,without_M7,log_ridge_smear,supply_narrow_4010,6
4010,without_M7,log_ridge_smear,log_population_density,8
4010,without_M7,log_ridge_smear,land_building_share,8
4010,without_M7,log_ridge_smear,land_factory_share,8
4010,without_M7,log_ridge_smear,land_farm_forest_share,8
4010,without_M7,log_ridge_smear,urban_area_ratio,8
4010,without_M7,log_ridge_smear,urban_population_ratio,8
4010,without_M7,log_ridge_smear,urban_residential_share,8
4010,without_M7,log_ridge_smear,urban_commercial_share,8
4010,without_M7,log_ridge_smear,urban_industrial_share,8
4010,without_M7,log_ridge_smear,urban_parent_shared,8
4010,without_M7,log_ridge_smear,admin_type,8
4010,without_M7,log_ridge_smear,SIDO_NM,9
4010,without_M8,log_ridge_smear,log_population,1
4010,without_M8,log_ridge_smear,share_u20,2
4010,without_M8,log_ridge_smear,share_20s,2
4010,without_M8,log_ridge_smear,share_30s,2
4010,without_M8,log_ridge_smear,share_40s,2
4010,without_M8,log_ridge_smear,share_50s,2
4010,without_M8,log_ridge_smear,female_share,2
4010,without_M8,log_ridge_smear,hh1_share,2
4010,without_M8,log_ridge_smear,hh2_share,2
4010,without_M8,log_ridge_smear,log_est_per_population,3
4010,without_M8,log_ridge_smear,log_emp_per_population,3
4010,without_M8,log_ridge_smear,est_share_G,4
4010,without_M8,log_ridge_smear,est_share_I,4
4010,without_M8,log_ridge_smear,emp_share_G,4
4010,without_M8,log_ridge_smear,emp_share_I,4
4010,without_M8,log_ridge_smear,emp_share_C,4
4010,without_M8,log_ridge_smear,emp_share_M,4
4010,without_M8,log_ridge_smear,log_inflow_per_population,5
4010,without_M8,log_ridge_smear,log_in_out_ratio,5
4010,without_M8,log_ridge_smear,supply_narrow_4010,6
4010,without_M8,log_ridge_smear,log_residence_mean_pay,7
4010,without_M8,log_ridge_smear,residence_filer_population_ratio,7
4010,without_M8,log_ridge_smear,residence_parent_shared,7
4010,without_M8,log_ridge_smear,SIDO_NM,9
4010,without_M9,log_ridge_smear,log_population,1
4010,without_M9,log_ridge_smear,share_u20,2
4010,without_M9,log_ridge_smear,share_20s,2
4010,without_M9,log_ridge_smear,share_30s,2
4010,without_M9,log_ridge_smear,share_40s,2
4010,without_M9,log_ridge_smear,share_50s,2
4010,without_M9,log_ridge_smear,female_share,2
4010,without_M9,log_ridge_smear,hh1_share,2
4010,without_M9,log_ridge_smear,hh2_share,2
4010,without_M9,log_ridge_smear,log_est_per_population,3
4010,without_M9,log_ridge_smear,log_emp_per_population,3
4010,without_M9,log_ridge_smear,est_share_G,4
4010,without_M9,log_ridge_smear,est_share_I,4
4010,without_M9,log_ridge_smear,emp_share_G,4
4010,without_M9,log_ridge_smear,emp_share_I,4
4010,without_M9,log_ridge_smear,emp_share_C,4
4010,without_M9,log_ridge_smear,emp_share_M,4
4010,without_M9,log_ridge_smear,log_inflow_per_population,5
4010,without_M9,log_ridge_smear,log_in_out_ratio,5
4010,without_M9,log_ridge_smear,supply_narrow_4010,6
4010,without_M9,log_ridge_smear,log_residence_mean_pay,7
4010,without_M9,log_ridge_smear,residence_filer_population_ratio,7
4010,without_M9,log_ridge_smear,residence_parent_shared,7
4010,without_M9,log_ridge_smear,log_population_density,8
4010,without_M9,log_ridge_smear,land_building_share,8
4010,without_M9,log_ridge_smear,land_factory_share,8
4010,without_M9,log_ridge_smear,land_farm_forest_share,8
4010,without_M9,log_ridge_smear,urban_area_ratio,8
4010,without_M9,log_ridge_smear,urban_population_ratio,8
4010,without_M9,log_ridge_smear,urban_residential_share,8
4010,without_M9,log_ridge_smear,urban_commercial_share,8
4010,without_M9,log_ridge_smear,urban_industrial_share,8
4010,without_M9,log_ridge_smear,urban_parent_shared,8
4010,without_M9,log_ridge_smear,admin_type,8
4010,M9_workplace,log_ridge_smear,log_population,1
4010,M9_workplace,log_ridge_smear,share_u20,2
4010,M9_workplace,log_ridge_smear,share_20s,2
4010,M9_workplace,log_ridge_smear,share_30s,2
4010,M9_workplace,log_ridge_smear,share_40s,2
4010,M9_workplace,log_ridge_smear,share_50s,2
4010,M9_workplace,log_ridge_smear,female_share,2
4010,M9_workplace,log_ridge_smear,hh1_share,2
4010,M9_workplace,log_ridge_smear,hh2_share,2
4010,M9_workplace,log_ridge_smear,log_est_per_population,3
4010,M9_workplace,log_ridge_smear,log_emp_per_population,3
4010,M9_workplace,log_ridge_smear,est_share_G,4
4010,M9_workplace,log_ridge_smear,est_share_I,4
4010,M9_workplace,log_ridge_smear,emp_share_G,4
4010,M9_workplace,log_ridge_smear,emp_share_I,4
4010,M9_workplace,log_ridge_smear,emp_share_C,4
4010,M9_workplace,log_ridge_smear,emp_share_M,4
4010,M9_workplace,log_ridge_smear,log_inflow_per_population,5
4010,M9_workplace,log_ridge_smear,log_in_out_ratio,5
4010,M9_workplace,log_ridge_smear,supply_narrow_4010,6
4010,M9_workplace,log_ridge_smear,log_residence_mean_pay,7
4010,M9_workplace,log_ridge_smear,residence_filer_population_ratio,7
4010,M9_workplace,log_ridge_smear,residence_parent_shared,7
4010,M9_workplace,log_ridge_smear,log_population_density,8
4010,M9_workplace,log_ridge_smear,land_building_share,8
4010,M9_workplace,log_ridge_smear,land_factory_share,8
4010,M9_workplace,log_ridge_smear,land_farm_forest_share,8
4010,M9_workplace,log_ridge_smear,urban_area_ratio,8
4010,M9_workplace,log_ridge_smear,urban_population_ratio,8
4010,M9_workplace,log_ridge_smear,urban_residential_share,8
4010,M9_workplace,log_ridge_smear,urban_commercial_share,8
4010,M9_workplace,log_ridge_smear,urban_industrial_share,8
4010,M9_workplace,log_ridge_smear,urban_parent_shared,8
4010,M9_workplace,log_ridge_smear,log_workplace_mean_pay,10
4010,M9_workplace,log_ridge_smear,admin_type,8
4010,M9_workplace,log_ridge_smear,SIDO_NM,9
4010,M9_broad_supply,log_ridge_smear,log_population,1
4010,M9_broad_supply,log_ridge_smear,share_u20,2
4010,M9_broad_supply,log_ridge_smear,share_20s,2
4010,M9_broad_supply,log_ridge_smear,share_30s,2
4010,M9_broad_supply,log_ridge_smear,share_40s,2
4010,M9_broad_supply,log_ridge_smear,share_50s,2
4010,M9_broad_supply,log_ridge_smear,female_share,2
4010,M9_broad_supply,log_ridge_smear,hh1_share,2
4010,M9_broad_supply,log_ridge_smear,hh2_share,2
4010,M9_broad_supply,log_ridge_smear,log_est_per_population,3
4010,M9_broad_supply,log_ridge_smear,log_emp_per_population,3
4010,M9_broad_supply,log_ridge_smear,est_share_G,4
4010,M9_broad_supply,log_ridge_smear,est_share_I,4
4010,M9_broad_supply,log_ridge_smear,emp_share_G,4
4010,M9_broad_supply,log_ridge_smear,emp_share_I,4
4010,M9_broad_supply,log_ridge_smear,emp_share_C,4
4010,M9_broad_supply,log_ridge_smear,emp_share_M,4
4010,M9_broad_supply,log_ridge_smear,log_inflow_per_population,5
4010,M9_broad_supply,log_ridge_smear,log_in_out_ratio,5
4010,M9_broad_supply,log_ridge_smear,supply_broad_4010,6
4010,M9_broad_supply,log_ridge_smear,log_residence_mean_pay,7
4010,M9_broad_supply,log_ridge_smear,residence_filer_population_ratio,7
4010,M9_broad_supply,log_ridge_smear,residence_parent_shared,7
4010,M9_broad_supply,log_ridge_smear,log_population_density,8
4010,M9_broad_supply,log_ridge_smear,land_building_share,8
4010,M9_broad_supply,log_ridge_smear,land_factory_share,8
4010,M9_broad_supply,log_ridge_smear,land_farm_forest_share,8
4010,M9_broad_supply,log_ridge_smear,urban_area_ratio,8
4010,M9_broad_supply,log_ridge_smear,urban_population_ratio,8
4010,M9_broad_supply,log_ridge_smear,urban_residential_share,8
4010,M9_broad_supply,log_ridge_smear,urban_commercial_share,8
4010,M9_broad_supply,log_ridge_smear,urban_industrial_share,8
4010,M9_broad_supply,log_ridge_smear,urban_parent_shared,8
4010,M9_broad_supply,log_ridge_smear,admin_type,8
4010,M9_broad_supply,log_ridge_smear,SIDO_NM,9
4010,M9_alpha10,log_ridge_smear,log_population,1
4010,M9_alpha10,log_ridge_smear,share_u20,2
4010,M9_alpha10,log_ridge_smear,share_20s,2
4010,M9_alpha10,log_ridge_smear,share_30s,2
4010,M9_alpha10,log_ridge_smear,share_40s,2
4010,M9_alpha10,log_ridge_smear,share_50s,2
4010,M9_alpha10,log_ridge_smear,female_share,2
4010,M9_alpha10,log_ridge_smear,hh1_share,2
4010,M9_alpha10,log_ridge_smear,hh2_share,2
4010,M9_alpha10,log_ridge_smear,log_est_per_population,3
4010,M9_alpha10,log_ridge_smear,log_emp_per_population,3
4010,M9_alpha10,log_ridge_smear,est_share_G,4
4010,M9_alpha10,log_ridge_smear,est_share_I,4
4010,M9_alpha10,log_ridge_smear,emp_share_G,4
4010,M9_alpha10,log_ridge_smear,emp_share_I,4
4010,M9_alpha10,log_ridge_smear,emp_share_C,4
4010,M9_alpha10,log_ridge_smear,emp_share_M,4
4010,M9_alpha10,log_ridge_smear,log_inflow_per_population,5
4010,M9_alpha10,log_ridge_smear,log_in_out_ratio,5
4010,M9_alpha10,log_ridge_smear,supply_narrow_4010,6
4010,M9_alpha10,log_ridge_smear,log_residence_mean_pay,7
4010,M9_alpha10,log_ridge_smear,residence_filer_population_ratio,7
4010,M9_alpha10,log_ridge_smear,residence_parent_shared,7
4010,M9_alpha10,log_ridge_smear,log_population_density,8
4010,M9_alpha10,log_ridge_smear,land_building_share,8
4010,M9_alpha10,log_ridge_smear,land_factory_share,8
4010,M9_alpha10,log_ridge_smear,land_farm_forest_share,8
4010,M9_alpha10,log_ridge_smear,urban_area_ratio,8
4010,M9_alpha10,log_ridge_smear,urban_population_ratio,8
4010,M9_alpha10,log_ridge_smear,urban_residential_share,8
4010,M9_alpha10,log_ridge_smear,urban_commercial_share,8
4010,M9_alpha10,log_ridge_smear,urban_industrial_share,8
4010,M9_alpha10,log_ridge_smear,urban_parent_shared,8
4010,M9_alpha10,log_ridge_smear,admin_type,8
4010,M9_alpha10,log_ridge_smear,SIDO_NM,9
4010,M9_taxable_pay,log_ridge_smear,log_population,1
4010,M9_taxable_pay,log_ridge_smear,share_u20,2
4010,M9_taxable_pay,log_ridge_smear,share_20s,2
4010,M9_taxable_pay,log_ridge_smear,share_30s,2
4010,M9_taxable_pay,log_ridge_smear,share_40s,2
4010,M9_taxable_pay,log_ridge_smear,share_50s,2
4010,M9_taxable_pay,log_ridge_smear,female_share,2
4010,M9_taxable_pay,log_ridge_smear,hh1_share,2
4010,M9_taxable_pay,log_ridge_smear,hh2_share,2
4010,M9_taxable_pay,log_ridge_smear,log_est_per_population,3
4010,M9_taxable_pay,log_ridge_smear,log_emp_per_population,3
4010,M9_taxable_pay,log_ridge_smear,est_share_G,4
4010,M9_taxable_pay,log_ridge_smear,est_share_I,4
4010,M9_taxable_pay,log_ridge_smear,emp_share_G,4
4010,M9_taxable_pay,log_ridge_smear,emp_share_I,4
4010,M9_taxable_pay,log_ridge_smear,emp_share_C,4
4010,M9_taxable_pay,log_ridge_smear,emp_share_M,4
4010,M9_taxable_pay,log_ridge_smear,log_inflow_per_population,5
4010,M9_taxable_pay,log_ridge_smear,log_in_out_ratio,5
4010,M9_taxable_pay,log_ridge_smear,supply_narrow_4010,6
4010,M9_taxable_pay,log_ridge_smear,log_residence_mean_tax_pay,9
4010,M9_taxable_pay,log_ridge_smear,residence_filer_population_ratio,7
4010,M9_taxable_pay,log_ridge_smear,residence_parent_shared,7
4010,M9_taxable_pay,log_ridge_smear,log_population_density,8
4010,M9_taxable_pay,log_ridge_smear,land_building_share,8
4010,M9_taxable_pay,log_ridge_smear,land_factory_share,8
4010,M9_taxable_pay,log_ridge_smear,land_farm_forest_share,8
4010,M9_taxable_pay,log_ridge_smear,urban_area_ratio,8
4010,M9_taxable_pay,log_ridge_smear,urban_population_ratio,8
4010,M9_taxable_pay,log_ridge_smear,urban_residential_share,8
4010,M9_taxable_pay,log_ridge_smear,urban_commercial_share,8
4010,M9_taxable_pay,log_ridge_smear,urban_industrial_share,8
4010,M9_taxable_pay,log_ridge_smear,urban_parent_shared,8
4010,M9_taxable_pay,log_ridge_smear,admin_type,8
4010,M9_taxable_pay,log_ridge_smear,SIDO_NM,9
4010,M1,raw_ridge,population,1
4010,M2,raw_ridge,population,1
4010,M2,raw_ridge,share_u20,2
4010,M2,raw_ridge,share_20s,2
4010,M2,raw_ridge,share_30s,2
4010,M2,raw_ridge,share_40s,2
4010,M2,raw_ridge,share_50s,2
4010,M2,raw_ridge,female_share,2
4010,M2,raw_ridge,hh1_share,2
4010,M2,raw_ridge,hh2_share,2
4010,M3,raw_ridge,population,1
4010,M3,raw_ridge,share_u20,2
4010,M3,raw_ridge,share_20s,2
4010,M3,raw_ridge,share_30s,2
4010,M3,raw_ridge,share_40s,2
4010,M3,raw_ridge,share_50s,2
4010,M3,raw_ridge,female_share,2
4010,M3,raw_ridge,hh1_share,2
4010,M3,raw_ridge,hh2_share,2
4010,M3,raw_ridge,est_0,3
4010,M3,raw_ridge,emp_0,3
4010,M4,raw_ridge,population,1
4010,M4,raw_ridge,share_u20,2
4010,M4,raw_ridge,share_20s,2
4010,M4,raw_ridge,share_30s,2
4010,M4,raw_ridge,share_40s,2
4010,M4,raw_ridge,share_50s,2
4010,M4,raw_ridge,female_share,2
4010,M4,raw_ridge,hh1_share,2
4010,M4,raw_ridge,hh2_share,2
4010,M4,raw_ridge,est_0,3
4010,M4,raw_ridge,emp_0,3
4010,M4,raw_ridge,est_share_G,4
4010,M4,raw_ridge,est_share_I,4
4010,M4,raw_ridge,emp_share_G,4
4010,M4,raw_ridge,emp_share_I,4
4010,M4,raw_ridge,emp_share_C,4
4010,M4,raw_ridge,emp_share_M,4
4010,M5,raw_ridge,population,1
4010,M5,raw_ridge,share_u20,2
4010,M5,raw_ridge,share_20s,2
4010,M5,raw_ridge,share_30s,2
4010,M5,raw_ridge,share_40s,2
4010,M5,raw_ridge,share_50s,2
4010,M5,raw_ridge,female_share,2
4010,M5,raw_ridge,hh1_share,2
4010,M5,raw_ridge,hh2_share,2
4010,M5,raw_ridge,est_0,3
4010,M5,raw_ridge,emp_0,3
4010,M5,raw_ridge,est_share_G,4
4010,M5,raw_ridge,est_share_I,4
4010,M5,raw_ridge,emp_share_G,4
4010,M5,raw_ridge,emp_share_I,4
4010,M5,raw_ridge,emp_share_C,4
4010,M5,raw_ridge,emp_share_M,4
4010,M5,raw_ridge,inflow,5
4010,M5,raw_ridge,outflow,5
4010,M9,raw_ridge,population,1
4010,M9,raw_ridge,share_u20,2
4010,M9,raw_ridge,share_20s,2
4010,M9,raw_ridge,share_30s,2
4010,M9,raw_ridge,share_40s,2
4010,M9,raw_ridge,share_50s,2
4010,M9,raw_ridge,female_share,2
4010,M9,raw_ridge,hh1_share,2
4010,M9,raw_ridge,hh2_share,2
4010,M9,raw_ridge,est_0,3
4010,M9,raw_ridge,emp_0,3
4010,M9,raw_ridge,est_share_G,4
4010,M9,raw_ridge,est_share_I,4
4010,M9,raw_ridge,emp_share_G,4
4010,M9,raw_ridge,emp_share_I,4
4010,M9,raw_ridge,emp_share_C,4
4010,M9,raw_ridge,emp_share_M,4
4010,M9,raw_ridge,inflow,5
4010,M9,raw_ridge,outflow,5
4010,M9,raw_ridge,supply_narrow_4010,6
4010,M9,raw_ridge,log_residence_mean_pay,7
4010,M9,raw_ridge,residence_filer_population_ratio,7
4010,M9,raw_ridge,residence_parent_shared,7
4010,M9,raw_ridge,log_population_density,8
4010,M9,raw_ridge,land_building_share,8
4010,M9,raw_ridge,land_factory_share,8
4010,M9,raw_ridge,land_farm_forest_share,8
4010,M9,raw_ridge,urban_area_ratio,8
4010,M9,raw_ridge,urban_population_ratio,8
4010,M9,raw_ridge,urban_residential_share,8
4010,M9,raw_ridge,urban_commercial_share,8
4010,M9,raw_ridge,urban_industrial_share,8
4010,M9,raw_ridge,urban_parent_shared,8
4010,M9,raw_ridge,admin_type,8
4010,M9,raw_ridge,SIDO_NM,9
4020,M1,log_ridge_smear,log_population,1
4020,M2,log_ridge_smear,log_population,1
4020,M2,log_ridge_smear,share_u20,2
4020,M2,log_ridge_smear,share_20s,2
4020,M2,log_ridge_smear,share_30s,2
4020,M2,log_ridge_smear,share_40s,2
4020,M2,log_ridge_smear,share_50s,2
4020,M2,log_ridge_smear,female_share,2
4020,M2,log_ridge_smear,hh1_share,2
4020,M2,log_ridge_smear,hh2_share,2
4020,M3,log_ridge_smear,log_population,1
4020,M3,log_ridge_smear,share_u20,2
4020,M3,log_ridge_smear,share_20s,2
4020,M3,log_ridge_smear,share_30s,2
4020,M3,log_ridge_smear,share_40s,2
4020,M3,log_ridge_smear,share_50s,2
4020,M3,log_ridge_smear,female_share,2
4020,M3,log_ridge_smear,hh1_share,2
4020,M3,log_ridge_smear,hh2_share,2
4020,M3,log_ridge_smear,log_est_per_population,3
4020,M3,log_ridge_smear,log_emp_per_population,3
4020,M4,log_ridge_smear,log_population,1
4020,M4,log_ridge_smear,share_u20,2
4020,M4,log_ridge_smear,share_20s,2
4020,M4,log_ridge_smear,share_30s,2
4020,M4,log_ridge_smear,share_40s,2
4020,M4,log_ridge_smear,share_50s,2
4020,M4,log_ridge_smear,female_share,2
4020,M4,log_ridge_smear,hh1_share,2
4020,M4,log_ridge_smear,hh2_share,2
4020,M4,log_ridge_smear,log_est_per_population,3
4020,M4,log_ridge_smear,log_emp_per_population,3
4020,M4,log_ridge_smear,est_share_G,4
4020,M4,log_ridge_smear,est_share_I,4
4020,M4,log_ridge_smear,emp_share_G,4
4020,M4,log_ridge_smear,emp_share_I,4
4020,M4,log_ridge_smear,emp_share_C,4
4020,M4,log_ridge_smear,emp_share_M,4
4020,M5,log_ridge_smear,log_population,1
4020,M5,log_ridge_smear,share_u20,2
4020,M5,log_ridge_smear,share_20s,2
4020,M5,log_ridge_smear,share_30s,2
4020,M5,log_ridge_smear,share_40s,2
4020,M5,log_ridge_smear,share_50s,2
4020,M5,log_ridge_smear,female_share,2
4020,M5,log_ridge_smear,hh1_share,2
4020,M5,log_ridge_smear,hh2_share,2
4020,M5,log_ridge_smear,log_est_per_population,3
4020,M5,log_ridge_smear,log_emp_per_population,3
4020,M5,log_ridge_smear,est_share_G,4
4020,M5,log_ridge_smear,est_share_I,4
4020,M5,log_ridge_smear,emp_share_G,4
4020,M5,log_ridge_smear,emp_share_I,4
4020,M5,log_ridge_smear,emp_share_C,4
4020,M5,log_ridge_smear,emp_share_M,4
4020,M5,log_ridge_smear,log_inflow_per_population,5
4020,M5,log_ridge_smear,log_in_out_ratio,5
4020,M6,log_ridge_smear,log_population,1
4020,M6,log_ridge_smear,share_u20,2
4020,M6,log_ridge_smear,share_20s,2
4020,M6,log_ridge_smear,share_30s,2
4020,M6,log_ridge_smear,share_40s,2
4020,M6,log_ridge_smear,share_50s,2
4020,M6,log_ridge_smear,female_share,2
4020,M6,log_ridge_smear,hh1_share,2
4020,M6,log_ridge_smear,hh2_share,2
4020,M6,log_ridge_smear,log_est_per_population,3
4020,M6,log_ridge_smear,log_emp_per_population,3
4020,M6,log_ridge_smear,est_share_G,4
4020,M6,log_ridge_smear,est_share_I,4
4020,M6,log_ridge_smear,emp_share_G,4
4020,M6,log_ridge_smear,emp_share_I,4
4020,M6,log_ridge_smear,emp_share_C,4
4020,M6,log_ridge_smear,emp_share_M,4
4020,M6,log_ridge_smear,log_inflow_per_population,5
4020,M6,log_ridge_smear,log_in_out_ratio,5
4020,M6,log_ridge_smear,supply_narrow_4020,6
4020,M7,log_ridge_smear,log_population,1
4020,M7,log_ridge_smear,share_u20,2
4020,M7,log_ridge_smear,share_20s,2
4020,M7,log_ridge_smear,share_30s,2
4020,M7,log_ridge_smear,share_40s,2
4020,M7,log_ridge_smear,share_50s,2
4020,M7,log_ridge_smear,female_share,2
4020,M7,log_ridge_smear,hh1_share,2
4020,M7,log_ridge_smear,hh2_share,2
4020,M7,log_ridge_smear,log_est_per_population,3
4020,M7,log_ridge_smear,log_emp_per_population,3
4020,M7,log_ridge_smear,est_share_G,4
4020,M7,log_ridge_smear,est_share_I,4
4020,M7,log_ridge_smear,emp_share_G,4
4020,M7,log_ridge_smear,emp_share_I,4
4020,M7,log_ridge_smear,emp_share_C,4
4020,M7,log_ridge_smear,emp_share_M,4
4020,M7,log_ridge_smear,log_inflow_per_population,5
4020,M7,log_ridge_smear,log_in_out_ratio,5
4020,M7,log_ridge_smear,supply_narrow_4020,6
4020,M7,log_ridge_smear,log_residence_mean_pay,7
4020,M7,log_ridge_smear,residence_filer_population_ratio,7
4020,M7,log_ridge_smear,residence_parent_shared,7
4020,M8,log_ridge_smear,log_population,1
4020,M8,log_ridge_smear,share_u20,2
4020,M8,log_ridge_smear,share_20s,2
4020,M8,log_ridge_smear,share_30s,2
4020,M8,log_ridge_smear,share_40s,2
4020,M8,log_ridge_smear,share_50s,2
4020,M8,log_ridge_smear,female_share,2
4020,M8,log_ridge_smear,hh1_share,2
4020,M8,log_ridge_smear,hh2_share,2
4020,M8,log_ridge_smear,log_est_per_population,3
4020,M8,log_ridge_smear,log_emp_per_population,3
4020,M8,log_ridge_smear,est_share_G,4
4020,M8,log_ridge_smear,est_share_I,4
4020,M8,log_ridge_smear,emp_share_G,4
4020,M8,log_ridge_smear,emp_share_I,4
4020,M8,log_ridge_smear,emp_share_C,4
4020,M8,log_ridge_smear,emp_share_M,4
4020,M8,log_ridge_smear,log_inflow_per_population,5
4020,M8,log_ridge_smear,log_in_out_ratio,5
4020,M8,log_ridge_smear,supply_narrow_4020,6
4020,M8,log_ridge_smear,log_residence_mean_pay,7
4020,M8,log_ridge_smear,residence_filer_population_ratio,7
4020,M8,log_ridge_smear,residence_parent_shared,7
4020,M8,log_ridge_smear,log_population_density,8
4020,M8,log_ridge_smear,land_building_share,8
4020,M8,log_ridge_smear,land_factory_share,8
4020,M8,log_ridge_smear,land_farm_forest_share,8
4020,M8,log_ridge_smear,urban_area_ratio,8
4020,M8,log_ridge_smear,urban_population_ratio,8
4020,M8,log_ridge_smear,urban_residential_share,8
4020,M8,log_ridge_smear,urban_commercial_share,8
4020,M8,log_ridge_smear,urban_industrial_share,8
4020,M8,log_ridge_smear,urban_parent_shared,8
4020,M8,log_ridge_smear,admin_type,8
4020,M9,log_ridge_smear,log_population,1
4020,M9,log_ridge_smear,share_u20,2
4020,M9,log_ridge_smear,share_20s,2
4020,M9,log_ridge_smear,share_30s,2
4020,M9,log_ridge_smear,share_40s,2
4020,M9,log_ridge_smear,share_50s,2
4020,M9,log_ridge_smear,female_share,2
4020,M9,log_ridge_smear,hh1_share,2
4020,M9,log_ridge_smear,hh2_share,2
4020,M9,log_ridge_smear,log_est_per_population,3
4020,M9,log_ridge_smear,log_emp_per_population,3
4020,M9,log_ridge_smear,est_share_G,4
4020,M9,log_ridge_smear,est_share_I,4
4020,M9,log_ridge_smear,emp_share_G,4
4020,M9,log_ridge_smear,emp_share_I,4
4020,M9,log_ridge_smear,emp_share_C,4
4020,M9,log_ridge_smear,emp_share_M,4
4020,M9,log_ridge_smear,log_inflow_per_population,5
4020,M9,log_ridge_smear,log_in_out_ratio,5
4020,M9,log_ridge_smear,supply_narrow_4020,6
4020,M9,log_ridge_smear,log_residence_mean_pay,7
4020,M9,log_ridge_smear,residence_filer_population_ratio,7
4020,M9,log_ridge_smear,residence_parent_shared,7
4020,M9,log_ridge_smear,log_population_density,8
4020,M9,log_ridge_smear,land_building_share,8
4020,M9,log_ridge_smear,land_factory_share,8
4020,M9,log_ridge_smear,land_farm_forest_share,8
4020,M9,log_ridge_smear,urban_area_ratio,8
4020,M9,log_ridge_smear,urban_population_ratio,8
4020,M9,log_ridge_smear,urban_residential_share,8
4020,M9,log_ridge_smear,urban_commercial_share,8
4020,M9,log_ridge_smear,urban_industrial_share,8
4020,M9,log_ridge_smear,urban_parent_shared,8
4020,M9,log_ridge_smear,admin_type,8
4020,M9,log_ridge_smear,SIDO_NM,9
4020,without_M1,log_ridge_smear,share_u20,2
4020,without_M1,log_ridge_smear,share_20s,2
4020,without_M1,log_ridge_smear,share_30s,2
4020,without_M1,log_ridge_smear,share_40s,2
4020,without_M1,log_ridge_smear,share_50s,2
4020,without_M1,log_ridge_smear,female_share,2
4020,without_M1,log_ridge_smear,hh1_share,2
4020,without_M1,log_ridge_smear,hh2_share,2
4020,without_M1,log_ridge_smear,log_est_per_population,3
4020,without_M1,log_ridge_smear,log_emp_per_population,3
4020,without_M1,log_ridge_smear,est_share_G,4
4020,without_M1,log_ridge_smear,est_share_I,4
4020,without_M1,log_ridge_smear,emp_share_G,4
4020,without_M1,log_ridge_smear,emp_share_I,4
4020,without_M1,log_ridge_smear,emp_share_C,4
4020,without_M1,log_ridge_smear,emp_share_M,4
4020,without_M1,log_ridge_smear,log_inflow_per_population,5
4020,without_M1,log_ridge_smear,log_in_out_ratio,5
4020,without_M1,log_ridge_smear,supply_narrow_4020,6
4020,without_M1,log_ridge_smear,log_residence_mean_pay,7
4020,without_M1,log_ridge_smear,residence_filer_population_ratio,7
4020,without_M1,log_ridge_smear,residence_parent_shared,7
4020,without_M1,log_ridge_smear,log_population_density,8
4020,without_M1,log_ridge_smear,land_building_share,8
4020,without_M1,log_ridge_smear,land_factory_share,8
4020,without_M1,log_ridge_smear,land_farm_forest_share,8
4020,without_M1,log_ridge_smear,urban_area_ratio,8
4020,without_M1,log_ridge_smear,urban_population_ratio,8
4020,without_M1,log_ridge_smear,urban_residential_share,8
4020,without_M1,log_ridge_smear,urban_commercial_share,8
4020,without_M1,log_ridge_smear,urban_industrial_share,8
4020,without_M1,log_ridge_smear,urban_parent_shared,8
4020,without_M1,log_ridge_smear,admin_type,8
4020,without_M1,log_ridge_smear,SIDO_NM,9
4020,without_M2,log_ridge_smear,log_population,1
4020,without_M2,log_ridge_smear,log_est_per_population,3
4020,without_M2,log_ridge_smear,log_emp_per_population,3
4020,without_M2,log_ridge_smear,est_share_G,4
4020,without_M2,log_ridge_smear,est_share_I,4
4020,without_M2,log_ridge_smear,emp_share_G,4
4020,without_M2,log_ridge_smear,emp_share_I,4
4020,without_M2,log_ridge_smear,emp_share_C,4
4020,without_M2,log_ridge_smear,emp_share_M,4
4020,without_M2,log_ridge_smear,log_inflow_per_population,5
4020,without_M2,log_ridge_smear,log_in_out_ratio,5
4020,without_M2,log_ridge_smear,supply_narrow_4020,6
4020,without_M2,log_ridge_smear,log_residence_mean_pay,7
4020,without_M2,log_ridge_smear,residence_filer_population_ratio,7
4020,without_M2,log_ridge_smear,residence_parent_shared,7
4020,without_M2,log_ridge_smear,log_population_density,8
4020,without_M2,log_ridge_smear,land_building_share,8
4020,without_M2,log_ridge_smear,land_factory_share,8
4020,without_M2,log_ridge_smear,land_farm_forest_share,8
4020,without_M2,log_ridge_smear,urban_area_ratio,8
4020,without_M2,log_ridge_smear,urban_population_ratio,8
4020,without_M2,log_ridge_smear,urban_residential_share,8
4020,without_M2,log_ridge_smear,urban_commercial_share,8
4020,without_M2,log_ridge_smear,urban_industrial_share,8
4020,without_M2,log_ridge_smear,urban_parent_shared,8
4020,without_M2,log_ridge_smear,admin_type,8
4020,without_M2,log_ridge_smear,SIDO_NM,9
4020,without_M3,log_ridge_smear,log_population,1
4020,without_M3,log_ridge_smear,share_u20,2
4020,without_M3,log_ridge_smear,share_20s,2
4020,without_M3,log_ridge_smear,share_30s,2
4020,without_M3,log_ridge_smear,share_40s,2
4020,without_M3,log_ridge_smear,share_50s,2
4020,without_M3,log_ridge_smear,female_share,2
4020,without_M3,log_ridge_smear,hh1_share,2
4020,without_M3,log_ridge_smear,hh2_share,2
4020,without_M3,log_ridge_smear,est_share_G,4
4020,without_M3,log_ridge_smear,est_share_I,4
4020,without_M3,log_ridge_smear,emp_share_G,4
4020,without_M3,log_ridge_smear,emp_share_I,4
4020,without_M3,log_ridge_smear,emp_share_C,4
4020,without_M3,log_ridge_smear,emp_share_M,4
4020,without_M3,log_ridge_smear,log_inflow_per_population,5
4020,without_M3,log_ridge_smear,log_in_out_ratio,5
4020,without_M3,log_ridge_smear,supply_narrow_4020,6
4020,without_M3,log_ridge_smear,log_residence_mean_pay,7
4020,without_M3,log_ridge_smear,residence_filer_population_ratio,7
4020,without_M3,log_ridge_smear,residence_parent_shared,7
4020,without_M3,log_ridge_smear,log_population_density,8
4020,without_M3,log_ridge_smear,land_building_share,8
4020,without_M3,log_ridge_smear,land_factory_share,8
4020,without_M3,log_ridge_smear,land_farm_forest_share,8
4020,without_M3,log_ridge_smear,urban_area_ratio,8
4020,without_M3,log_ridge_smear,urban_population_ratio,8
4020,without_M3,log_ridge_smear,urban_residential_share,8
4020,without_M3,log_ridge_smear,urban_commercial_share,8
4020,without_M3,log_ridge_smear,urban_industrial_share,8
4020,without_M3,log_ridge_smear,urban_parent_shared,8
4020,without_M3,log_ridge_smear,admin_type,8
4020,without_M3,log_ridge_smear,SIDO_NM,9
4020,without_M4,log_ridge_smear,log_population,1
4020,without_M4,log_ridge_smear,share_u20,2
4020,without_M4,log_ridge_smear,share_20s,2
4020,without_M4,log_ridge_smear,share_30s,2
4020,without_M4,log_ridge_smear,share_40s,2
4020,without_M4,log_ridge_smear,share_50s,2
4020,without_M4,log_ridge_smear,female_share,2
4020,without_M4,log_ridge_smear,hh1_share,2
4020,without_M4,log_ridge_smear,hh2_share,2
4020,without_M4,log_ridge_smear,log_est_per_population,3
4020,without_M4,log_ridge_smear,log_emp_per_population,3
4020,without_M4,log_ridge_smear,log_inflow_per_population,5
4020,without_M4,log_ridge_smear,log_in_out_ratio,5
4020,without_M4,log_ridge_smear,supply_narrow_4020,6
4020,without_M4,log_ridge_smear,log_residence_mean_pay,7
4020,without_M4,log_ridge_smear,residence_filer_population_ratio,7
4020,without_M4,log_ridge_smear,residence_parent_shared,7
4020,without_M4,log_ridge_smear,log_population_density,8
4020,without_M4,log_ridge_smear,land_building_share,8
4020,without_M4,log_ridge_smear,land_factory_share,8
4020,without_M4,log_ridge_smear,land_farm_forest_share,8
4020,without_M4,log_ridge_smear,urban_area_ratio,8
4020,without_M4,log_ridge_smear,urban_population_ratio,8
4020,without_M4,log_ridge_smear,urban_residential_share,8
4020,without_M4,log_ridge_smear,urban_commercial_share,8
4020,without_M4,log_ridge_smear,urban_industrial_share,8
4020,without_M4,log_ridge_smear,urban_parent_shared,8
4020,without_M4,log_ridge_smear,admin_type,8
4020,without_M4,log_ridge_smear,SIDO_NM,9
4020,without_M5,log_ridge_smear,log_population,1
4020,without_M5,log_ridge_smear,share_u20,2
4020,without_M5,log_ridge_smear,share_20s,2
4020,without_M5,log_ridge_smear,share_30s,2
4020,without_M5,log_ridge_smear,share_40s,2
4020,without_M5,log_ridge_smear,share_50s,2
4020,without_M5,log_ridge_smear,female_share,2
4020,without_M5,log_ridge_smear,hh1_share,2
4020,without_M5,log_ridge_smear,hh2_share,2
4020,without_M5,log_ridge_smear,log_est_per_population,3
4020,without_M5,log_ridge_smear,log_emp_per_population,3
4020,without_M5,log_ridge_smear,est_share_G,4
4020,without_M5,log_ridge_smear,est_share_I,4
4020,without_M5,log_ridge_smear,emp_share_G,4
4020,without_M5,log_ridge_smear,emp_share_I,4
4020,without_M5,log_ridge_smear,emp_share_C,4
4020,without_M5,log_ridge_smear,emp_share_M,4
4020,without_M5,log_ridge_smear,supply_narrow_4020,6
4020,without_M5,log_ridge_smear,log_residence_mean_pay,7
4020,without_M5,log_ridge_smear,residence_filer_population_ratio,7
4020,without_M5,log_ridge_smear,residence_parent_shared,7
4020,without_M5,log_ridge_smear,log_population_density,8
4020,without_M5,log_ridge_smear,land_building_share,8
4020,without_M5,log_ridge_smear,land_factory_share,8
4020,without_M5,log_ridge_smear,land_farm_forest_share,8
4020,without_M5,log_ridge_smear,urban_area_ratio,8
4020,without_M5,log_ridge_smear,urban_population_ratio,8
4020,without_M5,log_ridge_smear,urban_residential_share,8
4020,without_M5,log_ridge_smear,urban_commercial_share,8
4020,without_M5,log_ridge_smear,urban_industrial_share,8
4020,without_M5,log_ridge_smear,urban_parent_shared,8
4020,without_M5,log_ridge_smear,admin_type,8
4020,without_M5,log_ridge_smear,SIDO_NM,9
4020,without_M6,log_ridge_smear,log_population,1
4020,without_M6,log_ridge_smear,share_u20,2
4020,without_M6,log_ridge_smear,share_20s,2
4020,without_M6,log_ridge_smear,share_30s,2
4020,without_M6,log_ridge_smear,share_40s,2
4020,without_M6,log_ridge_smear,share_50s,2
4020,without_M6,log_ridge_smear,female_share,2
4020,without_M6,log_ridge_smear,hh1_share,2
4020,without_M6,log_ridge_smear,hh2_share,2
4020,without_M6,log_ridge_smear,log_est_per_population,3
4020,without_M6,log_ridge_smear,log_emp_per_population,3
4020,without_M6,log_ridge_smear,est_share_G,4
4020,without_M6,log_ridge_smear,est_share_I,4
4020,without_M6,log_ridge_smear,emp_share_G,4
4020,without_M6,log_ridge_smear,emp_share_I,4
4020,without_M6,log_ridge_smear,emp_share_C,4
4020,without_M6,log_ridge_smear,emp_share_M,4
4020,without_M6,log_ridge_smear,log_inflow_per_population,5
4020,without_M6,log_ridge_smear,log_in_out_ratio,5
4020,without_M6,log_ridge_smear,log_residence_mean_pay,7
4020,without_M6,log_ridge_smear,residence_filer_population_ratio,7
4020,without_M6,log_ridge_smear,residence_parent_shared,7
4020,without_M6,log_ridge_smear,log_population_density,8
4020,without_M6,log_ridge_smear,land_building_share,8
4020,without_M6,log_ridge_smear,land_factory_share,8
4020,without_M6,log_ridge_smear,land_farm_forest_share,8
4020,without_M6,log_ridge_smear,urban_area_ratio,8
4020,without_M6,log_ridge_smear,urban_population_ratio,8
4020,without_M6,log_ridge_smear,urban_residential_share,8
4020,without_M6,log_ridge_smear,urban_commercial_share,8
4020,without_M6,log_ridge_smear,urban_industrial_share,8
4020,without_M6,log_ridge_smear,urban_parent_shared,8
4020,without_M6,log_ridge_smear,admin_type,8
4020,without_M6,log_ridge_smear,SIDO_NM,9
4020,without_M7,log_ridge_smear,log_population,1
4020,without_M7,log_ridge_smear,share_u20,2
4020,without_M7,log_ridge_smear,share_20s,2
4020,without_M7,log_ridge_smear,share_30s,2
4020,without_M7,log_ridge_smear,share_40s,2
4020,without_M7,log_ridge_smear,share_50s,2
4020,without_M7,log_ridge_smear,female_share,2
4020,without_M7,log_ridge_smear,hh1_share,2
4020,without_M7,log_ridge_smear,hh2_share,2
4020,without_M7,log_ridge_smear,log_est_per_population,3
4020,without_M7,log_ridge_smear,log_emp_per_population,3
4020,without_M7,log_ridge_smear,est_share_G,4
4020,without_M7,log_ridge_smear,est_share_I,4
4020,without_M7,log_ridge_smear,emp_share_G,4
4020,without_M7,log_ridge_smear,emp_share_I,4
4020,without_M7,log_ridge_smear,emp_share_C,4
4020,without_M7,log_ridge_smear,emp_share_M,4
4020,without_M7,log_ridge_smear,log_inflow_per_population,5
4020,without_M7,log_ridge_smear,log_in_out_ratio,5
4020,without_M7,log_ridge_smear,supply_narrow_4020,6
4020,without_M7,log_ridge_smear,log_population_density,8
4020,without_M7,log_ridge_smear,land_building_share,8
4020,without_M7,log_ridge_smear,land_factory_share,8
4020,without_M7,log_ridge_smear,land_farm_forest_share,8
4020,without_M7,log_ridge_smear,urban_area_ratio,8
4020,without_M7,log_ridge_smear,urban_population_ratio,8
4020,without_M7,log_ridge_smear,urban_residential_share,8
4020,without_M7,log_ridge_smear,urban_commercial_share,8
4020,without_M7,log_ridge_smear,urban_industrial_share,8
4020,without_M7,log_ridge_smear,urban_parent_shared,8
4020,without_M7,log_ridge_smear,admin_type,8
4020,without_M7,log_ridge_smear,SIDO_NM,9
4020,without_M8,log_ridge_smear,log_population,1
4020,without_M8,log_ridge_smear,share_u20,2
4020,without_M8,log_ridge_smear,share_20s,2
4020,without_M8,log_ridge_smear,share_30s,2
4020,without_M8,log_ridge_smear,share_40s,2
4020,without_M8,log_ridge_smear,share_50s,2
4020,without_M8,log_ridge_smear,female_share,2
4020,without_M8,log_ridge_smear,hh1_share,2
4020,without_M8,log_ridge_smear,hh2_share,2
4020,without_M8,log_ridge_smear,log_est_per_population,3
4020,without_M8,log_ridge_smear,log_emp_per_population,3
4020,without_M8,log_ridge_smear,est_share_G,4
4020,without_M8,log_ridge_smear,est_share_I,4
4020,without_M8,log_ridge_smear,emp_share_G,4
4020,without_M8,log_ridge_smear,emp_share_I,4
4020,without_M8,log_ridge_smear,emp_share_C,4
4020,without_M8,log_ridge_smear,emp_share_M,4
4020,without_M8,log_ridge_smear,log_inflow_per_population,5
4020,without_M8,log_ridge_smear,log_in_out_ratio,5
4020,without_M8,log_ridge_smear,supply_narrow_4020,6
4020,without_M8,log_ridge_smear,log_residence_mean_pay,7
4020,without_M8,log_ridge_smear,residence_filer_population_ratio,7
4020,without_M8,log_ridge_smear,residence_parent_shared,7
4020,without_M8,log_ridge_smear,SIDO_NM,9
4020,without_M9,log_ridge_smear,log_population,1
4020,without_M9,log_ridge_smear,share_u20,2
4020,without_M9,log_ridge_smear,share_20s,2
4020,without_M9,log_ridge_smear,share_30s,2
4020,without_M9,log_ridge_smear,share_40s,2
4020,without_M9,log_ridge_smear,share_50s,2
4020,without_M9,log_ridge_smear,female_share,2
4020,without_M9,log_ridge_smear,hh1_share,2
4020,without_M9,log_ridge_smear,hh2_share,2
4020,without_M9,log_ridge_smear,log_est_per_population,3
4020,without_M9,log_ridge_smear,log_emp_per_population,3
4020,without_M9,log_ridge_smear,est_share_G,4
4020,without_M9,log_ridge_smear,est_share_I,4
4020,without_M9,log_ridge_smear,emp_share_G,4
4020,without_M9,log_ridge_smear,emp_share_I,4
4020,without_M9,log_ridge_smear,emp_share_C,4
4020,without_M9,log_ridge_smear,emp_share_M,4
4020,without_M9,log_ridge_smear,log_inflow_per_population,5
4020,without_M9,log_ridge_smear,log_in_out_ratio,5
4020,without_M9,log_ridge_smear,supply_narrow_4020,6
4020,without_M9,log_ridge_smear,log_residence_mean_pay,7
4020,without_M9,log_ridge_smear,residence_filer_population_ratio,7
4020,without_M9,log_ridge_smear,residence_parent_shared,7
4020,without_M9,log_ridge_smear,log_population_density,8
4020,without_M9,log_ridge_smear,land_building_share,8
4020,without_M9,log_ridge_smear,land_factory_share,8
4020,without_M9,log_ridge_smear,land_farm_forest_share,8
4020,without_M9,log_ridge_smear,urban_area_ratio,8
4020,without_M9,log_ridge_smear,urban_population_ratio,8
4020,without_M9,log_ridge_smear,urban_residential_share,8
4020,without_M9,log_ridge_smear,urban_commercial_share,8
4020,without_M9,log_ridge_smear,urban_industrial_share,8
4020,without_M9,log_ridge_smear,urban_parent_shared,8
4020,without_M9,log_ridge_smear,admin_type,8
4020,M9_workplace,log_ridge_smear,log_population,1
4020,M9_workplace,log_ridge_smear,share_u20,2
4020,M9_workplace,log_ridge_smear,share_20s,2
4020,M9_workplace,log_ridge_smear,share_30s,2
4020,M9_workplace,log_ridge_smear,share_40s,2
4020,M9_workplace,log_ridge_smear,share_50s,2
4020,M9_workplace,log_ridge_smear,female_share,2
4020,M9_workplace,log_ridge_smear,hh1_share,2
4020,M9_workplace,log_ridge_smear,hh2_share,2
4020,M9_workplace,log_ridge_smear,log_est_per_population,3
4020,M9_workplace,log_ridge_smear,log_emp_per_population,3
4020,M9_workplace,log_ridge_smear,est_share_G,4
4020,M9_workplace,log_ridge_smear,est_share_I,4
4020,M9_workplace,log_ridge_smear,emp_share_G,4
4020,M9_workplace,log_ridge_smear,emp_share_I,4
4020,M9_workplace,log_ridge_smear,emp_share_C,4
4020,M9_workplace,log_ridge_smear,emp_share_M,4
4020,M9_workplace,log_ridge_smear,log_inflow_per_population,5
4020,M9_workplace,log_ridge_smear,log_in_out_ratio,5
4020,M9_workplace,log_ridge_smear,supply_narrow_4020,6
4020,M9_workplace,log_ridge_smear,log_residence_mean_pay,7
4020,M9_workplace,log_ridge_smear,residence_filer_population_ratio,7
4020,M9_workplace,log_ridge_smear,residence_parent_shared,7
4020,M9_workplace,log_ridge_smear,log_population_density,8
4020,M9_workplace,log_ridge_smear,land_building_share,8
4020,M9_workplace,log_ridge_smear,land_factory_share,8
4020,M9_workplace,log_ridge_smear,land_farm_forest_share,8
4020,M9_workplace,log_ridge_smear,urban_area_ratio,8
4020,M9_workplace,log_ridge_smear,urban_population_ratio,8
4020,M9_workplace,log_ridge_smear,urban_residential_share,8
4020,M9_workplace,log_ridge_smear,urban_commercial_share,8
4020,M9_workplace,log_ridge_smear,urban_industrial_share,8
4020,M9_workplace,log_ridge_smear,urban_parent_shared,8
4020,M9_workplace,log_ridge_smear,log_workplace_mean_pay,10
4020,M9_workplace,log_ridge_smear,admin_type,8
4020,M9_workplace,log_ridge_smear,SIDO_NM,9
4020,M9_broad_supply,log_ridge_smear,log_population,1
4020,M9_broad_supply,log_ridge_smear,share_u20,2
4020,M9_broad_supply,log_ridge_smear,share_20s,2
4020,M9_broad_supply,log_ridge_smear,share_30s,2
4020,M9_broad_supply,log_ridge_smear,share_40s,2
4020,M9_broad_supply,log_ridge_smear,share_50s,2
4020,M9_broad_supply,log_ridge_smear,female_share,2
4020,M9_broad_supply,log_ridge_smear,hh1_share,2
4020,M9_broad_supply,log_ridge_smear,hh2_share,2
4020,M9_broad_supply,log_ridge_smear,log_est_per_population,3
4020,M9_broad_supply,log_ridge_smear,log_emp_per_population,3
4020,M9_broad_supply,log_ridge_smear,est_share_G,4
4020,M9_broad_supply,log_ridge_smear,est_share_I,4
4020,M9_broad_supply,log_ridge_smear,emp_share_G,4
4020,M9_broad_supply,log_ridge_smear,emp_share_I,4
4020,M9_broad_supply,log_ridge_smear,emp_share_C,4
4020,M9_broad_supply,log_ridge_smear,emp_share_M,4
4020,M9_broad_supply,log_ridge_smear,log_inflow_per_population,5
4020,M9_broad_supply,log_ridge_smear,log_in_out_ratio,5
4020,M9_broad_supply,log_ridge_smear,supply_broad_4020,6
4020,M9_broad_supply,log_ridge_smear,log_residence_mean_pay,7
4020,M9_broad_supply,log_ridge_smear,residence_filer_population_ratio,7
4020,M9_broad_supply,log_ridge_smear,residence_parent_shared,7
4020,M9_broad_supply,log_ridge_smear,log_population_density,8
4020,M9_broad_supply,log_ridge_smear,land_building_share,8
4020,M9_broad_supply,log_ridge_smear,land_factory_share,8
4020,M9_broad_supply,log_ridge_smear,land_farm_forest_share,8
4020,M9_broad_supply,log_ridge_smear,urban_area_ratio,8
4020,M9_broad_supply,log_ridge_smear,urban_population_ratio,8
4020,M9_broad_supply,log_ridge_smear,urban_residential_share,8
4020,M9_broad_supply,log_ridge_smear,urban_commercial_share,8
4020,M9_broad_supply,log_ridge_smear,urban_industrial_share,8
4020,M9_broad_supply,log_ridge_smear,urban_parent_shared,8
4020,M9_broad_supply,log_ridge_smear,admin_type,8
4020,M9_broad_supply,log_ridge_smear,SIDO_NM,9
4020,M9_alpha10,log_ridge_smear,log_population,1
4020,M9_alpha10,log_ridge_smear,share_u20,2
4020,M9_alpha10,log_ridge_smear,share_20s,2
4020,M9_alpha10,log_ridge_smear,share_30s,2
4020,M9_alpha10,log_ridge_smear,share_40s,2
4020,M9_alpha10,log_ridge_smear,share_50s,2
4020,M9_alpha10,log_ridge_smear,female_share,2
4020,M9_alpha10,log_ridge_smear,hh1_share,2
4020,M9_alpha10,log_ridge_smear,hh2_share,2
4020,M9_alpha10,log_ridge_smear,log_est_per_population,3
4020,M9_alpha10,log_ridge_smear,log_emp_per_population,3
4020,M9_alpha10,log_ridge_smear,est_share_G,4
4020,M9_alpha10,log_ridge_smear,est_share_I,4
4020,M9_alpha10,log_ridge_smear,emp_share_G,4
4020,M9_alpha10,log_ridge_smear,emp_share_I,4
4020,M9_alpha10,log_ridge_smear,emp_share_C,4
4020,M9_alpha10,log_ridge_smear,emp_share_M,4
4020,M9_alpha10,log_ridge_smear,log_inflow_per_population,5
4020,M9_alpha10,log_ridge_smear,log_in_out_ratio,5
4020,M9_alpha10,log_ridge_smear,supply_narrow_4020,6
4020,M9_alpha10,log_ridge_smear,log_residence_mean_pay,7
4020,M9_alpha10,log_ridge_smear,residence_filer_population_ratio,7
4020,M9_alpha10,log_ridge_smear,residence_parent_shared,7
4020,M9_alpha10,log_ridge_smear,log_population_density,8
4020,M9_alpha10,log_ridge_smear,land_building_share,8
4020,M9_alpha10,log_ridge_smear,land_factory_share,8
4020,M9_alpha10,log_ridge_smear,land_farm_forest_share,8
4020,M9_alpha10,log_ridge_smear,urban_area_ratio,8
4020,M9_alpha10,log_ridge_smear,urban_population_ratio,8
4020,M9_alpha10,log_ridge_smear,urban_residential_share,8
4020,M9_alpha10,log_ridge_smear,urban_commercial_share,8
4020,M9_alpha10,log_ridge_smear,urban_industrial_share,8
4020,M9_alpha10,log_ridge_smear,urban_parent_shared,8
4020,M9_alpha10,log_ridge_smear,admin_type,8
4020,M9_alpha10,log_ridge_smear,SIDO_NM,9
4020,M9_taxable_pay,log_ridge_smear,log_population,1
4020,M9_taxable_pay,log_ridge_smear,share_u20,2
4020,M9_taxable_pay,log_ridge_smear,share_20s,2
4020,M9_taxable_pay,log_ridge_smear,share_30s,2
4020,M9_taxable_pay,log_ridge_smear,share_40s,2
4020,M9_taxable_pay,log_ridge_smear,share_50s,2
4020,M9_taxable_pay,log_ridge_smear,female_share,2
4020,M9_taxable_pay,log_ridge_smear,hh1_share,2
4020,M9_taxable_pay,log_ridge_smear,hh2_share,2
4020,M9_taxable_pay,log_ridge_smear,log_est_per_population,3
4020,M9_taxable_pay,log_ridge_smear,log_emp_per_population,3
4020,M9_taxable_pay,log_ridge_smear,est_share_G,4
4020,M9_taxable_pay,log_ridge_smear,est_share_I,4
4020,M9_taxable_pay,log_ridge_smear,emp_share_G,4
4020,M9_taxable_pay,log_ridge_smear,emp_share_I,4
4020,M9_taxable_pay,log_ridge_smear,emp_share_C,4
4020,M9_taxable_pay,log_ridge_smear,emp_share_M,4
4020,M9_taxable_pay,log_ridge_smear,log_inflow_per_population,5
4020,M9_taxable_pay,log_ridge_smear,log_in_out_ratio,5
4020,M9_taxable_pay,log_ridge_smear,supply_narrow_4020,6
4020,M9_taxable_pay,log_ridge_smear,log_residence_mean_tax_pay,9
4020,M9_taxable_pay,log_ridge_smear,residence_filer_population_ratio,7
4020,M9_taxable_pay,log_ridge_smear,residence_parent_shared,7
4020,M9_taxable_pay,log_ridge_smear,log_population_density,8
4020,M9_taxable_pay,log_ridge_smear,land_building_share,8
4020,M9_taxable_pay,log_ridge_smear,land_factory_share,8
4020,M9_taxable_pay,log_ridge_smear,land_farm_forest_share,8
4020,M9_taxable_pay,log_ridge_smear,urban_area_ratio,8
4020,M9_taxable_pay,log_ridge_smear,urban_population_ratio,8
4020,M9_taxable_pay,log_ridge_smear,urban_residential_share,8
4020,M9_taxable_pay,log_ridge_smear,urban_commercial_share,8
4020,M9_taxable_pay,log_ridge_smear,urban_industrial_share,8
4020,M9_taxable_pay,log_ridge_smear,urban_parent_shared,8
4020,M9_taxable_pay,log_ridge_smear,admin_type,8
4020,M9_taxable_pay,log_ridge_smear,SIDO_NM,9
4020,M1,raw_ridge,population,1
4020,M2,raw_ridge,population,1
4020,M2,raw_ridge,share_u20,2
4020,M2,raw_ridge,share_20s,2
4020,M2,raw_ridge,share_30s,2
4020,M2,raw_ridge,share_40s,2
4020,M2,raw_ridge,share_50s,2
4020,M2,raw_ridge,female_share,2
4020,M2,raw_ridge,hh1_share,2
4020,M2,raw_ridge,hh2_share,2
4020,M3,raw_ridge,population,1
4020,M3,raw_ridge,share_u20,2
4020,M3,raw_ridge,share_20s,2
4020,M3,raw_ridge,share_30s,2
4020,M3,raw_ridge,share_40s,2
4020,M3,raw_ridge,share_50s,2
4020,M3,raw_ridge,female_share,2
4020,M3,raw_ridge,hh1_share,2
4020,M3,raw_ridge,hh2_share,2
4020,M3,raw_ridge,est_0,3
4020,M3,raw_ridge,emp_0,3
4020,M4,raw_ridge,population,1
4020,M4,raw_ridge,share_u20,2
4020,M4,raw_ridge,share_20s,2
4020,M4,raw_ridge,share_30s,2
4020,M4,raw_ridge,share_40s,2
4020,M4,raw_ridge,share_50s,2
4020,M4,raw_ridge,female_share,2
4020,M4,raw_ridge,hh1_share,2
4020,M4,raw_ridge,hh2_share,2
4020,M4,raw_ridge,est_0,3
4020,M4,raw_ridge,emp_0,3
4020,M4,raw_ridge,est_share_G,4
4020,M4,raw_ridge,est_share_I,4
4020,M4,raw_ridge,emp_share_G,4
4020,M4,raw_ridge,emp_share_I,4
4020,M4,raw_ridge,emp_share_C,4
4020,M4,raw_ridge,emp_share_M,4
4020,M5,raw_ridge,population,1
4020,M5,raw_ridge,share_u20,2
4020,M5,raw_ridge,share_20s,2
4020,M5,raw_ridge,share_30s,2
4020,M5,raw_ridge,share_40s,2
4020,M5,raw_ridge,share_50s,2
4020,M5,raw_ridge,female_share,2
4020,M5,raw_ridge,hh1_share,2
4020,M5,raw_ridge,hh2_share,2
4020,M5,raw_ridge,est_0,3
4020,M5,raw_ridge,emp_0,3
4020,M5,raw_ridge,est_share_G,4
4020,M5,raw_ridge,est_share_I,4
4020,M5,raw_ridge,emp_share_G,4
4020,M5,raw_ridge,emp_share_I,4
4020,M5,raw_ridge,emp_share_C,4
4020,M5,raw_ridge,emp_share_M,4
4020,M5,raw_ridge,inflow,5
4020,M5,raw_ridge,outflow,5
4020,M9,raw_ridge,population,1
4020,M9,raw_ridge,share_u20,2
4020,M9,raw_ridge,share_20s,2
4020,M9,raw_ridge,share_30s,2
4020,M9,raw_ridge,share_40s,2
4020,M9,raw_ridge,share_50s,2
4020,M9,raw_ridge,female_share,2
4020,M9,raw_ridge,hh1_share,2
4020,M9,raw_ridge,hh2_share,2
4020,M9,raw_ridge,est_0,3
4020,M9,raw_ridge,emp_0,3
4020,M9,raw_ridge,est_share_G,4
4020,M9,raw_ridge,est_share_I,4
4020,M9,raw_ridge,emp_share_G,4
4020,M9,raw_ridge,emp_share_I,4
4020,M9,raw_ridge,emp_share_C,4
4020,M9,raw_ridge,emp_share_M,4
4020,M9,raw_ridge,inflow,5
4020,M9,raw_ridge,outflow,5
4020,M9,raw_ridge,supply_narrow_4020,6
4020,M9,raw_ridge,log_residence_mean_pay,7
4020,M9,raw_ridge,residence_filer_population_ratio,7
4020,M9,raw_ridge,residence_parent_shared,7
4020,M9,raw_ridge,log_population_density,8
4020,M9,raw_ridge,land_building_share,8
4020,M9,raw_ridge,land_factory_share,8
4020,M9,raw_ridge,land_farm_forest_share,8
4020,M9,raw_ridge,urban_area_ratio,8
4020,M9,raw_ridge,urban_population_ratio,8
4020,M9,raw_ridge,urban_residential_share,8
4020,M9,raw_ridge,urban_commercial_share,8
4020,M9,raw_ridge,urban_industrial_share,8
4020,M9,raw_ridge,urban_parent_shared,8
4020,M9,raw_ridge,admin_type,8
4020,M9,raw_ridge,SIDO_NM,9
8001,M1,log_ridge_smear,log_population,1
8001,M2,log_ridge_smear,log_population,1
8001,M2,log_ridge_smear,share_u20,2
8001,M2,log_ridge_smear,share_20s,2
8001,M2,log_ridge_smear,share_30s,2
8001,M2,log_ridge_smear,share_40s,2
8001,M2,log_ridge_smear,share_50s,2
8001,M2,log_ridge_smear,female_share,2
8001,M2,log_ridge_smear,hh1_share,2
8001,M2,log_ridge_smear,hh2_share,2
8001,M3,log_ridge_smear,log_population,1
8001,M3,log_ridge_smear,share_u20,2
8001,M3,log_ridge_smear,share_20s,2
8001,M3,log_ridge_smear,share_30s,2
8001,M3,log_ridge_smear,share_40s,2
8001,M3,log_ridge_smear,share_50s,2
8001,M3,log_ridge_smear,female_share,2
8001,M3,log_ridge_smear,hh1_share,2
8001,M3,log_ridge_smear,hh2_share,2
8001,M3,log_ridge_smear,log_est_per_population,3
8001,M3,log_ridge_smear,log_emp_per_population,3
8001,M4,log_ridge_smear,log_population,1
8001,M4,log_ridge_smear,share_u20,2
8001,M4,log_ridge_smear,share_20s,2
8001,M4,log_ridge_smear,share_30s,2
8001,M4,log_ridge_smear,share_40s,2
8001,M4,log_ridge_smear,share_50s,2
8001,M4,log_ridge_smear,female_share,2
8001,M4,log_ridge_smear,hh1_share,2
8001,M4,log_ridge_smear,hh2_share,2
8001,M4,log_ridge_smear,log_est_per_population,3
8001,M4,log_ridge_smear,log_emp_per_population,3
8001,M4,log_ridge_smear,est_share_G,4
8001,M4,log_ridge_smear,est_share_I,4
8001,M4,log_ridge_smear,emp_share_G,4
8001,M4,log_ridge_smear,emp_share_I,4
8001,M4,log_ridge_smear,emp_share_C,4
8001,M4,log_ridge_smear,emp_share_M,4
8001,M5,log_ridge_smear,log_population,1
8001,M5,log_ridge_smear,share_u20,2
8001,M5,log_ridge_smear,share_20s,2
8001,M5,log_ridge_smear,share_30s,2
8001,M5,log_ridge_smear,share_40s,2
8001,M5,log_ridge_smear,share_50s,2
8001,M5,log_ridge_smear,female_share,2
8001,M5,log_ridge_smear,hh1_share,2
8001,M5,log_ridge_smear,hh2_share,2
8001,M5,log_ridge_smear,log_est_per_population,3
8001,M5,log_ridge_smear,log_emp_per_population,3
8001,M5,log_ridge_smear,est_share_G,4
8001,M5,log_ridge_smear,est_share_I,4
8001,M5,log_ridge_smear,emp_share_G,4
8001,M5,log_ridge_smear,emp_share_I,4
8001,M5,log_ridge_smear,emp_share_C,4
8001,M5,log_ridge_smear,emp_share_M,4
8001,M5,log_ridge_smear,log_inflow_per_population,5
8001,M5,log_ridge_smear,log_in_out_ratio,5
8001,M6,log_ridge_smear,log_population,1
8001,M6,log_ridge_smear,share_u20,2
8001,M6,log_ridge_smear,share_20s,2
8001,M6,log_ridge_smear,share_30s,2
8001,M6,log_ridge_smear,share_40s,2
8001,M6,log_ridge_smear,share_50s,2
8001,M6,log_ridge_smear,female_share,2
8001,M6,log_ridge_smear,hh1_share,2
8001,M6,log_ridge_smear,hh2_share,2
8001,M6,log_ridge_smear,log_est_per_population,3
8001,M6,log_ridge_smear,log_emp_per_population,3
8001,M6,log_ridge_smear,est_share_G,4
8001,M6,log_ridge_smear,est_share_I,4
8001,M6,log_ridge_smear,emp_share_G,4
8001,M6,log_ridge_smear,emp_share_I,4
8001,M6,log_ridge_smear,emp_share_C,4
8001,M6,log_ridge_smear,emp_share_M,4
8001,M6,log_ridge_smear,log_inflow_per_population,5
8001,M6,log_ridge_smear,log_in_out_ratio,5
8001,M6,log_ridge_smear,supply_narrow_8001,6
8001,M7,log_ridge_smear,log_population,1
8001,M7,log_ridge_smear,share_u20,2
8001,M7,log_ridge_smear,share_20s,2
8001,M7,log_ridge_smear,share_30s,2
8001,M7,log_ridge_smear,share_40s,2
8001,M7,log_ridge_smear,share_50s,2
8001,M7,log_ridge_smear,female_share,2
8001,M7,log_ridge_smear,hh1_share,2
8001,M7,log_ridge_smear,hh2_share,2
8001,M7,log_ridge_smear,log_est_per_population,3
8001,M7,log_ridge_smear,log_emp_per_population,3
8001,M7,log_ridge_smear,est_share_G,4
8001,M7,log_ridge_smear,est_share_I,4
8001,M7,log_ridge_smear,emp_share_G,4
8001,M7,log_ridge_smear,emp_share_I,4
8001,M7,log_ridge_smear,emp_share_C,4
8001,M7,log_ridge_smear,emp_share_M,4
8001,M7,log_ridge_smear,log_inflow_per_population,5
8001,M7,log_ridge_smear,log_in_out_ratio,5
8001,M7,log_ridge_smear,supply_narrow_8001,6
8001,M7,log_ridge_smear,log_residence_mean_pay,7
8001,M7,log_ridge_smear,residence_filer_population_ratio,7
8001,M7,log_ridge_smear,residence_parent_shared,7
8001,M8,log_ridge_smear,log_population,1
8001,M8,log_ridge_smear,share_u20,2
8001,M8,log_ridge_smear,share_20s,2
8001,M8,log_ridge_smear,share_30s,2
8001,M8,log_ridge_smear,share_40s,2
8001,M8,log_ridge_smear,share_50s,2
8001,M8,log_ridge_smear,female_share,2
8001,M8,log_ridge_smear,hh1_share,2
8001,M8,log_ridge_smear,hh2_share,2
8001,M8,log_ridge_smear,log_est_per_population,3
8001,M8,log_ridge_smear,log_emp_per_population,3
8001,M8,log_ridge_smear,est_share_G,4
8001,M8,log_ridge_smear,est_share_I,4
8001,M8,log_ridge_smear,emp_share_G,4
8001,M8,log_ridge_smear,emp_share_I,4
8001,M8,log_ridge_smear,emp_share_C,4
8001,M8,log_ridge_smear,emp_share_M,4
8001,M8,log_ridge_smear,log_inflow_per_population,5
8001,M8,log_ridge_smear,log_in_out_ratio,5
8001,M8,log_ridge_smear,supply_narrow_8001,6
8001,M8,log_ridge_smear,log_residence_mean_pay,7
8001,M8,log_ridge_smear,residence_filer_population_ratio,7
8001,M8,log_ridge_smear,residence_parent_shared,7
8001,M8,log_ridge_smear,log_population_density,8
8001,M8,log_ridge_smear,land_building_share,8
8001,M8,log_ridge_smear,land_factory_share,8
8001,M8,log_ridge_smear,land_farm_forest_share,8
8001,M8,log_ridge_smear,urban_area_ratio,8
8001,M8,log_ridge_smear,urban_population_ratio,8
8001,M8,log_ridge_smear,urban_residential_share,8
8001,M8,log_ridge_smear,urban_commercial_share,8
8001,M8,log_ridge_smear,urban_industrial_share,8
8001,M8,log_ridge_smear,urban_parent_shared,8
8001,M8,log_ridge_smear,admin_type,8
8001,M9,log_ridge_smear,log_population,1
8001,M9,log_ridge_smear,share_u20,2
8001,M9,log_ridge_smear,share_20s,2
8001,M9,log_ridge_smear,share_30s,2
8001,M9,log_ridge_smear,share_40s,2
8001,M9,log_ridge_smear,share_50s,2
8001,M9,log_ridge_smear,female_share,2
8001,M9,log_ridge_smear,hh1_share,2
8001,M9,log_ridge_smear,hh2_share,2
8001,M9,log_ridge_smear,log_est_per_population,3
8001,M9,log_ridge_smear,log_emp_per_population,3
8001,M9,log_ridge_smear,est_share_G,4
8001,M9,log_ridge_smear,est_share_I,4
8001,M9,log_ridge_smear,emp_share_G,4
8001,M9,log_ridge_smear,emp_share_I,4
8001,M9,log_ridge_smear,emp_share_C,4
8001,M9,log_ridge_smear,emp_share_M,4
8001,M9,log_ridge_smear,log_inflow_per_population,5
8001,M9,log_ridge_smear,log_in_out_ratio,5
8001,M9,log_ridge_smear,supply_narrow_8001,6
8001,M9,log_ridge_smear,log_residence_mean_pay,7
8001,M9,log_ridge_smear,residence_filer_population_ratio,7
8001,M9,log_ridge_smear,residence_parent_shared,7
8001,M9,log_ridge_smear,log_population_density,8
8001,M9,log_ridge_smear,land_building_share,8
8001,M9,log_ridge_smear,land_factory_share,8
8001,M9,log_ridge_smear,land_farm_forest_share,8
8001,M9,log_ridge_smear,urban_area_ratio,8
8001,M9,log_ridge_smear,urban_population_ratio,8
8001,M9,log_ridge_smear,urban_residential_share,8
8001,M9,log_ridge_smear,urban_commercial_share,8
8001,M9,log_ridge_smear,urban_industrial_share,8
8001,M9,log_ridge_smear,urban_parent_shared,8
8001,M9,log_ridge_smear,admin_type,8
8001,M9,log_ridge_smear,SIDO_NM,9
8001,without_M1,log_ridge_smear,share_u20,2
8001,without_M1,log_ridge_smear,share_20s,2
8001,without_M1,log_ridge_smear,share_30s,2
8001,without_M1,log_ridge_smear,share_40s,2
8001,without_M1,log_ridge_smear,share_50s,2
8001,without_M1,log_ridge_smear,female_share,2
8001,without_M1,log_ridge_smear,hh1_share,2
8001,without_M1,log_ridge_smear,hh2_share,2
8001,without_M1,log_ridge_smear,log_est_per_population,3
8001,without_M1,log_ridge_smear,log_emp_per_population,3
8001,without_M1,log_ridge_smear,est_share_G,4
8001,without_M1,log_ridge_smear,est_share_I,4
8001,without_M1,log_ridge_smear,emp_share_G,4
8001,without_M1,log_ridge_smear,emp_share_I,4
8001,without_M1,log_ridge_smear,emp_share_C,4
8001,without_M1,log_ridge_smear,emp_share_M,4
8001,without_M1,log_ridge_smear,log_inflow_per_population,5
8001,without_M1,log_ridge_smear,log_in_out_ratio,5
8001,without_M1,log_ridge_smear,supply_narrow_8001,6
8001,without_M1,log_ridge_smear,log_residence_mean_pay,7
8001,without_M1,log_ridge_smear,residence_filer_population_ratio,7
8001,without_M1,log_ridge_smear,residence_parent_shared,7
8001,without_M1,log_ridge_smear,log_population_density,8
8001,without_M1,log_ridge_smear,land_building_share,8
8001,without_M1,log_ridge_smear,land_factory_share,8
8001,without_M1,log_ridge_smear,land_farm_forest_share,8
8001,without_M1,log_ridge_smear,urban_area_ratio,8
8001,without_M1,log_ridge_smear,urban_population_ratio,8
8001,without_M1,log_ridge_smear,urban_residential_share,8
8001,without_M1,log_ridge_smear,urban_commercial_share,8
8001,without_M1,log_ridge_smear,urban_industrial_share,8
8001,without_M1,log_ridge_smear,urban_parent_shared,8
8001,without_M1,log_ridge_smear,admin_type,8
8001,without_M1,log_ridge_smear,SIDO_NM,9
8001,without_M2,log_ridge_smear,log_population,1
8001,without_M2,log_ridge_smear,log_est_per_population,3
8001,without_M2,log_ridge_smear,log_emp_per_population,3
8001,without_M2,log_ridge_smear,est_share_G,4
8001,without_M2,log_ridge_smear,est_share_I,4
8001,without_M2,log_ridge_smear,emp_share_G,4
8001,without_M2,log_ridge_smear,emp_share_I,4
8001,without_M2,log_ridge_smear,emp_share_C,4
8001,without_M2,log_ridge_smear,emp_share_M,4
8001,without_M2,log_ridge_smear,log_inflow_per_population,5
8001,without_M2,log_ridge_smear,log_in_out_ratio,5
8001,without_M2,log_ridge_smear,supply_narrow_8001,6
8001,without_M2,log_ridge_smear,log_residence_mean_pay,7
8001,without_M2,log_ridge_smear,residence_filer_population_ratio,7
8001,without_M2,log_ridge_smear,residence_parent_shared,7
8001,without_M2,log_ridge_smear,log_population_density,8
8001,without_M2,log_ridge_smear,land_building_share,8
8001,without_M2,log_ridge_smear,land_factory_share,8
8001,without_M2,log_ridge_smear,land_farm_forest_share,8
8001,without_M2,log_ridge_smear,urban_area_ratio,8
8001,without_M2,log_ridge_smear,urban_population_ratio,8
8001,without_M2,log_ridge_smear,urban_residential_share,8
8001,without_M2,log_ridge_smear,urban_commercial_share,8
8001,without_M2,log_ridge_smear,urban_industrial_share,8
8001,without_M2,log_ridge_smear,urban_parent_shared,8
8001,without_M2,log_ridge_smear,admin_type,8
8001,without_M2,log_ridge_smear,SIDO_NM,9
8001,without_M3,log_ridge_smear,log_population,1
8001,without_M3,log_ridge_smear,share_u20,2
8001,without_M3,log_ridge_smear,share_20s,2
8001,without_M3,log_ridge_smear,share_30s,2
8001,without_M3,log_ridge_smear,share_40s,2
8001,without_M3,log_ridge_smear,share_50s,2
8001,without_M3,log_ridge_smear,female_share,2
8001,without_M3,log_ridge_smear,hh1_share,2
8001,without_M3,log_ridge_smear,hh2_share,2
8001,without_M3,log_ridge_smear,est_share_G,4
8001,without_M3,log_ridge_smear,est_share_I,4
8001,without_M3,log_ridge_smear,emp_share_G,4
8001,without_M3,log_ridge_smear,emp_share_I,4
8001,without_M3,log_ridge_smear,emp_share_C,4
8001,without_M3,log_ridge_smear,emp_share_M,4
8001,without_M3,log_ridge_smear,log_inflow_per_population,5
8001,without_M3,log_ridge_smear,log_in_out_ratio,5
8001,without_M3,log_ridge_smear,supply_narrow_8001,6
8001,without_M3,log_ridge_smear,log_residence_mean_pay,7
8001,without_M3,log_ridge_smear,residence_filer_population_ratio,7
8001,without_M3,log_ridge_smear,residence_parent_shared,7
8001,without_M3,log_ridge_smear,log_population_density,8
8001,without_M3,log_ridge_smear,land_building_share,8
8001,without_M3,log_ridge_smear,land_factory_share,8
8001,without_M3,log_ridge_smear,land_farm_forest_share,8
8001,without_M3,log_ridge_smear,urban_area_ratio,8
8001,without_M3,log_ridge_smear,urban_population_ratio,8
8001,without_M3,log_ridge_smear,urban_residential_share,8
8001,without_M3,log_ridge_smear,urban_commercial_share,8
8001,without_M3,log_ridge_smear,urban_industrial_share,8
8001,without_M3,log_ridge_smear,urban_parent_shared,8
8001,without_M3,log_ridge_smear,admin_type,8
8001,without_M3,log_ridge_smear,SIDO_NM,9
8001,without_M4,log_ridge_smear,log_population,1
8001,without_M4,log_ridge_smear,share_u20,2
8001,without_M4,log_ridge_smear,share_20s,2
8001,without_M4,log_ridge_smear,share_30s,2
8001,without_M4,log_ridge_smear,share_40s,2
8001,without_M4,log_ridge_smear,share_50s,2
8001,without_M4,log_ridge_smear,female_share,2
8001,without_M4,log_ridge_smear,hh1_share,2
8001,without_M4,log_ridge_smear,hh2_share,2
8001,without_M4,log_ridge_smear,log_est_per_population,3
8001,without_M4,log_ridge_smear,log_emp_per_population,3
8001,without_M4,log_ridge_smear,log_inflow_per_population,5
8001,without_M4,log_ridge_smear,log_in_out_ratio,5
8001,without_M4,log_ridge_smear,supply_narrow_8001,6
8001,without_M4,log_ridge_smear,log_residence_mean_pay,7
8001,without_M4,log_ridge_smear,residence_filer_population_ratio,7
8001,without_M4,log_ridge_smear,residence_parent_shared,7
8001,without_M4,log_ridge_smear,log_population_density,8
8001,without_M4,log_ridge_smear,land_building_share,8
8001,without_M4,log_ridge_smear,land_factory_share,8
8001,without_M4,log_ridge_smear,land_farm_forest_share,8
8001,without_M4,log_ridge_smear,urban_area_ratio,8
8001,without_M4,log_ridge_smear,urban_population_ratio,8
8001,without_M4,log_ridge_smear,urban_residential_share,8
8001,without_M4,log_ridge_smear,urban_commercial_share,8
8001,without_M4,log_ridge_smear,urban_industrial_share,8
8001,without_M4,log_ridge_smear,urban_parent_shared,8
8001,without_M4,log_ridge_smear,admin_type,8
8001,without_M4,log_ridge_smear,SIDO_NM,9
8001,without_M5,log_ridge_smear,log_population,1
8001,without_M5,log_ridge_smear,share_u20,2
8001,without_M5,log_ridge_smear,share_20s,2
8001,without_M5,log_ridge_smear,share_30s,2
8001,without_M5,log_ridge_smear,share_40s,2
8001,without_M5,log_ridge_smear,share_50s,2
8001,without_M5,log_ridge_smear,female_share,2
8001,without_M5,log_ridge_smear,hh1_share,2
8001,without_M5,log_ridge_smear,hh2_share,2
8001,without_M5,log_ridge_smear,log_est_per_population,3
8001,without_M5,log_ridge_smear,log_emp_per_population,3
8001,without_M5,log_ridge_smear,est_share_G,4
8001,without_M5,log_ridge_smear,est_share_I,4
8001,without_M5,log_ridge_smear,emp_share_G,4
8001,without_M5,log_ridge_smear,emp_share_I,4
8001,without_M5,log_ridge_smear,emp_share_C,4
8001,without_M5,log_ridge_smear,emp_share_M,4
8001,without_M5,log_ridge_smear,supply_narrow_8001,6
8001,without_M5,log_ridge_smear,log_residence_mean_pay,7
8001,without_M5,log_ridge_smear,residence_filer_population_ratio,7
8001,without_M5,log_ridge_smear,residence_parent_shared,7
8001,without_M5,log_ridge_smear,log_population_density,8
8001,without_M5,log_ridge_smear,land_building_share,8
8001,without_M5,log_ridge_smear,land_factory_share,8
8001,without_M5,log_ridge_smear,land_farm_forest_share,8
8001,without_M5,log_ridge_smear,urban_area_ratio,8
8001,without_M5,log_ridge_smear,urban_population_ratio,8
8001,without_M5,log_ridge_smear,urban_residential_share,8
8001,without_M5,log_ridge_smear,urban_commercial_share,8
8001,without_M5,log_ridge_smear,urban_industrial_share,8
8001,without_M5,log_ridge_smear,urban_parent_shared,8
8001,without_M5,log_ridge_smear,admin_type,8
8001,without_M5,log_ridge_smear,SIDO_NM,9
8001,without_M6,log_ridge_smear,log_population,1
8001,without_M6,log_ridge_smear,share_u20,2
8001,without_M6,log_ridge_smear,share_20s,2
8001,without_M6,log_ridge_smear,share_30s,2
8001,without_M6,log_ridge_smear,share_40s,2
8001,without_M6,log_ridge_smear,share_50s,2
8001,without_M6,log_ridge_smear,female_share,2
8001,without_M6,log_ridge_smear,hh1_share,2
8001,without_M6,log_ridge_smear,hh2_share,2
8001,without_M6,log_ridge_smear,log_est_per_population,3
8001,without_M6,log_ridge_smear,log_emp_per_population,3
8001,without_M6,log_ridge_smear,est_share_G,4
8001,without_M6,log_ridge_smear,est_share_I,4
8001,without_M6,log_ridge_smear,emp_share_G,4
8001,without_M6,log_ridge_smear,emp_share_I,4
8001,without_M6,log_ridge_smear,emp_share_C,4
8001,without_M6,log_ridge_smear,emp_share_M,4
8001,without_M6,log_ridge_smear,log_inflow_per_population,5
8001,without_M6,log_ridge_smear,log_in_out_ratio,5
8001,without_M6,log_ridge_smear,log_residence_mean_pay,7
8001,without_M6,log_ridge_smear,residence_filer_population_ratio,7
8001,without_M6,log_ridge_smear,residence_parent_shared,7
8001,without_M6,log_ridge_smear,log_population_density,8
8001,without_M6,log_ridge_smear,land_building_share,8
8001,without_M6,log_ridge_smear,land_factory_share,8
8001,without_M6,log_ridge_smear,land_farm_forest_share,8
8001,without_M6,log_ridge_smear,urban_area_ratio,8
8001,without_M6,log_ridge_smear,urban_population_ratio,8
8001,without_M6,log_ridge_smear,urban_residential_share,8
8001,without_M6,log_ridge_smear,urban_commercial_share,8
8001,without_M6,log_ridge_smear,urban_industrial_share,8
8001,without_M6,log_ridge_smear,urban_parent_shared,8
8001,without_M6,log_ridge_smear,admin_type,8
8001,without_M6,log_ridge_smear,SIDO_NM,9
8001,without_M7,log_ridge_smear,log_population,1
8001,without_M7,log_ridge_smear,share_u20,2
8001,without_M7,log_ridge_smear,share_20s,2
8001,without_M7,log_ridge_smear,share_30s,2
8001,without_M7,log_ridge_smear,share_40s,2
8001,without_M7,log_ridge_smear,share_50s,2
8001,without_M7,log_ridge_smear,female_share,2
8001,without_M7,log_ridge_smear,hh1_share,2
8001,without_M7,log_ridge_smear,hh2_share,2
8001,without_M7,log_ridge_smear,log_est_per_population,3
8001,without_M7,log_ridge_smear,log_emp_per_population,3
8001,without_M7,log_ridge_smear,est_share_G,4
8001,without_M7,log_ridge_smear,est_share_I,4
8001,without_M7,log_ridge_smear,emp_share_G,4
8001,without_M7,log_ridge_smear,emp_share_I,4
8001,without_M7,log_ridge_smear,emp_share_C,4
8001,without_M7,log_ridge_smear,emp_share_M,4
8001,without_M7,log_ridge_smear,log_inflow_per_population,5
8001,without_M7,log_ridge_smear,log_in_out_ratio,5
8001,without_M7,log_ridge_smear,supply_narrow_8001,6
8001,without_M7,log_ridge_smear,log_population_density,8
8001,without_M7,log_ridge_smear,land_building_share,8
8001,without_M7,log_ridge_smear,land_factory_share,8
8001,without_M7,log_ridge_smear,land_farm_forest_share,8
8001,without_M7,log_ridge_smear,urban_area_ratio,8
8001,without_M7,log_ridge_smear,urban_population_ratio,8
8001,without_M7,log_ridge_smear,urban_residential_share,8
8001,without_M7,log_ridge_smear,urban_commercial_share,8
8001,without_M7,log_ridge_smear,urban_industrial_share,8
8001,without_M7,log_ridge_smear,urban_parent_shared,8
8001,without_M7,log_ridge_smear,admin_type,8
8001,without_M7,log_ridge_smear,SIDO_NM,9
8001,without_M8,log_ridge_smear,log_population,1
8001,without_M8,log_ridge_smear,share_u20,2
8001,without_M8,log_ridge_smear,share_20s,2
8001,without_M8,log_ridge_smear,share_30s,2
8001,without_M8,log_ridge_smear,share_40s,2
8001,without_M8,log_ridge_smear,share_50s,2
8001,without_M8,log_ridge_smear,female_share,2
8001,without_M8,log_ridge_smear,hh1_share,2
8001,without_M8,log_ridge_smear,hh2_share,2
8001,without_M8,log_ridge_smear,log_est_per_population,3
8001,without_M8,log_ridge_smear,log_emp_per_population,3
8001,without_M8,log_ridge_smear,est_share_G,4
8001,without_M8,log_ridge_smear,est_share_I,4
8001,without_M8,log_ridge_smear,emp_share_G,4
8001,without_M8,log_ridge_smear,emp_share_I,4
8001,without_M8,log_ridge_smear,emp_share_C,4
8001,without_M8,log_ridge_smear,emp_share_M,4
8001,without_M8,log_ridge_smear,log_inflow_per_population,5
8001,without_M8,log_ridge_smear,log_in_out_ratio,5
8001,without_M8,log_ridge_smear,supply_narrow_8001,6
8001,without_M8,log_ridge_smear,log_residence_mean_pay,7
8001,without_M8,log_ridge_smear,residence_filer_population_ratio,7
8001,without_M8,log_ridge_smear,residence_parent_shared,7
8001,without_M8,log_ridge_smear,SIDO_NM,9
8001,without_M9,log_ridge_smear,log_population,1
8001,without_M9,log_ridge_smear,share_u20,2
8001,without_M9,log_ridge_smear,share_20s,2
8001,without_M9,log_ridge_smear,share_30s,2
8001,without_M9,log_ridge_smear,share_40s,2
8001,without_M9,log_ridge_smear,share_50s,2
8001,without_M9,log_ridge_smear,female_share,2
8001,without_M9,log_ridge_smear,hh1_share,2
8001,without_M9,log_ridge_smear,hh2_share,2
8001,without_M9,log_ridge_smear,log_est_per_population,3
8001,without_M9,log_ridge_smear,log_emp_per_population,3
8001,without_M9,log_ridge_smear,est_share_G,4
8001,without_M9,log_ridge_smear,est_share_I,4
8001,without_M9,log_ridge_smear,emp_share_G,4
8001,without_M9,log_ridge_smear,emp_share_I,4
8001,without_M9,log_ridge_smear,emp_share_C,4
8001,without_M9,log_ridge_smear,emp_share_M,4
8001,without_M9,log_ridge_smear,log_inflow_per_population,5
8001,without_M9,log_ridge_smear,log_in_out_ratio,5
8001,without_M9,log_ridge_smear,supply_narrow_8001,6
8001,without_M9,log_ridge_smear,log_residence_mean_pay,7
8001,without_M9,log_ridge_smear,residence_filer_population_ratio,7
8001,without_M9,log_ridge_smear,residence_parent_shared,7
8001,without_M9,log_ridge_smear,log_population_density,8
8001,without_M9,log_ridge_smear,land_building_share,8
8001,without_M9,log_ridge_smear,land_factory_share,8
8001,without_M9,log_ridge_smear,land_farm_forest_share,8
8001,without_M9,log_ridge_smear,urban_area_ratio,8
8001,without_M9,log_ridge_smear,urban_population_ratio,8
8001,without_M9,log_ridge_smear,urban_residential_share,8
8001,without_M9,log_ridge_smear,urban_commercial_share,8
8001,without_M9,log_ridge_smear,urban_industrial_share,8
8001,without_M9,log_ridge_smear,urban_parent_shared,8
8001,without_M9,log_ridge_smear,admin_type,8
8001,M9_workplace,log_ridge_smear,log_population,1
8001,M9_workplace,log_ridge_smear,share_u20,2
8001,M9_workplace,log_ridge_smear,share_20s,2
8001,M9_workplace,log_ridge_smear,share_30s,2
8001,M9_workplace,log_ridge_smear,share_40s,2
8001,M9_workplace,log_ridge_smear,share_50s,2
8001,M9_workplace,log_ridge_smear,female_share,2
8001,M9_workplace,log_ridge_smear,hh1_share,2
8001,M9_workplace,log_ridge_smear,hh2_share,2
8001,M9_workplace,log_ridge_smear,log_est_per_population,3
8001,M9_workplace,log_ridge_smear,log_emp_per_population,3
8001,M9_workplace,log_ridge_smear,est_share_G,4
8001,M9_workplace,log_ridge_smear,est_share_I,4
8001,M9_workplace,log_ridge_smear,emp_share_G,4
8001,M9_workplace,log_ridge_smear,emp_share_I,4
8001,M9_workplace,log_ridge_smear,emp_share_C,4
8001,M9_workplace,log_ridge_smear,emp_share_M,4
8001,M9_workplace,log_ridge_smear,log_inflow_per_population,5
8001,M9_workplace,log_ridge_smear,log_in_out_ratio,5
8001,M9_workplace,log_ridge_smear,supply_narrow_8001,6
8001,M9_workplace,log_ridge_smear,log_residence_mean_pay,7
8001,M9_workplace,log_ridge_smear,residence_filer_population_ratio,7
8001,M9_workplace,log_ridge_smear,residence_parent_shared,7
8001,M9_workplace,log_ridge_smear,log_population_density,8
8001,M9_workplace,log_ridge_smear,land_building_share,8
8001,M9_workplace,log_ridge_smear,land_factory_share,8
8001,M9_workplace,log_ridge_smear,land_farm_forest_share,8
8001,M9_workplace,log_ridge_smear,urban_area_ratio,8
8001,M9_workplace,log_ridge_smear,urban_population_ratio,8
8001,M9_workplace,log_ridge_smear,urban_residential_share,8
8001,M9_workplace,log_ridge_smear,urban_commercial_share,8
8001,M9_workplace,log_ridge_smear,urban_industrial_share,8
8001,M9_workplace,log_ridge_smear,urban_parent_shared,8
8001,M9_workplace,log_ridge_smear,log_workplace_mean_pay,10
8001,M9_workplace,log_ridge_smear,admin_type,8
8001,M9_workplace,log_ridge_smear,SIDO_NM,9
8001,M9_broad_supply,log_ridge_smear,log_population,1
8001,M9_broad_supply,log_ridge_smear,share_u20,2
8001,M9_broad_supply,log_ridge_smear,share_20s,2
8001,M9_broad_supply,log_ridge_smear,share_30s,2
8001,M9_broad_supply,log_ridge_smear,share_40s,2
8001,M9_broad_supply,log_ridge_smear,share_50s,2
8001,M9_broad_supply,log_ridge_smear,female_share,2
8001,M9_broad_supply,log_ridge_smear,hh1_share,2
8001,M9_broad_supply,log_ridge_smear,hh2_share,2
8001,M9_broad_supply,log_ridge_smear,log_est_per_population,3
8001,M9_broad_supply,log_ridge_smear,log_emp_per_population,3
8001,M9_broad_supply,log_ridge_smear,est_share_G,4
8001,M9_broad_supply,log_ridge_smear,est_share_I,4
8001,M9_broad_supply,log_ridge_smear,emp_share_G,4
8001,M9_broad_supply,log_ridge_smear,emp_share_I,4
8001,M9_broad_supply,log_ridge_smear,emp_share_C,4
8001,M9_broad_supply,log_ridge_smear,emp_share_M,4
8001,M9_broad_supply,log_ridge_smear,log_inflow_per_population,5
8001,M9_broad_supply,log_ridge_smear,log_in_out_ratio,5
8001,M9_broad_supply,log_ridge_smear,supply_broad_8001,6
8001,M9_broad_supply,log_ridge_smear,log_residence_mean_pay,7
8001,M9_broad_supply,log_ridge_smear,residence_filer_population_ratio,7
8001,M9_broad_supply,log_ridge_smear,residence_parent_shared,7
8001,M9_broad_supply,log_ridge_smear,log_population_density,8
8001,M9_broad_supply,log_ridge_smear,land_building_share,8
8001,M9_broad_supply,log_ridge_smear,land_factory_share,8
8001,M9_broad_supply,log_ridge_smear,land_farm_forest_share,8
8001,M9_broad_supply,log_ridge_smear,urban_area_ratio,8
8001,M9_broad_supply,log_ridge_smear,urban_population_ratio,8
8001,M9_broad_supply,log_ridge_smear,urban_residential_share,8
8001,M9_broad_supply,log_ridge_smear,urban_commercial_share,8
8001,M9_broad_supply,log_ridge_smear,urban_industrial_share,8
8001,M9_broad_supply,log_ridge_smear,urban_parent_shared,8
8001,M9_broad_supply,log_ridge_smear,admin_type,8
8001,M9_broad_supply,log_ridge_smear,SIDO_NM,9
8001,M9_alpha10,log_ridge_smear,log_population,1
8001,M9_alpha10,log_ridge_smear,share_u20,2
8001,M9_alpha10,log_ridge_smear,share_20s,2
8001,M9_alpha10,log_ridge_smear,share_30s,2
8001,M9_alpha10,log_ridge_smear,share_40s,2
8001,M9_alpha10,log_ridge_smear,share_50s,2
8001,M9_alpha10,log_ridge_smear,female_share,2
8001,M9_alpha10,log_ridge_smear,hh1_share,2
8001,M9_alpha10,log_ridge_smear,hh2_share,2
8001,M9_alpha10,log_ridge_smear,log_est_per_population,3
8001,M9_alpha10,log_ridge_smear,log_emp_per_population,3
8001,M9_alpha10,log_ridge_smear,est_share_G,4
8001,M9_alpha10,log_ridge_smear,est_share_I,4
8001,M9_alpha10,log_ridge_smear,emp_share_G,4
8001,M9_alpha10,log_ridge_smear,emp_share_I,4
8001,M9_alpha10,log_ridge_smear,emp_share_C,4
8001,M9_alpha10,log_ridge_smear,emp_share_M,4
8001,M9_alpha10,log_ridge_smear,log_inflow_per_population,5
8001,M9_alpha10,log_ridge_smear,log_in_out_ratio,5
8001,M9_alpha10,log_ridge_smear,supply_narrow_8001,6
8001,M9_alpha10,log_ridge_smear,log_residence_mean_pay,7
8001,M9_alpha10,log_ridge_smear,residence_filer_population_ratio,7
8001,M9_alpha10,log_ridge_smear,residence_parent_shared,7
8001,M9_alpha10,log_ridge_smear,log_population_density,8
8001,M9_alpha10,log_ridge_smear,land_building_share,8
8001,M9_alpha10,log_ridge_smear,land_factory_share,8
8001,M9_alpha10,log_ridge_smear,land_farm_forest_share,8
8001,M9_alpha10,log_ridge_smear,urban_area_ratio,8
8001,M9_alpha10,log_ridge_smear,urban_population_ratio,8
8001,M9_alpha10,log_ridge_smear,urban_residential_share,8
8001,M9_alpha10,log_ridge_smear,urban_commercial_share,8
8001,M9_alpha10,log_ridge_smear,urban_industrial_share,8
8001,M9_alpha10,log_ridge_smear,urban_parent_shared,8
8001,M9_alpha10,log_ridge_smear,admin_type,8
8001,M9_alpha10,log_ridge_smear,SIDO_NM,9
8001,M9_taxable_pay,log_ridge_smear,log_population,1
8001,M9_taxable_pay,log_ridge_smear,share_u20,2
8001,M9_taxable_pay,log_ridge_smear,share_20s,2
8001,M9_taxable_pay,log_ridge_smear,share_30s,2
8001,M9_taxable_pay,log_ridge_smear,share_40s,2
8001,M9_taxable_pay,log_ridge_smear,share_50s,2
8001,M9_taxable_pay,log_ridge_smear,female_share,2
8001,M9_taxable_pay,log_ridge_smear,hh1_share,2
8001,M9_taxable_pay,log_ridge_smear,hh2_share,2
8001,M9_taxable_pay,log_ridge_smear,log_est_per_population,3
8001,M9_taxable_pay,log_ridge_smear,log_emp_per_population,3
8001,M9_taxable_pay,log_ridge_smear,est_share_G,4
8001,M9_taxable_pay,log_ridge_smear,est_share_I,4
8001,M9_taxable_pay,log_ridge_smear,emp_share_G,4
8001,M9_taxable_pay,log_ridge_smear,emp_share_I,4
8001,M9_taxable_pay,log_ridge_smear,emp_share_C,4
8001,M9_taxable_pay,log_ridge_smear,emp_share_M,4
8001,M9_taxable_pay,log_ridge_smear,log_inflow_per_population,5
8001,M9_taxable_pay,log_ridge_smear,log_in_out_ratio,5
8001,M9_taxable_pay,log_ridge_smear,supply_narrow_8001,6
8001,M9_taxable_pay,log_ridge_smear,log_residence_mean_tax_pay,9
8001,M9_taxable_pay,log_ridge_smear,residence_filer_population_ratio,7
8001,M9_taxable_pay,log_ridge_smear,residence_parent_shared,7
8001,M9_taxable_pay,log_ridge_smear,log_population_density,8
8001,M9_taxable_pay,log_ridge_smear,land_building_share,8
8001,M9_taxable_pay,log_ridge_smear,land_factory_share,8
8001,M9_taxable_pay,log_ridge_smear,land_farm_forest_share,8
8001,M9_taxable_pay,log_ridge_smear,urban_area_ratio,8
8001,M9_taxable_pay,log_ridge_smear,urban_population_ratio,8
8001,M9_taxable_pay,log_ridge_smear,urban_residential_share,8
8001,M9_taxable_pay,log_ridge_smear,urban_commercial_share,8
8001,M9_taxable_pay,log_ridge_smear,urban_industrial_share,8
8001,M9_taxable_pay,log_ridge_smear,urban_parent_shared,8
8001,M9_taxable_pay,log_ridge_smear,admin_type,8
8001,M9_taxable_pay,log_ridge_smear,SIDO_NM,9
8001,M1,raw_ridge,population,1
8001,M2,raw_ridge,population,1
8001,M2,raw_ridge,share_u20,2
8001,M2,raw_ridge,share_20s,2
8001,M2,raw_ridge,share_30s,2
8001,M2,raw_ridge,share_40s,2
8001,M2,raw_ridge,share_50s,2
8001,M2,raw_ridge,female_share,2
8001,M2,raw_ridge,hh1_share,2
8001,M2,raw_ridge,hh2_share,2
8001,M3,raw_ridge,population,1
8001,M3,raw_ridge,share_u20,2
8001,M3,raw_ridge,share_20s,2
8001,M3,raw_ridge,share_30s,2
8001,M3,raw_ridge,share_40s,2
8001,M3,raw_ridge,share_50s,2
8001,M3,raw_ridge,female_share,2
8001,M3,raw_ridge,hh1_share,2
8001,M3,raw_ridge,hh2_share,2
8001,M3,raw_ridge,est_0,3
8001,M3,raw_ridge,emp_0,3
8001,M4,raw_ridge,population,1
8001,M4,raw_ridge,share_u20,2
8001,M4,raw_ridge,share_20s,2
8001,M4,raw_ridge,share_30s,2
8001,M4,raw_ridge,share_40s,2
8001,M4,raw_ridge,share_50s,2
8001,M4,raw_ridge,female_share,2
8001,M4,raw_ridge,hh1_share,2
8001,M4,raw_ridge,hh2_share,2
8001,M4,raw_ridge,est_0,3
8001,M4,raw_ridge,emp_0,3
8001,M4,raw_ridge,est_share_G,4
8001,M4,raw_ridge,est_share_I,4
8001,M4,raw_ridge,emp_share_G,4
8001,M4,raw_ridge,emp_share_I,4
8001,M4,raw_ridge,emp_share_C,4
8001,M4,raw_ridge,emp_share_M,4
8001,M5,raw_ridge,population,1
8001,M5,raw_ridge,share_u20,2
8001,M5,raw_ridge,share_20s,2
8001,M5,raw_ridge,share_30s,2
8001,M5,raw_ridge,share_40s,2
8001,M5,raw_ridge,share_50s,2
8001,M5,raw_ridge,female_share,2
8001,M5,raw_ridge,hh1_share,2
8001,M5,raw_ridge,hh2_share,2
8001,M5,raw_ridge,est_0,3
8001,M5,raw_ridge,emp_0,3
8001,M5,raw_ridge,est_share_G,4
8001,M5,raw_ridge,est_share_I,4
8001,M5,raw_ridge,emp_share_G,4
8001,M5,raw_ridge,emp_share_I,4
8001,M5,raw_ridge,emp_share_C,4
8001,M5,raw_ridge,emp_share_M,4
8001,M5,raw_ridge,inflow,5
8001,M5,raw_ridge,outflow,5
8001,M9,raw_ridge,population,1
8001,M9,raw_ridge,share_u20,2
8001,M9,raw_ridge,share_20s,2
8001,M9,raw_ridge,share_30s,2
8001,M9,raw_ridge,share_40s,2
8001,M9,raw_ridge,share_50s,2
8001,M9,raw_ridge,female_share,2
8001,M9,raw_ridge,hh1_share,2
8001,M9,raw_ridge,hh2_share,2
8001,M9,raw_ridge,est_0,3
8001,M9,raw_ridge,emp_0,3
8001,M9,raw_ridge,est_share_G,4
8001,M9,raw_ridge,est_share_I,4
8001,M9,raw_ridge,emp_share_G,4
8001,M9,raw_ridge,emp_share_I,4
8001,M9,raw_ridge,emp_share_C,4
8001,M9,raw_ridge,emp_share_M,4
8001,M9,raw_ridge,inflow,5
8001,M9,raw_ridge,outflow,5
8001,M9,raw_ridge,supply_narrow_8001,6
8001,M9,raw_ridge,log_residence_mean_pay,7
8001,M9,raw_ridge,residence_filer_population_ratio,7
8001,M9,raw_ridge,residence_parent_shared,7
8001,M9,raw_ridge,log_population_density,8
8001,M9,raw_ridge,land_building_share,8
8001,M9,raw_ridge,land_factory_share,8
8001,M9,raw_ridge,land_farm_forest_share,8
8001,M9,raw_ridge,urban_area_ratio,8
8001,M9,raw_ridge,urban_population_ratio,8
8001,M9,raw_ridge,urban_residential_share,8
8001,M9,raw_ridge,urban_commercial_share,8
8001,M9,raw_ridge,urban_industrial_share,8
8001,M9,raw_ridge,urban_parent_shared,8
8001,M9,raw_ridge,admin_type,8
8001,M9,raw_ridge,SIDO_NM,9
8002,M1,log_ridge_smear,log_population,1
8002,M2,log_ridge_smear,log_population,1
8002,M2,log_ridge_smear,share_u20,2
8002,M2,log_ridge_smear,share_20s,2
8002,M2,log_ridge_smear,share_30s,2
8002,M2,log_ridge_smear,share_40s,2
8002,M2,log_ridge_smear,share_50s,2
8002,M2,log_ridge_smear,female_share,2
8002,M2,log_ridge_smear,hh1_share,2
8002,M2,log_ridge_smear,hh2_share,2
8002,M3,log_ridge_smear,log_population,1
8002,M3,log_ridge_smear,share_u20,2
8002,M3,log_ridge_smear,share_20s,2
8002,M3,log_ridge_smear,share_30s,2
8002,M3,log_ridge_smear,share_40s,2
8002,M3,log_ridge_smear,share_50s,2
8002,M3,log_ridge_smear,female_share,2
8002,M3,log_ridge_smear,hh1_share,2
8002,M3,log_ridge_smear,hh2_share,2
8002,M3,log_ridge_smear,log_est_per_population,3
8002,M3,log_ridge_smear,log_emp_per_population,3
8002,M4,log_ridge_smear,log_population,1
8002,M4,log_ridge_smear,share_u20,2
8002,M4,log_ridge_smear,share_20s,2
8002,M4,log_ridge_smear,share_30s,2
8002,M4,log_ridge_smear,share_40s,2
8002,M4,log_ridge_smear,share_50s,2
8002,M4,log_ridge_smear,female_share,2
8002,M4,log_ridge_smear,hh1_share,2
8002,M4,log_ridge_smear,hh2_share,2
8002,M4,log_ridge_smear,log_est_per_population,3
8002,M4,log_ridge_smear,log_emp_per_population,3
8002,M4,log_ridge_smear,est_share_G,4
8002,M4,log_ridge_smear,est_share_I,4
8002,M4,log_ridge_smear,emp_share_G,4
8002,M4,log_ridge_smear,emp_share_I,4
8002,M4,log_ridge_smear,emp_share_C,4
8002,M4,log_ridge_smear,emp_share_M,4
8002,M5,log_ridge_smear,log_population,1
8002,M5,log_ridge_smear,share_u20,2
8002,M5,log_ridge_smear,share_20s,2
8002,M5,log_ridge_smear,share_30s,2
8002,M5,log_ridge_smear,share_40s,2
8002,M5,log_ridge_smear,share_50s,2
8002,M5,log_ridge_smear,female_share,2
8002,M5,log_ridge_smear,hh1_share,2
8002,M5,log_ridge_smear,hh2_share,2
8002,M5,log_ridge_smear,log_est_per_population,3
8002,M5,log_ridge_smear,log_emp_per_population,3
8002,M5,log_ridge_smear,est_share_G,4
8002,M5,log_ridge_smear,est_share_I,4
8002,M5,log_ridge_smear,emp_share_G,4
8002,M5,log_ridge_smear,emp_share_I,4
8002,M5,log_ridge_smear,emp_share_C,4
8002,M5,log_ridge_smear,emp_share_M,4
8002,M5,log_ridge_smear,log_inflow_per_population,5
8002,M5,log_ridge_smear,log_in_out_ratio,5
8002,M6,log_ridge_smear,log_population,1
8002,M6,log_ridge_smear,share_u20,2
8002,M6,log_ridge_smear,share_20s,2
8002,M6,log_ridge_smear,share_30s,2
8002,M6,log_ridge_smear,share_40s,2
8002,M6,log_ridge_smear,share_50s,2
8002,M6,log_ridge_smear,female_share,2
8002,M6,log_ridge_smear,hh1_share,2
8002,M6,log_ridge_smear,hh2_share,2
8002,M6,log_ridge_smear,log_est_per_population,3
8002,M6,log_ridge_smear,log_emp_per_population,3
8002,M6,log_ridge_smear,est_share_G,4
8002,M6,log_ridge_smear,est_share_I,4
8002,M6,log_ridge_smear,emp_share_G,4
8002,M6,log_ridge_smear,emp_share_I,4
8002,M6,log_ridge_smear,emp_share_C,4
8002,M6,log_ridge_smear,emp_share_M,4
8002,M6,log_ridge_smear,log_inflow_per_population,5
8002,M6,log_ridge_smear,log_in_out_ratio,5
8002,M6,log_ridge_smear,supply_narrow_8002,6
8002,M7,log_ridge_smear,log_population,1
8002,M7,log_ridge_smear,share_u20,2
8002,M7,log_ridge_smear,share_20s,2
8002,M7,log_ridge_smear,share_30s,2
8002,M7,log_ridge_smear,share_40s,2
8002,M7,log_ridge_smear,share_50s,2
8002,M7,log_ridge_smear,female_share,2
8002,M7,log_ridge_smear,hh1_share,2
8002,M7,log_ridge_smear,hh2_share,2
8002,M7,log_ridge_smear,log_est_per_population,3
8002,M7,log_ridge_smear,log_emp_per_population,3
8002,M7,log_ridge_smear,est_share_G,4
8002,M7,log_ridge_smear,est_share_I,4
8002,M7,log_ridge_smear,emp_share_G,4
8002,M7,log_ridge_smear,emp_share_I,4
8002,M7,log_ridge_smear,emp_share_C,4
8002,M7,log_ridge_smear,emp_share_M,4
8002,M7,log_ridge_smear,log_inflow_per_population,5
8002,M7,log_ridge_smear,log_in_out_ratio,5
8002,M7,log_ridge_smear,supply_narrow_8002,6
8002,M7,log_ridge_smear,log_residence_mean_pay,7
8002,M7,log_ridge_smear,residence_filer_population_ratio,7
8002,M7,log_ridge_smear,residence_parent_shared,7
8002,M8,log_ridge_smear,log_population,1
8002,M8,log_ridge_smear,share_u20,2
8002,M8,log_ridge_smear,share_20s,2
8002,M8,log_ridge_smear,share_30s,2
8002,M8,log_ridge_smear,share_40s,2
8002,M8,log_ridge_smear,share_50s,2
8002,M8,log_ridge_smear,female_share,2
8002,M8,log_ridge_smear,hh1_share,2
8002,M8,log_ridge_smear,hh2_share,2
8002,M8,log_ridge_smear,log_est_per_population,3
8002,M8,log_ridge_smear,log_emp_per_population,3
8002,M8,log_ridge_smear,est_share_G,4
8002,M8,log_ridge_smear,est_share_I,4
8002,M8,log_ridge_smear,emp_share_G,4
8002,M8,log_ridge_smear,emp_share_I,4
8002,M8,log_ridge_smear,emp_share_C,4
8002,M8,log_ridge_smear,emp_share_M,4
8002,M8,log_ridge_smear,log_inflow_per_population,5
8002,M8,log_ridge_smear,log_in_out_ratio,5
8002,M8,log_ridge_smear,supply_narrow_8002,6
8002,M8,log_ridge_smear,log_residence_mean_pay,7
8002,M8,log_ridge_smear,residence_filer_population_ratio,7
8002,M8,log_ridge_smear,residence_parent_shared,7
8002,M8,log_ridge_smear,log_population_density,8
8002,M8,log_ridge_smear,land_building_share,8
8002,M8,log_ridge_smear,land_factory_share,8
8002,M8,log_ridge_smear,land_farm_forest_share,8
8002,M8,log_ridge_smear,urban_area_ratio,8
8002,M8,log_ridge_smear,urban_population_ratio,8
8002,M8,log_ridge_smear,urban_residential_share,8
8002,M8,log_ridge_smear,urban_commercial_share,8
8002,M8,log_ridge_smear,urban_industrial_share,8
8002,M8,log_ridge_smear,urban_parent_shared,8
8002,M8,log_ridge_smear,admin_type,8
8002,M9,log_ridge_smear,log_population,1
8002,M9,log_ridge_smear,share_u20,2
8002,M9,log_ridge_smear,share_20s,2
8002,M9,log_ridge_smear,share_30s,2
8002,M9,log_ridge_smear,share_40s,2
8002,M9,log_ridge_smear,share_50s,2
8002,M9,log_ridge_smear,female_share,2
8002,M9,log_ridge_smear,hh1_share,2
8002,M9,log_ridge_smear,hh2_share,2
8002,M9,log_ridge_smear,log_est_per_population,3
8002,M9,log_ridge_smear,log_emp_per_population,3
8002,M9,log_ridge_smear,est_share_G,4
8002,M9,log_ridge_smear,est_share_I,4
8002,M9,log_ridge_smear,emp_share_G,4
8002,M9,log_ridge_smear,emp_share_I,4
8002,M9,log_ridge_smear,emp_share_C,4
8002,M9,log_ridge_smear,emp_share_M,4
8002,M9,log_ridge_smear,log_inflow_per_population,5
8002,M9,log_ridge_smear,log_in_out_ratio,5
8002,M9,log_ridge_smear,supply_narrow_8002,6
8002,M9,log_ridge_smear,log_residence_mean_pay,7
8002,M9,log_ridge_smear,residence_filer_population_ratio,7
8002,M9,log_ridge_smear,residence_parent_shared,7
8002,M9,log_ridge_smear,log_population_density,8
8002,M9,log_ridge_smear,land_building_share,8
8002,M9,log_ridge_smear,land_factory_share,8
8002,M9,log_ridge_smear,land_farm_forest_share,8
8002,M9,log_ridge_smear,urban_area_ratio,8
8002,M9,log_ridge_smear,urban_population_ratio,8
8002,M9,log_ridge_smear,urban_residential_share,8
8002,M9,log_ridge_smear,urban_commercial_share,8
8002,M9,log_ridge_smear,urban_industrial_share,8
8002,M9,log_ridge_smear,urban_parent_shared,8
8002,M9,log_ridge_smear,admin_type,8
8002,M9,log_ridge_smear,SIDO_NM,9
8002,without_M1,log_ridge_smear,share_u20,2
8002,without_M1,log_ridge_smear,share_20s,2
8002,without_M1,log_ridge_smear,share_30s,2
8002,without_M1,log_ridge_smear,share_40s,2
8002,without_M1,log_ridge_smear,share_50s,2
8002,without_M1,log_ridge_smear,female_share,2
8002,without_M1,log_ridge_smear,hh1_share,2
8002,without_M1,log_ridge_smear,hh2_share,2
8002,without_M1,log_ridge_smear,log_est_per_population,3
8002,without_M1,log_ridge_smear,log_emp_per_population,3
8002,without_M1,log_ridge_smear,est_share_G,4
8002,without_M1,log_ridge_smear,est_share_I,4
8002,without_M1,log_ridge_smear,emp_share_G,4
8002,without_M1,log_ridge_smear,emp_share_I,4
8002,without_M1,log_ridge_smear,emp_share_C,4
8002,without_M1,log_ridge_smear,emp_share_M,4
8002,without_M1,log_ridge_smear,log_inflow_per_population,5
8002,without_M1,log_ridge_smear,log_in_out_ratio,5
8002,without_M1,log_ridge_smear,supply_narrow_8002,6
8002,without_M1,log_ridge_smear,log_residence_mean_pay,7
8002,without_M1,log_ridge_smear,residence_filer_population_ratio,7
8002,without_M1,log_ridge_smear,residence_parent_shared,7
8002,without_M1,log_ridge_smear,log_population_density,8
8002,without_M1,log_ridge_smear,land_building_share,8
8002,without_M1,log_ridge_smear,land_factory_share,8
8002,without_M1,log_ridge_smear,land_farm_forest_share,8
8002,without_M1,log_ridge_smear,urban_area_ratio,8
8002,without_M1,log_ridge_smear,urban_population_ratio,8
8002,without_M1,log_ridge_smear,urban_residential_share,8
8002,without_M1,log_ridge_smear,urban_commercial_share,8
8002,without_M1,log_ridge_smear,urban_industrial_share,8
8002,without_M1,log_ridge_smear,urban_parent_shared,8
8002,without_M1,log_ridge_smear,admin_type,8
8002,without_M1,log_ridge_smear,SIDO_NM,9
8002,without_M2,log_ridge_smear,log_population,1
8002,without_M2,log_ridge_smear,log_est_per_population,3
8002,without_M2,log_ridge_smear,log_emp_per_population,3
8002,without_M2,log_ridge_smear,est_share_G,4
8002,without_M2,log_ridge_smear,est_share_I,4
8002,without_M2,log_ridge_smear,emp_share_G,4
8002,without_M2,log_ridge_smear,emp_share_I,4
8002,without_M2,log_ridge_smear,emp_share_C,4
8002,without_M2,log_ridge_smear,emp_share_M,4
8002,without_M2,log_ridge_smear,log_inflow_per_population,5
8002,without_M2,log_ridge_smear,log_in_out_ratio,5
8002,without_M2,log_ridge_smear,supply_narrow_8002,6
8002,without_M2,log_ridge_smear,log_residence_mean_pay,7
8002,without_M2,log_ridge_smear,residence_filer_population_ratio,7
8002,without_M2,log_ridge_smear,residence_parent_shared,7
8002,without_M2,log_ridge_smear,log_population_density,8
8002,without_M2,log_ridge_smear,land_building_share,8
8002,without_M2,log_ridge_smear,land_factory_share,8
8002,without_M2,log_ridge_smear,land_farm_forest_share,8
8002,without_M2,log_ridge_smear,urban_area_ratio,8
8002,without_M2,log_ridge_smear,urban_population_ratio,8
8002,without_M2,log_ridge_smear,urban_residential_share,8
8002,without_M2,log_ridge_smear,urban_commercial_share,8
8002,without_M2,log_ridge_smear,urban_industrial_share,8
8002,without_M2,log_ridge_smear,urban_parent_shared,8
8002,without_M2,log_ridge_smear,admin_type,8
8002,without_M2,log_ridge_smear,SIDO_NM,9
8002,without_M3,log_ridge_smear,log_population,1
8002,without_M3,log_ridge_smear,share_u20,2
8002,without_M3,log_ridge_smear,share_20s,2
8002,without_M3,log_ridge_smear,share_30s,2
8002,without_M3,log_ridge_smear,share_40s,2
8002,without_M3,log_ridge_smear,share_50s,2
8002,without_M3,log_ridge_smear,female_share,2
8002,without_M3,log_ridge_smear,hh1_share,2
8002,without_M3,log_ridge_smear,hh2_share,2
8002,without_M3,log_ridge_smear,est_share_G,4
8002,without_M3,log_ridge_smear,est_share_I,4
8002,without_M3,log_ridge_smear,emp_share_G,4
8002,without_M3,log_ridge_smear,emp_share_I,4
8002,without_M3,log_ridge_smear,emp_share_C,4
8002,without_M3,log_ridge_smear,emp_share_M,4
8002,without_M3,log_ridge_smear,log_inflow_per_population,5
8002,without_M3,log_ridge_smear,log_in_out_ratio,5
8002,without_M3,log_ridge_smear,supply_narrow_8002,6
8002,without_M3,log_ridge_smear,log_residence_mean_pay,7
8002,without_M3,log_ridge_smear,residence_filer_population_ratio,7
8002,without_M3,log_ridge_smear,residence_parent_shared,7
8002,without_M3,log_ridge_smear,log_population_density,8
8002,without_M3,log_ridge_smear,land_building_share,8
8002,without_M3,log_ridge_smear,land_factory_share,8
8002,without_M3,log_ridge_smear,land_farm_forest_share,8
8002,without_M3,log_ridge_smear,urban_area_ratio,8
8002,without_M3,log_ridge_smear,urban_population_ratio,8
8002,without_M3,log_ridge_smear,urban_residential_share,8
8002,without_M3,log_ridge_smear,urban_commercial_share,8
8002,without_M3,log_ridge_smear,urban_industrial_share,8
8002,without_M3,log_ridge_smear,urban_parent_shared,8
8002,without_M3,log_ridge_smear,admin_type,8
8002,without_M3,log_ridge_smear,SIDO_NM,9
8002,without_M4,log_ridge_smear,log_population,1
8002,without_M4,log_ridge_smear,share_u20,2
8002,without_M4,log_ridge_smear,share_20s,2
8002,without_M4,log_ridge_smear,share_30s,2
8002,without_M4,log_ridge_smear,share_40s,2
8002,without_M4,log_ridge_smear,share_50s,2
8002,without_M4,log_ridge_smear,female_share,2
8002,without_M4,log_ridge_smear,hh1_share,2
8002,without_M4,log_ridge_smear,hh2_share,2
8002,without_M4,log_ridge_smear,log_est_per_population,3
8002,without_M4,log_ridge_smear,log_emp_per_population,3
8002,without_M4,log_ridge_smear,log_inflow_per_population,5
8002,without_M4,log_ridge_smear,log_in_out_ratio,5
8002,without_M4,log_ridge_smear,supply_narrow_8002,6
8002,without_M4,log_ridge_smear,log_residence_mean_pay,7
8002,without_M4,log_ridge_smear,residence_filer_population_ratio,7
8002,without_M4,log_ridge_smear,residence_parent_shared,7
8002,without_M4,log_ridge_smear,log_population_density,8
8002,without_M4,log_ridge_smear,land_building_share,8
8002,without_M4,log_ridge_smear,land_factory_share,8
8002,without_M4,log_ridge_smear,land_farm_forest_share,8
8002,without_M4,log_ridge_smear,urban_area_ratio,8
8002,without_M4,log_ridge_smear,urban_population_ratio,8
8002,without_M4,log_ridge_smear,urban_residential_share,8
8002,without_M4,log_ridge_smear,urban_commercial_share,8
8002,without_M4,log_ridge_smear,urban_industrial_share,8
8002,without_M4,log_ridge_smear,urban_parent_shared,8
8002,without_M4,log_ridge_smear,admin_type,8
8002,without_M4,log_ridge_smear,SIDO_NM,9
8002,without_M5,log_ridge_smear,log_population,1
8002,without_M5,log_ridge_smear,share_u20,2
8002,without_M5,log_ridge_smear,share_20s,2
8002,without_M5,log_ridge_smear,share_30s,2
8002,without_M5,log_ridge_smear,share_40s,2
8002,without_M5,log_ridge_smear,share_50s,2
8002,without_M5,log_ridge_smear,female_share,2
8002,without_M5,log_ridge_smear,hh1_share,2
8002,without_M5,log_ridge_smear,hh2_share,2
8002,without_M5,log_ridge_smear,log_est_per_population,3
8002,without_M5,log_ridge_smear,log_emp_per_population,3
8002,without_M5,log_ridge_smear,est_share_G,4
8002,without_M5,log_ridge_smear,est_share_I,4
8002,without_M5,log_ridge_smear,emp_share_G,4
8002,without_M5,log_ridge_smear,emp_share_I,4
8002,without_M5,log_ridge_smear,emp_share_C,4
8002,without_M5,log_ridge_smear,emp_share_M,4
8002,without_M5,log_ridge_smear,supply_narrow_8002,6
8002,without_M5,log_ridge_smear,log_residence_mean_pay,7
8002,without_M5,log_ridge_smear,residence_filer_population_ratio,7
8002,without_M5,log_ridge_smear,residence_parent_shared,7
8002,without_M5,log_ridge_smear,log_population_density,8
8002,without_M5,log_ridge_smear,land_building_share,8
8002,without_M5,log_ridge_smear,land_factory_share,8
8002,without_M5,log_ridge_smear,land_farm_forest_share,8
8002,without_M5,log_ridge_smear,urban_area_ratio,8
8002,without_M5,log_ridge_smear,urban_population_ratio,8
8002,without_M5,log_ridge_smear,urban_residential_share,8
8002,without_M5,log_ridge_smear,urban_commercial_share,8
8002,without_M5,log_ridge_smear,urban_industrial_share,8
8002,without_M5,log_ridge_smear,urban_parent_shared,8
8002,without_M5,log_ridge_smear,admin_type,8
8002,without_M5,log_ridge_smear,SIDO_NM,9
8002,without_M6,log_ridge_smear,log_population,1
8002,without_M6,log_ridge_smear,share_u20,2
8002,without_M6,log_ridge_smear,share_20s,2
8002,without_M6,log_ridge_smear,share_30s,2
8002,without_M6,log_ridge_smear,share_40s,2
8002,without_M6,log_ridge_smear,share_50s,2
8002,without_M6,log_ridge_smear,female_share,2
8002,without_M6,log_ridge_smear,hh1_share,2
8002,without_M6,log_ridge_smear,hh2_share,2
8002,without_M6,log_ridge_smear,log_est_per_population,3
8002,without_M6,log_ridge_smear,log_emp_per_population,3
8002,without_M6,log_ridge_smear,est_share_G,4
8002,without_M6,log_ridge_smear,est_share_I,4
8002,without_M6,log_ridge_smear,emp_share_G,4
8002,without_M6,log_ridge_smear,emp_share_I,4
8002,without_M6,log_ridge_smear,emp_share_C,4
8002,without_M6,log_ridge_smear,emp_share_M,4
8002,without_M6,log_ridge_smear,log_inflow_per_population,5
8002,without_M6,log_ridge_smear,log_in_out_ratio,5
8002,without_M6,log_ridge_smear,log_residence_mean_pay,7
8002,without_M6,log_ridge_smear,residence_filer_population_ratio,7
8002,without_M6,log_ridge_smear,residence_parent_shared,7
8002,without_M6,log_ridge_smear,log_population_density,8
8002,without_M6,log_ridge_smear,land_building_share,8
8002,without_M6,log_ridge_smear,land_factory_share,8
8002,without_M6,log_ridge_smear,land_farm_forest_share,8
8002,without_M6,log_ridge_smear,urban_area_ratio,8
8002,without_M6,log_ridge_smear,urban_population_ratio,8
8002,without_M6,log_ridge_smear,urban_residential_share,8
8002,without_M6,log_ridge_smear,urban_commercial_share,8
8002,without_M6,log_ridge_smear,urban_industrial_share,8
8002,without_M6,log_ridge_smear,urban_parent_shared,8
8002,without_M6,log_ridge_smear,admin_type,8
8002,without_M6,log_ridge_smear,SIDO_NM,9
8002,without_M7,log_ridge_smear,log_population,1
8002,without_M7,log_ridge_smear,share_u20,2
8002,without_M7,log_ridge_smear,share_20s,2
8002,without_M7,log_ridge_smear,share_30s,2
8002,without_M7,log_ridge_smear,share_40s,2
8002,without_M7,log_ridge_smear,share_50s,2
8002,without_M7,log_ridge_smear,female_share,2
8002,without_M7,log_ridge_smear,hh1_share,2
8002,without_M7,log_ridge_smear,hh2_share,2
8002,without_M7,log_ridge_smear,log_est_per_population,3
8002,without_M7,log_ridge_smear,log_emp_per_population,3
8002,without_M7,log_ridge_smear,est_share_G,4
8002,without_M7,log_ridge_smear,est_share_I,4
8002,without_M7,log_ridge_smear,emp_share_G,4
8002,without_M7,log_ridge_smear,emp_share_I,4
8002,without_M7,log_ridge_smear,emp_share_C,4
8002,without_M7,log_ridge_smear,emp_share_M,4
8002,without_M7,log_ridge_smear,log_inflow_per_population,5
8002,without_M7,log_ridge_smear,log_in_out_ratio,5
8002,without_M7,log_ridge_smear,supply_narrow_8002,6
8002,without_M7,log_ridge_smear,log_population_density,8
8002,without_M7,log_ridge_smear,land_building_share,8
8002,without_M7,log_ridge_smear,land_factory_share,8
8002,without_M7,log_ridge_smear,land_farm_forest_share,8
8002,without_M7,log_ridge_smear,urban_area_ratio,8
8002,without_M7,log_ridge_smear,urban_population_ratio,8
8002,without_M7,log_ridge_smear,urban_residential_share,8
8002,without_M7,log_ridge_smear,urban_commercial_share,8
8002,without_M7,log_ridge_smear,urban_industrial_share,8
8002,without_M7,log_ridge_smear,urban_parent_shared,8
8002,without_M7,log_ridge_smear,admin_type,8
8002,without_M7,log_ridge_smear,SIDO_NM,9
8002,without_M8,log_ridge_smear,log_population,1
8002,without_M8,log_ridge_smear,share_u20,2
8002,without_M8,log_ridge_smear,share_20s,2
8002,without_M8,log_ridge_smear,share_30s,2
8002,without_M8,log_ridge_smear,share_40s,2
8002,without_M8,log_ridge_smear,share_50s,2
8002,without_M8,log_ridge_smear,female_share,2
8002,without_M8,log_ridge_smear,hh1_share,2
8002,without_M8,log_ridge_smear,hh2_share,2
8002,without_M8,log_ridge_smear,log_est_per_population,3
8002,without_M8,log_ridge_smear,log_emp_per_population,3
8002,without_M8,log_ridge_smear,est_share_G,4
8002,without_M8,log_ridge_smear,est_share_I,4
8002,without_M8,log_ridge_smear,emp_share_G,4
8002,without_M8,log_ridge_smear,emp_share_I,4
8002,without_M8,log_ridge_smear,emp_share_C,4
8002,without_M8,log_ridge_smear,emp_share_M,4
8002,without_M8,log_ridge_smear,log_inflow_per_population,5
8002,without_M8,log_ridge_smear,log_in_out_ratio,5
8002,without_M8,log_ridge_smear,supply_narrow_8002,6
8002,without_M8,log_ridge_smear,log_residence_mean_pay,7
8002,without_M8,log_ridge_smear,residence_filer_population_ratio,7
8002,without_M8,log_ridge_smear,residence_parent_shared,7
8002,without_M8,log_ridge_smear,SIDO_NM,9
8002,without_M9,log_ridge_smear,log_population,1
8002,without_M9,log_ridge_smear,share_u20,2
8002,without_M9,log_ridge_smear,share_20s,2
8002,without_M9,log_ridge_smear,share_30s,2
8002,without_M9,log_ridge_smear,share_40s,2
8002,without_M9,log_ridge_smear,share_50s,2
8002,without_M9,log_ridge_smear,female_share,2
8002,without_M9,log_ridge_smear,hh1_share,2
8002,without_M9,log_ridge_smear,hh2_share,2
8002,without_M9,log_ridge_smear,log_est_per_population,3
8002,without_M9,log_ridge_smear,log_emp_per_population,3
8002,without_M9,log_ridge_smear,est_share_G,4
8002,without_M9,log_ridge_smear,est_share_I,4
8002,without_M9,log_ridge_smear,emp_share_G,4
8002,without_M9,log_ridge_smear,emp_share_I,4
8002,without_M9,log_ridge_smear,emp_share_C,4
8002,without_M9,log_ridge_smear,emp_share_M,4
8002,without_M9,log_ridge_smear,log_inflow_per_population,5
8002,without_M9,log_ridge_smear,log_in_out_ratio,5
8002,without_M9,log_ridge_smear,supply_narrow_8002,6
8002,without_M9,log_ridge_smear,log_residence_mean_pay,7
8002,without_M9,log_ridge_smear,residence_filer_population_ratio,7
8002,without_M9,log_ridge_smear,residence_parent_shared,7
8002,without_M9,log_ridge_smear,log_population_density,8
8002,without_M9,log_ridge_smear,land_building_share,8
8002,without_M9,log_ridge_smear,land_factory_share,8
8002,without_M9,log_ridge_smear,land_farm_forest_share,8
8002,without_M9,log_ridge_smear,urban_area_ratio,8
8002,without_M9,log_ridge_smear,urban_population_ratio,8
8002,without_M9,log_ridge_smear,urban_residential_share,8
8002,without_M9,log_ridge_smear,urban_commercial_share,8
8002,without_M9,log_ridge_smear,urban_industrial_share,8
8002,without_M9,log_ridge_smear,urban_parent_shared,8
8002,without_M9,log_ridge_smear,admin_type,8
8002,M9_workplace,log_ridge_smear,log_population,1
8002,M9_workplace,log_ridge_smear,share_u20,2
8002,M9_workplace,log_ridge_smear,share_20s,2
8002,M9_workplace,log_ridge_smear,share_30s,2
8002,M9_workplace,log_ridge_smear,share_40s,2
8002,M9_workplace,log_ridge_smear,share_50s,2
8002,M9_workplace,log_ridge_smear,female_share,2
8002,M9_workplace,log_ridge_smear,hh1_share,2
8002,M9_workplace,log_ridge_smear,hh2_share,2
8002,M9_workplace,log_ridge_smear,log_est_per_population,3
8002,M9_workplace,log_ridge_smear,log_emp_per_population,3
8002,M9_workplace,log_ridge_smear,est_share_G,4
8002,M9_workplace,log_ridge_smear,est_share_I,4
8002,M9_workplace,log_ridge_smear,emp_share_G,4
8002,M9_workplace,log_ridge_smear,emp_share_I,4
8002,M9_workplace,log_ridge_smear,emp_share_C,4
8002,M9_workplace,log_ridge_smear,emp_share_M,4
8002,M9_workplace,log_ridge_smear,log_inflow_per_population,5
8002,M9_workplace,log_ridge_smear,log_in_out_ratio,5
8002,M9_workplace,log_ridge_smear,supply_narrow_8002,6
8002,M9_workplace,log_ridge_smear,log_residence_mean_pay,7
8002,M9_workplace,log_ridge_smear,residence_filer_population_ratio,7
8002,M9_workplace,log_ridge_smear,residence_parent_shared,7
8002,M9_workplace,log_ridge_smear,log_population_density,8
8002,M9_workplace,log_ridge_smear,land_building_share,8
8002,M9_workplace,log_ridge_smear,land_factory_share,8
8002,M9_workplace,log_ridge_smear,land_farm_forest_share,8
8002,M9_workplace,log_ridge_smear,urban_area_ratio,8
8002,M9_workplace,log_ridge_smear,urban_population_ratio,8
8002,M9_workplace,log_ridge_smear,urban_residential_share,8
8002,M9_workplace,log_ridge_smear,urban_commercial_share,8
8002,M9_workplace,log_ridge_smear,urban_industrial_share,8
8002,M9_workplace,log_ridge_smear,urban_parent_shared,8
8002,M9_workplace,log_ridge_smear,log_workplace_mean_pay,10
8002,M9_workplace,log_ridge_smear,admin_type,8
8002,M9_workplace,log_ridge_smear,SIDO_NM,9
8002,M9_broad_supply,log_ridge_smear,log_population,1
8002,M9_broad_supply,log_ridge_smear,share_u20,2
8002,M9_broad_supply,log_ridge_smear,share_20s,2
8002,M9_broad_supply,log_ridge_smear,share_30s,2
8002,M9_broad_supply,log_ridge_smear,share_40s,2
8002,M9_broad_supply,log_ridge_smear,share_50s,2
8002,M9_broad_supply,log_ridge_smear,female_share,2
8002,M9_broad_supply,log_ridge_smear,hh1_share,2
8002,M9_broad_supply,log_ridge_smear,hh2_share,2
8002,M9_broad_supply,log_ridge_smear,log_est_per_population,3
8002,M9_broad_supply,log_ridge_smear,log_emp_per_population,3
8002,M9_broad_supply,log_ridge_smear,est_share_G,4
8002,M9_broad_supply,log_ridge_smear,est_share_I,4
8002,M9_broad_supply,log_ridge_smear,emp_share_G,4
8002,M9_broad_supply,log_ridge_smear,emp_share_I,4
8002,M9_broad_supply,log_ridge_smear,emp_share_C,4
8002,M9_broad_supply,log_ridge_smear,emp_share_M,4
8002,M9_broad_supply,log_ridge_smear,log_inflow_per_population,5
8002,M9_broad_supply,log_ridge_smear,log_in_out_ratio,5
8002,M9_broad_supply,log_ridge_smear,supply_broad_8002,6
8002,M9_broad_supply,log_ridge_smear,log_residence_mean_pay,7
8002,M9_broad_supply,log_ridge_smear,residence_filer_population_ratio,7
8002,M9_broad_supply,log_ridge_smear,residence_parent_shared,7
8002,M9_broad_supply,log_ridge_smear,log_population_density,8
8002,M9_broad_supply,log_ridge_smear,land_building_share,8
8002,M9_broad_supply,log_ridge_smear,land_factory_share,8
8002,M9_broad_supply,log_ridge_smear,land_farm_forest_share,8
8002,M9_broad_supply,log_ridge_smear,urban_area_ratio,8
8002,M9_broad_supply,log_ridge_smear,urban_population_ratio,8
8002,M9_broad_supply,log_ridge_smear,urban_residential_share,8
8002,M9_broad_supply,log_ridge_smear,urban_commercial_share,8
8002,M9_broad_supply,log_ridge_smear,urban_industrial_share,8
8002,M9_broad_supply,log_ridge_smear,urban_parent_shared,8
8002,M9_broad_supply,log_ridge_smear,admin_type,8
8002,M9_broad_supply,log_ridge_smear,SIDO_NM,9
8002,M9_alpha10,log_ridge_smear,log_population,1
8002,M9_alpha10,log_ridge_smear,share_u20,2
8002,M9_alpha10,log_ridge_smear,share_20s,2
8002,M9_alpha10,log_ridge_smear,share_30s,2
8002,M9_alpha10,log_ridge_smear,share_40s,2
8002,M9_alpha10,log_ridge_smear,share_50s,2
8002,M9_alpha10,log_ridge_smear,female_share,2
8002,M9_alpha10,log_ridge_smear,hh1_share,2
8002,M9_alpha10,log_ridge_smear,hh2_share,2
8002,M9_alpha10,log_ridge_smear,log_est_per_population,3
8002,M9_alpha10,log_ridge_smear,log_emp_per_population,3
8002,M9_alpha10,log_ridge_smear,est_share_G,4
8002,M9_alpha10,log_ridge_smear,est_share_I,4
8002,M9_alpha10,log_ridge_smear,emp_share_G,4
8002,M9_alpha10,log_ridge_smear,emp_share_I,4
8002,M9_alpha10,log_ridge_smear,emp_share_C,4
8002,M9_alpha10,log_ridge_smear,emp_share_M,4
8002,M9_alpha10,log_ridge_smear,log_inflow_per_population,5
8002,M9_alpha10,log_ridge_smear,log_in_out_ratio,5
8002,M9_alpha10,log_ridge_smear,supply_narrow_8002,6
8002,M9_alpha10,log_ridge_smear,log_residence_mean_pay,7
8002,M9_alpha10,log_ridge_smear,residence_filer_population_ratio,7
8002,M9_alpha10,log_ridge_smear,residence_parent_shared,7
8002,M9_alpha10,log_ridge_smear,log_population_density,8
8002,M9_alpha10,log_ridge_smear,land_building_share,8
8002,M9_alpha10,log_ridge_smear,land_factory_share,8
8002,M9_alpha10,log_ridge_smear,land_farm_forest_share,8
8002,M9_alpha10,log_ridge_smear,urban_area_ratio,8
8002,M9_alpha10,log_ridge_smear,urban_population_ratio,8
8002,M9_alpha10,log_ridge_smear,urban_residential_share,8
8002,M9_alpha10,log_ridge_smear,urban_commercial_share,8
8002,M9_alpha10,log_ridge_smear,urban_industrial_share,8
8002,M9_alpha10,log_ridge_smear,urban_parent_shared,8
8002,M9_alpha10,log_ridge_smear,admin_type,8
8002,M9_alpha10,log_ridge_smear,SIDO_NM,9
8002,M9_taxable_pay,log_ridge_smear,log_population,1
8002,M9_taxable_pay,log_ridge_smear,share_u20,2
8002,M9_taxable_pay,log_ridge_smear,share_20s,2
8002,M9_taxable_pay,log_ridge_smear,share_30s,2
8002,M9_taxable_pay,log_ridge_smear,share_40s,2
8002,M9_taxable_pay,log_ridge_smear,share_50s,2
8002,M9_taxable_pay,log_ridge_smear,female_share,2
8002,M9_taxable_pay,log_ridge_smear,hh1_share,2
8002,M9_taxable_pay,log_ridge_smear,hh2_share,2
8002,M9_taxable_pay,log_ridge_smear,log_est_per_population,3
8002,M9_taxable_pay,log_ridge_smear,log_emp_per_population,3
8002,M9_taxable_pay,log_ridge_smear,est_share_G,4
8002,M9_taxable_pay,log_ridge_smear,est_share_I,4
8002,M9_taxable_pay,log_ridge_smear,emp_share_G,4
8002,M9_taxable_pay,log_ridge_smear,emp_share_I,4
8002,M9_taxable_pay,log_ridge_smear,emp_share_C,4
8002,M9_taxable_pay,log_ridge_smear,emp_share_M,4
8002,M9_taxable_pay,log_ridge_smear,log_inflow_per_population,5
8002,M9_taxable_pay,log_ridge_smear,log_in_out_ratio,5
8002,M9_taxable_pay,log_ridge_smear,supply_narrow_8002,6
8002,M9_taxable_pay,log_ridge_smear,log_residence_mean_tax_pay,9
8002,M9_taxable_pay,log_ridge_smear,residence_filer_population_ratio,7
8002,M9_taxable_pay,log_ridge_smear,residence_parent_shared,7
8002,M9_taxable_pay,log_ridge_smear,log_population_density,8
8002,M9_taxable_pay,log_ridge_smear,land_building_share,8
8002,M9_taxable_pay,log_ridge_smear,land_factory_share,8
8002,M9_taxable_pay,log_ridge_smear,land_farm_forest_share,8
8002,M9_taxable_pay,log_ridge_smear,urban_area_ratio,8
8002,M9_taxable_pay,log_ridge_smear,urban_population_ratio,8
8002,M9_taxable_pay,log_ridge_smear,urban_residential_share,8
8002,M9_taxable_pay,log_ridge_smear,urban_commercial_share,8
8002,M9_taxable_pay,log_ridge_smear,urban_industrial_share,8
8002,M9_taxable_pay,log_ridge_smear,urban_parent_shared,8
8002,M9_taxable_pay,log_ridge_smear,admin_type,8
8002,M9_taxable_pay,log_ridge_smear,SIDO_NM,9
8002,M1,raw_ridge,population,1
8002,M2,raw_ridge,population,1
8002,M2,raw_ridge,share_u20,2
8002,M2,raw_ridge,share_20s,2
8002,M2,raw_ridge,share_30s,2
8002,M2,raw_ridge,share_40s,2
8002,M2,raw_ridge,share_50s,2
8002,M2,raw_ridge,female_share,2
8002,M2,raw_ridge,hh1_share,2
8002,M2,raw_ridge,hh2_share,2
8002,M3,raw_ridge,population,1
8002,M3,raw_ridge,share_u20,2
8002,M3,raw_ridge,share_20s,2
8002,M3,raw_ridge,share_30s,2
8002,M3,raw_ridge,share_40s,2
8002,M3,raw_ridge,share_50s,2
8002,M3,raw_ridge,female_share,2
8002,M3,raw_ridge,hh1_share,2
8002,M3,raw_ridge,hh2_share,2
8002,M3,raw_ridge,est_0,3
8002,M3,raw_ridge,emp_0,3
8002,M4,raw_ridge,population,1
8002,M4,raw_ridge,share_u20,2
8002,M4,raw_ridge,share_20s,2
8002,M4,raw_ridge,share_30s,2
8002,M4,raw_ridge,share_40s,2
8002,M4,raw_ridge,share_50s,2
8002,M4,raw_ridge,female_share,2
8002,M4,raw_ridge,hh1_share,2
8002,M4,raw_ridge,hh2_share,2
8002,M4,raw_ridge,est_0,3
8002,M4,raw_ridge,emp_0,3
8002,M4,raw_ridge,est_share_G,4
8002,M4,raw_ridge,est_share_I,4
8002,M4,raw_ridge,emp_share_G,4
8002,M4,raw_ridge,emp_share_I,4
8002,M4,raw_ridge,emp_share_C,4
8002,M4,raw_ridge,emp_share_M,4
8002,M5,raw_ridge,population,1
8002,M5,raw_ridge,share_u20,2
8002,M5,raw_ridge,share_20s,2
8002,M5,raw_ridge,share_30s,2
8002,M5,raw_ridge,share_40s,2
8002,M5,raw_ridge,share_50s,2
8002,M5,raw_ridge,female_share,2
8002,M5,raw_ridge,hh1_share,2
8002,M5,raw_ridge,hh2_share,2
8002,M5,raw_ridge,est_0,3
8002,M5,raw_ridge,emp_0,3
8002,M5,raw_ridge,est_share_G,4
8002,M5,raw_ridge,est_share_I,4
8002,M5,raw_ridge,emp_share_G,4
8002,M5,raw_ridge,emp_share_I,4
8002,M5,raw_ridge,emp_share_C,4
8002,M5,raw_ridge,emp_share_M,4
8002,M5,raw_ridge,inflow,5
8002,M5,raw_ridge,outflow,5
8002,M9,raw_ridge,population,1
8002,M9,raw_ridge,share_u20,2
8002,M9,raw_ridge,share_20s,2
8002,M9,raw_ridge,share_30s,2
8002,M9,raw_ridge,share_40s,2
8002,M9,raw_ridge,share_50s,2
8002,M9,raw_ridge,female_share,2
8002,M9,raw_ridge,hh1_share,2
8002,M9,raw_ridge,hh2_share,2
8002,M9,raw_ridge,est_0,3
8002,M9,raw_ridge,emp_0,3
8002,M9,raw_ridge,est_share_G,4
8002,M9,raw_ridge,est_share_I,4
8002,M9,raw_ridge,emp_share_G,4
8002,M9,raw_ridge,emp_share_I,4
8002,M9,raw_ridge,emp_share_C,4
8002,M9,raw_ridge,emp_share_M,4
8002,M9,raw_ridge,inflow,5
8002,M9,raw_ridge,outflow,5
8002,M9,raw_ridge,supply_narrow_8002,6
8002,M9,raw_ridge,log_residence_mean_pay,7
8002,M9,raw_ridge,residence_filer_population_ratio,7
8002,M9,raw_ridge,residence_parent_shared,7
8002,M9,raw_ridge,log_population_density,8
8002,M9,raw_ridge,land_building_share,8
8002,M9,raw_ridge,land_factory_share,8
8002,M9,raw_ridge,land_farm_forest_share,8
8002,M9,raw_ridge,urban_area_ratio,8
8002,M9,raw_ridge,urban_population_ratio,8
8002,M9,raw_ridge,urban_residential_share,8
8002,M9,raw_ridge,urban_commercial_share,8
8002,M9,raw_ridge,urban_industrial_share,8
8002,M9,raw_ridge,urban_parent_shared,8
8002,M9,raw_ridge,admin_type,8
8002,M9,raw_ridge,SIDO_NM,9
8003,M1,log_ridge_smear,log_population,1
8003,M2,log_ridge_smear,log_population,1
8003,M2,log_ridge_smear,share_u20,2
8003,M2,log_ridge_smear,share_20s,2
8003,M2,log_ridge_smear,share_30s,2
8003,M2,log_ridge_smear,share_40s,2
8003,M2,log_ridge_smear,share_50s,2
8003,M2,log_ridge_smear,female_share,2
8003,M2,log_ridge_smear,hh1_share,2
8003,M2,log_ridge_smear,hh2_share,2
8003,M3,log_ridge_smear,log_population,1
8003,M3,log_ridge_smear,share_u20,2
8003,M3,log_ridge_smear,share_20s,2
8003,M3,log_ridge_smear,share_30s,2
8003,M3,log_ridge_smear,share_40s,2
8003,M3,log_ridge_smear,share_50s,2
8003,M3,log_ridge_smear,female_share,2
8003,M3,log_ridge_smear,hh1_share,2
8003,M3,log_ridge_smear,hh2_share,2
8003,M3,log_ridge_smear,log_est_per_population,3
8003,M3,log_ridge_smear,log_emp_per_population,3
8003,M4,log_ridge_smear,log_population,1
8003,M4,log_ridge_smear,share_u20,2
8003,M4,log_ridge_smear,share_20s,2
8003,M4,log_ridge_smear,share_30s,2
8003,M4,log_ridge_smear,share_40s,2
8003,M4,log_ridge_smear,share_50s,2
8003,M4,log_ridge_smear,female_share,2
8003,M4,log_ridge_smear,hh1_share,2
8003,M4,log_ridge_smear,hh2_share,2
8003,M4,log_ridge_smear,log_est_per_population,3
8003,M4,log_ridge_smear,log_emp_per_population,3
8003,M4,log_ridge_smear,est_share_G,4
8003,M4,log_ridge_smear,est_share_I,4
8003,M4,log_ridge_smear,emp_share_G,4
8003,M4,log_ridge_smear,emp_share_I,4
8003,M4,log_ridge_smear,emp_share_C,4
8003,M4,log_ridge_smear,emp_share_M,4
8003,M5,log_ridge_smear,log_population,1
8003,M5,log_ridge_smear,share_u20,2
8003,M5,log_ridge_smear,share_20s,2
8003,M5,log_ridge_smear,share_30s,2
8003,M5,log_ridge_smear,share_40s,2
8003,M5,log_ridge_smear,share_50s,2
8003,M5,log_ridge_smear,female_share,2
8003,M5,log_ridge_smear,hh1_share,2
8003,M5,log_ridge_smear,hh2_share,2
8003,M5,log_ridge_smear,log_est_per_population,3
8003,M5,log_ridge_smear,log_emp_per_population,3
8003,M5,log_ridge_smear,est_share_G,4
8003,M5,log_ridge_smear,est_share_I,4
8003,M5,log_ridge_smear,emp_share_G,4
8003,M5,log_ridge_smear,emp_share_I,4
8003,M5,log_ridge_smear,emp_share_C,4
8003,M5,log_ridge_smear,emp_share_M,4
8003,M5,log_ridge_smear,log_inflow_per_population,5
8003,M5,log_ridge_smear,log_in_out_ratio,5
8003,M6,log_ridge_smear,log_population,1
8003,M6,log_ridge_smear,share_u20,2
8003,M6,log_ridge_smear,share_20s,2
8003,M6,log_ridge_smear,share_30s,2
8003,M6,log_ridge_smear,share_40s,2
8003,M6,log_ridge_smear,share_50s,2
8003,M6,log_ridge_smear,female_share,2
8003,M6,log_ridge_smear,hh1_share,2
8003,M6,log_ridge_smear,hh2_share,2
8003,M6,log_ridge_smear,log_est_per_population,3
8003,M6,log_ridge_smear,log_emp_per_population,3
8003,M6,log_ridge_smear,est_share_G,4
8003,M6,log_ridge_smear,est_share_I,4
8003,M6,log_ridge_smear,emp_share_G,4
8003,M6,log_ridge_smear,emp_share_I,4
8003,M6,log_ridge_smear,emp_share_C,4
8003,M6,log_ridge_smear,emp_share_M,4
8003,M6,log_ridge_smear,log_inflow_per_population,5
8003,M6,log_ridge_smear,log_in_out_ratio,5
8003,M6,log_ridge_smear,supply_narrow_8003,6
8003,M7,log_ridge_smear,log_population,1
8003,M7,log_ridge_smear,share_u20,2
8003,M7,log_ridge_smear,share_20s,2
8003,M7,log_ridge_smear,share_30s,2
8003,M7,log_ridge_smear,share_40s,2
8003,M7,log_ridge_smear,share_50s,2
8003,M7,log_ridge_smear,female_share,2
8003,M7,log_ridge_smear,hh1_share,2
8003,M7,log_ridge_smear,hh2_share,2
8003,M7,log_ridge_smear,log_est_per_population,3
8003,M7,log_ridge_smear,log_emp_per_population,3
8003,M7,log_ridge_smear,est_share_G,4
8003,M7,log_ridge_smear,est_share_I,4
8003,M7,log_ridge_smear,emp_share_G,4
8003,M7,log_ridge_smear,emp_share_I,4
8003,M7,log_ridge_smear,emp_share_C,4
8003,M7,log_ridge_smear,emp_share_M,4
8003,M7,log_ridge_smear,log_inflow_per_population,5
8003,M7,log_ridge_smear,log_in_out_ratio,5
8003,M7,log_ridge_smear,supply_narrow_8003,6
8003,M7,log_ridge_smear,log_residence_mean_pay,7
8003,M7,log_ridge_smear,residence_filer_population_ratio,7
8003,M7,log_ridge_smear,residence_parent_shared,7
8003,M8,log_ridge_smear,log_population,1
8003,M8,log_ridge_smear,share_u20,2
8003,M8,log_ridge_smear,share_20s,2
8003,M8,log_ridge_smear,share_30s,2
8003,M8,log_ridge_smear,share_40s,2
8003,M8,log_ridge_smear,share_50s,2
8003,M8,log_ridge_smear,female_share,2
8003,M8,log_ridge_smear,hh1_share,2
8003,M8,log_ridge_smear,hh2_share,2
8003,M8,log_ridge_smear,log_est_per_population,3
8003,M8,log_ridge_smear,log_emp_per_population,3
8003,M8,log_ridge_smear,est_share_G,4
8003,M8,log_ridge_smear,est_share_I,4
8003,M8,log_ridge_smear,emp_share_G,4
8003,M8,log_ridge_smear,emp_share_I,4
8003,M8,log_ridge_smear,emp_share_C,4
8003,M8,log_ridge_smear,emp_share_M,4
8003,M8,log_ridge_smear,log_inflow_per_population,5
8003,M8,log_ridge_smear,log_in_out_ratio,5
8003,M8,log_ridge_smear,supply_narrow_8003,6
8003,M8,log_ridge_smear,log_residence_mean_pay,7
8003,M8,log_ridge_smear,residence_filer_population_ratio,7
8003,M8,log_ridge_smear,residence_parent_shared,7
8003,M8,log_ridge_smear,log_population_density,8
8003,M8,log_ridge_smear,land_building_share,8
8003,M8,log_ridge_smear,land_factory_share,8
8003,M8,log_ridge_smear,land_farm_forest_share,8
8003,M8,log_ridge_smear,urban_area_ratio,8
8003,M8,log_ridge_smear,urban_population_ratio,8
8003,M8,log_ridge_smear,urban_residential_share,8
8003,M8,log_ridge_smear,urban_commercial_share,8
8003,M8,log_ridge_smear,urban_industrial_share,8
8003,M8,log_ridge_smear,urban_parent_shared,8
8003,M8,log_ridge_smear,admin_type,8
8003,M9,log_ridge_smear,log_population,1
8003,M9,log_ridge_smear,share_u20,2
8003,M9,log_ridge_smear,share_20s,2
8003,M9,log_ridge_smear,share_30s,2
8003,M9,log_ridge_smear,share_40s,2
8003,M9,log_ridge_smear,share_50s,2
8003,M9,log_ridge_smear,female_share,2
8003,M9,log_ridge_smear,hh1_share,2
8003,M9,log_ridge_smear,hh2_share,2
8003,M9,log_ridge_smear,log_est_per_population,3
8003,M9,log_ridge_smear,log_emp_per_population,3
8003,M9,log_ridge_smear,est_share_G,4
8003,M9,log_ridge_smear,est_share_I,4
8003,M9,log_ridge_smear,emp_share_G,4
8003,M9,log_ridge_smear,emp_share_I,4
8003,M9,log_ridge_smear,emp_share_C,4
8003,M9,log_ridge_smear,emp_share_M,4
8003,M9,log_ridge_smear,log_inflow_per_population,5
8003,M9,log_ridge_smear,log_in_out_ratio,5
8003,M9,log_ridge_smear,supply_narrow_8003,6
8003,M9,log_ridge_smear,log_residence_mean_pay,7
8003,M9,log_ridge_smear,residence_filer_population_ratio,7
8003,M9,log_ridge_smear,residence_parent_shared,7
8003,M9,log_ridge_smear,log_population_density,8
8003,M9,log_ridge_smear,land_building_share,8
8003,M9,log_ridge_smear,land_factory_share,8
8003,M9,log_ridge_smear,land_farm_forest_share,8
8003,M9,log_ridge_smear,urban_area_ratio,8
8003,M9,log_ridge_smear,urban_population_ratio,8
8003,M9,log_ridge_smear,urban_residential_share,8
8003,M9,log_ridge_smear,urban_commercial_share,8
8003,M9,log_ridge_smear,urban_industrial_share,8
8003,M9,log_ridge_smear,urban_parent_shared,8
8003,M9,log_ridge_smear,admin_type,8
8003,M9,log_ridge_smear,SIDO_NM,9
8003,without_M1,log_ridge_smear,share_u20,2
8003,without_M1,log_ridge_smear,share_20s,2
8003,without_M1,log_ridge_smear,share_30s,2
8003,without_M1,log_ridge_smear,share_40s,2
8003,without_M1,log_ridge_smear,share_50s,2
8003,without_M1,log_ridge_smear,female_share,2
8003,without_M1,log_ridge_smear,hh1_share,2
8003,without_M1,log_ridge_smear,hh2_share,2
8003,without_M1,log_ridge_smear,log_est_per_population,3
8003,without_M1,log_ridge_smear,log_emp_per_population,3
8003,without_M1,log_ridge_smear,est_share_G,4
8003,without_M1,log_ridge_smear,est_share_I,4
8003,without_M1,log_ridge_smear,emp_share_G,4
8003,without_M1,log_ridge_smear,emp_share_I,4
8003,without_M1,log_ridge_smear,emp_share_C,4
8003,without_M1,log_ridge_smear,emp_share_M,4
8003,without_M1,log_ridge_smear,log_inflow_per_population,5
8003,without_M1,log_ridge_smear,log_in_out_ratio,5
8003,without_M1,log_ridge_smear,supply_narrow_8003,6
8003,without_M1,log_ridge_smear,log_residence_mean_pay,7
8003,without_M1,log_ridge_smear,residence_filer_population_ratio,7
8003,without_M1,log_ridge_smear,residence_parent_shared,7
8003,without_M1,log_ridge_smear,log_population_density,8
8003,without_M1,log_ridge_smear,land_building_share,8
8003,without_M1,log_ridge_smear,land_factory_share,8
8003,without_M1,log_ridge_smear,land_farm_forest_share,8
8003,without_M1,log_ridge_smear,urban_area_ratio,8
8003,without_M1,log_ridge_smear,urban_population_ratio,8
8003,without_M1,log_ridge_smear,urban_residential_share,8
8003,without_M1,log_ridge_smear,urban_commercial_share,8
8003,without_M1,log_ridge_smear,urban_industrial_share,8
8003,without_M1,log_ridge_smear,urban_parent_shared,8
8003,without_M1,log_ridge_smear,admin_type,8
8003,without_M1,log_ridge_smear,SIDO_NM,9
8003,without_M2,log_ridge_smear,log_population,1
8003,without_M2,log_ridge_smear,log_est_per_population,3
8003,without_M2,log_ridge_smear,log_emp_per_population,3
8003,without_M2,log_ridge_smear,est_share_G,4
8003,without_M2,log_ridge_smear,est_share_I,4
8003,without_M2,log_ridge_smear,emp_share_G,4
8003,without_M2,log_ridge_smear,emp_share_I,4
8003,without_M2,log_ridge_smear,emp_share_C,4
8003,without_M2,log_ridge_smear,emp_share_M,4
8003,without_M2,log_ridge_smear,log_inflow_per_population,5
8003,without_M2,log_ridge_smear,log_in_out_ratio,5
8003,without_M2,log_ridge_smear,supply_narrow_8003,6
8003,without_M2,log_ridge_smear,log_residence_mean_pay,7
8003,without_M2,log_ridge_smear,residence_filer_population_ratio,7
8003,without_M2,log_ridge_smear,residence_parent_shared,7
8003,without_M2,log_ridge_smear,log_population_density,8
8003,without_M2,log_ridge_smear,land_building_share,8
8003,without_M2,log_ridge_smear,land_factory_share,8
8003,without_M2,log_ridge_smear,land_farm_forest_share,8
8003,without_M2,log_ridge_smear,urban_area_ratio,8
8003,without_M2,log_ridge_smear,urban_population_ratio,8
8003,without_M2,log_ridge_smear,urban_residential_share,8
8003,without_M2,log_ridge_smear,urban_commercial_share,8
8003,without_M2,log_ridge_smear,urban_industrial_share,8
8003,without_M2,log_ridge_smear,urban_parent_shared,8
8003,without_M2,log_ridge_smear,admin_type,8
8003,without_M2,log_ridge_smear,SIDO_NM,9
8003,without_M3,log_ridge_smear,log_population,1
8003,without_M3,log_ridge_smear,share_u20,2
8003,without_M3,log_ridge_smear,share_20s,2
8003,without_M3,log_ridge_smear,share_30s,2
8003,without_M3,log_ridge_smear,share_40s,2
8003,without_M3,log_ridge_smear,share_50s,2
8003,without_M3,log_ridge_smear,female_share,2
8003,without_M3,log_ridge_smear,hh1_share,2
8003,without_M3,log_ridge_smear,hh2_share,2
8003,without_M3,log_ridge_smear,est_share_G,4
8003,without_M3,log_ridge_smear,est_share_I,4
8003,without_M3,log_ridge_smear,emp_share_G,4
8003,without_M3,log_ridge_smear,emp_share_I,4
8003,without_M3,log_ridge_smear,emp_share_C,4
8003,without_M3,log_ridge_smear,emp_share_M,4
8003,without_M3,log_ridge_smear,log_inflow_per_population,5
8003,without_M3,log_ridge_smear,log_in_out_ratio,5
8003,without_M3,log_ridge_smear,supply_narrow_8003,6
8003,without_M3,log_ridge_smear,log_residence_mean_pay,7
8003,without_M3,log_ridge_smear,residence_filer_population_ratio,7
8003,without_M3,log_ridge_smear,residence_parent_shared,7
8003,without_M3,log_ridge_smear,log_population_density,8
8003,without_M3,log_ridge_smear,land_building_share,8
8003,without_M3,log_ridge_smear,land_factory_share,8
8003,without_M3,log_ridge_smear,land_farm_forest_share,8
8003,without_M3,log_ridge_smear,urban_area_ratio,8
8003,without_M3,log_ridge_smear,urban_population_ratio,8
8003,without_M3,log_ridge_smear,urban_residential_share,8
8003,without_M3,log_ridge_smear,urban_commercial_share,8
8003,without_M3,log_ridge_smear,urban_industrial_share,8
8003,without_M3,log_ridge_smear,urban_parent_shared,8
8003,without_M3,log_ridge_smear,admin_type,8
8003,without_M3,log_ridge_smear,SIDO_NM,9
8003,without_M4,log_ridge_smear,log_population,1
8003,without_M4,log_ridge_smear,share_u20,2
8003,without_M4,log_ridge_smear,share_20s,2
8003,without_M4,log_ridge_smear,share_30s,2
8003,without_M4,log_ridge_smear,share_40s,2
8003,without_M4,log_ridge_smear,share_50s,2
8003,without_M4,log_ridge_smear,female_share,2
8003,without_M4,log_ridge_smear,hh1_share,2
8003,without_M4,log_ridge_smear,hh2_share,2
8003,without_M4,log_ridge_smear,log_est_per_population,3
8003,without_M4,log_ridge_smear,log_emp_per_population,3
8003,without_M4,log_ridge_smear,log_inflow_per_population,5
8003,without_M4,log_ridge_smear,log_in_out_ratio,5
8003,without_M4,log_ridge_smear,supply_narrow_8003,6
8003,without_M4,log_ridge_smear,log_residence_mean_pay,7
8003,without_M4,log_ridge_smear,residence_filer_population_ratio,7
8003,without_M4,log_ridge_smear,residence_parent_shared,7
8003,without_M4,log_ridge_smear,log_population_density,8
8003,without_M4,log_ridge_smear,land_building_share,8
8003,without_M4,log_ridge_smear,land_factory_share,8
8003,without_M4,log_ridge_smear,land_farm_forest_share,8
8003,without_M4,log_ridge_smear,urban_area_ratio,8
8003,without_M4,log_ridge_smear,urban_population_ratio,8
8003,without_M4,log_ridge_smear,urban_residential_share,8
8003,without_M4,log_ridge_smear,urban_commercial_share,8
8003,without_M4,log_ridge_smear,urban_industrial_share,8
8003,without_M4,log_ridge_smear,urban_parent_shared,8
8003,without_M4,log_ridge_smear,admin_type,8
8003,without_M4,log_ridge_smear,SIDO_NM,9
8003,without_M5,log_ridge_smear,log_population,1
8003,without_M5,log_ridge_smear,share_u20,2
8003,without_M5,log_ridge_smear,share_20s,2
8003,without_M5,log_ridge_smear,share_30s,2
8003,without_M5,log_ridge_smear,share_40s,2
8003,without_M5,log_ridge_smear,share_50s,2
8003,without_M5,log_ridge_smear,female_share,2
8003,without_M5,log_ridge_smear,hh1_share,2
8003,without_M5,log_ridge_smear,hh2_share,2
8003,without_M5,log_ridge_smear,log_est_per_population,3
8003,without_M5,log_ridge_smear,log_emp_per_population,3
8003,without_M5,log_ridge_smear,est_share_G,4
8003,without_M5,log_ridge_smear,est_share_I,4
8003,without_M5,log_ridge_smear,emp_share_G,4
8003,without_M5,log_ridge_smear,emp_share_I,4
8003,without_M5,log_ridge_smear,emp_share_C,4
8003,without_M5,log_ridge_smear,emp_share_M,4
8003,without_M5,log_ridge_smear,supply_narrow_8003,6
8003,without_M5,log_ridge_smear,log_residence_mean_pay,7
8003,without_M5,log_ridge_smear,residence_filer_population_ratio,7
8003,without_M5,log_ridge_smear,residence_parent_shared,7
8003,without_M5,log_ridge_smear,log_population_density,8
8003,without_M5,log_ridge_smear,land_building_share,8
8003,without_M5,log_ridge_smear,land_factory_share,8
8003,without_M5,log_ridge_smear,land_farm_forest_share,8
8003,without_M5,log_ridge_smear,urban_area_ratio,8
8003,without_M5,log_ridge_smear,urban_population_ratio,8
8003,without_M5,log_ridge_smear,urban_residential_share,8
8003,without_M5,log_ridge_smear,urban_commercial_share,8
8003,without_M5,log_ridge_smear,urban_industrial_share,8
8003,without_M5,log_ridge_smear,urban_parent_shared,8
8003,without_M5,log_ridge_smear,admin_type,8
8003,without_M5,log_ridge_smear,SIDO_NM,9
8003,without_M6,log_ridge_smear,log_population,1
8003,without_M6,log_ridge_smear,share_u20,2
8003,without_M6,log_ridge_smear,share_20s,2
8003,without_M6,log_ridge_smear,share_30s,2
8003,without_M6,log_ridge_smear,share_40s,2
8003,without_M6,log_ridge_smear,share_50s,2
8003,without_M6,log_ridge_smear,female_share,2
8003,without_M6,log_ridge_smear,hh1_share,2
8003,without_M6,log_ridge_smear,hh2_share,2
8003,without_M6,log_ridge_smear,log_est_per_population,3
8003,without_M6,log_ridge_smear,log_emp_per_population,3
8003,without_M6,log_ridge_smear,est_share_G,4
8003,without_M6,log_ridge_smear,est_share_I,4
8003,without_M6,log_ridge_smear,emp_share_G,4
8003,without_M6,log_ridge_smear,emp_share_I,4
8003,without_M6,log_ridge_smear,emp_share_C,4
8003,without_M6,log_ridge_smear,emp_share_M,4
8003,without_M6,log_ridge_smear,log_inflow_per_population,5
8003,without_M6,log_ridge_smear,log_in_out_ratio,5
8003,without_M6,log_ridge_smear,log_residence_mean_pay,7
8003,without_M6,log_ridge_smear,residence_filer_population_ratio,7
8003,without_M6,log_ridge_smear,residence_parent_shared,7
8003,without_M6,log_ridge_smear,log_population_density,8
8003,without_M6,log_ridge_smear,land_building_share,8
8003,without_M6,log_ridge_smear,land_factory_share,8
8003,without_M6,log_ridge_smear,land_farm_forest_share,8
8003,without_M6,log_ridge_smear,urban_area_ratio,8
8003,without_M6,log_ridge_smear,urban_population_ratio,8
8003,without_M6,log_ridge_smear,urban_residential_share,8
8003,without_M6,log_ridge_smear,urban_commercial_share,8
8003,without_M6,log_ridge_smear,urban_industrial_share,8
8003,without_M6,log_ridge_smear,urban_parent_shared,8
8003,without_M6,log_ridge_smear,admin_type,8
8003,without_M6,log_ridge_smear,SIDO_NM,9
8003,without_M7,log_ridge_smear,log_population,1
8003,without_M7,log_ridge_smear,share_u20,2
8003,without_M7,log_ridge_smear,share_20s,2
8003,without_M7,log_ridge_smear,share_30s,2
8003,without_M7,log_ridge_smear,share_40s,2
8003,without_M7,log_ridge_smear,share_50s,2
8003,without_M7,log_ridge_smear,female_share,2
8003,without_M7,log_ridge_smear,hh1_share,2
8003,without_M7,log_ridge_smear,hh2_share,2
8003,without_M7,log_ridge_smear,log_est_per_population,3
8003,without_M7,log_ridge_smear,log_emp_per_population,3
8003,without_M7,log_ridge_smear,est_share_G,4
8003,without_M7,log_ridge_smear,est_share_I,4
8003,without_M7,log_ridge_smear,emp_share_G,4
8003,without_M7,log_ridge_smear,emp_share_I,4
8003,without_M7,log_ridge_smear,emp_share_C,4
8003,without_M7,log_ridge_smear,emp_share_M,4
8003,without_M7,log_ridge_smear,log_inflow_per_population,5
8003,without_M7,log_ridge_smear,log_in_out_ratio,5
8003,without_M7,log_ridge_smear,supply_narrow_8003,6
8003,without_M7,log_ridge_smear,log_population_density,8
8003,without_M7,log_ridge_smear,land_building_share,8
8003,without_M7,log_ridge_smear,land_factory_share,8
8003,without_M7,log_ridge_smear,land_farm_forest_share,8
8003,without_M7,log_ridge_smear,urban_area_ratio,8
8003,without_M7,log_ridge_smear,urban_population_ratio,8
8003,without_M7,log_ridge_smear,urban_residential_share,8
8003,without_M7,log_ridge_smear,urban_commercial_share,8
8003,without_M7,log_ridge_smear,urban_industrial_share,8
8003,without_M7,log_ridge_smear,urban_parent_shared,8
8003,without_M7,log_ridge_smear,admin_type,8
8003,without_M7,log_ridge_smear,SIDO_NM,9
8003,without_M8,log_ridge_smear,log_population,1
8003,without_M8,log_ridge_smear,share_u20,2
8003,without_M8,log_ridge_smear,share_20s,2
8003,without_M8,log_ridge_smear,share_30s,2
8003,without_M8,log_ridge_smear,share_40s,2
8003,without_M8,log_ridge_smear,share_50s,2
8003,without_M8,log_ridge_smear,female_share,2
8003,without_M8,log_ridge_smear,hh1_share,2
8003,without_M8,log_ridge_smear,hh2_share,2
8003,without_M8,log_ridge_smear,log_est_per_population,3
8003,without_M8,log_ridge_smear,log_emp_per_population,3
8003,without_M8,log_ridge_smear,est_share_G,4
8003,without_M8,log_ridge_smear,est_share_I,4
8003,without_M8,log_ridge_smear,emp_share_G,4
8003,without_M8,log_ridge_smear,emp_share_I,4
8003,without_M8,log_ridge_smear,emp_share_C,4
8003,without_M8,log_ridge_smear,emp_share_M,4
8003,without_M8,log_ridge_smear,log_inflow_per_population,5
8003,without_M8,log_ridge_smear,log_in_out_ratio,5
8003,without_M8,log_ridge_smear,supply_narrow_8003,6
8003,without_M8,log_ridge_smear,log_residence_mean_pay,7
8003,without_M8,log_ridge_smear,residence_filer_population_ratio,7
8003,without_M8,log_ridge_smear,residence_parent_shared,7
8003,without_M8,log_ridge_smear,SIDO_NM,9
8003,without_M9,log_ridge_smear,log_population,1
8003,without_M9,log_ridge_smear,share_u20,2
8003,without_M9,log_ridge_smear,share_20s,2
8003,without_M9,log_ridge_smear,share_30s,2
8003,without_M9,log_ridge_smear,share_40s,2
8003,without_M9,log_ridge_smear,share_50s,2
8003,without_M9,log_ridge_smear,female_share,2
8003,without_M9,log_ridge_smear,hh1_share,2
8003,without_M9,log_ridge_smear,hh2_share,2
8003,without_M9,log_ridge_smear,log_est_per_population,3
8003,without_M9,log_ridge_smear,log_emp_per_population,3
8003,without_M9,log_ridge_smear,est_share_G,4
8003,without_M9,log_ridge_smear,est_share_I,4
8003,without_M9,log_ridge_smear,emp_share_G,4
8003,without_M9,log_ridge_smear,emp_share_I,4
8003,without_M9,log_ridge_smear,emp_share_C,4
8003,without_M9,log_ridge_smear,emp_share_M,4
8003,without_M9,log_ridge_smear,log_inflow_per_population,5
8003,without_M9,log_ridge_smear,log_in_out_ratio,5
8003,without_M9,log_ridge_smear,supply_narrow_8003,6
8003,without_M9,log_ridge_smear,log_residence_mean_pay,7
8003,without_M9,log_ridge_smear,residence_filer_population_ratio,7
8003,without_M9,log_ridge_smear,residence_parent_shared,7
8003,without_M9,log_ridge_smear,log_population_density,8
8003,without_M9,log_ridge_smear,land_building_share,8
8003,without_M9,log_ridge_smear,land_factory_share,8
8003,without_M9,log_ridge_smear,land_farm_forest_share,8
8003,without_M9,log_ridge_smear,urban_area_ratio,8
8003,without_M9,log_ridge_smear,urban_population_ratio,8
8003,without_M9,log_ridge_smear,urban_residential_share,8
8003,without_M9,log_ridge_smear,urban_commercial_share,8
8003,without_M9,log_ridge_smear,urban_industrial_share,8
8003,without_M9,log_ridge_smear,urban_parent_shared,8
8003,without_M9,log_ridge_smear,admin_type,8
8003,M9_workplace,log_ridge_smear,log_population,1
8003,M9_workplace,log_ridge_smear,share_u20,2
8003,M9_workplace,log_ridge_smear,share_20s,2
8003,M9_workplace,log_ridge_smear,share_30s,2
8003,M9_workplace,log_ridge_smear,share_40s,2
8003,M9_workplace,log_ridge_smear,share_50s,2
8003,M9_workplace,log_ridge_smear,female_share,2
8003,M9_workplace,log_ridge_smear,hh1_share,2
8003,M9_workplace,log_ridge_smear,hh2_share,2
8003,M9_workplace,log_ridge_smear,log_est_per_population,3
8003,M9_workplace,log_ridge_smear,log_emp_per_population,3
8003,M9_workplace,log_ridge_smear,est_share_G,4
8003,M9_workplace,log_ridge_smear,est_share_I,4
8003,M9_workplace,log_ridge_smear,emp_share_G,4
8003,M9_workplace,log_ridge_smear,emp_share_I,4
8003,M9_workplace,log_ridge_smear,emp_share_C,4
8003,M9_workplace,log_ridge_smear,emp_share_M,4
8003,M9_workplace,log_ridge_smear,log_inflow_per_population,5
8003,M9_workplace,log_ridge_smear,log_in_out_ratio,5
8003,M9_workplace,log_ridge_smear,supply_narrow_8003,6
8003,M9_workplace,log_ridge_smear,log_residence_mean_pay,7
8003,M9_workplace,log_ridge_smear,residence_filer_population_ratio,7
8003,M9_workplace,log_ridge_smear,residence_parent_shared,7
8003,M9_workplace,log_ridge_smear,log_population_density,8
8003,M9_workplace,log_ridge_smear,land_building_share,8
8003,M9_workplace,log_ridge_smear,land_factory_share,8
8003,M9_workplace,log_ridge_smear,land_farm_forest_share,8
8003,M9_workplace,log_ridge_smear,urban_area_ratio,8
8003,M9_workplace,log_ridge_smear,urban_population_ratio,8
8003,M9_workplace,log_ridge_smear,urban_residential_share,8
8003,M9_workplace,log_ridge_smear,urban_commercial_share,8
8003,M9_workplace,log_ridge_smear,urban_industrial_share,8
8003,M9_workplace,log_ridge_smear,urban_parent_shared,8
8003,M9_workplace,log_ridge_smear,log_workplace_mean_pay,10
8003,M9_workplace,log_ridge_smear,admin_type,8
8003,M9_workplace,log_ridge_smear,SIDO_NM,9
8003,M9_broad_supply,log_ridge_smear,log_population,1
8003,M9_broad_supply,log_ridge_smear,share_u20,2
8003,M9_broad_supply,log_ridge_smear,share_20s,2
8003,M9_broad_supply,log_ridge_smear,share_30s,2
8003,M9_broad_supply,log_ridge_smear,share_40s,2
8003,M9_broad_supply,log_ridge_smear,share_50s,2
8003,M9_broad_supply,log_ridge_smear,female_share,2
8003,M9_broad_supply,log_ridge_smear,hh1_share,2
8003,M9_broad_supply,log_ridge_smear,hh2_share,2
8003,M9_broad_supply,log_ridge_smear,log_est_per_population,3
8003,M9_broad_supply,log_ridge_smear,log_emp_per_population,3
8003,M9_broad_supply,log_ridge_smear,est_share_G,4
8003,M9_broad_supply,log_ridge_smear,est_share_I,4
8003,M9_broad_supply,log_ridge_smear,emp_share_G,4
8003,M9_broad_supply,log_ridge_smear,emp_share_I,4
8003,M9_broad_supply,log_ridge_smear,emp_share_C,4
8003,M9_broad_supply,log_ridge_smear,emp_share_M,4
8003,M9_broad_supply,log_ridge_smear,log_inflow_per_population,5
8003,M9_broad_supply,log_ridge_smear,log_in_out_ratio,5
8003,M9_broad_supply,log_ridge_smear,supply_broad_8003,6
8003,M9_broad_supply,log_ridge_smear,log_residence_mean_pay,7
8003,M9_broad_supply,log_ridge_smear,residence_filer_population_ratio,7
8003,M9_broad_supply,log_ridge_smear,residence_parent_shared,7
8003,M9_broad_supply,log_ridge_smear,log_population_density,8
8003,M9_broad_supply,log_ridge_smear,land_building_share,8
8003,M9_broad_supply,log_ridge_smear,land_factory_share,8
8003,M9_broad_supply,log_ridge_smear,land_farm_forest_share,8
8003,M9_broad_supply,log_ridge_smear,urban_area_ratio,8
8003,M9_broad_supply,log_ridge_smear,urban_population_ratio,8
8003,M9_broad_supply,log_ridge_smear,urban_residential_share,8
8003,M9_broad_supply,log_ridge_smear,urban_commercial_share,8
8003,M9_broad_supply,log_ridge_smear,urban_industrial_share,8
8003,M9_broad_supply,log_ridge_smear,urban_parent_shared,8
8003,M9_broad_supply,log_ridge_smear,admin_type,8
8003,M9_broad_supply,log_ridge_smear,SIDO_NM,9
8003,M9_alpha10,log_ridge_smear,log_population,1
8003,M9_alpha10,log_ridge_smear,share_u20,2
8003,M9_alpha10,log_ridge_smear,share_20s,2
8003,M9_alpha10,log_ridge_smear,share_30s,2
8003,M9_alpha10,log_ridge_smear,share_40s,2
8003,M9_alpha10,log_ridge_smear,share_50s,2
8003,M9_alpha10,log_ridge_smear,female_share,2
8003,M9_alpha10,log_ridge_smear,hh1_share,2
8003,M9_alpha10,log_ridge_smear,hh2_share,2
8003,M9_alpha10,log_ridge_smear,log_est_per_population,3
8003,M9_alpha10,log_ridge_smear,log_emp_per_population,3
8003,M9_alpha10,log_ridge_smear,est_share_G,4
8003,M9_alpha10,log_ridge_smear,est_share_I,4
8003,M9_alpha10,log_ridge_smear,emp_share_G,4
8003,M9_alpha10,log_ridge_smear,emp_share_I,4
8003,M9_alpha10,log_ridge_smear,emp_share_C,4
8003,M9_alpha10,log_ridge_smear,emp_share_M,4
8003,M9_alpha10,log_ridge_smear,log_inflow_per_population,5
8003,M9_alpha10,log_ridge_smear,log_in_out_ratio,5
8003,M9_alpha10,log_ridge_smear,supply_narrow_8003,6
8003,M9_alpha10,log_ridge_smear,log_residence_mean_pay,7
8003,M9_alpha10,log_ridge_smear,residence_filer_population_ratio,7
8003,M9_alpha10,log_ridge_smear,residence_parent_shared,7
8003,M9_alpha10,log_ridge_smear,log_population_density,8
8003,M9_alpha10,log_ridge_smear,land_building_share,8
8003,M9_alpha10,log_ridge_smear,land_factory_share,8
8003,M9_alpha10,log_ridge_smear,land_farm_forest_share,8
8003,M9_alpha10,log_ridge_smear,urban_area_ratio,8
8003,M9_alpha10,log_ridge_smear,urban_population_ratio,8
8003,M9_alpha10,log_ridge_smear,urban_residential_share,8
8003,M9_alpha10,log_ridge_smear,urban_commercial_share,8
8003,M9_alpha10,log_ridge_smear,urban_industrial_share,8
8003,M9_alpha10,log_ridge_smear,urban_parent_shared,8
8003,M9_alpha10,log_ridge_smear,admin_type,8
8003,M9_alpha10,log_ridge_smear,SIDO_NM,9
8003,M9_taxable_pay,log_ridge_smear,log_population,1
8003,M9_taxable_pay,log_ridge_smear,share_u20,2
8003,M9_taxable_pay,log_ridge_smear,share_20s,2
8003,M9_taxable_pay,log_ridge_smear,share_30s,2
8003,M9_taxable_pay,log_ridge_smear,share_40s,2
8003,M9_taxable_pay,log_ridge_smear,share_50s,2
8003,M9_taxable_pay,log_ridge_smear,female_share,2
8003,M9_taxable_pay,log_ridge_smear,hh1_share,2
8003,M9_taxable_pay,log_ridge_smear,hh2_share,2
8003,M9_taxable_pay,log_ridge_smear,log_est_per_population,3
8003,M9_taxable_pay,log_ridge_smear,log_emp_per_population,3
8003,M9_taxable_pay,log_ridge_smear,est_share_G,4
8003,M9_taxable_pay,log_ridge_smear,est_share_I,4
8003,M9_taxable_pay,log_ridge_smear,emp_share_G,4
8003,M9_taxable_pay,log_ridge_smear,emp_share_I,4
8003,M9_taxable_pay,log_ridge_smear,emp_share_C,4
8003,M9_taxable_pay,log_ridge_smear,emp_share_M,4
8003,M9_taxable_pay,log_ridge_smear,log_inflow_per_population,5
8003,M9_taxable_pay,log_ridge_smear,log_in_out_ratio,5
8003,M9_taxable_pay,log_ridge_smear,supply_narrow_8003,6
8003,M9_taxable_pay,log_ridge_smear,log_residence_mean_tax_pay,9
8003,M9_taxable_pay,log_ridge_smear,residence_filer_population_ratio,7
8003,M9_taxable_pay,log_ridge_smear,residence_parent_shared,7
8003,M9_taxable_pay,log_ridge_smear,log_population_density,8
8003,M9_taxable_pay,log_ridge_smear,land_building_share,8
8003,M9_taxable_pay,log_ridge_smear,land_factory_share,8
8003,M9_taxable_pay,log_ridge_smear,land_farm_forest_share,8
8003,M9_taxable_pay,log_ridge_smear,urban_area_ratio,8
8003,M9_taxable_pay,log_ridge_smear,urban_population_ratio,8
8003,M9_taxable_pay,log_ridge_smear,urban_residential_share,8
8003,M9_taxable_pay,log_ridge_smear,urban_commercial_share,8
8003,M9_taxable_pay,log_ridge_smear,urban_industrial_share,8
8003,M9_taxable_pay,log_ridge_smear,urban_parent_shared,8
8003,M9_taxable_pay,log_ridge_smear,admin_type,8
8003,M9_taxable_pay,log_ridge_smear,SIDO_NM,9
8003,M1,raw_ridge,population,1
8003,M2,raw_ridge,population,1
8003,M2,raw_ridge,share_u20,2
8003,M2,raw_ridge,share_20s,2
8003,M2,raw_ridge,share_30s,2
8003,M2,raw_ridge,share_40s,2
8003,M2,raw_ridge,share_50s,2
8003,M2,raw_ridge,female_share,2
8003,M2,raw_ridge,hh1_share,2
8003,M2,raw_ridge,hh2_share,2
8003,M3,raw_ridge,population,1
8003,M3,raw_ridge,share_u20,2
8003,M3,raw_ridge,share_20s,2
8003,M3,raw_ridge,share_30s,2
8003,M3,raw_ridge,share_40s,2
8003,M3,raw_ridge,share_50s,2
8003,M3,raw_ridge,female_share,2
8003,M3,raw_ridge,hh1_share,2
8003,M3,raw_ridge,hh2_share,2
8003,M3,raw_ridge,est_0,3
8003,M3,raw_ridge,emp_0,3
8003,M4,raw_ridge,population,1
8003,M4,raw_ridge,share_u20,2
8003,M4,raw_ridge,share_20s,2
8003,M4,raw_ridge,share_30s,2
8003,M4,raw_ridge,share_40s,2
8003,M4,raw_ridge,share_50s,2
8003,M4,raw_ridge,female_share,2
8003,M4,raw_ridge,hh1_share,2
8003,M4,raw_ridge,hh2_share,2
8003,M4,raw_ridge,est_0,3
8003,M4,raw_ridge,emp_0,3
8003,M4,raw_ridge,est_share_G,4
8003,M4,raw_ridge,est_share_I,4
8003,M4,raw_ridge,emp_share_G,4
8003,M4,raw_ridge,emp_share_I,4
8003,M4,raw_ridge,emp_share_C,4
8003,M4,raw_ridge,emp_share_M,4
8003,M5,raw_ridge,population,1
8003,M5,raw_ridge,share_u20,2
8003,M5,raw_ridge,share_20s,2
8003,M5,raw_ridge,share_30s,2
8003,M5,raw_ridge,share_40s,2
8003,M5,raw_ridge,share_50s,2
8003,M5,raw_ridge,female_share,2
8003,M5,raw_ridge,hh1_share,2
8003,M5,raw_ridge,hh2_share,2
8003,M5,raw_ridge,est_0,3
8003,M5,raw_ridge,emp_0,3
8003,M5,raw_ridge,est_share_G,4
8003,M5,raw_ridge,est_share_I,4
8003,M5,raw_ridge,emp_share_G,4
8003,M5,raw_ridge,emp_share_I,4
8003,M5,raw_ridge,emp_share_C,4
8003,M5,raw_ridge,emp_share_M,4
8003,M5,raw_ridge,inflow,5
8003,M5,raw_ridge,outflow,5
8003,M9,raw_ridge,population,1
8003,M9,raw_ridge,share_u20,2
8003,M9,raw_ridge,share_20s,2
8003,M9,raw_ridge,share_30s,2
8003,M9,raw_ridge,share_40s,2
8003,M9,raw_ridge,share_50s,2
8003,M9,raw_ridge,female_share,2
8003,M9,raw_ridge,hh1_share,2
8003,M9,raw_ridge,hh2_share,2
8003,M9,raw_ridge,est_0,3
8003,M9,raw_ridge,emp_0,3
8003,M9,raw_ridge,est_share_G,4
8003,M9,raw_ridge,est_share_I,4
8003,M9,raw_ridge,emp_share_G,4
8003,M9,raw_ridge,emp_share_I,4
8003,M9,raw_ridge,emp_share_C,4
8003,M9,raw_ridge,emp_share_M,4
8003,M9,raw_ridge,inflow,5
8003,M9,raw_ridge,outflow,5
8003,M9,raw_ridge,supply_narrow_8003,6
8003,M9,raw_ridge,log_residence_mean_pay,7
8003,M9,raw_ridge,residence_filer_population_ratio,7
8003,M9,raw_ridge,residence_parent_shared,7
8003,M9,raw_ridge,log_population_density,8
8003,M9,raw_ridge,land_building_share,8
8003,M9,raw_ridge,land_factory_share,8
8003,M9,raw_ridge,land_farm_forest_share,8
8003,M9,raw_ridge,urban_area_ratio,8
8003,M9,raw_ridge,urban_population_ratio,8
8003,M9,raw_ridge,urban_residential_share,8
8003,M9,raw_ridge,urban_commercial_share,8
8003,M9,raw_ridge,urban_industrial_share,8
8003,M9,raw_ridge,urban_parent_shared,8
8003,M9,raw_ridge,admin_type,8
8003,M9,raw_ridge,SIDO_NM,9
8004,M1,log_ridge_smear,log_population,1
8004,M2,log_ridge_smear,log_population,1
8004,M2,log_ridge_smear,share_u20,2
8004,M2,log_ridge_smear,share_20s,2
8004,M2,log_ridge_smear,share_30s,2
8004,M2,log_ridge_smear,share_40s,2
8004,M2,log_ridge_smear,share_50s,2
8004,M2,log_ridge_smear,female_share,2
8004,M2,log_ridge_smear,hh1_share,2
8004,M2,log_ridge_smear,hh2_share,2
8004,M3,log_ridge_smear,log_population,1
8004,M3,log_ridge_smear,share_u20,2
8004,M3,log_ridge_smear,share_20s,2
8004,M3,log_ridge_smear,share_30s,2
8004,M3,log_ridge_smear,share_40s,2
8004,M3,log_ridge_smear,share_50s,2
8004,M3,log_ridge_smear,female_share,2
8004,M3,log_ridge_smear,hh1_share,2
8004,M3,log_ridge_smear,hh2_share,2
8004,M3,log_ridge_smear,log_est_per_population,3
8004,M3,log_ridge_smear,log_emp_per_population,3
8004,M4,log_ridge_smear,log_population,1
8004,M4,log_ridge_smear,share_u20,2
8004,M4,log_ridge_smear,share_20s,2
8004,M4,log_ridge_smear,share_30s,2
8004,M4,log_ridge_smear,share_40s,2
8004,M4,log_ridge_smear,share_50s,2
8004,M4,log_ridge_smear,female_share,2
8004,M4,log_ridge_smear,hh1_share,2
8004,M4,log_ridge_smear,hh2_share,2
8004,M4,log_ridge_smear,log_est_per_population,3
8004,M4,log_ridge_smear,log_emp_per_population,3
8004,M4,log_ridge_smear,est_share_G,4
8004,M4,log_ridge_smear,est_share_I,4
8004,M4,log_ridge_smear,emp_share_G,4
8004,M4,log_ridge_smear,emp_share_I,4
8004,M4,log_ridge_smear,emp_share_C,4
8004,M4,log_ridge_smear,emp_share_M,4
8004,M5,log_ridge_smear,log_population,1
8004,M5,log_ridge_smear,share_u20,2
8004,M5,log_ridge_smear,share_20s,2
8004,M5,log_ridge_smear,share_30s,2
8004,M5,log_ridge_smear,share_40s,2
8004,M5,log_ridge_smear,share_50s,2
8004,M5,log_ridge_smear,female_share,2
8004,M5,log_ridge_smear,hh1_share,2
8004,M5,log_ridge_smear,hh2_share,2
8004,M5,log_ridge_smear,log_est_per_population,3
8004,M5,log_ridge_smear,log_emp_per_population,3
8004,M5,log_ridge_smear,est_share_G,4
8004,M5,log_ridge_smear,est_share_I,4
8004,M5,log_ridge_smear,emp_share_G,4
8004,M5,log_ridge_smear,emp_share_I,4
8004,M5,log_ridge_smear,emp_share_C,4
8004,M5,log_ridge_smear,emp_share_M,4
8004,M5,log_ridge_smear,log_inflow_per_population,5
8004,M5,log_ridge_smear,log_in_out_ratio,5
8004,M6,log_ridge_smear,log_population,1
8004,M6,log_ridge_smear,share_u20,2
8004,M6,log_ridge_smear,share_20s,2
8004,M6,log_ridge_smear,share_30s,2
8004,M6,log_ridge_smear,share_40s,2
8004,M6,log_ridge_smear,share_50s,2
8004,M6,log_ridge_smear,female_share,2
8004,M6,log_ridge_smear,hh1_share,2
8004,M6,log_ridge_smear,hh2_share,2
8004,M6,log_ridge_smear,log_est_per_population,3
8004,M6,log_ridge_smear,log_emp_per_population,3
8004,M6,log_ridge_smear,est_share_G,4
8004,M6,log_ridge_smear,est_share_I,4
8004,M6,log_ridge_smear,emp_share_G,4
8004,M6,log_ridge_smear,emp_share_I,4
8004,M6,log_ridge_smear,emp_share_C,4
8004,M6,log_ridge_smear,emp_share_M,4
8004,M6,log_ridge_smear,log_inflow_per_population,5
8004,M6,log_ridge_smear,log_in_out_ratio,5
8004,M6,log_ridge_smear,supply_narrow_8004,6
8004,M7,log_ridge_smear,log_population,1
8004,M7,log_ridge_smear,share_u20,2
8004,M7,log_ridge_smear,share_20s,2
8004,M7,log_ridge_smear,share_30s,2
8004,M7,log_ridge_smear,share_40s,2
8004,M7,log_ridge_smear,share_50s,2
8004,M7,log_ridge_smear,female_share,2
8004,M7,log_ridge_smear,hh1_share,2
8004,M7,log_ridge_smear,hh2_share,2
8004,M7,log_ridge_smear,log_est_per_population,3
8004,M7,log_ridge_smear,log_emp_per_population,3
8004,M7,log_ridge_smear,est_share_G,4
8004,M7,log_ridge_smear,est_share_I,4
8004,M7,log_ridge_smear,emp_share_G,4
8004,M7,log_ridge_smear,emp_share_I,4
8004,M7,log_ridge_smear,emp_share_C,4
8004,M7,log_ridge_smear,emp_share_M,4
8004,M7,log_ridge_smear,log_inflow_per_population,5
8004,M7,log_ridge_smear,log_in_out_ratio,5
8004,M7,log_ridge_smear,supply_narrow_8004,6
8004,M7,log_ridge_smear,log_residence_mean_pay,7
8004,M7,log_ridge_smear,residence_filer_population_ratio,7
8004,M7,log_ridge_smear,residence_parent_shared,7
8004,M8,log_ridge_smear,log_population,1
8004,M8,log_ridge_smear,share_u20,2
8004,M8,log_ridge_smear,share_20s,2
8004,M8,log_ridge_smear,share_30s,2
8004,M8,log_ridge_smear,share_40s,2
8004,M8,log_ridge_smear,share_50s,2
8004,M8,log_ridge_smear,female_share,2
8004,M8,log_ridge_smear,hh1_share,2
8004,M8,log_ridge_smear,hh2_share,2
8004,M8,log_ridge_smear,log_est_per_population,3
8004,M8,log_ridge_smear,log_emp_per_population,3
8004,M8,log_ridge_smear,est_share_G,4
8004,M8,log_ridge_smear,est_share_I,4
8004,M8,log_ridge_smear,emp_share_G,4
8004,M8,log_ridge_smear,emp_share_I,4
8004,M8,log_ridge_smear,emp_share_C,4
8004,M8,log_ridge_smear,emp_share_M,4
8004,M8,log_ridge_smear,log_inflow_per_population,5
8004,M8,log_ridge_smear,log_in_out_ratio,5
8004,M8,log_ridge_smear,supply_narrow_8004,6
8004,M8,log_ridge_smear,log_residence_mean_pay,7
8004,M8,log_ridge_smear,residence_filer_population_ratio,7
8004,M8,log_ridge_smear,residence_parent_shared,7
8004,M8,log_ridge_smear,log_population_density,8
8004,M8,log_ridge_smear,land_building_share,8
8004,M8,log_ridge_smear,land_factory_share,8
8004,M8,log_ridge_smear,land_farm_forest_share,8
8004,M8,log_ridge_smear,urban_area_ratio,8
8004,M8,log_ridge_smear,urban_population_ratio,8
8004,M8,log_ridge_smear,urban_residential_share,8
8004,M8,log_ridge_smear,urban_commercial_share,8
8004,M8,log_ridge_smear,urban_industrial_share,8
8004,M8,log_ridge_smear,urban_parent_shared,8
8004,M8,log_ridge_smear,admin_type,8
8004,M9,log_ridge_smear,log_population,1
8004,M9,log_ridge_smear,share_u20,2
8004,M9,log_ridge_smear,share_20s,2
8004,M9,log_ridge_smear,share_30s,2
8004,M9,log_ridge_smear,share_40s,2
8004,M9,log_ridge_smear,share_50s,2
8004,M9,log_ridge_smear,female_share,2
8004,M9,log_ridge_smear,hh1_share,2
8004,M9,log_ridge_smear,hh2_share,2
8004,M9,log_ridge_smear,log_est_per_population,3
8004,M9,log_ridge_smear,log_emp_per_population,3
8004,M9,log_ridge_smear,est_share_G,4
8004,M9,log_ridge_smear,est_share_I,4
8004,M9,log_ridge_smear,emp_share_G,4
8004,M9,log_ridge_smear,emp_share_I,4
8004,M9,log_ridge_smear,emp_share_C,4
8004,M9,log_ridge_smear,emp_share_M,4
8004,M9,log_ridge_smear,log_inflow_per_population,5
8004,M9,log_ridge_smear,log_in_out_ratio,5
8004,M9,log_ridge_smear,supply_narrow_8004,6
8004,M9,log_ridge_smear,log_residence_mean_pay,7
8004,M9,log_ridge_smear,residence_filer_population_ratio,7
8004,M9,log_ridge_smear,residence_parent_shared,7
8004,M9,log_ridge_smear,log_population_density,8
8004,M9,log_ridge_smear,land_building_share,8
8004,M9,log_ridge_smear,land_factory_share,8
8004,M9,log_ridge_smear,land_farm_forest_share,8
8004,M9,log_ridge_smear,urban_area_ratio,8
8004,M9,log_ridge_smear,urban_population_ratio,8
8004,M9,log_ridge_smear,urban_residential_share,8
8004,M9,log_ridge_smear,urban_commercial_share,8
8004,M9,log_ridge_smear,urban_industrial_share,8
8004,M9,log_ridge_smear,urban_parent_shared,8
8004,M9,log_ridge_smear,admin_type,8
8004,M9,log_ridge_smear,SIDO_NM,9
8004,without_M1,log_ridge_smear,share_u20,2
8004,without_M1,log_ridge_smear,share_20s,2
8004,without_M1,log_ridge_smear,share_30s,2
8004,without_M1,log_ridge_smear,share_40s,2
8004,without_M1,log_ridge_smear,share_50s,2
8004,without_M1,log_ridge_smear,female_share,2
8004,without_M1,log_ridge_smear,hh1_share,2
8004,without_M1,log_ridge_smear,hh2_share,2
8004,without_M1,log_ridge_smear,log_est_per_population,3
8004,without_M1,log_ridge_smear,log_emp_per_population,3
8004,without_M1,log_ridge_smear,est_share_G,4
8004,without_M1,log_ridge_smear,est_share_I,4
8004,without_M1,log_ridge_smear,emp_share_G,4
8004,without_M1,log_ridge_smear,emp_share_I,4
8004,without_M1,log_ridge_smear,emp_share_C,4
8004,without_M1,log_ridge_smear,emp_share_M,4
8004,without_M1,log_ridge_smear,log_inflow_per_population,5
8004,without_M1,log_ridge_smear,log_in_out_ratio,5
8004,without_M1,log_ridge_smear,supply_narrow_8004,6
8004,without_M1,log_ridge_smear,log_residence_mean_pay,7
8004,without_M1,log_ridge_smear,residence_filer_population_ratio,7
8004,without_M1,log_ridge_smear,residence_parent_shared,7
8004,without_M1,log_ridge_smear,log_population_density,8
8004,without_M1,log_ridge_smear,land_building_share,8
8004,without_M1,log_ridge_smear,land_factory_share,8
8004,without_M1,log_ridge_smear,land_farm_forest_share,8
8004,without_M1,log_ridge_smear,urban_area_ratio,8
8004,without_M1,log_ridge_smear,urban_population_ratio,8
8004,without_M1,log_ridge_smear,urban_residential_share,8
8004,without_M1,log_ridge_smear,urban_commercial_share,8
8004,without_M1,log_ridge_smear,urban_industrial_share,8
8004,without_M1,log_ridge_smear,urban_parent_shared,8
8004,without_M1,log_ridge_smear,admin_type,8
8004,without_M1,log_ridge_smear,SIDO_NM,9
8004,without_M2,log_ridge_smear,log_population,1
8004,without_M2,log_ridge_smear,log_est_per_population,3
8004,without_M2,log_ridge_smear,log_emp_per_population,3
8004,without_M2,log_ridge_smear,est_share_G,4
8004,without_M2,log_ridge_smear,est_share_I,4
8004,without_M2,log_ridge_smear,emp_share_G,4
8004,without_M2,log_ridge_smear,emp_share_I,4
8004,without_M2,log_ridge_smear,emp_share_C,4
8004,without_M2,log_ridge_smear,emp_share_M,4
8004,without_M2,log_ridge_smear,log_inflow_per_population,5
8004,without_M2,log_ridge_smear,log_in_out_ratio,5
8004,without_M2,log_ridge_smear,supply_narrow_8004,6
8004,without_M2,log_ridge_smear,log_residence_mean_pay,7
8004,without_M2,log_ridge_smear,residence_filer_population_ratio,7
8004,without_M2,log_ridge_smear,residence_parent_shared,7
8004,without_M2,log_ridge_smear,log_population_density,8
8004,without_M2,log_ridge_smear,land_building_share,8
8004,without_M2,log_ridge_smear,land_factory_share,8
8004,without_M2,log_ridge_smear,land_farm_forest_share,8
8004,without_M2,log_ridge_smear,urban_area_ratio,8
8004,without_M2,log_ridge_smear,urban_population_ratio,8
8004,without_M2,log_ridge_smear,urban_residential_share,8
8004,without_M2,log_ridge_smear,urban_commercial_share,8
8004,without_M2,log_ridge_smear,urban_industrial_share,8
8004,without_M2,log_ridge_smear,urban_parent_shared,8
8004,without_M2,log_ridge_smear,admin_type,8
8004,without_M2,log_ridge_smear,SIDO_NM,9
8004,without_M3,log_ridge_smear,log_population,1
8004,without_M3,log_ridge_smear,share_u20,2
8004,without_M3,log_ridge_smear,share_20s,2
8004,without_M3,log_ridge_smear,share_30s,2
8004,without_M3,log_ridge_smear,share_40s,2
8004,without_M3,log_ridge_smear,share_50s,2
8004,without_M3,log_ridge_smear,female_share,2
8004,without_M3,log_ridge_smear,hh1_share,2
8004,without_M3,log_ridge_smear,hh2_share,2
8004,without_M3,log_ridge_smear,est_share_G,4
8004,without_M3,log_ridge_smear,est_share_I,4
8004,without_M3,log_ridge_smear,emp_share_G,4
8004,without_M3,log_ridge_smear,emp_share_I,4
8004,without_M3,log_ridge_smear,emp_share_C,4
8004,without_M3,log_ridge_smear,emp_share_M,4
8004,without_M3,log_ridge_smear,log_inflow_per_population,5
8004,without_M3,log_ridge_smear,log_in_out_ratio,5
8004,without_M3,log_ridge_smear,supply_narrow_8004,6
8004,without_M3,log_ridge_smear,log_residence_mean_pay,7
8004,without_M3,log_ridge_smear,residence_filer_population_ratio,7
8004,without_M3,log_ridge_smear,residence_parent_shared,7
8004,without_M3,log_ridge_smear,log_population_density,8
8004,without_M3,log_ridge_smear,land_building_share,8
8004,without_M3,log_ridge_smear,land_factory_share,8
8004,without_M3,log_ridge_smear,land_farm_forest_share,8
8004,without_M3,log_ridge_smear,urban_area_ratio,8
8004,without_M3,log_ridge_smear,urban_population_ratio,8
8004,without_M3,log_ridge_smear,urban_residential_share,8
8004,without_M3,log_ridge_smear,urban_commercial_share,8
8004,without_M3,log_ridge_smear,urban_industrial_share,8
8004,without_M3,log_ridge_smear,urban_parent_shared,8
8004,without_M3,log_ridge_smear,admin_type,8
8004,without_M3,log_ridge_smear,SIDO_NM,9
8004,without_M4,log_ridge_smear,log_population,1
8004,without_M4,log_ridge_smear,share_u20,2
8004,without_M4,log_ridge_smear,share_20s,2
8004,without_M4,log_ridge_smear,share_30s,2
8004,without_M4,log_ridge_smear,share_40s,2
8004,without_M4,log_ridge_smear,share_50s,2
8004,without_M4,log_ridge_smear,female_share,2
8004,without_M4,log_ridge_smear,hh1_share,2
8004,without_M4,log_ridge_smear,hh2_share,2
8004,without_M4,log_ridge_smear,log_est_per_population,3
8004,without_M4,log_ridge_smear,log_emp_per_population,3
8004,without_M4,log_ridge_smear,log_inflow_per_population,5
8004,without_M4,log_ridge_smear,log_in_out_ratio,5
8004,without_M4,log_ridge_smear,supply_narrow_8004,6
8004,without_M4,log_ridge_smear,log_residence_mean_pay,7
8004,without_M4,log_ridge_smear,residence_filer_population_ratio,7
8004,without_M4,log_ridge_smear,residence_parent_shared,7
8004,without_M4,log_ridge_smear,log_population_density,8
8004,without_M4,log_ridge_smear,land_building_share,8
8004,without_M4,log_ridge_smear,land_factory_share,8
8004,without_M4,log_ridge_smear,land_farm_forest_share,8
8004,without_M4,log_ridge_smear,urban_area_ratio,8
8004,without_M4,log_ridge_smear,urban_population_ratio,8
8004,without_M4,log_ridge_smear,urban_residential_share,8
8004,without_M4,log_ridge_smear,urban_commercial_share,8
8004,without_M4,log_ridge_smear,urban_industrial_share,8
8004,without_M4,log_ridge_smear,urban_parent_shared,8
8004,without_M4,log_ridge_smear,admin_type,8
8004,without_M4,log_ridge_smear,SIDO_NM,9
8004,without_M5,log_ridge_smear,log_population,1
8004,without_M5,log_ridge_smear,share_u20,2
8004,without_M5,log_ridge_smear,share_20s,2
8004,without_M5,log_ridge_smear,share_30s,2
8004,without_M5,log_ridge_smear,share_40s,2
8004,without_M5,log_ridge_smear,share_50s,2
8004,without_M5,log_ridge_smear,female_share,2
8004,without_M5,log_ridge_smear,hh1_share,2
8004,without_M5,log_ridge_smear,hh2_share,2
8004,without_M5,log_ridge_smear,log_est_per_population,3
8004,without_M5,log_ridge_smear,log_emp_per_population,3
8004,without_M5,log_ridge_smear,est_share_G,4
8004,without_M5,log_ridge_smear,est_share_I,4
8004,without_M5,log_ridge_smear,emp_share_G,4
8004,without_M5,log_ridge_smear,emp_share_I,4
8004,without_M5,log_ridge_smear,emp_share_C,4
8004,without_M5,log_ridge_smear,emp_share_M,4
8004,without_M5,log_ridge_smear,supply_narrow_8004,6
8004,without_M5,log_ridge_smear,log_residence_mean_pay,7
8004,without_M5,log_ridge_smear,residence_filer_population_ratio,7
8004,without_M5,log_ridge_smear,residence_parent_shared,7
8004,without_M5,log_ridge_smear,log_population_density,8
8004,without_M5,log_ridge_smear,land_building_share,8
8004,without_M5,log_ridge_smear,land_factory_share,8
8004,without_M5,log_ridge_smear,land_farm_forest_share,8
8004,without_M5,log_ridge_smear,urban_area_ratio,8
8004,without_M5,log_ridge_smear,urban_population_ratio,8
8004,without_M5,log_ridge_smear,urban_residential_share,8
8004,without_M5,log_ridge_smear,urban_commercial_share,8
8004,without_M5,log_ridge_smear,urban_industrial_share,8
8004,without_M5,log_ridge_smear,urban_parent_shared,8
8004,without_M5,log_ridge_smear,admin_type,8
8004,without_M5,log_ridge_smear,SIDO_NM,9
8004,without_M6,log_ridge_smear,log_population,1
8004,without_M6,log_ridge_smear,share_u20,2
8004,without_M6,log_ridge_smear,share_20s,2
8004,without_M6,log_ridge_smear,share_30s,2
8004,without_M6,log_ridge_smear,share_40s,2
8004,without_M6,log_ridge_smear,share_50s,2
8004,without_M6,log_ridge_smear,female_share,2
8004,without_M6,log_ridge_smear,hh1_share,2
8004,without_M6,log_ridge_smear,hh2_share,2
8004,without_M6,log_ridge_smear,log_est_per_population,3
8004,without_M6,log_ridge_smear,log_emp_per_population,3
8004,without_M6,log_ridge_smear,est_share_G,4
8004,without_M6,log_ridge_smear,est_share_I,4
8004,without_M6,log_ridge_smear,emp_share_G,4
8004,without_M6,log_ridge_smear,emp_share_I,4
8004,without_M6,log_ridge_smear,emp_share_C,4
8004,without_M6,log_ridge_smear,emp_share_M,4
8004,without_M6,log_ridge_smear,log_inflow_per_population,5
8004,without_M6,log_ridge_smear,log_in_out_ratio,5
8004,without_M6,log_ridge_smear,log_residence_mean_pay,7
8004,without_M6,log_ridge_smear,residence_filer_population_ratio,7
8004,without_M6,log_ridge_smear,residence_parent_shared,7
8004,without_M6,log_ridge_smear,log_population_density,8
8004,without_M6,log_ridge_smear,land_building_share,8
8004,without_M6,log_ridge_smear,land_factory_share,8
8004,without_M6,log_ridge_smear,land_farm_forest_share,8
8004,without_M6,log_ridge_smear,urban_area_ratio,8
8004,without_M6,log_ridge_smear,urban_population_ratio,8
8004,without_M6,log_ridge_smear,urban_residential_share,8
8004,without_M6,log_ridge_smear,urban_commercial_share,8
8004,without_M6,log_ridge_smear,urban_industrial_share,8
8004,without_M6,log_ridge_smear,urban_parent_shared,8
8004,without_M6,log_ridge_smear,admin_type,8
8004,without_M6,log_ridge_smear,SIDO_NM,9
8004,without_M7,log_ridge_smear,log_population,1
8004,without_M7,log_ridge_smear,share_u20,2
8004,without_M7,log_ridge_smear,share_20s,2
8004,without_M7,log_ridge_smear,share_30s,2
8004,without_M7,log_ridge_smear,share_40s,2
8004,without_M7,log_ridge_smear,share_50s,2
8004,without_M7,log_ridge_smear,female_share,2
8004,without_M7,log_ridge_smear,hh1_share,2
8004,without_M7,log_ridge_smear,hh2_share,2
8004,without_M7,log_ridge_smear,log_est_per_population,3
8004,without_M7,log_ridge_smear,log_emp_per_population,3
8004,without_M7,log_ridge_smear,est_share_G,4
8004,without_M7,log_ridge_smear,est_share_I,4
8004,without_M7,log_ridge_smear,emp_share_G,4
8004,without_M7,log_ridge_smear,emp_share_I,4
8004,without_M7,log_ridge_smear,emp_share_C,4
8004,without_M7,log_ridge_smear,emp_share_M,4
8004,without_M7,log_ridge_smear,log_inflow_per_population,5
8004,without_M7,log_ridge_smear,log_in_out_ratio,5
8004,without_M7,log_ridge_smear,supply_narrow_8004,6
8004,without_M7,log_ridge_smear,log_population_density,8
8004,without_M7,log_ridge_smear,land_building_share,8
8004,without_M7,log_ridge_smear,land_factory_share,8
8004,without_M7,log_ridge_smear,land_farm_forest_share,8
8004,without_M7,log_ridge_smear,urban_area_ratio,8
8004,without_M7,log_ridge_smear,urban_population_ratio,8
8004,without_M7,log_ridge_smear,urban_residential_share,8
8004,without_M7,log_ridge_smear,urban_commercial_share,8
8004,without_M7,log_ridge_smear,urban_industrial_share,8
8004,without_M7,log_ridge_smear,urban_parent_shared,8
8004,without_M7,log_ridge_smear,admin_type,8
8004,without_M7,log_ridge_smear,SIDO_NM,9
8004,without_M8,log_ridge_smear,log_population,1
8004,without_M8,log_ridge_smear,share_u20,2
8004,without_M8,log_ridge_smear,share_20s,2
8004,without_M8,log_ridge_smear,share_30s,2
8004,without_M8,log_ridge_smear,share_40s,2
8004,without_M8,log_ridge_smear,share_50s,2
8004,without_M8,log_ridge_smear,female_share,2
8004,without_M8,log_ridge_smear,hh1_share,2
8004,without_M8,log_ridge_smear,hh2_share,2
8004,without_M8,log_ridge_smear,log_est_per_population,3
8004,without_M8,log_ridge_smear,log_emp_per_population,3
8004,without_M8,log_ridge_smear,est_share_G,4
8004,without_M8,log_ridge_smear,est_share_I,4
8004,without_M8,log_ridge_smear,emp_share_G,4
8004,without_M8,log_ridge_smear,emp_share_I,4
8004,without_M8,log_ridge_smear,emp_share_C,4
8004,without_M8,log_ridge_smear,emp_share_M,4
8004,without_M8,log_ridge_smear,log_inflow_per_population,5
8004,without_M8,log_ridge_smear,log_in_out_ratio,5
8004,without_M8,log_ridge_smear,supply_narrow_8004,6
8004,without_M8,log_ridge_smear,log_residence_mean_pay,7
8004,without_M8,log_ridge_smear,residence_filer_population_ratio,7
8004,without_M8,log_ridge_smear,residence_parent_shared,7
8004,without_M8,log_ridge_smear,SIDO_NM,9
8004,without_M9,log_ridge_smear,log_population,1
8004,without_M9,log_ridge_smear,share_u20,2
8004,without_M9,log_ridge_smear,share_20s,2
8004,without_M9,log_ridge_smear,share_30s,2
8004,without_M9,log_ridge_smear,share_40s,2
8004,without_M9,log_ridge_smear,share_50s,2
8004,without_M9,log_ridge_smear,female_share,2
8004,without_M9,log_ridge_smear,hh1_share,2
8004,without_M9,log_ridge_smear,hh2_share,2
8004,without_M9,log_ridge_smear,log_est_per_population,3
8004,without_M9,log_ridge_smear,log_emp_per_population,3
8004,without_M9,log_ridge_smear,est_share_G,4
8004,without_M9,log_ridge_smear,est_share_I,4
8004,without_M9,log_ridge_smear,emp_share_G,4
8004,without_M9,log_ridge_smear,emp_share_I,4
8004,without_M9,log_ridge_smear,emp_share_C,4
8004,without_M9,log_ridge_smear,emp_share_M,4
8004,without_M9,log_ridge_smear,log_inflow_per_population,5
8004,without_M9,log_ridge_smear,log_in_out_ratio,5
8004,without_M9,log_ridge_smear,supply_narrow_8004,6
8004,without_M9,log_ridge_smear,log_residence_mean_pay,7
8004,without_M9,log_ridge_smear,residence_filer_population_ratio,7
8004,without_M9,log_ridge_smear,residence_parent_shared,7
8004,without_M9,log_ridge_smear,log_population_density,8
8004,without_M9,log_ridge_smear,land_building_share,8
8004,without_M9,log_ridge_smear,land_factory_share,8
8004,without_M9,log_ridge_smear,land_farm_forest_share,8
8004,without_M9,log_ridge_smear,urban_area_ratio,8
8004,without_M9,log_ridge_smear,urban_population_ratio,8
8004,without_M9,log_ridge_smear,urban_residential_share,8
8004,without_M9,log_ridge_smear,urban_commercial_share,8
8004,without_M9,log_ridge_smear,urban_industrial_share,8
8004,without_M9,log_ridge_smear,urban_parent_shared,8
8004,without_M9,log_ridge_smear,admin_type,8
8004,M9_workplace,log_ridge_smear,log_population,1
8004,M9_workplace,log_ridge_smear,share_u20,2
8004,M9_workplace,log_ridge_smear,share_20s,2
8004,M9_workplace,log_ridge_smear,share_30s,2
8004,M9_workplace,log_ridge_smear,share_40s,2
8004,M9_workplace,log_ridge_smear,share_50s,2
8004,M9_workplace,log_ridge_smear,female_share,2
8004,M9_workplace,log_ridge_smear,hh1_share,2
8004,M9_workplace,log_ridge_smear,hh2_share,2
8004,M9_workplace,log_ridge_smear,log_est_per_population,3
8004,M9_workplace,log_ridge_smear,log_emp_per_population,3
8004,M9_workplace,log_ridge_smear,est_share_G,4
8004,M9_workplace,log_ridge_smear,est_share_I,4
8004,M9_workplace,log_ridge_smear,emp_share_G,4
8004,M9_workplace,log_ridge_smear,emp_share_I,4
8004,M9_workplace,log_ridge_smear,emp_share_C,4
8004,M9_workplace,log_ridge_smear,emp_share_M,4
8004,M9_workplace,log_ridge_smear,log_inflow_per_population,5
8004,M9_workplace,log_ridge_smear,log_in_out_ratio,5
8004,M9_workplace,log_ridge_smear,supply_narrow_8004,6
8004,M9_workplace,log_ridge_smear,log_residence_mean_pay,7
8004,M9_workplace,log_ridge_smear,residence_filer_population_ratio,7
8004,M9_workplace,log_ridge_smear,residence_parent_shared,7
8004,M9_workplace,log_ridge_smear,log_population_density,8
8004,M9_workplace,log_ridge_smear,land_building_share,8
8004,M9_workplace,log_ridge_smear,land_factory_share,8
8004,M9_workplace,log_ridge_smear,land_farm_forest_share,8
8004,M9_workplace,log_ridge_smear,urban_area_ratio,8
8004,M9_workplace,log_ridge_smear,urban_population_ratio,8
8004,M9_workplace,log_ridge_smear,urban_residential_share,8
8004,M9_workplace,log_ridge_smear,urban_commercial_share,8
8004,M9_workplace,log_ridge_smear,urban_industrial_share,8
8004,M9_workplace,log_ridge_smear,urban_parent_shared,8
8004,M9_workplace,log_ridge_smear,log_workplace_mean_pay,10
8004,M9_workplace,log_ridge_smear,admin_type,8
8004,M9_workplace,log_ridge_smear,SIDO_NM,9
8004,M9_broad_supply,log_ridge_smear,log_population,1
8004,M9_broad_supply,log_ridge_smear,share_u20,2
8004,M9_broad_supply,log_ridge_smear,share_20s,2
8004,M9_broad_supply,log_ridge_smear,share_30s,2
8004,M9_broad_supply,log_ridge_smear,share_40s,2
8004,M9_broad_supply,log_ridge_smear,share_50s,2
8004,M9_broad_supply,log_ridge_smear,female_share,2
8004,M9_broad_supply,log_ridge_smear,hh1_share,2
8004,M9_broad_supply,log_ridge_smear,hh2_share,2
8004,M9_broad_supply,log_ridge_smear,log_est_per_population,3
8004,M9_broad_supply,log_ridge_smear,log_emp_per_population,3
8004,M9_broad_supply,log_ridge_smear,est_share_G,4
8004,M9_broad_supply,log_ridge_smear,est_share_I,4
8004,M9_broad_supply,log_ridge_smear,emp_share_G,4
8004,M9_broad_supply,log_ridge_smear,emp_share_I,4
8004,M9_broad_supply,log_ridge_smear,emp_share_C,4
8004,M9_broad_supply,log_ridge_smear,emp_share_M,4
8004,M9_broad_supply,log_ridge_smear,log_inflow_per_population,5
8004,M9_broad_supply,log_ridge_smear,log_in_out_ratio,5
8004,M9_broad_supply,log_ridge_smear,supply_broad_8004,6
8004,M9_broad_supply,log_ridge_smear,log_residence_mean_pay,7
8004,M9_broad_supply,log_ridge_smear,residence_filer_population_ratio,7
8004,M9_broad_supply,log_ridge_smear,residence_parent_shared,7
8004,M9_broad_supply,log_ridge_smear,log_population_density,8
8004,M9_broad_supply,log_ridge_smear,land_building_share,8
8004,M9_broad_supply,log_ridge_smear,land_factory_share,8
8004,M9_broad_supply,log_ridge_smear,land_farm_forest_share,8
8004,M9_broad_supply,log_ridge_smear,urban_area_ratio,8
8004,M9_broad_supply,log_ridge_smear,urban_population_ratio,8
8004,M9_broad_supply,log_ridge_smear,urban_residential_share,8
8004,M9_broad_supply,log_ridge_smear,urban_commercial_share,8
8004,M9_broad_supply,log_ridge_smear,urban_industrial_share,8
8004,M9_broad_supply,log_ridge_smear,urban_parent_shared,8
8004,M9_broad_supply,log_ridge_smear,admin_type,8
8004,M9_broad_supply,log_ridge_smear,SIDO_NM,9
8004,M9_alpha10,log_ridge_smear,log_population,1
8004,M9_alpha10,log_ridge_smear,share_u20,2
8004,M9_alpha10,log_ridge_smear,share_20s,2
8004,M9_alpha10,log_ridge_smear,share_30s,2
8004,M9_alpha10,log_ridge_smear,share_40s,2
8004,M9_alpha10,log_ridge_smear,share_50s,2
8004,M9_alpha10,log_ridge_smear,female_share,2
8004,M9_alpha10,log_ridge_smear,hh1_share,2
8004,M9_alpha10,log_ridge_smear,hh2_share,2
8004,M9_alpha10,log_ridge_smear,log_est_per_population,3
8004,M9_alpha10,log_ridge_smear,log_emp_per_population,3
8004,M9_alpha10,log_ridge_smear,est_share_G,4
8004,M9_alpha10,log_ridge_smear,est_share_I,4
8004,M9_alpha10,log_ridge_smear,emp_share_G,4
8004,M9_alpha10,log_ridge_smear,emp_share_I,4
8004,M9_alpha10,log_ridge_smear,emp_share_C,4
8004,M9_alpha10,log_ridge_smear,emp_share_M,4
8004,M9_alpha10,log_ridge_smear,log_inflow_per_population,5
8004,M9_alpha10,log_ridge_smear,log_in_out_ratio,5
8004,M9_alpha10,log_ridge_smear,supply_narrow_8004,6
8004,M9_alpha10,log_ridge_smear,log_residence_mean_pay,7
8004,M9_alpha10,log_ridge_smear,residence_filer_population_ratio,7
8004,M9_alpha10,log_ridge_smear,residence_parent_shared,7
8004,M9_alpha10,log_ridge_smear,log_population_density,8
8004,M9_alpha10,log_ridge_smear,land_building_share,8
8004,M9_alpha10,log_ridge_smear,land_factory_share,8
8004,M9_alpha10,log_ridge_smear,land_farm_forest_share,8
8004,M9_alpha10,log_ridge_smear,urban_area_ratio,8
8004,M9_alpha10,log_ridge_smear,urban_population_ratio,8
8004,M9_alpha10,log_ridge_smear,urban_residential_share,8
8004,M9_alpha10,log_ridge_smear,urban_commercial_share,8
8004,M9_alpha10,log_ridge_smear,urban_industrial_share,8
8004,M9_alpha10,log_ridge_smear,urban_parent_shared,8
8004,M9_alpha10,log_ridge_smear,admin_type,8
8004,M9_alpha10,log_ridge_smear,SIDO_NM,9
8004,M9_taxable_pay,log_ridge_smear,log_population,1
8004,M9_taxable_pay,log_ridge_smear,share_u20,2
8004,M9_taxable_pay,log_ridge_smear,share_20s,2
8004,M9_taxable_pay,log_ridge_smear,share_30s,2
8004,M9_taxable_pay,log_ridge_smear,share_40s,2
8004,M9_taxable_pay,log_ridge_smear,share_50s,2
8004,M9_taxable_pay,log_ridge_smear,female_share,2
8004,M9_taxable_pay,log_ridge_smear,hh1_share,2
8004,M9_taxable_pay,log_ridge_smear,hh2_share,2
8004,M9_taxable_pay,log_ridge_smear,log_est_per_population,3
8004,M9_taxable_pay,log_ridge_smear,log_emp_per_population,3
8004,M9_taxable_pay,log_ridge_smear,est_share_G,4
8004,M9_taxable_pay,log_ridge_smear,est_share_I,4
8004,M9_taxable_pay,log_ridge_smear,emp_share_G,4
8004,M9_taxable_pay,log_ridge_smear,emp_share_I,4
8004,M9_taxable_pay,log_ridge_smear,emp_share_C,4
8004,M9_taxable_pay,log_ridge_smear,emp_share_M,4
8004,M9_taxable_pay,log_ridge_smear,log_inflow_per_population,5
8004,M9_taxable_pay,log_ridge_smear,log_in_out_ratio,5
8004,M9_taxable_pay,log_ridge_smear,supply_narrow_8004,6
8004,M9_taxable_pay,log_ridge_smear,log_residence_mean_tax_pay,9
8004,M9_taxable_pay,log_ridge_smear,residence_filer_population_ratio,7
8004,M9_taxable_pay,log_ridge_smear,residence_parent_shared,7
8004,M9_taxable_pay,log_ridge_smear,log_population_density,8
8004,M9_taxable_pay,log_ridge_smear,land_building_share,8
8004,M9_taxable_pay,log_ridge_smear,land_factory_share,8
8004,M9_taxable_pay,log_ridge_smear,land_farm_forest_share,8
8004,M9_taxable_pay,log_ridge_smear,urban_area_ratio,8
8004,M9_taxable_pay,log_ridge_smear,urban_population_ratio,8
8004,M9_taxable_pay,log_ridge_smear,urban_residential_share,8
8004,M9_taxable_pay,log_ridge_smear,urban_commercial_share,8
8004,M9_taxable_pay,log_ridge_smear,urban_industrial_share,8
8004,M9_taxable_pay,log_ridge_smear,urban_parent_shared,8
8004,M9_taxable_pay,log_ridge_smear,admin_type,8
8004,M9_taxable_pay,log_ridge_smear,SIDO_NM,9
8004,M1,raw_ridge,population,1
8004,M2,raw_ridge,population,1
8004,M2,raw_ridge,share_u20,2
8004,M2,raw_ridge,share_20s,2
8004,M2,raw_ridge,share_30s,2
8004,M2,raw_ridge,share_40s,2
8004,M2,raw_ridge,share_50s,2
8004,M2,raw_ridge,female_share,2
8004,M2,raw_ridge,hh1_share,2
8004,M2,raw_ridge,hh2_share,2
8004,M3,raw_ridge,population,1
8004,M3,raw_ridge,share_u20,2
8004,M3,raw_ridge,share_20s,2
8004,M3,raw_ridge,share_30s,2
8004,M3,raw_ridge,share_40s,2
8004,M3,raw_ridge,share_50s,2
8004,M3,raw_ridge,female_share,2
8004,M3,raw_ridge,hh1_share,2
8004,M3,raw_ridge,hh2_share,2
8004,M3,raw_ridge,est_0,3
8004,M3,raw_ridge,emp_0,3
8004,M4,raw_ridge,population,1
8004,M4,raw_ridge,share_u20,2
8004,M4,raw_ridge,share_20s,2
8004,M4,raw_ridge,share_30s,2
8004,M4,raw_ridge,share_40s,2
8004,M4,raw_ridge,share_50s,2
8004,M4,raw_ridge,female_share,2
8004,M4,raw_ridge,hh1_share,2
8004,M4,raw_ridge,hh2_share,2
8004,M4,raw_ridge,est_0,3
8004,M4,raw_ridge,emp_0,3
8004,M4,raw_ridge,est_share_G,4
8004,M4,raw_ridge,est_share_I,4
8004,M4,raw_ridge,emp_share_G,4
8004,M4,raw_ridge,emp_share_I,4
8004,M4,raw_ridge,emp_share_C,4
8004,M4,raw_ridge,emp_share_M,4
8004,M5,raw_ridge,population,1
8004,M5,raw_ridge,share_u20,2
8004,M5,raw_ridge,share_20s,2
8004,M5,raw_ridge,share_30s,2
8004,M5,raw_ridge,share_40s,2
8004,M5,raw_ridge,share_50s,2
8004,M5,raw_ridge,female_share,2
8004,M5,raw_ridge,hh1_share,2
8004,M5,raw_ridge,hh2_share,2
8004,M5,raw_ridge,est_0,3
8004,M5,raw_ridge,emp_0,3
8004,M5,raw_ridge,est_share_G,4
8004,M5,raw_ridge,est_share_I,4
8004,M5,raw_ridge,emp_share_G,4
8004,M5,raw_ridge,emp_share_I,4
8004,M5,raw_ridge,emp_share_C,4
8004,M5,raw_ridge,emp_share_M,4
8004,M5,raw_ridge,inflow,5
8004,M5,raw_ridge,outflow,5
8004,M9,raw_ridge,population,1
8004,M9,raw_ridge,share_u20,2
8004,M9,raw_ridge,share_20s,2
8004,M9,raw_ridge,share_30s,2
8004,M9,raw_ridge,share_40s,2
8004,M9,raw_ridge,share_50s,2
8004,M9,raw_ridge,female_share,2
8004,M9,raw_ridge,hh1_share,2
8004,M9,raw_ridge,hh2_share,2
8004,M9,raw_ridge,est_0,3
8004,M9,raw_ridge,emp_0,3
8004,M9,raw_ridge,est_share_G,4
8004,M9,raw_ridge,est_share_I,4
8004,M9,raw_ridge,emp_share_G,4
8004,M9,raw_ridge,emp_share_I,4
8004,M9,raw_ridge,emp_share_C,4
8004,M9,raw_ridge,emp_share_M,4
8004,M9,raw_ridge,inflow,5
8004,M9,raw_ridge,outflow,5
8004,M9,raw_ridge,supply_narrow_8004,6
8004,M9,raw_ridge,log_residence_mean_pay,7
8004,M9,raw_ridge,residence_filer_population_ratio,7
8004,M9,raw_ridge,residence_parent_shared,7
8004,M9,raw_ridge,log_population_density,8
8004,M9,raw_ridge,land_building_share,8
8004,M9,raw_ridge,land_factory_share,8
8004,M9,raw_ridge,land_farm_forest_share,8
8004,M9,raw_ridge,urban_area_ratio,8
8004,M9,raw_ridge,urban_population_ratio,8
8004,M9,raw_ridge,urban_residential_share,8
8004,M9,raw_ridge,urban_commercial_share,8
8004,M9,raw_ridge,urban_industrial_share,8
8004,M9,raw_ridge,urban_parent_shared,8
8004,M9,raw_ridge,admin_type,8
8004,M9,raw_ridge,SIDO_NM,9
8005,M1,log_ridge_smear,log_population,1
8005,M2,log_ridge_smear,log_population,1
8005,M2,log_ridge_smear,share_u20,2
8005,M2,log_ridge_smear,share_20s,2
8005,M2,log_ridge_smear,share_30s,2
8005,M2,log_ridge_smear,share_40s,2
8005,M2,log_ridge_smear,share_50s,2
8005,M2,log_ridge_smear,female_share,2
8005,M2,log_ridge_smear,hh1_share,2
8005,M2,log_ridge_smear,hh2_share,2
8005,M3,log_ridge_smear,log_population,1
8005,M3,log_ridge_smear,share_u20,2
8005,M3,log_ridge_smear,share_20s,2
8005,M3,log_ridge_smear,share_30s,2
8005,M3,log_ridge_smear,share_40s,2
8005,M3,log_ridge_smear,share_50s,2
8005,M3,log_ridge_smear,female_share,2
8005,M3,log_ridge_smear,hh1_share,2
8005,M3,log_ridge_smear,hh2_share,2
8005,M3,log_ridge_smear,log_est_per_population,3
8005,M3,log_ridge_smear,log_emp_per_population,3
8005,M4,log_ridge_smear,log_population,1
8005,M4,log_ridge_smear,share_u20,2
8005,M4,log_ridge_smear,share_20s,2
8005,M4,log_ridge_smear,share_30s,2
8005,M4,log_ridge_smear,share_40s,2
8005,M4,log_ridge_smear,share_50s,2
8005,M4,log_ridge_smear,female_share,2
8005,M4,log_ridge_smear,hh1_share,2
8005,M4,log_ridge_smear,hh2_share,2
8005,M4,log_ridge_smear,log_est_per_population,3
8005,M4,log_ridge_smear,log_emp_per_population,3
8005,M4,log_ridge_smear,est_share_G,4
8005,M4,log_ridge_smear,est_share_I,4
8005,M4,log_ridge_smear,emp_share_G,4
8005,M4,log_ridge_smear,emp_share_I,4
8005,M4,log_ridge_smear,emp_share_C,4
8005,M4,log_ridge_smear,emp_share_M,4
8005,M5,log_ridge_smear,log_population,1
8005,M5,log_ridge_smear,share_u20,2
8005,M5,log_ridge_smear,share_20s,2
8005,M5,log_ridge_smear,share_30s,2
8005,M5,log_ridge_smear,share_40s,2
8005,M5,log_ridge_smear,share_50s,2
8005,M5,log_ridge_smear,female_share,2
8005,M5,log_ridge_smear,hh1_share,2
8005,M5,log_ridge_smear,hh2_share,2
8005,M5,log_ridge_smear,log_est_per_population,3
8005,M5,log_ridge_smear,log_emp_per_population,3
8005,M5,log_ridge_smear,est_share_G,4
8005,M5,log_ridge_smear,est_share_I,4
8005,M5,log_ridge_smear,emp_share_G,4
8005,M5,log_ridge_smear,emp_share_I,4
8005,M5,log_ridge_smear,emp_share_C,4
8005,M5,log_ridge_smear,emp_share_M,4
8005,M5,log_ridge_smear,log_inflow_per_population,5
8005,M5,log_ridge_smear,log_in_out_ratio,5
8005,M6,log_ridge_smear,log_population,1
8005,M6,log_ridge_smear,share_u20,2
8005,M6,log_ridge_smear,share_20s,2
8005,M6,log_ridge_smear,share_30s,2
8005,M6,log_ridge_smear,share_40s,2
8005,M6,log_ridge_smear,share_50s,2
8005,M6,log_ridge_smear,female_share,2
8005,M6,log_ridge_smear,hh1_share,2
8005,M6,log_ridge_smear,hh2_share,2
8005,M6,log_ridge_smear,log_est_per_population,3
8005,M6,log_ridge_smear,log_emp_per_population,3
8005,M6,log_ridge_smear,est_share_G,4
8005,M6,log_ridge_smear,est_share_I,4
8005,M6,log_ridge_smear,emp_share_G,4
8005,M6,log_ridge_smear,emp_share_I,4
8005,M6,log_ridge_smear,emp_share_C,4
8005,M6,log_ridge_smear,emp_share_M,4
8005,M6,log_ridge_smear,log_inflow_per_population,5
8005,M6,log_ridge_smear,log_in_out_ratio,5
8005,M6,log_ridge_smear,supply_narrow_8005,6
8005,M7,log_ridge_smear,log_population,1
8005,M7,log_ridge_smear,share_u20,2
8005,M7,log_ridge_smear,share_20s,2
8005,M7,log_ridge_smear,share_30s,2
8005,M7,log_ridge_smear,share_40s,2
8005,M7,log_ridge_smear,share_50s,2
8005,M7,log_ridge_smear,female_share,2
8005,M7,log_ridge_smear,hh1_share,2
8005,M7,log_ridge_smear,hh2_share,2
8005,M7,log_ridge_smear,log_est_per_population,3
8005,M7,log_ridge_smear,log_emp_per_population,3
8005,M7,log_ridge_smear,est_share_G,4
8005,M7,log_ridge_smear,est_share_I,4
8005,M7,log_ridge_smear,emp_share_G,4
8005,M7,log_ridge_smear,emp_share_I,4
8005,M7,log_ridge_smear,emp_share_C,4
8005,M7,log_ridge_smear,emp_share_M,4
8005,M7,log_ridge_smear,log_inflow_per_population,5
8005,M7,log_ridge_smear,log_in_out_ratio,5
8005,M7,log_ridge_smear,supply_narrow_8005,6
8005,M7,log_ridge_smear,log_residence_mean_pay,7
8005,M7,log_ridge_smear,residence_filer_population_ratio,7
8005,M7,log_ridge_smear,residence_parent_shared,7
8005,M8,log_ridge_smear,log_population,1
8005,M8,log_ridge_smear,share_u20,2
8005,M8,log_ridge_smear,share_20s,2
8005,M8,log_ridge_smear,share_30s,2
8005,M8,log_ridge_smear,share_40s,2
8005,M8,log_ridge_smear,share_50s,2
8005,M8,log_ridge_smear,female_share,2
8005,M8,log_ridge_smear,hh1_share,2
8005,M8,log_ridge_smear,hh2_share,2
8005,M8,log_ridge_smear,log_est_per_population,3
8005,M8,log_ridge_smear,log_emp_per_population,3
8005,M8,log_ridge_smear,est_share_G,4
8005,M8,log_ridge_smear,est_share_I,4
8005,M8,log_ridge_smear,emp_share_G,4
8005,M8,log_ridge_smear,emp_share_I,4
8005,M8,log_ridge_smear,emp_share_C,4
8005,M8,log_ridge_smear,emp_share_M,4
8005,M8,log_ridge_smear,log_inflow_per_population,5
8005,M8,log_ridge_smear,log_in_out_ratio,5
8005,M8,log_ridge_smear,supply_narrow_8005,6
8005,M8,log_ridge_smear,log_residence_mean_pay,7
8005,M8,log_ridge_smear,residence_filer_population_ratio,7
8005,M8,log_ridge_smear,residence_parent_shared,7
8005,M8,log_ridge_smear,log_population_density,8
8005,M8,log_ridge_smear,land_building_share,8
8005,M8,log_ridge_smear,land_factory_share,8
8005,M8,log_ridge_smear,land_farm_forest_share,8
8005,M8,log_ridge_smear,urban_area_ratio,8
8005,M8,log_ridge_smear,urban_population_ratio,8
8005,M8,log_ridge_smear,urban_residential_share,8
8005,M8,log_ridge_smear,urban_commercial_share,8
8005,M8,log_ridge_smear,urban_industrial_share,8
8005,M8,log_ridge_smear,urban_parent_shared,8
8005,M8,log_ridge_smear,admin_type,8
8005,M9,log_ridge_smear,log_population,1
8005,M9,log_ridge_smear,share_u20,2
8005,M9,log_ridge_smear,share_20s,2
8005,M9,log_ridge_smear,share_30s,2
8005,M9,log_ridge_smear,share_40s,2
8005,M9,log_ridge_smear,share_50s,2
8005,M9,log_ridge_smear,female_share,2
8005,M9,log_ridge_smear,hh1_share,2
8005,M9,log_ridge_smear,hh2_share,2
8005,M9,log_ridge_smear,log_est_per_population,3
8005,M9,log_ridge_smear,log_emp_per_population,3
8005,M9,log_ridge_smear,est_share_G,4
8005,M9,log_ridge_smear,est_share_I,4
8005,M9,log_ridge_smear,emp_share_G,4
8005,M9,log_ridge_smear,emp_share_I,4
8005,M9,log_ridge_smear,emp_share_C,4
8005,M9,log_ridge_smear,emp_share_M,4
8005,M9,log_ridge_smear,log_inflow_per_population,5
8005,M9,log_ridge_smear,log_in_out_ratio,5
8005,M9,log_ridge_smear,supply_narrow_8005,6
8005,M9,log_ridge_smear,log_residence_mean_pay,7
8005,M9,log_ridge_smear,residence_filer_population_ratio,7
8005,M9,log_ridge_smear,residence_parent_shared,7
8005,M9,log_ridge_smear,log_population_density,8
8005,M9,log_ridge_smear,land_building_share,8
8005,M9,log_ridge_smear,land_factory_share,8
8005,M9,log_ridge_smear,land_farm_forest_share,8
8005,M9,log_ridge_smear,urban_area_ratio,8
8005,M9,log_ridge_smear,urban_population_ratio,8
8005,M9,log_ridge_smear,urban_residential_share,8
8005,M9,log_ridge_smear,urban_commercial_share,8
8005,M9,log_ridge_smear,urban_industrial_share,8
8005,M9,log_ridge_smear,urban_parent_shared,8
8005,M9,log_ridge_smear,admin_type,8
8005,M9,log_ridge_smear,SIDO_NM,9
8005,without_M1,log_ridge_smear,share_u20,2
8005,without_M1,log_ridge_smear,share_20s,2
8005,without_M1,log_ridge_smear,share_30s,2
8005,without_M1,log_ridge_smear,share_40s,2
8005,without_M1,log_ridge_smear,share_50s,2
8005,without_M1,log_ridge_smear,female_share,2
8005,without_M1,log_ridge_smear,hh1_share,2
8005,without_M1,log_ridge_smear,hh2_share,2
8005,without_M1,log_ridge_smear,log_est_per_population,3
8005,without_M1,log_ridge_smear,log_emp_per_population,3
8005,without_M1,log_ridge_smear,est_share_G,4
8005,without_M1,log_ridge_smear,est_share_I,4
8005,without_M1,log_ridge_smear,emp_share_G,4
8005,without_M1,log_ridge_smear,emp_share_I,4
8005,without_M1,log_ridge_smear,emp_share_C,4
8005,without_M1,log_ridge_smear,emp_share_M,4
8005,without_M1,log_ridge_smear,log_inflow_per_population,5
8005,without_M1,log_ridge_smear,log_in_out_ratio,5
8005,without_M1,log_ridge_smear,supply_narrow_8005,6
8005,without_M1,log_ridge_smear,log_residence_mean_pay,7
8005,without_M1,log_ridge_smear,residence_filer_population_ratio,7
8005,without_M1,log_ridge_smear,residence_parent_shared,7
8005,without_M1,log_ridge_smear,log_population_density,8
8005,without_M1,log_ridge_smear,land_building_share,8
8005,without_M1,log_ridge_smear,land_factory_share,8
8005,without_M1,log_ridge_smear,land_farm_forest_share,8
8005,without_M1,log_ridge_smear,urban_area_ratio,8
8005,without_M1,log_ridge_smear,urban_population_ratio,8
8005,without_M1,log_ridge_smear,urban_residential_share,8
8005,without_M1,log_ridge_smear,urban_commercial_share,8
8005,without_M1,log_ridge_smear,urban_industrial_share,8
8005,without_M1,log_ridge_smear,urban_parent_shared,8
8005,without_M1,log_ridge_smear,admin_type,8
8005,without_M1,log_ridge_smear,SIDO_NM,9
8005,without_M2,log_ridge_smear,log_population,1
8005,without_M2,log_ridge_smear,log_est_per_population,3
8005,without_M2,log_ridge_smear,log_emp_per_population,3
8005,without_M2,log_ridge_smear,est_share_G,4
8005,without_M2,log_ridge_smear,est_share_I,4
8005,without_M2,log_ridge_smear,emp_share_G,4
8005,without_M2,log_ridge_smear,emp_share_I,4
8005,without_M2,log_ridge_smear,emp_share_C,4
8005,without_M2,log_ridge_smear,emp_share_M,4
8005,without_M2,log_ridge_smear,log_inflow_per_population,5
8005,without_M2,log_ridge_smear,log_in_out_ratio,5
8005,without_M2,log_ridge_smear,supply_narrow_8005,6
8005,without_M2,log_ridge_smear,log_residence_mean_pay,7
8005,without_M2,log_ridge_smear,residence_filer_population_ratio,7
8005,without_M2,log_ridge_smear,residence_parent_shared,7
8005,without_M2,log_ridge_smear,log_population_density,8
8005,without_M2,log_ridge_smear,land_building_share,8
8005,without_M2,log_ridge_smear,land_factory_share,8
8005,without_M2,log_ridge_smear,land_farm_forest_share,8
8005,without_M2,log_ridge_smear,urban_area_ratio,8
8005,without_M2,log_ridge_smear,urban_population_ratio,8
8005,without_M2,log_ridge_smear,urban_residential_share,8
8005,without_M2,log_ridge_smear,urban_commercial_share,8
8005,without_M2,log_ridge_smear,urban_industrial_share,8
8005,without_M2,log_ridge_smear,urban_parent_shared,8
8005,without_M2,log_ridge_smear,admin_type,8
8005,without_M2,log_ridge_smear,SIDO_NM,9
8005,without_M3,log_ridge_smear,log_population,1
8005,without_M3,log_ridge_smear,share_u20,2
8005,without_M3,log_ridge_smear,share_20s,2
8005,without_M3,log_ridge_smear,share_30s,2
8005,without_M3,log_ridge_smear,share_40s,2
8005,without_M3,log_ridge_smear,share_50s,2
8005,without_M3,log_ridge_smear,female_share,2
8005,without_M3,log_ridge_smear,hh1_share,2
8005,without_M3,log_ridge_smear,hh2_share,2
8005,without_M3,log_ridge_smear,est_share_G,4
8005,without_M3,log_ridge_smear,est_share_I,4
8005,without_M3,log_ridge_smear,emp_share_G,4
8005,without_M3,log_ridge_smear,emp_share_I,4
8005,without_M3,log_ridge_smear,emp_share_C,4
8005,without_M3,log_ridge_smear,emp_share_M,4
8005,without_M3,log_ridge_smear,log_inflow_per_population,5
8005,without_M3,log_ridge_smear,log_in_out_ratio,5
8005,without_M3,log_ridge_smear,supply_narrow_8005,6
8005,without_M3,log_ridge_smear,log_residence_mean_pay,7
8005,without_M3,log_ridge_smear,residence_filer_population_ratio,7
8005,without_M3,log_ridge_smear,residence_parent_shared,7
8005,without_M3,log_ridge_smear,log_population_density,8
8005,without_M3,log_ridge_smear,land_building_share,8
8005,without_M3,log_ridge_smear,land_factory_share,8
8005,without_M3,log_ridge_smear,land_farm_forest_share,8
8005,without_M3,log_ridge_smear,urban_area_ratio,8
8005,without_M3,log_ridge_smear,urban_population_ratio,8
8005,without_M3,log_ridge_smear,urban_residential_share,8
8005,without_M3,log_ridge_smear,urban_commercial_share,8
8005,without_M3,log_ridge_smear,urban_industrial_share,8
8005,without_M3,log_ridge_smear,urban_parent_shared,8
8005,without_M3,log_ridge_smear,admin_type,8
8005,without_M3,log_ridge_smear,SIDO_NM,9
8005,without_M4,log_ridge_smear,log_population,1
8005,without_M4,log_ridge_smear,share_u20,2
8005,without_M4,log_ridge_smear,share_20s,2
8005,without_M4,log_ridge_smear,share_30s,2
8005,without_M4,log_ridge_smear,share_40s,2
8005,without_M4,log_ridge_smear,share_50s,2
8005,without_M4,log_ridge_smear,female_share,2
8005,without_M4,log_ridge_smear,hh1_share,2
8005,without_M4,log_ridge_smear,hh2_share,2
8005,without_M4,log_ridge_smear,log_est_per_population,3
8005,without_M4,log_ridge_smear,log_emp_per_population,3
8005,without_M4,log_ridge_smear,log_inflow_per_population,5
8005,without_M4,log_ridge_smear,log_in_out_ratio,5
8005,without_M4,log_ridge_smear,supply_narrow_8005,6
8005,without_M4,log_ridge_smear,log_residence_mean_pay,7
8005,without_M4,log_ridge_smear,residence_filer_population_ratio,7
8005,without_M4,log_ridge_smear,residence_parent_shared,7
8005,without_M4,log_ridge_smear,log_population_density,8
8005,without_M4,log_ridge_smear,land_building_share,8
8005,without_M4,log_ridge_smear,land_factory_share,8
8005,without_M4,log_ridge_smear,land_farm_forest_share,8
8005,without_M4,log_ridge_smear,urban_area_ratio,8
8005,without_M4,log_ridge_smear,urban_population_ratio,8
8005,without_M4,log_ridge_smear,urban_residential_share,8
8005,without_M4,log_ridge_smear,urban_commercial_share,8
8005,without_M4,log_ridge_smear,urban_industrial_share,8
8005,without_M4,log_ridge_smear,urban_parent_shared,8
8005,without_M4,log_ridge_smear,admin_type,8
8005,without_M4,log_ridge_smear,SIDO_NM,9
8005,without_M5,log_ridge_smear,log_population,1
8005,without_M5,log_ridge_smear,share_u20,2
8005,without_M5,log_ridge_smear,share_20s,2
8005,without_M5,log_ridge_smear,share_30s,2
8005,without_M5,log_ridge_smear,share_40s,2
8005,without_M5,log_ridge_smear,share_50s,2
8005,without_M5,log_ridge_smear,female_share,2
8005,without_M5,log_ridge_smear,hh1_share,2
8005,without_M5,log_ridge_smear,hh2_share,2
8005,without_M5,log_ridge_smear,log_est_per_population,3
8005,without_M5,log_ridge_smear,log_emp_per_population,3
8005,without_M5,log_ridge_smear,est_share_G,4
8005,without_M5,log_ridge_smear,est_share_I,4
8005,without_M5,log_ridge_smear,emp_share_G,4
8005,without_M5,log_ridge_smear,emp_share_I,4
8005,without_M5,log_ridge_smear,emp_share_C,4
8005,without_M5,log_ridge_smear,emp_share_M,4
8005,without_M5,log_ridge_smear,supply_narrow_8005,6
8005,without_M5,log_ridge_smear,log_residence_mean_pay,7
8005,without_M5,log_ridge_smear,residence_filer_population_ratio,7
8005,without_M5,log_ridge_smear,residence_parent_shared,7
8005,without_M5,log_ridge_smear,log_population_density,8
8005,without_M5,log_ridge_smear,land_building_share,8
8005,without_M5,log_ridge_smear,land_factory_share,8
8005,without_M5,log_ridge_smear,land_farm_forest_share,8
8005,without_M5,log_ridge_smear,urban_area_ratio,8
8005,without_M5,log_ridge_smear,urban_population_ratio,8
8005,without_M5,log_ridge_smear,urban_residential_share,8
8005,without_M5,log_ridge_smear,urban_commercial_share,8
8005,without_M5,log_ridge_smear,urban_industrial_share,8
8005,without_M5,log_ridge_smear,urban_parent_shared,8
8005,without_M5,log_ridge_smear,admin_type,8
8005,without_M5,log_ridge_smear,SIDO_NM,9
8005,without_M6,log_ridge_smear,log_population,1
8005,without_M6,log_ridge_smear,share_u20,2
8005,without_M6,log_ridge_smear,share_20s,2
8005,without_M6,log_ridge_smear,share_30s,2
8005,without_M6,log_ridge_smear,share_40s,2
8005,without_M6,log_ridge_smear,share_50s,2
8005,without_M6,log_ridge_smear,female_share,2
8005,without_M6,log_ridge_smear,hh1_share,2
8005,without_M6,log_ridge_smear,hh2_share,2
8005,without_M6,log_ridge_smear,log_est_per_population,3
8005,without_M6,log_ridge_smear,log_emp_per_population,3
8005,without_M6,log_ridge_smear,est_share_G,4
8005,without_M6,log_ridge_smear,est_share_I,4
8005,without_M6,log_ridge_smear,emp_share_G,4
8005,without_M6,log_ridge_smear,emp_share_I,4
8005,without_M6,log_ridge_smear,emp_share_C,4
8005,without_M6,log_ridge_smear,emp_share_M,4
8005,without_M6,log_ridge_smear,log_inflow_per_population,5
8005,without_M6,log_ridge_smear,log_in_out_ratio,5
8005,without_M6,log_ridge_smear,log_residence_mean_pay,7
8005,without_M6,log_ridge_smear,residence_filer_population_ratio,7
8005,without_M6,log_ridge_smear,residence_parent_shared,7
8005,without_M6,log_ridge_smear,log_population_density,8
8005,without_M6,log_ridge_smear,land_building_share,8
8005,without_M6,log_ridge_smear,land_factory_share,8
8005,without_M6,log_ridge_smear,land_farm_forest_share,8
8005,without_M6,log_ridge_smear,urban_area_ratio,8
8005,without_M6,log_ridge_smear,urban_population_ratio,8
8005,without_M6,log_ridge_smear,urban_residential_share,8
8005,without_M6,log_ridge_smear,urban_commercial_share,8
8005,without_M6,log_ridge_smear,urban_industrial_share,8
8005,without_M6,log_ridge_smear,urban_parent_shared,8
8005,without_M6,log_ridge_smear,admin_type,8
8005,without_M6,log_ridge_smear,SIDO_NM,9
8005,without_M7,log_ridge_smear,log_population,1
8005,without_M7,log_ridge_smear,share_u20,2
8005,without_M7,log_ridge_smear,share_20s,2
8005,without_M7,log_ridge_smear,share_30s,2
8005,without_M7,log_ridge_smear,share_40s,2
8005,without_M7,log_ridge_smear,share_50s,2
8005,without_M7,log_ridge_smear,female_share,2
8005,without_M7,log_ridge_smear,hh1_share,2
8005,without_M7,log_ridge_smear,hh2_share,2
8005,without_M7,log_ridge_smear,log_est_per_population,3
8005,without_M7,log_ridge_smear,log_emp_per_population,3
8005,without_M7,log_ridge_smear,est_share_G,4
8005,without_M7,log_ridge_smear,est_share_I,4
8005,without_M7,log_ridge_smear,emp_share_G,4
8005,without_M7,log_ridge_smear,emp_share_I,4
8005,without_M7,log_ridge_smear,emp_share_C,4
8005,without_M7,log_ridge_smear,emp_share_M,4
8005,without_M7,log_ridge_smear,log_inflow_per_population,5
8005,without_M7,log_ridge_smear,log_in_out_ratio,5
8005,without_M7,log_ridge_smear,supply_narrow_8005,6
8005,without_M7,log_ridge_smear,log_population_density,8
8005,without_M7,log_ridge_smear,land_building_share,8
8005,without_M7,log_ridge_smear,land_factory_share,8
8005,without_M7,log_ridge_smear,land_farm_forest_share,8
8005,without_M7,log_ridge_smear,urban_area_ratio,8
8005,without_M7,log_ridge_smear,urban_population_ratio,8
8005,without_M7,log_ridge_smear,urban_residential_share,8
8005,without_M7,log_ridge_smear,urban_commercial_share,8
8005,without_M7,log_ridge_smear,urban_industrial_share,8
8005,without_M7,log_ridge_smear,urban_parent_shared,8
8005,without_M7,log_ridge_smear,admin_type,8
8005,without_M7,log_ridge_smear,SIDO_NM,9
8005,without_M8,log_ridge_smear,log_population,1
8005,without_M8,log_ridge_smear,share_u20,2
8005,without_M8,log_ridge_smear,share_20s,2
8005,without_M8,log_ridge_smear,share_30s,2
8005,without_M8,log_ridge_smear,share_40s,2
8005,without_M8,log_ridge_smear,share_50s,2
8005,without_M8,log_ridge_smear,female_share,2
8005,without_M8,log_ridge_smear,hh1_share,2
8005,without_M8,log_ridge_smear,hh2_share,2
8005,without_M8,log_ridge_smear,log_est_per_population,3
8005,without_M8,log_ridge_smear,log_emp_per_population,3
8005,without_M8,log_ridge_smear,est_share_G,4
8005,without_M8,log_ridge_smear,est_share_I,4
8005,without_M8,log_ridge_smear,emp_share_G,4
8005,without_M8,log_ridge_smear,emp_share_I,4
8005,without_M8,log_ridge_smear,emp_share_C,4
8005,without_M8,log_ridge_smear,emp_share_M,4
8005,without_M8,log_ridge_smear,log_inflow_per_population,5
8005,without_M8,log_ridge_smear,log_in_out_ratio,5
8005,without_M8,log_ridge_smear,supply_narrow_8005,6
8005,without_M8,log_ridge_smear,log_residence_mean_pay,7
8005,without_M8,log_ridge_smear,residence_filer_population_ratio,7
8005,without_M8,log_ridge_smear,residence_parent_shared,7
8005,without_M8,log_ridge_smear,SIDO_NM,9
8005,without_M9,log_ridge_smear,log_population,1
8005,without_M9,log_ridge_smear,share_u20,2
8005,without_M9,log_ridge_smear,share_20s,2
8005,without_M9,log_ridge_smear,share_30s,2
8005,without_M9,log_ridge_smear,share_40s,2
8005,without_M9,log_ridge_smear,share_50s,2
8005,without_M9,log_ridge_smear,female_share,2
8005,without_M9,log_ridge_smear,hh1_share,2
8005,without_M9,log_ridge_smear,hh2_share,2
8005,without_M9,log_ridge_smear,log_est_per_population,3
8005,without_M9,log_ridge_smear,log_emp_per_population,3
8005,without_M9,log_ridge_smear,est_share_G,4
8005,without_M9,log_ridge_smear,est_share_I,4
8005,without_M9,log_ridge_smear,emp_share_G,4
8005,without_M9,log_ridge_smear,emp_share_I,4
8005,without_M9,log_ridge_smear,emp_share_C,4
8005,without_M9,log_ridge_smear,emp_share_M,4
8005,without_M9,log_ridge_smear,log_inflow_per_population,5
8005,without_M9,log_ridge_smear,log_in_out_ratio,5
8005,without_M9,log_ridge_smear,supply_narrow_8005,6
8005,without_M9,log_ridge_smear,log_residence_mean_pay,7
8005,without_M9,log_ridge_smear,residence_filer_population_ratio,7
8005,without_M9,log_ridge_smear,residence_parent_shared,7
8005,without_M9,log_ridge_smear,log_population_density,8
8005,without_M9,log_ridge_smear,land_building_share,8
8005,without_M9,log_ridge_smear,land_factory_share,8
8005,without_M9,log_ridge_smear,land_farm_forest_share,8
8005,without_M9,log_ridge_smear,urban_area_ratio,8
8005,without_M9,log_ridge_smear,urban_population_ratio,8
8005,without_M9,log_ridge_smear,urban_residential_share,8
8005,without_M9,log_ridge_smear,urban_commercial_share,8
8005,without_M9,log_ridge_smear,urban_industrial_share,8
8005,without_M9,log_ridge_smear,urban_parent_shared,8
8005,without_M9,log_ridge_smear,admin_type,8
8005,M9_workplace,log_ridge_smear,log_population,1
8005,M9_workplace,log_ridge_smear,share_u20,2
8005,M9_workplace,log_ridge_smear,share_20s,2
8005,M9_workplace,log_ridge_smear,share_30s,2
8005,M9_workplace,log_ridge_smear,share_40s,2
8005,M9_workplace,log_ridge_smear,share_50s,2
8005,M9_workplace,log_ridge_smear,female_share,2
8005,M9_workplace,log_ridge_smear,hh1_share,2
8005,M9_workplace,log_ridge_smear,hh2_share,2
8005,M9_workplace,log_ridge_smear,log_est_per_population,3
8005,M9_workplace,log_ridge_smear,log_emp_per_population,3
8005,M9_workplace,log_ridge_smear,est_share_G,4
8005,M9_workplace,log_ridge_smear,est_share_I,4
8005,M9_workplace,log_ridge_smear,emp_share_G,4
8005,M9_workplace,log_ridge_smear,emp_share_I,4
8005,M9_workplace,log_ridge_smear,emp_share_C,4
8005,M9_workplace,log_ridge_smear,emp_share_M,4
8005,M9_workplace,log_ridge_smear,log_inflow_per_population,5
8005,M9_workplace,log_ridge_smear,log_in_out_ratio,5
8005,M9_workplace,log_ridge_smear,supply_narrow_8005,6
8005,M9_workplace,log_ridge_smear,log_residence_mean_pay,7
8005,M9_workplace,log_ridge_smear,residence_filer_population_ratio,7
8005,M9_workplace,log_ridge_smear,residence_parent_shared,7
8005,M9_workplace,log_ridge_smear,log_population_density,8
8005,M9_workplace,log_ridge_smear,land_building_share,8
8005,M9_workplace,log_ridge_smear,land_factory_share,8
8005,M9_workplace,log_ridge_smear,land_farm_forest_share,8
8005,M9_workplace,log_ridge_smear,urban_area_ratio,8
8005,M9_workplace,log_ridge_smear,urban_population_ratio,8
8005,M9_workplace,log_ridge_smear,urban_residential_share,8
8005,M9_workplace,log_ridge_smear,urban_commercial_share,8
8005,M9_workplace,log_ridge_smear,urban_industrial_share,8
8005,M9_workplace,log_ridge_smear,urban_parent_shared,8
8005,M9_workplace,log_ridge_smear,log_workplace_mean_pay,10
8005,M9_workplace,log_ridge_smear,admin_type,8
8005,M9_workplace,log_ridge_smear,SIDO_NM,9
8005,M9_broad_supply,log_ridge_smear,log_population,1
8005,M9_broad_supply,log_ridge_smear,share_u20,2
8005,M9_broad_supply,log_ridge_smear,share_20s,2
8005,M9_broad_supply,log_ridge_smear,share_30s,2
8005,M9_broad_supply,log_ridge_smear,share_40s,2
8005,M9_broad_supply,log_ridge_smear,share_50s,2
8005,M9_broad_supply,log_ridge_smear,female_share,2
8005,M9_broad_supply,log_ridge_smear,hh1_share,2
8005,M9_broad_supply,log_ridge_smear,hh2_share,2
8005,M9_broad_supply,log_ridge_smear,log_est_per_population,3
8005,M9_broad_supply,log_ridge_smear,log_emp_per_population,3
8005,M9_broad_supply,log_ridge_smear,est_share_G,4
8005,M9_broad_supply,log_ridge_smear,est_share_I,4
8005,M9_broad_supply,log_ridge_smear,emp_share_G,4
8005,M9_broad_supply,log_ridge_smear,emp_share_I,4
8005,M9_broad_supply,log_ridge_smear,emp_share_C,4
8005,M9_broad_supply,log_ridge_smear,emp_share_M,4
8005,M9_broad_supply,log_ridge_smear,log_inflow_per_population,5
8005,M9_broad_supply,log_ridge_smear,log_in_out_ratio,5
8005,M9_broad_supply,log_ridge_smear,supply_broad_8005,6
8005,M9_broad_supply,log_ridge_smear,log_residence_mean_pay,7
8005,M9_broad_supply,log_ridge_smear,residence_filer_population_ratio,7
8005,M9_broad_supply,log_ridge_smear,residence_parent_shared,7
8005,M9_broad_supply,log_ridge_smear,log_population_density,8
8005,M9_broad_supply,log_ridge_smear,land_building_share,8
8005,M9_broad_supply,log_ridge_smear,land_factory_share,8
8005,M9_broad_supply,log_ridge_smear,land_farm_forest_share,8
8005,M9_broad_supply,log_ridge_smear,urban_area_ratio,8
8005,M9_broad_supply,log_ridge_smear,urban_population_ratio,8
8005,M9_broad_supply,log_ridge_smear,urban_residential_share,8
8005,M9_broad_supply,log_ridge_smear,urban_commercial_share,8
8005,M9_broad_supply,log_ridge_smear,urban_industrial_share,8
8005,M9_broad_supply,log_ridge_smear,urban_parent_shared,8
8005,M9_broad_supply,log_ridge_smear,admin_type,8
8005,M9_broad_supply,log_ridge_smear,SIDO_NM,9
8005,M9_alpha10,log_ridge_smear,log_population,1
8005,M9_alpha10,log_ridge_smear,share_u20,2
8005,M9_alpha10,log_ridge_smear,share_20s,2
8005,M9_alpha10,log_ridge_smear,share_30s,2
8005,M9_alpha10,log_ridge_smear,share_40s,2
8005,M9_alpha10,log_ridge_smear,share_50s,2
8005,M9_alpha10,log_ridge_smear,female_share,2
8005,M9_alpha10,log_ridge_smear,hh1_share,2
8005,M9_alpha10,log_ridge_smear,hh2_share,2
8005,M9_alpha10,log_ridge_smear,log_est_per_population,3
8005,M9_alpha10,log_ridge_smear,log_emp_per_population,3
8005,M9_alpha10,log_ridge_smear,est_share_G,4
8005,M9_alpha10,log_ridge_smear,est_share_I,4
8005,M9_alpha10,log_ridge_smear,emp_share_G,4
8005,M9_alpha10,log_ridge_smear,emp_share_I,4
8005,M9_alpha10,log_ridge_smear,emp_share_C,4
8005,M9_alpha10,log_ridge_smear,emp_share_M,4
8005,M9_alpha10,log_ridge_smear,log_inflow_per_population,5
8005,M9_alpha10,log_ridge_smear,log_in_out_ratio,5
8005,M9_alpha10,log_ridge_smear,supply_narrow_8005,6
8005,M9_alpha10,log_ridge_smear,log_residence_mean_pay,7
8005,M9_alpha10,log_ridge_smear,residence_filer_population_ratio,7
8005,M9_alpha10,log_ridge_smear,residence_parent_shared,7
8005,M9_alpha10,log_ridge_smear,log_population_density,8
8005,M9_alpha10,log_ridge_smear,land_building_share,8
8005,M9_alpha10,log_ridge_smear,land_factory_share,8
8005,M9_alpha10,log_ridge_smear,land_farm_forest_share,8
8005,M9_alpha10,log_ridge_smear,urban_area_ratio,8
8005,M9_alpha10,log_ridge_smear,urban_population_ratio,8
8005,M9_alpha10,log_ridge_smear,urban_residential_share,8
8005,M9_alpha10,log_ridge_smear,urban_commercial_share,8
8005,M9_alpha10,log_ridge_smear,urban_industrial_share,8
8005,M9_alpha10,log_ridge_smear,urban_parent_shared,8
8005,M9_alpha10,log_ridge_smear,admin_type,8
8005,M9_alpha10,log_ridge_smear,SIDO_NM,9
8005,M9_taxable_pay,log_ridge_smear,log_population,1
8005,M9_taxable_pay,log_ridge_smear,share_u20,2
8005,M9_taxable_pay,log_ridge_smear,share_20s,2
8005,M9_taxable_pay,log_ridge_smear,share_30s,2
8005,M9_taxable_pay,log_ridge_smear,share_40s,2
8005,M9_taxable_pay,log_ridge_smear,share_50s,2
8005,M9_taxable_pay,log_ridge_smear,female_share,2
8005,M9_taxable_pay,log_ridge_smear,hh1_share,2
8005,M9_taxable_pay,log_ridge_smear,hh2_share,2
8005,M9_taxable_pay,log_ridge_smear,log_est_per_population,3
8005,M9_taxable_pay,log_ridge_smear,log_emp_per_population,3
8005,M9_taxable_pay,log_ridge_smear,est_share_G,4
8005,M9_taxable_pay,log_ridge_smear,est_share_I,4
8005,M9_taxable_pay,log_ridge_smear,emp_share_G,4
8005,M9_taxable_pay,log_ridge_smear,emp_share_I,4
8005,M9_taxable_pay,log_ridge_smear,emp_share_C,4
8005,M9_taxable_pay,log_ridge_smear,emp_share_M,4
8005,M9_taxable_pay,log_ridge_smear,log_inflow_per_population,5
8005,M9_taxable_pay,log_ridge_smear,log_in_out_ratio,5
8005,M9_taxable_pay,log_ridge_smear,supply_narrow_8005,6
8005,M9_taxable_pay,log_ridge_smear,log_residence_mean_tax_pay,9
8005,M9_taxable_pay,log_ridge_smear,residence_filer_population_ratio,7
8005,M9_taxable_pay,log_ridge_smear,residence_parent_shared,7
8005,M9_taxable_pay,log_ridge_smear,log_population_density,8
8005,M9_taxable_pay,log_ridge_smear,land_building_share,8
8005,M9_taxable_pay,log_ridge_smear,land_factory_share,8
8005,M9_taxable_pay,log_ridge_smear,land_farm_forest_share,8
8005,M9_taxable_pay,log_ridge_smear,urban_area_ratio,8
8005,M9_taxable_pay,log_ridge_smear,urban_population_ratio,8
8005,M9_taxable_pay,log_ridge_smear,urban_residential_share,8
8005,M9_taxable_pay,log_ridge_smear,urban_commercial_share,8
8005,M9_taxable_pay,log_ridge_smear,urban_industrial_share,8
8005,M9_taxable_pay,log_ridge_smear,urban_parent_shared,8
8005,M9_taxable_pay,log_ridge_smear,admin_type,8
8005,M9_taxable_pay,log_ridge_smear,SIDO_NM,9
8005,M1,raw_ridge,population,1
8005,M2,raw_ridge,population,1
8005,M2,raw_ridge,share_u20,2
8005,M2,raw_ridge,share_20s,2
8005,M2,raw_ridge,share_30s,2
8005,M2,raw_ridge,share_40s,2
8005,M2,raw_ridge,share_50s,2
8005,M2,raw_ridge,female_share,2
8005,M2,raw_ridge,hh1_share,2
8005,M2,raw_ridge,hh2_share,2
8005,M3,raw_ridge,population,1
8005,M3,raw_ridge,share_u20,2
8005,M3,raw_ridge,share_20s,2
8005,M3,raw_ridge,share_30s,2
8005,M3,raw_ridge,share_40s,2
8005,M3,raw_ridge,share_50s,2
8005,M3,raw_ridge,female_share,2
8005,M3,raw_ridge,hh1_share,2
8005,M3,raw_ridge,hh2_share,2
8005,M3,raw_ridge,est_0,3
8005,M3,raw_ridge,emp_0,3
8005,M4,raw_ridge,population,1
8005,M4,raw_ridge,share_u20,2
8005,M4,raw_ridge,share_20s,2
8005,M4,raw_ridge,share_30s,2
8005,M4,raw_ridge,share_40s,2
8005,M4,raw_ridge,share_50s,2
8005,M4,raw_ridge,female_share,2
8005,M4,raw_ridge,hh1_share,2
8005,M4,raw_ridge,hh2_share,2
8005,M4,raw_ridge,est_0,3
8005,M4,raw_ridge,emp_0,3
8005,M4,raw_ridge,est_share_G,4
8005,M4,raw_ridge,est_share_I,4
8005,M4,raw_ridge,emp_share_G,4
8005,M4,raw_ridge,emp_share_I,4
8005,M4,raw_ridge,emp_share_C,4
8005,M4,raw_ridge,emp_share_M,4
8005,M5,raw_ridge,population,1
8005,M5,raw_ridge,share_u20,2
8005,M5,raw_ridge,share_20s,2
8005,M5,raw_ridge,share_30s,2
8005,M5,raw_ridge,share_40s,2
8005,M5,raw_ridge,share_50s,2
8005,M5,raw_ridge,female_share,2
8005,M5,raw_ridge,hh1_share,2
8005,M5,raw_ridge,hh2_share,2
8005,M5,raw_ridge,est_0,3
8005,M5,raw_ridge,emp_0,3
8005,M5,raw_ridge,est_share_G,4
8005,M5,raw_ridge,est_share_I,4
8005,M5,raw_ridge,emp_share_G,4
8005,M5,raw_ridge,emp_share_I,4
8005,M5,raw_ridge,emp_share_C,4
8005,M5,raw_ridge,emp_share_M,4
8005,M5,raw_ridge,inflow,5
8005,M5,raw_ridge,outflow,5
8005,M9,raw_ridge,population,1
8005,M9,raw_ridge,share_u20,2
8005,M9,raw_ridge,share_20s,2
8005,M9,raw_ridge,share_30s,2
8005,M9,raw_ridge,share_40s,2
8005,M9,raw_ridge,share_50s,2
8005,M9,raw_ridge,female_share,2
8005,M9,raw_ridge,hh1_share,2
8005,M9,raw_ridge,hh2_share,2
8005,M9,raw_ridge,est_0,3
8005,M9,raw_ridge,emp_0,3
8005,M9,raw_ridge,est_share_G,4
8005,M9,raw_ridge,est_share_I,4
8005,M9,raw_ridge,emp_share_G,4
8005,M9,raw_ridge,emp_share_I,4
8005,M9,raw_ridge,emp_share_C,4
8005,M9,raw_ridge,emp_share_M,4
8005,M9,raw_ridge,inflow,5
8005,M9,raw_ridge,outflow,5
8005,M9,raw_ridge,supply_narrow_8005,6
8005,M9,raw_ridge,log_residence_mean_pay,7
8005,M9,raw_ridge,residence_filer_population_ratio,7
8005,M9,raw_ridge,residence_parent_shared,7
8005,M9,raw_ridge,log_population_density,8
8005,M9,raw_ridge,land_building_share,8
8005,M9,raw_ridge,land_factory_share,8
8005,M9,raw_ridge,land_farm_forest_share,8
8005,M9,raw_ridge,urban_area_ratio,8
8005,M9,raw_ridge,urban_population_ratio,8
8005,M9,raw_ridge,urban_residential_share,8
8005,M9,raw_ridge,urban_commercial_share,8
8005,M9,raw_ridge,urban_industrial_share,8
8005,M9,raw_ridge,urban_parent_shared,8
8005,M9,raw_ridge,admin_type,8
8005,M9,raw_ridge,SIDO_NM,9
8006,M1,log_ridge_smear,log_population,1
8006,M2,log_ridge_smear,log_population,1
8006,M2,log_ridge_smear,share_u20,2
8006,M2,log_ridge_smear,share_20s,2
8006,M2,log_ridge_smear,share_30s,2
8006,M2,log_ridge_smear,share_40s,2
8006,M2,log_ridge_smear,share_50s,2
8006,M2,log_ridge_smear,female_share,2
8006,M2,log_ridge_smear,hh1_share,2
8006,M2,log_ridge_smear,hh2_share,2
8006,M3,log_ridge_smear,log_population,1
8006,M3,log_ridge_smear,share_u20,2
8006,M3,log_ridge_smear,share_20s,2
8006,M3,log_ridge_smear,share_30s,2
8006,M3,log_ridge_smear,share_40s,2
8006,M3,log_ridge_smear,share_50s,2
8006,M3,log_ridge_smear,female_share,2
8006,M3,log_ridge_smear,hh1_share,2
8006,M3,log_ridge_smear,hh2_share,2
8006,M3,log_ridge_smear,log_est_per_population,3
8006,M3,log_ridge_smear,log_emp_per_population,3
8006,M4,log_ridge_smear,log_population,1
8006,M4,log_ridge_smear,share_u20,2
8006,M4,log_ridge_smear,share_20s,2
8006,M4,log_ridge_smear,share_30s,2
8006,M4,log_ridge_smear,share_40s,2
8006,M4,log_ridge_smear,share_50s,2
8006,M4,log_ridge_smear,female_share,2
8006,M4,log_ridge_smear,hh1_share,2
8006,M4,log_ridge_smear,hh2_share,2
8006,M4,log_ridge_smear,log_est_per_population,3
8006,M4,log_ridge_smear,log_emp_per_population,3
8006,M4,log_ridge_smear,est_share_G,4
8006,M4,log_ridge_smear,est_share_I,4
8006,M4,log_ridge_smear,emp_share_G,4
8006,M4,log_ridge_smear,emp_share_I,4
8006,M4,log_ridge_smear,emp_share_C,4
8006,M4,log_ridge_smear,emp_share_M,4
8006,M5,log_ridge_smear,log_population,1
8006,M5,log_ridge_smear,share_u20,2
8006,M5,log_ridge_smear,share_20s,2
8006,M5,log_ridge_smear,share_30s,2
8006,M5,log_ridge_smear,share_40s,2
8006,M5,log_ridge_smear,share_50s,2
8006,M5,log_ridge_smear,female_share,2
8006,M5,log_ridge_smear,hh1_share,2
8006,M5,log_ridge_smear,hh2_share,2
8006,M5,log_ridge_smear,log_est_per_population,3
8006,M5,log_ridge_smear,log_emp_per_population,3
8006,M5,log_ridge_smear,est_share_G,4
8006,M5,log_ridge_smear,est_share_I,4
8006,M5,log_ridge_smear,emp_share_G,4
8006,M5,log_ridge_smear,emp_share_I,4
8006,M5,log_ridge_smear,emp_share_C,4
8006,M5,log_ridge_smear,emp_share_M,4
8006,M5,log_ridge_smear,log_inflow_per_population,5
8006,M5,log_ridge_smear,log_in_out_ratio,5
8006,M6,log_ridge_smear,log_population,1
8006,M6,log_ridge_smear,share_u20,2
8006,M6,log_ridge_smear,share_20s,2
8006,M6,log_ridge_smear,share_30s,2
8006,M6,log_ridge_smear,share_40s,2
8006,M6,log_ridge_smear,share_50s,2
8006,M6,log_ridge_smear,female_share,2
8006,M6,log_ridge_smear,hh1_share,2
8006,M6,log_ridge_smear,hh2_share,2
8006,M6,log_ridge_smear,log_est_per_population,3
8006,M6,log_ridge_smear,log_emp_per_population,3
8006,M6,log_ridge_smear,est_share_G,4
8006,M6,log_ridge_smear,est_share_I,4
8006,M6,log_ridge_smear,emp_share_G,4
8006,M6,log_ridge_smear,emp_share_I,4
8006,M6,log_ridge_smear,emp_share_C,4
8006,M6,log_ridge_smear,emp_share_M,4
8006,M6,log_ridge_smear,log_inflow_per_population,5
8006,M6,log_ridge_smear,log_in_out_ratio,5
8006,M6,log_ridge_smear,supply_narrow_8006,6
8006,M7,log_ridge_smear,log_population,1
8006,M7,log_ridge_smear,share_u20,2
8006,M7,log_ridge_smear,share_20s,2
8006,M7,log_ridge_smear,share_30s,2
8006,M7,log_ridge_smear,share_40s,2
8006,M7,log_ridge_smear,share_50s,2
8006,M7,log_ridge_smear,female_share,2
8006,M7,log_ridge_smear,hh1_share,2
8006,M7,log_ridge_smear,hh2_share,2
8006,M7,log_ridge_smear,log_est_per_population,3
8006,M7,log_ridge_smear,log_emp_per_population,3
8006,M7,log_ridge_smear,est_share_G,4
8006,M7,log_ridge_smear,est_share_I,4
8006,M7,log_ridge_smear,emp_share_G,4
8006,M7,log_ridge_smear,emp_share_I,4
8006,M7,log_ridge_smear,emp_share_C,4
8006,M7,log_ridge_smear,emp_share_M,4
8006,M7,log_ridge_smear,log_inflow_per_population,5
8006,M7,log_ridge_smear,log_in_out_ratio,5
8006,M7,log_ridge_smear,supply_narrow_8006,6
8006,M7,log_ridge_smear,log_residence_mean_pay,7
8006,M7,log_ridge_smear,residence_filer_population_ratio,7
8006,M7,log_ridge_smear,residence_parent_shared,7
8006,M8,log_ridge_smear,log_population,1
8006,M8,log_ridge_smear,share_u20,2
8006,M8,log_ridge_smear,share_20s,2
8006,M8,log_ridge_smear,share_30s,2
8006,M8,log_ridge_smear,share_40s,2
8006,M8,log_ridge_smear,share_50s,2
8006,M8,log_ridge_smear,female_share,2
8006,M8,log_ridge_smear,hh1_share,2
8006,M8,log_ridge_smear,hh2_share,2
8006,M8,log_ridge_smear,log_est_per_population,3
8006,M8,log_ridge_smear,log_emp_per_population,3
8006,M8,log_ridge_smear,est_share_G,4
8006,M8,log_ridge_smear,est_share_I,4
8006,M8,log_ridge_smear,emp_share_G,4
8006,M8,log_ridge_smear,emp_share_I,4
8006,M8,log_ridge_smear,emp_share_C,4
8006,M8,log_ridge_smear,emp_share_M,4
8006,M8,log_ridge_smear,log_inflow_per_population,5
8006,M8,log_ridge_smear,log_in_out_ratio,5
8006,M8,log_ridge_smear,supply_narrow_8006,6
8006,M8,log_ridge_smear,log_residence_mean_pay,7
8006,M8,log_ridge_smear,residence_filer_population_ratio,7
8006,M8,log_ridge_smear,residence_parent_shared,7
8006,M8,log_ridge_smear,log_population_density,8
8006,M8,log_ridge_smear,land_building_share,8
8006,M8,log_ridge_smear,land_factory_share,8
8006,M8,log_ridge_smear,land_farm_forest_share,8
8006,M8,log_ridge_smear,urban_area_ratio,8
8006,M8,log_ridge_smear,urban_population_ratio,8
8006,M8,log_ridge_smear,urban_residential_share,8
8006,M8,log_ridge_smear,urban_commercial_share,8
8006,M8,log_ridge_smear,urban_industrial_share,8
8006,M8,log_ridge_smear,urban_parent_shared,8
8006,M8,log_ridge_smear,admin_type,8
8006,M9,log_ridge_smear,log_population,1
8006,M9,log_ridge_smear,share_u20,2
8006,M9,log_ridge_smear,share_20s,2
8006,M9,log_ridge_smear,share_30s,2
8006,M9,log_ridge_smear,share_40s,2
8006,M9,log_ridge_smear,share_50s,2
8006,M9,log_ridge_smear,female_share,2
8006,M9,log_ridge_smear,hh1_share,2
8006,M9,log_ridge_smear,hh2_share,2
8006,M9,log_ridge_smear,log_est_per_population,3
8006,M9,log_ridge_smear,log_emp_per_population,3
8006,M9,log_ridge_smear,est_share_G,4
8006,M9,log_ridge_smear,est_share_I,4
8006,M9,log_ridge_smear,emp_share_G,4
8006,M9,log_ridge_smear,emp_share_I,4
8006,M9,log_ridge_smear,emp_share_C,4
8006,M9,log_ridge_smear,emp_share_M,4
8006,M9,log_ridge_smear,log_inflow_per_population,5
8006,M9,log_ridge_smear,log_in_out_ratio,5
8006,M9,log_ridge_smear,supply_narrow_8006,6
8006,M9,log_ridge_smear,log_residence_mean_pay,7
8006,M9,log_ridge_smear,residence_filer_population_ratio,7
8006,M9,log_ridge_smear,residence_parent_shared,7
8006,M9,log_ridge_smear,log_population_density,8
8006,M9,log_ridge_smear,land_building_share,8
8006,M9,log_ridge_smear,land_factory_share,8
8006,M9,log_ridge_smear,land_farm_forest_share,8
8006,M9,log_ridge_smear,urban_area_ratio,8
8006,M9,log_ridge_smear,urban_population_ratio,8
8006,M9,log_ridge_smear,urban_residential_share,8
8006,M9,log_ridge_smear,urban_commercial_share,8
8006,M9,log_ridge_smear,urban_industrial_share,8
8006,M9,log_ridge_smear,urban_parent_shared,8
8006,M9,log_ridge_smear,admin_type,8
8006,M9,log_ridge_smear,SIDO_NM,9
8006,without_M1,log_ridge_smear,share_u20,2
8006,without_M1,log_ridge_smear,share_20s,2
8006,without_M1,log_ridge_smear,share_30s,2
8006,without_M1,log_ridge_smear,share_40s,2
8006,without_M1,log_ridge_smear,share_50s,2
8006,without_M1,log_ridge_smear,female_share,2
8006,without_M1,log_ridge_smear,hh1_share,2
8006,without_M1,log_ridge_smear,hh2_share,2
8006,without_M1,log_ridge_smear,log_est_per_population,3
8006,without_M1,log_ridge_smear,log_emp_per_population,3
8006,without_M1,log_ridge_smear,est_share_G,4
8006,without_M1,log_ridge_smear,est_share_I,4
8006,without_M1,log_ridge_smear,emp_share_G,4
8006,without_M1,log_ridge_smear,emp_share_I,4
8006,without_M1,log_ridge_smear,emp_share_C,4
8006,without_M1,log_ridge_smear,emp_share_M,4
8006,without_M1,log_ridge_smear,log_inflow_per_population,5
8006,without_M1,log_ridge_smear,log_in_out_ratio,5
8006,without_M1,log_ridge_smear,supply_narrow_8006,6
8006,without_M1,log_ridge_smear,log_residence_mean_pay,7
8006,without_M1,log_ridge_smear,residence_filer_population_ratio,7
8006,without_M1,log_ridge_smear,residence_parent_shared,7
8006,without_M1,log_ridge_smear,log_population_density,8
8006,without_M1,log_ridge_smear,land_building_share,8
8006,without_M1,log_ridge_smear,land_factory_share,8
8006,without_M1,log_ridge_smear,land_farm_forest_share,8
8006,without_M1,log_ridge_smear,urban_area_ratio,8
8006,without_M1,log_ridge_smear,urban_population_ratio,8
8006,without_M1,log_ridge_smear,urban_residential_share,8
8006,without_M1,log_ridge_smear,urban_commercial_share,8
8006,without_M1,log_ridge_smear,urban_industrial_share,8
8006,without_M1,log_ridge_smear,urban_parent_shared,8
8006,without_M1,log_ridge_smear,admin_type,8
8006,without_M1,log_ridge_smear,SIDO_NM,9
8006,without_M2,log_ridge_smear,log_population,1
8006,without_M2,log_ridge_smear,log_est_per_population,3
8006,without_M2,log_ridge_smear,log_emp_per_population,3
8006,without_M2,log_ridge_smear,est_share_G,4
8006,without_M2,log_ridge_smear,est_share_I,4
8006,without_M2,log_ridge_smear,emp_share_G,4
8006,without_M2,log_ridge_smear,emp_share_I,4
8006,without_M2,log_ridge_smear,emp_share_C,4
8006,without_M2,log_ridge_smear,emp_share_M,4
8006,without_M2,log_ridge_smear,log_inflow_per_population,5
8006,without_M2,log_ridge_smear,log_in_out_ratio,5
8006,without_M2,log_ridge_smear,supply_narrow_8006,6
8006,without_M2,log_ridge_smear,log_residence_mean_pay,7
8006,without_M2,log_ridge_smear,residence_filer_population_ratio,7
8006,without_M2,log_ridge_smear,residence_parent_shared,7
8006,without_M2,log_ridge_smear,log_population_density,8
8006,without_M2,log_ridge_smear,land_building_share,8
8006,without_M2,log_ridge_smear,land_factory_share,8
8006,without_M2,log_ridge_smear,land_farm_forest_share,8
8006,without_M2,log_ridge_smear,urban_area_ratio,8
8006,without_M2,log_ridge_smear,urban_population_ratio,8
8006,without_M2,log_ridge_smear,urban_residential_share,8
8006,without_M2,log_ridge_smear,urban_commercial_share,8
8006,without_M2,log_ridge_smear,urban_industrial_share,8
8006,without_M2,log_ridge_smear,urban_parent_shared,8
8006,without_M2,log_ridge_smear,admin_type,8
8006,without_M2,log_ridge_smear,SIDO_NM,9
8006,without_M3,log_ridge_smear,log_population,1
8006,without_M3,log_ridge_smear,share_u20,2
8006,without_M3,log_ridge_smear,share_20s,2
8006,without_M3,log_ridge_smear,share_30s,2
8006,without_M3,log_ridge_smear,share_40s,2
8006,without_M3,log_ridge_smear,share_50s,2
8006,without_M3,log_ridge_smear,female_share,2
8006,without_M3,log_ridge_smear,hh1_share,2
8006,without_M3,log_ridge_smear,hh2_share,2
8006,without_M3,log_ridge_smear,est_share_G,4
8006,without_M3,log_ridge_smear,est_share_I,4
8006,without_M3,log_ridge_smear,emp_share_G,4
8006,without_M3,log_ridge_smear,emp_share_I,4
8006,without_M3,log_ridge_smear,emp_share_C,4
8006,without_M3,log_ridge_smear,emp_share_M,4
8006,without_M3,log_ridge_smear,log_inflow_per_population,5
8006,without_M3,log_ridge_smear,log_in_out_ratio,5
8006,without_M3,log_ridge_smear,supply_narrow_8006,6
8006,without_M3,log_ridge_smear,log_residence_mean_pay,7
8006,without_M3,log_ridge_smear,residence_filer_population_ratio,7
8006,without_M3,log_ridge_smear,residence_parent_shared,7
8006,without_M3,log_ridge_smear,log_population_density,8
8006,without_M3,log_ridge_smear,land_building_share,8
8006,without_M3,log_ridge_smear,land_factory_share,8
8006,without_M3,log_ridge_smear,land_farm_forest_share,8
8006,without_M3,log_ridge_smear,urban_area_ratio,8
8006,without_M3,log_ridge_smear,urban_population_ratio,8
8006,without_M3,log_ridge_smear,urban_residential_share,8
8006,without_M3,log_ridge_smear,urban_commercial_share,8
8006,without_M3,log_ridge_smear,urban_industrial_share,8
8006,without_M3,log_ridge_smear,urban_parent_shared,8
8006,without_M3,log_ridge_smear,admin_type,8
8006,without_M3,log_ridge_smear,SIDO_NM,9
8006,without_M4,log_ridge_smear,log_population,1
8006,without_M4,log_ridge_smear,share_u20,2
8006,without_M4,log_ridge_smear,share_20s,2
8006,without_M4,log_ridge_smear,share_30s,2
8006,without_M4,log_ridge_smear,share_40s,2
8006,without_M4,log_ridge_smear,share_50s,2
8006,without_M4,log_ridge_smear,female_share,2
8006,without_M4,log_ridge_smear,hh1_share,2
8006,without_M4,log_ridge_smear,hh2_share,2
8006,without_M4,log_ridge_smear,log_est_per_population,3
8006,without_M4,log_ridge_smear,log_emp_per_population,3
8006,without_M4,log_ridge_smear,log_inflow_per_population,5
8006,without_M4,log_ridge_smear,log_in_out_ratio,5
8006,without_M4,log_ridge_smear,supply_narrow_8006,6
8006,without_M4,log_ridge_smear,log_residence_mean_pay,7
8006,without_M4,log_ridge_smear,residence_filer_population_ratio,7
8006,without_M4,log_ridge_smear,residence_parent_shared,7
8006,without_M4,log_ridge_smear,log_population_density,8
8006,without_M4,log_ridge_smear,land_building_share,8
8006,without_M4,log_ridge_smear,land_factory_share,8
8006,without_M4,log_ridge_smear,land_farm_forest_share,8
8006,without_M4,log_ridge_smear,urban_area_ratio,8
8006,without_M4,log_ridge_smear,urban_population_ratio,8
8006,without_M4,log_ridge_smear,urban_residential_share,8
8006,without_M4,log_ridge_smear,urban_commercial_share,8
8006,without_M4,log_ridge_smear,urban_industrial_share,8
8006,without_M4,log_ridge_smear,urban_parent_shared,8
8006,without_M4,log_ridge_smear,admin_type,8
8006,without_M4,log_ridge_smear,SIDO_NM,9
8006,without_M5,log_ridge_smear,log_population,1
8006,without_M5,log_ridge_smear,share_u20,2
8006,without_M5,log_ridge_smear,share_20s,2
8006,without_M5,log_ridge_smear,share_30s,2
8006,without_M5,log_ridge_smear,share_40s,2
8006,without_M5,log_ridge_smear,share_50s,2
8006,without_M5,log_ridge_smear,female_share,2
8006,without_M5,log_ridge_smear,hh1_share,2
8006,without_M5,log_ridge_smear,hh2_share,2
8006,without_M5,log_ridge_smear,log_est_per_population,3
8006,without_M5,log_ridge_smear,log_emp_per_population,3
8006,without_M5,log_ridge_smear,est_share_G,4
8006,without_M5,log_ridge_smear,est_share_I,4
8006,without_M5,log_ridge_smear,emp_share_G,4
8006,without_M5,log_ridge_smear,emp_share_I,4
8006,without_M5,log_ridge_smear,emp_share_C,4
8006,without_M5,log_ridge_smear,emp_share_M,4
8006,without_M5,log_ridge_smear,supply_narrow_8006,6
8006,without_M5,log_ridge_smear,log_residence_mean_pay,7
8006,without_M5,log_ridge_smear,residence_filer_population_ratio,7
8006,without_M5,log_ridge_smear,residence_parent_shared,7
8006,without_M5,log_ridge_smear,log_population_density,8
8006,without_M5,log_ridge_smear,land_building_share,8
8006,without_M5,log_ridge_smear,land_factory_share,8
8006,without_M5,log_ridge_smear,land_farm_forest_share,8
8006,without_M5,log_ridge_smear,urban_area_ratio,8
8006,without_M5,log_ridge_smear,urban_population_ratio,8
8006,without_M5,log_ridge_smear,urban_residential_share,8
8006,without_M5,log_ridge_smear,urban_commercial_share,8
8006,without_M5,log_ridge_smear,urban_industrial_share,8
8006,without_M5,log_ridge_smear,urban_parent_shared,8
8006,without_M5,log_ridge_smear,admin_type,8
8006,without_M5,log_ridge_smear,SIDO_NM,9
8006,without_M6,log_ridge_smear,log_population,1
8006,without_M6,log_ridge_smear,share_u20,2
8006,without_M6,log_ridge_smear,share_20s,2
8006,without_M6,log_ridge_smear,share_30s,2
8006,without_M6,log_ridge_smear,share_40s,2
8006,without_M6,log_ridge_smear,share_50s,2
8006,without_M6,log_ridge_smear,female_share,2
8006,without_M6,log_ridge_smear,hh1_share,2
8006,without_M6,log_ridge_smear,hh2_share,2
8006,without_M6,log_ridge_smear,log_est_per_population,3
8006,without_M6,log_ridge_smear,log_emp_per_population,3
8006,without_M6,log_ridge_smear,est_share_G,4
8006,without_M6,log_ridge_smear,est_share_I,4
8006,without_M6,log_ridge_smear,emp_share_G,4
8006,without_M6,log_ridge_smear,emp_share_I,4
8006,without_M6,log_ridge_smear,emp_share_C,4
8006,without_M6,log_ridge_smear,emp_share_M,4
8006,without_M6,log_ridge_smear,log_inflow_per_population,5
8006,without_M6,log_ridge_smear,log_in_out_ratio,5
8006,without_M6,log_ridge_smear,log_residence_mean_pay,7
8006,without_M6,log_ridge_smear,residence_filer_population_ratio,7
8006,without_M6,log_ridge_smear,residence_parent_shared,7
8006,without_M6,log_ridge_smear,log_population_density,8
8006,without_M6,log_ridge_smear,land_building_share,8
8006,without_M6,log_ridge_smear,land_factory_share,8
8006,without_M6,log_ridge_smear,land_farm_forest_share,8
8006,without_M6,log_ridge_smear,urban_area_ratio,8
8006,without_M6,log_ridge_smear,urban_population_ratio,8
8006,without_M6,log_ridge_smear,urban_residential_share,8
8006,without_M6,log_ridge_smear,urban_commercial_share,8
8006,without_M6,log_ridge_smear,urban_industrial_share,8
8006,without_M6,log_ridge_smear,urban_parent_shared,8
8006,without_M6,log_ridge_smear,admin_type,8
8006,without_M6,log_ridge_smear,SIDO_NM,9
8006,without_M7,log_ridge_smear,log_population,1
8006,without_M7,log_ridge_smear,share_u20,2
8006,without_M7,log_ridge_smear,share_20s,2
8006,without_M7,log_ridge_smear,share_30s,2
8006,without_M7,log_ridge_smear,share_40s,2
8006,without_M7,log_ridge_smear,share_50s,2
8006,without_M7,log_ridge_smear,female_share,2
8006,without_M7,log_ridge_smear,hh1_share,2
8006,without_M7,log_ridge_smear,hh2_share,2
8006,without_M7,log_ridge_smear,log_est_per_population,3
8006,without_M7,log_ridge_smear,log_emp_per_population,3
8006,without_M7,log_ridge_smear,est_share_G,4
8006,without_M7,log_ridge_smear,est_share_I,4
8006,without_M7,log_ridge_smear,emp_share_G,4
8006,without_M7,log_ridge_smear,emp_share_I,4
8006,without_M7,log_ridge_smear,emp_share_C,4
8006,without_M7,log_ridge_smear,emp_share_M,4
8006,without_M7,log_ridge_smear,log_inflow_per_population,5
8006,without_M7,log_ridge_smear,log_in_out_ratio,5
8006,without_M7,log_ridge_smear,supply_narrow_8006,6
8006,without_M7,log_ridge_smear,log_population_density,8
8006,without_M7,log_ridge_smear,land_building_share,8
8006,without_M7,log_ridge_smear,land_factory_share,8
8006,without_M7,log_ridge_smear,land_farm_forest_share,8
8006,without_M7,log_ridge_smear,urban_area_ratio,8
8006,without_M7,log_ridge_smear,urban_population_ratio,8
8006,without_M7,log_ridge_smear,urban_residential_share,8
8006,without_M7,log_ridge_smear,urban_commercial_share,8
8006,without_M7,log_ridge_smear,urban_industrial_share,8
8006,without_M7,log_ridge_smear,urban_parent_shared,8
8006,without_M7,log_ridge_smear,admin_type,8
8006,without_M7,log_ridge_smear,SIDO_NM,9
8006,without_M8,log_ridge_smear,log_population,1
8006,without_M8,log_ridge_smear,share_u20,2
8006,without_M8,log_ridge_smear,share_20s,2
8006,without_M8,log_ridge_smear,share_30s,2
8006,without_M8,log_ridge_smear,share_40s,2
8006,without_M8,log_ridge_smear,share_50s,2
8006,without_M8,log_ridge_smear,female_share,2
8006,without_M8,log_ridge_smear,hh1_share,2
8006,without_M8,log_ridge_smear,hh2_share,2
8006,without_M8,log_ridge_smear,log_est_per_population,3
8006,without_M8,log_ridge_smear,log_emp_per_population,3
8006,without_M8,log_ridge_smear,est_share_G,4
8006,without_M8,log_ridge_smear,est_share_I,4
8006,without_M8,log_ridge_smear,emp_share_G,4
8006,without_M8,log_ridge_smear,emp_share_I,4
8006,without_M8,log_ridge_smear,emp_share_C,4
8006,without_M8,log_ridge_smear,emp_share_M,4
8006,without_M8,log_ridge_smear,log_inflow_per_population,5
8006,without_M8,log_ridge_smear,log_in_out_ratio,5
8006,without_M8,log_ridge_smear,supply_narrow_8006,6
8006,without_M8,log_ridge_smear,log_residence_mean_pay,7
8006,without_M8,log_ridge_smear,residence_filer_population_ratio,7
8006,without_M8,log_ridge_smear,residence_parent_shared,7
8006,without_M8,log_ridge_smear,SIDO_NM,9
8006,without_M9,log_ridge_smear,log_population,1
8006,without_M9,log_ridge_smear,share_u20,2
8006,without_M9,log_ridge_smear,share_20s,2
8006,without_M9,log_ridge_smear,share_30s,2
8006,without_M9,log_ridge_smear,share_40s,2
8006,without_M9,log_ridge_smear,share_50s,2
8006,without_M9,log_ridge_smear,female_share,2
8006,without_M9,log_ridge_smear,hh1_share,2
8006,without_M9,log_ridge_smear,hh2_share,2
8006,without_M9,log_ridge_smear,log_est_per_population,3
8006,without_M9,log_ridge_smear,log_emp_per_population,3
8006,without_M9,log_ridge_smear,est_share_G,4
8006,without_M9,log_ridge_smear,est_share_I,4
8006,without_M9,log_ridge_smear,emp_share_G,4
8006,without_M9,log_ridge_smear,emp_share_I,4
8006,without_M9,log_ridge_smear,emp_share_C,4
8006,without_M9,log_ridge_smear,emp_share_M,4
8006,without_M9,log_ridge_smear,log_inflow_per_population,5
8006,without_M9,log_ridge_smear,log_in_out_ratio,5
8006,without_M9,log_ridge_smear,supply_narrow_8006,6
8006,without_M9,log_ridge_smear,log_residence_mean_pay,7
8006,without_M9,log_ridge_smear,residence_filer_population_ratio,7
8006,without_M9,log_ridge_smear,residence_parent_shared,7
8006,without_M9,log_ridge_smear,log_population_density,8
8006,without_M9,log_ridge_smear,land_building_share,8
8006,without_M9,log_ridge_smear,land_factory_share,8
8006,without_M9,log_ridge_smear,land_farm_forest_share,8
8006,without_M9,log_ridge_smear,urban_area_ratio,8
8006,without_M9,log_ridge_smear,urban_population_ratio,8
8006,without_M9,log_ridge_smear,urban_residential_share,8
8006,without_M9,log_ridge_smear,urban_commercial_share,8
8006,without_M9,log_ridge_smear,urban_industrial_share,8
8006,without_M9,log_ridge_smear,urban_parent_shared,8
8006,without_M9,log_ridge_smear,admin_type,8
8006,M9_workplace,log_ridge_smear,log_population,1
8006,M9_workplace,log_ridge_smear,share_u20,2
8006,M9_workplace,log_ridge_smear,share_20s,2
8006,M9_workplace,log_ridge_smear,share_30s,2
8006,M9_workplace,log_ridge_smear,share_40s,2
8006,M9_workplace,log_ridge_smear,share_50s,2
8006,M9_workplace,log_ridge_smear,female_share,2
8006,M9_workplace,log_ridge_smear,hh1_share,2
8006,M9_workplace,log_ridge_smear,hh2_share,2
8006,M9_workplace,log_ridge_smear,log_est_per_population,3
8006,M9_workplace,log_ridge_smear,log_emp_per_population,3
8006,M9_workplace,log_ridge_smear,est_share_G,4
8006,M9_workplace,log_ridge_smear,est_share_I,4
8006,M9_workplace,log_ridge_smear,emp_share_G,4
8006,M9_workplace,log_ridge_smear,emp_share_I,4
8006,M9_workplace,log_ridge_smear,emp_share_C,4
8006,M9_workplace,log_ridge_smear,emp_share_M,4
8006,M9_workplace,log_ridge_smear,log_inflow_per_population,5
8006,M9_workplace,log_ridge_smear,log_in_out_ratio,5
8006,M9_workplace,log_ridge_smear,supply_narrow_8006,6
8006,M9_workplace,log_ridge_smear,log_residence_mean_pay,7
8006,M9_workplace,log_ridge_smear,residence_filer_population_ratio,7
8006,M9_workplace,log_ridge_smear,residence_parent_shared,7
8006,M9_workplace,log_ridge_smear,log_population_density,8
8006,M9_workplace,log_ridge_smear,land_building_share,8
8006,M9_workplace,log_ridge_smear,land_factory_share,8
8006,M9_workplace,log_ridge_smear,land_farm_forest_share,8
8006,M9_workplace,log_ridge_smear,urban_area_ratio,8
8006,M9_workplace,log_ridge_smear,urban_population_ratio,8
8006,M9_workplace,log_ridge_smear,urban_residential_share,8
8006,M9_workplace,log_ridge_smear,urban_commercial_share,8
8006,M9_workplace,log_ridge_smear,urban_industrial_share,8
8006,M9_workplace,log_ridge_smear,urban_parent_shared,8
8006,M9_workplace,log_ridge_smear,log_workplace_mean_pay,10
8006,M9_workplace,log_ridge_smear,admin_type,8
8006,M9_workplace,log_ridge_smear,SIDO_NM,9
8006,M9_broad_supply,log_ridge_smear,log_population,1
8006,M9_broad_supply,log_ridge_smear,share_u20,2
8006,M9_broad_supply,log_ridge_smear,share_20s,2
8006,M9_broad_supply,log_ridge_smear,share_30s,2
8006,M9_broad_supply,log_ridge_smear,share_40s,2
8006,M9_broad_supply,log_ridge_smear,share_50s,2
8006,M9_broad_supply,log_ridge_smear,female_share,2
8006,M9_broad_supply,log_ridge_smear,hh1_share,2
8006,M9_broad_supply,log_ridge_smear,hh2_share,2
8006,M9_broad_supply,log_ridge_smear,log_est_per_population,3
8006,M9_broad_supply,log_ridge_smear,log_emp_per_population,3
8006,M9_broad_supply,log_ridge_smear,est_share_G,4
8006,M9_broad_supply,log_ridge_smear,est_share_I,4
8006,M9_broad_supply,log_ridge_smear,emp_share_G,4
8006,M9_broad_supply,log_ridge_smear,emp_share_I,4
8006,M9_broad_supply,log_ridge_smear,emp_share_C,4
8006,M9_broad_supply,log_ridge_smear,emp_share_M,4
8006,M9_broad_supply,log_ridge_smear,log_inflow_per_population,5
8006,M9_broad_supply,log_ridge_smear,log_in_out_ratio,5
8006,M9_broad_supply,log_ridge_smear,supply_broad_8006,6
8006,M9_broad_supply,log_ridge_smear,log_residence_mean_pay,7
8006,M9_broad_supply,log_ridge_smear,residence_filer_population_ratio,7
8006,M9_broad_supply,log_ridge_smear,residence_parent_shared,7
8006,M9_broad_supply,log_ridge_smear,log_population_density,8
8006,M9_broad_supply,log_ridge_smear,land_building_share,8
8006,M9_broad_supply,log_ridge_smear,land_factory_share,8
8006,M9_broad_supply,log_ridge_smear,land_farm_forest_share,8
8006,M9_broad_supply,log_ridge_smear,urban_area_ratio,8
8006,M9_broad_supply,log_ridge_smear,urban_population_ratio,8
8006,M9_broad_supply,log_ridge_smear,urban_residential_share,8
8006,M9_broad_supply,log_ridge_smear,urban_commercial_share,8
8006,M9_broad_supply,log_ridge_smear,urban_industrial_share,8
8006,M9_broad_supply,log_ridge_smear,urban_parent_shared,8
8006,M9_broad_supply,log_ridge_smear,admin_type,8
8006,M9_broad_supply,log_ridge_smear,SIDO_NM,9
8006,M9_alpha10,log_ridge_smear,log_population,1
8006,M9_alpha10,log_ridge_smear,share_u20,2
8006,M9_alpha10,log_ridge_smear,share_20s,2
8006,M9_alpha10,log_ridge_smear,share_30s,2
8006,M9_alpha10,log_ridge_smear,share_40s,2
8006,M9_alpha10,log_ridge_smear,share_50s,2
8006,M9_alpha10,log_ridge_smear,female_share,2
8006,M9_alpha10,log_ridge_smear,hh1_share,2
8006,M9_alpha10,log_ridge_smear,hh2_share,2
8006,M9_alpha10,log_ridge_smear,log_est_per_population,3
8006,M9_alpha10,log_ridge_smear,log_emp_per_population,3
8006,M9_alpha10,log_ridge_smear,est_share_G,4
8006,M9_alpha10,log_ridge_smear,est_share_I,4
8006,M9_alpha10,log_ridge_smear,emp_share_G,4
8006,M9_alpha10,log_ridge_smear,emp_share_I,4
8006,M9_alpha10,log_ridge_smear,emp_share_C,4
8006,M9_alpha10,log_ridge_smear,emp_share_M,4
8006,M9_alpha10,log_ridge_smear,log_inflow_per_population,5
8006,M9_alpha10,log_ridge_smear,log_in_out_ratio,5
8006,M9_alpha10,log_ridge_smear,supply_narrow_8006,6
8006,M9_alpha10,log_ridge_smear,log_residence_mean_pay,7
8006,M9_alpha10,log_ridge_smear,residence_filer_population_ratio,7
8006,M9_alpha10,log_ridge_smear,residence_parent_shared,7
8006,M9_alpha10,log_ridge_smear,log_population_density,8
8006,M9_alpha10,log_ridge_smear,land_building_share,8
8006,M9_alpha10,log_ridge_smear,land_factory_share,8
8006,M9_alpha10,log_ridge_smear,land_farm_forest_share,8
8006,M9_alpha10,log_ridge_smear,urban_area_ratio,8
8006,M9_alpha10,log_ridge_smear,urban_population_ratio,8
8006,M9_alpha10,log_ridge_smear,urban_residential_share,8
8006,M9_alpha10,log_ridge_smear,urban_commercial_share,8
8006,M9_alpha10,log_ridge_smear,urban_industrial_share,8
8006,M9_alpha10,log_ridge_smear,urban_parent_shared,8
8006,M9_alpha10,log_ridge_smear,admin_type,8
8006,M9_alpha10,log_ridge_smear,SIDO_NM,9
8006,M9_taxable_pay,log_ridge_smear,log_population,1
8006,M9_taxable_pay,log_ridge_smear,share_u20,2
8006,M9_taxable_pay,log_ridge_smear,share_20s,2
8006,M9_taxable_pay,log_ridge_smear,share_30s,2
8006,M9_taxable_pay,log_ridge_smear,share_40s,2
8006,M9_taxable_pay,log_ridge_smear,share_50s,2
8006,M9_taxable_pay,log_ridge_smear,female_share,2
8006,M9_taxable_pay,log_ridge_smear,hh1_share,2
8006,M9_taxable_pay,log_ridge_smear,hh2_share,2
8006,M9_taxable_pay,log_ridge_smear,log_est_per_population,3
8006,M9_taxable_pay,log_ridge_smear,log_emp_per_population,3
8006,M9_taxable_pay,log_ridge_smear,est_share_G,4
8006,M9_taxable_pay,log_ridge_smear,est_share_I,4
8006,M9_taxable_pay,log_ridge_smear,emp_share_G,4
8006,M9_taxable_pay,log_ridge_smear,emp_share_I,4
8006,M9_taxable_pay,log_ridge_smear,emp_share_C,4
8006,M9_taxable_pay,log_ridge_smear,emp_share_M,4
8006,M9_taxable_pay,log_ridge_smear,log_inflow_per_population,5
8006,M9_taxable_pay,log_ridge_smear,log_in_out_ratio,5
8006,M9_taxable_pay,log_ridge_smear,supply_narrow_8006,6
8006,M9_taxable_pay,log_ridge_smear,log_residence_mean_tax_pay,9
8006,M9_taxable_pay,log_ridge_smear,residence_filer_population_ratio,7
8006,M9_taxable_pay,log_ridge_smear,residence_parent_shared,7
8006,M9_taxable_pay,log_ridge_smear,log_population_density,8
8006,M9_taxable_pay,log_ridge_smear,land_building_share,8
8006,M9_taxable_pay,log_ridge_smear,land_factory_share,8
8006,M9_taxable_pay,log_ridge_smear,land_farm_forest_share,8
8006,M9_taxable_pay,log_ridge_smear,urban_area_ratio,8
8006,M9_taxable_pay,log_ridge_smear,urban_population_ratio,8
8006,M9_taxable_pay,log_ridge_smear,urban_residential_share,8
8006,M9_taxable_pay,log_ridge_smear,urban_commercial_share,8
8006,M9_taxable_pay,log_ridge_smear,urban_industrial_share,8
8006,M9_taxable_pay,log_ridge_smear,urban_parent_shared,8
8006,M9_taxable_pay,log_ridge_smear,admin_type,8
8006,M9_taxable_pay,log_ridge_smear,SIDO_NM,9
8006,M1,raw_ridge,population,1
8006,M2,raw_ridge,population,1
8006,M2,raw_ridge,share_u20,2
8006,M2,raw_ridge,share_20s,2
8006,M2,raw_ridge,share_30s,2
8006,M2,raw_ridge,share_40s,2
8006,M2,raw_ridge,share_50s,2
8006,M2,raw_ridge,female_share,2
8006,M2,raw_ridge,hh1_share,2
8006,M2,raw_ridge,hh2_share,2
8006,M3,raw_ridge,population,1
8006,M3,raw_ridge,share_u20,2
8006,M3,raw_ridge,share_20s,2
8006,M3,raw_ridge,share_30s,2
8006,M3,raw_ridge,share_40s,2
8006,M3,raw_ridge,share_50s,2
8006,M3,raw_ridge,female_share,2
8006,M3,raw_ridge,hh1_share,2
8006,M3,raw_ridge,hh2_share,2
8006,M3,raw_ridge,est_0,3
8006,M3,raw_ridge,emp_0,3
8006,M4,raw_ridge,population,1
8006,M4,raw_ridge,share_u20,2
8006,M4,raw_ridge,share_20s,2
8006,M4,raw_ridge,share_30s,2
8006,M4,raw_ridge,share_40s,2
8006,M4,raw_ridge,share_50s,2
8006,M4,raw_ridge,female_share,2
8006,M4,raw_ridge,hh1_share,2
8006,M4,raw_ridge,hh2_share,2
8006,M4,raw_ridge,est_0,3
8006,M4,raw_ridge,emp_0,3
8006,M4,raw_ridge,est_share_G,4
8006,M4,raw_ridge,est_share_I,4
8006,M4,raw_ridge,emp_share_G,4
8006,M4,raw_ridge,emp_share_I,4
8006,M4,raw_ridge,emp_share_C,4
8006,M4,raw_ridge,emp_share_M,4
8006,M5,raw_ridge,population,1
8006,M5,raw_ridge,share_u20,2
8006,M5,raw_ridge,share_20s,2
8006,M5,raw_ridge,share_30s,2
8006,M5,raw_ridge,share_40s,2
8006,M5,raw_ridge,share_50s,2
8006,M5,raw_ridge,female_share,2
8006,M5,raw_ridge,hh1_share,2
8006,M5,raw_ridge,hh2_share,2
8006,M5,raw_ridge,est_0,3
8006,M5,raw_ridge,emp_0,3
8006,M5,raw_ridge,est_share_G,4
8006,M5,raw_ridge,est_share_I,4
8006,M5,raw_ridge,emp_share_G,4
8006,M5,raw_ridge,emp_share_I,4
8006,M5,raw_ridge,emp_share_C,4
8006,M5,raw_ridge,emp_share_M,4
8006,M5,raw_ridge,inflow,5
8006,M5,raw_ridge,outflow,5
8006,M9,raw_ridge,population,1
8006,M9,raw_ridge,share_u20,2
8006,M9,raw_ridge,share_20s,2
8006,M9,raw_ridge,share_30s,2
8006,M9,raw_ridge,share_40s,2
8006,M9,raw_ridge,share_50s,2
8006,M9,raw_ridge,female_share,2
8006,M9,raw_ridge,hh1_share,2
8006,M9,raw_ridge,hh2_share,2
8006,M9,raw_ridge,est_0,3
8006,M9,raw_ridge,emp_0,3
8006,M9,raw_ridge,est_share_G,4
8006,M9,raw_ridge,est_share_I,4
8006,M9,raw_ridge,emp_share_G,4
8006,M9,raw_ridge,emp_share_I,4
8006,M9,raw_ridge,emp_share_C,4
8006,M9,raw_ridge,emp_share_M,4
8006,M9,raw_ridge,inflow,5
8006,M9,raw_ridge,outflow,5
8006,M9,raw_ridge,supply_narrow_8006,6
8006,M9,raw_ridge,log_residence_mean_pay,7
8006,M9,raw_ridge,residence_filer_population_ratio,7
8006,M9,raw_ridge,residence_parent_shared,7
8006,M9,raw_ridge,log_population_density,8
8006,M9,raw_ridge,land_building_share,8
8006,M9,raw_ridge,land_factory_share,8
8006,M9,raw_ridge,land_farm_forest_share,8
8006,M9,raw_ridge,urban_area_ratio,8
8006,M9,raw_ridge,urban_population_ratio,8
8006,M9,raw_ridge,urban_residential_share,8
8006,M9,raw_ridge,urban_commercial_share,8
8006,M9,raw_ridge,urban_industrial_share,8
8006,M9,raw_ridge,urban_parent_shared,8
8006,M9,raw_ridge,admin_type,8
8006,M9,raw_ridge,SIDO_NM,9
8021,M1,log_ridge_smear,log_population,1
8021,M2,log_ridge_smear,log_population,1
8021,M2,log_ridge_smear,share_u20,2
8021,M2,log_ridge_smear,share_20s,2
8021,M2,log_ridge_smear,share_30s,2
8021,M2,log_ridge_smear,share_40s,2
8021,M2,log_ridge_smear,share_50s,2
8021,M2,log_ridge_smear,female_share,2
8021,M2,log_ridge_smear,hh1_share,2
8021,M2,log_ridge_smear,hh2_share,2
8021,M3,log_ridge_smear,log_population,1
8021,M3,log_ridge_smear,share_u20,2
8021,M3,log_ridge_smear,share_20s,2
8021,M3,log_ridge_smear,share_30s,2
8021,M3,log_ridge_smear,share_40s,2
8021,M3,log_ridge_smear,share_50s,2
8021,M3,log_ridge_smear,female_share,2
8021,M3,log_ridge_smear,hh1_share,2
8021,M3,log_ridge_smear,hh2_share,2
8021,M3,log_ridge_smear,log_est_per_population,3
8021,M3,log_ridge_smear,log_emp_per_population,3
8021,M4,log_ridge_smear,log_population,1
8021,M4,log_ridge_smear,share_u20,2
8021,M4,log_ridge_smear,share_20s,2
8021,M4,log_ridge_smear,share_30s,2
8021,M4,log_ridge_smear,share_40s,2
8021,M4,log_ridge_smear,share_50s,2
8021,M4,log_ridge_smear,female_share,2
8021,M4,log_ridge_smear,hh1_share,2
8021,M4,log_ridge_smear,hh2_share,2
8021,M4,log_ridge_smear,log_est_per_population,3
8021,M4,log_ridge_smear,log_emp_per_population,3
8021,M4,log_ridge_smear,est_share_G,4
8021,M4,log_ridge_smear,est_share_I,4
8021,M4,log_ridge_smear,emp_share_G,4
8021,M4,log_ridge_smear,emp_share_I,4
8021,M4,log_ridge_smear,emp_share_C,4
8021,M4,log_ridge_smear,emp_share_M,4
8021,M5,log_ridge_smear,log_population,1
8021,M5,log_ridge_smear,share_u20,2
8021,M5,log_ridge_smear,share_20s,2
8021,M5,log_ridge_smear,share_30s,2
8021,M5,log_ridge_smear,share_40s,2
8021,M5,log_ridge_smear,share_50s,2
8021,M5,log_ridge_smear,female_share,2
8021,M5,log_ridge_smear,hh1_share,2
8021,M5,log_ridge_smear,hh2_share,2
8021,M5,log_ridge_smear,log_est_per_population,3
8021,M5,log_ridge_smear,log_emp_per_population,3
8021,M5,log_ridge_smear,est_share_G,4
8021,M5,log_ridge_smear,est_share_I,4
8021,M5,log_ridge_smear,emp_share_G,4
8021,M5,log_ridge_smear,emp_share_I,4
8021,M5,log_ridge_smear,emp_share_C,4
8021,M5,log_ridge_smear,emp_share_M,4
8021,M5,log_ridge_smear,log_inflow_per_population,5
8021,M5,log_ridge_smear,log_in_out_ratio,5
8021,M6,log_ridge_smear,log_population,1
8021,M6,log_ridge_smear,share_u20,2
8021,M6,log_ridge_smear,share_20s,2
8021,M6,log_ridge_smear,share_30s,2
8021,M6,log_ridge_smear,share_40s,2
8021,M6,log_ridge_smear,share_50s,2
8021,M6,log_ridge_smear,female_share,2
8021,M6,log_ridge_smear,hh1_share,2
8021,M6,log_ridge_smear,hh2_share,2
8021,M6,log_ridge_smear,log_est_per_population,3
8021,M6,log_ridge_smear,log_emp_per_population,3
8021,M6,log_ridge_smear,est_share_G,4
8021,M6,log_ridge_smear,est_share_I,4
8021,M6,log_ridge_smear,emp_share_G,4
8021,M6,log_ridge_smear,emp_share_I,4
8021,M6,log_ridge_smear,emp_share_C,4
8021,M6,log_ridge_smear,emp_share_M,4
8021,M6,log_ridge_smear,log_inflow_per_population,5
8021,M6,log_ridge_smear,log_in_out_ratio,5
8021,M6,log_ridge_smear,supply_narrow_8021,6
8021,M7,log_ridge_smear,log_population,1
8021,M7,log_ridge_smear,share_u20,2
8021,M7,log_ridge_smear,share_20s,2
8021,M7,log_ridge_smear,share_30s,2
8021,M7,log_ridge_smear,share_40s,2
8021,M7,log_ridge_smear,share_50s,2
8021,M7,log_ridge_smear,female_share,2
8021,M7,log_ridge_smear,hh1_share,2
8021,M7,log_ridge_smear,hh2_share,2
8021,M7,log_ridge_smear,log_est_per_population,3
8021,M7,log_ridge_smear,log_emp_per_population,3
8021,M7,log_ridge_smear,est_share_G,4
8021,M7,log_ridge_smear,est_share_I,4
8021,M7,log_ridge_smear,emp_share_G,4
8021,M7,log_ridge_smear,emp_share_I,4
8021,M7,log_ridge_smear,emp_share_C,4
8021,M7,log_ridge_smear,emp_share_M,4
8021,M7,log_ridge_smear,log_inflow_per_population,5
8021,M7,log_ridge_smear,log_in_out_ratio,5
8021,M7,log_ridge_smear,supply_narrow_8021,6
8021,M7,log_ridge_smear,log_residence_mean_pay,7
8021,M7,log_ridge_smear,residence_filer_population_ratio,7
8021,M7,log_ridge_smear,residence_parent_shared,7
8021,M8,log_ridge_smear,log_population,1
8021,M8,log_ridge_smear,share_u20,2
8021,M8,log_ridge_smear,share_20s,2
8021,M8,log_ridge_smear,share_30s,2
8021,M8,log_ridge_smear,share_40s,2
8021,M8,log_ridge_smear,share_50s,2
8021,M8,log_ridge_smear,female_share,2
8021,M8,log_ridge_smear,hh1_share,2
8021,M8,log_ridge_smear,hh2_share,2
8021,M8,log_ridge_smear,log_est_per_population,3
8021,M8,log_ridge_smear,log_emp_per_population,3
8021,M8,log_ridge_smear,est_share_G,4
8021,M8,log_ridge_smear,est_share_I,4
8021,M8,log_ridge_smear,emp_share_G,4
8021,M8,log_ridge_smear,emp_share_I,4
8021,M8,log_ridge_smear,emp_share_C,4
8021,M8,log_ridge_smear,emp_share_M,4
8021,M8,log_ridge_smear,log_inflow_per_population,5
8021,M8,log_ridge_smear,log_in_out_ratio,5
8021,M8,log_ridge_smear,supply_narrow_8021,6
8021,M8,log_ridge_smear,log_residence_mean_pay,7
8021,M8,log_ridge_smear,residence_filer_population_ratio,7
8021,M8,log_ridge_smear,residence_parent_shared,7
8021,M8,log_ridge_smear,log_population_density,8
8021,M8,log_ridge_smear,land_building_share,8
8021,M8,log_ridge_smear,land_factory_share,8
8021,M8,log_ridge_smear,land_farm_forest_share,8
8021,M8,log_ridge_smear,urban_area_ratio,8
8021,M8,log_ridge_smear,urban_population_ratio,8
8021,M8,log_ridge_smear,urban_residential_share,8
8021,M8,log_ridge_smear,urban_commercial_share,8
8021,M8,log_ridge_smear,urban_industrial_share,8
8021,M8,log_ridge_smear,urban_parent_shared,8
8021,M8,log_ridge_smear,admin_type,8
8021,M9,log_ridge_smear,log_population,1
8021,M9,log_ridge_smear,share_u20,2
8021,M9,log_ridge_smear,share_20s,2
8021,M9,log_ridge_smear,share_30s,2
8021,M9,log_ridge_smear,share_40s,2
8021,M9,log_ridge_smear,share_50s,2
8021,M9,log_ridge_smear,female_share,2
8021,M9,log_ridge_smear,hh1_share,2
8021,M9,log_ridge_smear,hh2_share,2
8021,M9,log_ridge_smear,log_est_per_population,3
8021,M9,log_ridge_smear,log_emp_per_population,3
8021,M9,log_ridge_smear,est_share_G,4
8021,M9,log_ridge_smear,est_share_I,4
8021,M9,log_ridge_smear,emp_share_G,4
8021,M9,log_ridge_smear,emp_share_I,4
8021,M9,log_ridge_smear,emp_share_C,4
8021,M9,log_ridge_smear,emp_share_M,4
8021,M9,log_ridge_smear,log_inflow_per_population,5
8021,M9,log_ridge_smear,log_in_out_ratio,5
8021,M9,log_ridge_smear,supply_narrow_8021,6
8021,M9,log_ridge_smear,log_residence_mean_pay,7
8021,M9,log_ridge_smear,residence_filer_population_ratio,7
8021,M9,log_ridge_smear,residence_parent_shared,7
8021,M9,log_ridge_smear,log_population_density,8
8021,M9,log_ridge_smear,land_building_share,8
8021,M9,log_ridge_smear,land_factory_share,8
8021,M9,log_ridge_smear,land_farm_forest_share,8
8021,M9,log_ridge_smear,urban_area_ratio,8
8021,M9,log_ridge_smear,urban_population_ratio,8
8021,M9,log_ridge_smear,urban_residential_share,8
8021,M9,log_ridge_smear,urban_commercial_share,8
8021,M9,log_ridge_smear,urban_industrial_share,8
8021,M9,log_ridge_smear,urban_parent_shared,8
8021,M9,log_ridge_smear,admin_type,8
8021,M9,log_ridge_smear,SIDO_NM,9
8021,without_M1,log_ridge_smear,share_u20,2
8021,without_M1,log_ridge_smear,share_20s,2
8021,without_M1,log_ridge_smear,share_30s,2
8021,without_M1,log_ridge_smear,share_40s,2
8021,without_M1,log_ridge_smear,share_50s,2
8021,without_M1,log_ridge_smear,female_share,2
8021,without_M1,log_ridge_smear,hh1_share,2
8021,without_M1,log_ridge_smear,hh2_share,2
8021,without_M1,log_ridge_smear,log_est_per_population,3
8021,without_M1,log_ridge_smear,log_emp_per_population,3
8021,without_M1,log_ridge_smear,est_share_G,4
8021,without_M1,log_ridge_smear,est_share_I,4
8021,without_M1,log_ridge_smear,emp_share_G,4
8021,without_M1,log_ridge_smear,emp_share_I,4
8021,without_M1,log_ridge_smear,emp_share_C,4
8021,without_M1,log_ridge_smear,emp_share_M,4
8021,without_M1,log_ridge_smear,log_inflow_per_population,5
8021,without_M1,log_ridge_smear,log_in_out_ratio,5
8021,without_M1,log_ridge_smear,supply_narrow_8021,6
8021,without_M1,log_ridge_smear,log_residence_mean_pay,7
8021,without_M1,log_ridge_smear,residence_filer_population_ratio,7
8021,without_M1,log_ridge_smear,residence_parent_shared,7
8021,without_M1,log_ridge_smear,log_population_density,8
8021,without_M1,log_ridge_smear,land_building_share,8
8021,without_M1,log_ridge_smear,land_factory_share,8
8021,without_M1,log_ridge_smear,land_farm_forest_share,8
8021,without_M1,log_ridge_smear,urban_area_ratio,8
8021,without_M1,log_ridge_smear,urban_population_ratio,8
8021,without_M1,log_ridge_smear,urban_residential_share,8
8021,without_M1,log_ridge_smear,urban_commercial_share,8
8021,without_M1,log_ridge_smear,urban_industrial_share,8
8021,without_M1,log_ridge_smear,urban_parent_shared,8
8021,without_M1,log_ridge_smear,admin_type,8
8021,without_M1,log_ridge_smear,SIDO_NM,9
8021,without_M2,log_ridge_smear,log_population,1
8021,without_M2,log_ridge_smear,log_est_per_population,3
8021,without_M2,log_ridge_smear,log_emp_per_population,3
8021,without_M2,log_ridge_smear,est_share_G,4
8021,without_M2,log_ridge_smear,est_share_I,4
8021,without_M2,log_ridge_smear,emp_share_G,4
8021,without_M2,log_ridge_smear,emp_share_I,4
8021,without_M2,log_ridge_smear,emp_share_C,4
8021,without_M2,log_ridge_smear,emp_share_M,4
8021,without_M2,log_ridge_smear,log_inflow_per_population,5
8021,without_M2,log_ridge_smear,log_in_out_ratio,5
8021,without_M2,log_ridge_smear,supply_narrow_8021,6
8021,without_M2,log_ridge_smear,log_residence_mean_pay,7
8021,without_M2,log_ridge_smear,residence_filer_population_ratio,7
8021,without_M2,log_ridge_smear,residence_parent_shared,7
8021,without_M2,log_ridge_smear,log_population_density,8
8021,without_M2,log_ridge_smear,land_building_share,8
8021,without_M2,log_ridge_smear,land_factory_share,8
8021,without_M2,log_ridge_smear,land_farm_forest_share,8
8021,without_M2,log_ridge_smear,urban_area_ratio,8
8021,without_M2,log_ridge_smear,urban_population_ratio,8
8021,without_M2,log_ridge_smear,urban_residential_share,8
8021,without_M2,log_ridge_smear,urban_commercial_share,8
8021,without_M2,log_ridge_smear,urban_industrial_share,8
8021,without_M2,log_ridge_smear,urban_parent_shared,8
8021,without_M2,log_ridge_smear,admin_type,8
8021,without_M2,log_ridge_smear,SIDO_NM,9
8021,without_M3,log_ridge_smear,log_population,1
8021,without_M3,log_ridge_smear,share_u20,2
8021,without_M3,log_ridge_smear,share_20s,2
8021,without_M3,log_ridge_smear,share_30s,2
8021,without_M3,log_ridge_smear,share_40s,2
8021,without_M3,log_ridge_smear,share_50s,2
8021,without_M3,log_ridge_smear,female_share,2
8021,without_M3,log_ridge_smear,hh1_share,2
8021,without_M3,log_ridge_smear,hh2_share,2
8021,without_M3,log_ridge_smear,est_share_G,4
8021,without_M3,log_ridge_smear,est_share_I,4
8021,without_M3,log_ridge_smear,emp_share_G,4
8021,without_M3,log_ridge_smear,emp_share_I,4
8021,without_M3,log_ridge_smear,emp_share_C,4
8021,without_M3,log_ridge_smear,emp_share_M,4
8021,without_M3,log_ridge_smear,log_inflow_per_population,5
8021,without_M3,log_ridge_smear,log_in_out_ratio,5
8021,without_M3,log_ridge_smear,supply_narrow_8021,6
8021,without_M3,log_ridge_smear,log_residence_mean_pay,7
8021,without_M3,log_ridge_smear,residence_filer_population_ratio,7
8021,without_M3,log_ridge_smear,residence_parent_shared,7
8021,without_M3,log_ridge_smear,log_population_density,8
8021,without_M3,log_ridge_smear,land_building_share,8
8021,without_M3,log_ridge_smear,land_factory_share,8
8021,without_M3,log_ridge_smear,land_farm_forest_share,8
8021,without_M3,log_ridge_smear,urban_area_ratio,8
8021,without_M3,log_ridge_smear,urban_population_ratio,8
8021,without_M3,log_ridge_smear,urban_residential_share,8
8021,without_M3,log_ridge_smear,urban_commercial_share,8
8021,without_M3,log_ridge_smear,urban_industrial_share,8
8021,without_M3,log_ridge_smear,urban_parent_shared,8
8021,without_M3,log_ridge_smear,admin_type,8
8021,without_M3,log_ridge_smear,SIDO_NM,9
8021,without_M4,log_ridge_smear,log_population,1
8021,without_M4,log_ridge_smear,share_u20,2
8021,without_M4,log_ridge_smear,share_20s,2
8021,without_M4,log_ridge_smear,share_30s,2
8021,without_M4,log_ridge_smear,share_40s,2
8021,without_M4,log_ridge_smear,share_50s,2
8021,without_M4,log_ridge_smear,female_share,2
8021,without_M4,log_ridge_smear,hh1_share,2
8021,without_M4,log_ridge_smear,hh2_share,2
8021,without_M4,log_ridge_smear,log_est_per_population,3
8021,without_M4,log_ridge_smear,log_emp_per_population,3
8021,without_M4,log_ridge_smear,log_inflow_per_population,5
8021,without_M4,log_ridge_smear,log_in_out_ratio,5
8021,without_M4,log_ridge_smear,supply_narrow_8021,6
8021,without_M4,log_ridge_smear,log_residence_mean_pay,7
8021,without_M4,log_ridge_smear,residence_filer_population_ratio,7
8021,without_M4,log_ridge_smear,residence_parent_shared,7
8021,without_M4,log_ridge_smear,log_population_density,8
8021,without_M4,log_ridge_smear,land_building_share,8
8021,without_M4,log_ridge_smear,land_factory_share,8
8021,without_M4,log_ridge_smear,land_farm_forest_share,8
8021,without_M4,log_ridge_smear,urban_area_ratio,8
8021,without_M4,log_ridge_smear,urban_population_ratio,8
8021,without_M4,log_ridge_smear,urban_residential_share,8
8021,without_M4,log_ridge_smear,urban_commercial_share,8
8021,without_M4,log_ridge_smear,urban_industrial_share,8
8021,without_M4,log_ridge_smear,urban_parent_shared,8
8021,without_M4,log_ridge_smear,admin_type,8
8021,without_M4,log_ridge_smear,SIDO_NM,9
8021,without_M5,log_ridge_smear,log_population,1
8021,without_M5,log_ridge_smear,share_u20,2
8021,without_M5,log_ridge_smear,share_20s,2
8021,without_M5,log_ridge_smear,share_30s,2
8021,without_M5,log_ridge_smear,share_40s,2
8021,without_M5,log_ridge_smear,share_50s,2
8021,without_M5,log_ridge_smear,female_share,2
8021,without_M5,log_ridge_smear,hh1_share,2
8021,without_M5,log_ridge_smear,hh2_share,2
8021,without_M5,log_ridge_smear,log_est_per_population,3
8021,without_M5,log_ridge_smear,log_emp_per_population,3
8021,without_M5,log_ridge_smear,est_share_G,4
8021,without_M5,log_ridge_smear,est_share_I,4
8021,without_M5,log_ridge_smear,emp_share_G,4
8021,without_M5,log_ridge_smear,emp_share_I,4
8021,without_M5,log_ridge_smear,emp_share_C,4
8021,without_M5,log_ridge_smear,emp_share_M,4
8021,without_M5,log_ridge_smear,supply_narrow_8021,6
8021,without_M5,log_ridge_smear,log_residence_mean_pay,7
8021,without_M5,log_ridge_smear,residence_filer_population_ratio,7
8021,without_M5,log_ridge_smear,residence_parent_shared,7
8021,without_M5,log_ridge_smear,log_population_density,8
8021,without_M5,log_ridge_smear,land_building_share,8
8021,without_M5,log_ridge_smear,land_factory_share,8
8021,without_M5,log_ridge_smear,land_farm_forest_share,8
8021,without_M5,log_ridge_smear,urban_area_ratio,8
8021,without_M5,log_ridge_smear,urban_population_ratio,8
8021,without_M5,log_ridge_smear,urban_residential_share,8
8021,without_M5,log_ridge_smear,urban_commercial_share,8
8021,without_M5,log_ridge_smear,urban_industrial_share,8
8021,without_M5,log_ridge_smear,urban_parent_shared,8
8021,without_M5,log_ridge_smear,admin_type,8
8021,without_M5,log_ridge_smear,SIDO_NM,9
8021,without_M6,log_ridge_smear,log_population,1
8021,without_M6,log_ridge_smear,share_u20,2
8021,without_M6,log_ridge_smear,share_20s,2
8021,without_M6,log_ridge_smear,share_30s,2
8021,without_M6,log_ridge_smear,share_40s,2
8021,without_M6,log_ridge_smear,share_50s,2
8021,without_M6,log_ridge_smear,female_share,2
8021,without_M6,log_ridge_smear,hh1_share,2
8021,without_M6,log_ridge_smear,hh2_share,2
8021,without_M6,log_ridge_smear,log_est_per_population,3
8021,without_M6,log_ridge_smear,log_emp_per_population,3
8021,without_M6,log_ridge_smear,est_share_G,4
8021,without_M6,log_ridge_smear,est_share_I,4
8021,without_M6,log_ridge_smear,emp_share_G,4
8021,without_M6,log_ridge_smear,emp_share_I,4
8021,without_M6,log_ridge_smear,emp_share_C,4
8021,without_M6,log_ridge_smear,emp_share_M,4
8021,without_M6,log_ridge_smear,log_inflow_per_population,5
8021,without_M6,log_ridge_smear,log_in_out_ratio,5
8021,without_M6,log_ridge_smear,log_residence_mean_pay,7
8021,without_M6,log_ridge_smear,residence_filer_population_ratio,7
8021,without_M6,log_ridge_smear,residence_parent_shared,7
8021,without_M6,log_ridge_smear,log_population_density,8
8021,without_M6,log_ridge_smear,land_building_share,8
8021,without_M6,log_ridge_smear,land_factory_share,8
8021,without_M6,log_ridge_smear,land_farm_forest_share,8
8021,without_M6,log_ridge_smear,urban_area_ratio,8
8021,without_M6,log_ridge_smear,urban_population_ratio,8
8021,without_M6,log_ridge_smear,urban_residential_share,8
8021,without_M6,log_ridge_smear,urban_commercial_share,8
8021,without_M6,log_ridge_smear,urban_industrial_share,8
8021,without_M6,log_ridge_smear,urban_parent_shared,8
8021,without_M6,log_ridge_smear,admin_type,8
8021,without_M6,log_ridge_smear,SIDO_NM,9
8021,without_M7,log_ridge_smear,log_population,1
8021,without_M7,log_ridge_smear,share_u20,2
8021,without_M7,log_ridge_smear,share_20s,2
8021,without_M7,log_ridge_smear,share_30s,2
8021,without_M7,log_ridge_smear,share_40s,2
8021,without_M7,log_ridge_smear,share_50s,2
8021,without_M7,log_ridge_smear,female_share,2
8021,without_M7,log_ridge_smear,hh1_share,2
8021,without_M7,log_ridge_smear,hh2_share,2
8021,without_M7,log_ridge_smear,log_est_per_population,3
8021,without_M7,log_ridge_smear,log_emp_per_population,3
8021,without_M7,log_ridge_smear,est_share_G,4
8021,without_M7,log_ridge_smear,est_share_I,4
8021,without_M7,log_ridge_smear,emp_share_G,4
8021,without_M7,log_ridge_smear,emp_share_I,4
8021,without_M7,log_ridge_smear,emp_share_C,4
8021,without_M7,log_ridge_smear,emp_share_M,4
8021,without_M7,log_ridge_smear,log_inflow_per_population,5
8021,without_M7,log_ridge_smear,log_in_out_ratio,5
8021,without_M7,log_ridge_smear,supply_narrow_8021,6
8021,without_M7,log_ridge_smear,log_population_density,8
8021,without_M7,log_ridge_smear,land_building_share,8
8021,without_M7,log_ridge_smear,land_factory_share,8
8021,without_M7,log_ridge_smear,land_farm_forest_share,8
8021,without_M7,log_ridge_smear,urban_area_ratio,8
8021,without_M7,log_ridge_smear,urban_population_ratio,8
8021,without_M7,log_ridge_smear,urban_residential_share,8
8021,without_M7,log_ridge_smear,urban_commercial_share,8
8021,without_M7,log_ridge_smear,urban_industrial_share,8
8021,without_M7,log_ridge_smear,urban_parent_shared,8
8021,without_M7,log_ridge_smear,admin_type,8
8021,without_M7,log_ridge_smear,SIDO_NM,9
8021,without_M8,log_ridge_smear,log_population,1
8021,without_M8,log_ridge_smear,share_u20,2
8021,without_M8,log_ridge_smear,share_20s,2
8021,without_M8,log_ridge_smear,share_30s,2
8021,without_M8,log_ridge_smear,share_40s,2
8021,without_M8,log_ridge_smear,share_50s,2
8021,without_M8,log_ridge_smear,female_share,2
8021,without_M8,log_ridge_smear,hh1_share,2
8021,without_M8,log_ridge_smear,hh2_share,2
8021,without_M8,log_ridge_smear,log_est_per_population,3
8021,without_M8,log_ridge_smear,log_emp_per_population,3
8021,without_M8,log_ridge_smear,est_share_G,4
8021,without_M8,log_ridge_smear,est_share_I,4
8021,without_M8,log_ridge_smear,emp_share_G,4
8021,without_M8,log_ridge_smear,emp_share_I,4
8021,without_M8,log_ridge_smear,emp_share_C,4
8021,without_M8,log_ridge_smear,emp_share_M,4
8021,without_M8,log_ridge_smear,log_inflow_per_population,5
8021,without_M8,log_ridge_smear,log_in_out_ratio,5
8021,without_M8,log_ridge_smear,supply_narrow_8021,6
8021,without_M8,log_ridge_smear,log_residence_mean_pay,7
8021,without_M8,log_ridge_smear,residence_filer_population_ratio,7
8021,without_M8,log_ridge_smear,residence_parent_shared,7
8021,without_M8,log_ridge_smear,SIDO_NM,9
8021,without_M9,log_ridge_smear,log_population,1
8021,without_M9,log_ridge_smear,share_u20,2
8021,without_M9,log_ridge_smear,share_20s,2
8021,without_M9,log_ridge_smear,share_30s,2
8021,without_M9,log_ridge_smear,share_40s,2
8021,without_M9,log_ridge_smear,share_50s,2
8021,without_M9,log_ridge_smear,female_share,2
8021,without_M9,log_ridge_smear,hh1_share,2
8021,without_M9,log_ridge_smear,hh2_share,2
8021,without_M9,log_ridge_smear,log_est_per_population,3
8021,without_M9,log_ridge_smear,log_emp_per_population,3
8021,without_M9,log_ridge_smear,est_share_G,4
8021,without_M9,log_ridge_smear,est_share_I,4
8021,without_M9,log_ridge_smear,emp_share_G,4
8021,without_M9,log_ridge_smear,emp_share_I,4
8021,without_M9,log_ridge_smear,emp_share_C,4
8021,without_M9,log_ridge_smear,emp_share_M,4
8021,without_M9,log_ridge_smear,log_inflow_per_population,5
8021,without_M9,log_ridge_smear,log_in_out_ratio,5
8021,without_M9,log_ridge_smear,supply_narrow_8021,6
8021,without_M9,log_ridge_smear,log_residence_mean_pay,7
8021,without_M9,log_ridge_smear,residence_filer_population_ratio,7
8021,without_M9,log_ridge_smear,residence_parent_shared,7
8021,without_M9,log_ridge_smear,log_population_density,8
8021,without_M9,log_ridge_smear,land_building_share,8
8021,without_M9,log_ridge_smear,land_factory_share,8
8021,without_M9,log_ridge_smear,land_farm_forest_share,8
8021,without_M9,log_ridge_smear,urban_area_ratio,8
8021,without_M9,log_ridge_smear,urban_population_ratio,8
8021,without_M9,log_ridge_smear,urban_residential_share,8
8021,without_M9,log_ridge_smear,urban_commercial_share,8
8021,without_M9,log_ridge_smear,urban_industrial_share,8
8021,without_M9,log_ridge_smear,urban_parent_shared,8
8021,without_M9,log_ridge_smear,admin_type,8
8021,M9_workplace,log_ridge_smear,log_population,1
8021,M9_workplace,log_ridge_smear,share_u20,2
8021,M9_workplace,log_ridge_smear,share_20s,2
8021,M9_workplace,log_ridge_smear,share_30s,2
8021,M9_workplace,log_ridge_smear,share_40s,2
8021,M9_workplace,log_ridge_smear,share_50s,2
8021,M9_workplace,log_ridge_smear,female_share,2
8021,M9_workplace,log_ridge_smear,hh1_share,2
8021,M9_workplace,log_ridge_smear,hh2_share,2
8021,M9_workplace,log_ridge_smear,log_est_per_population,3
8021,M9_workplace,log_ridge_smear,log_emp_per_population,3
8021,M9_workplace,log_ridge_smear,est_share_G,4
8021,M9_workplace,log_ridge_smear,est_share_I,4
8021,M9_workplace,log_ridge_smear,emp_share_G,4
8021,M9_workplace,log_ridge_smear,emp_share_I,4
8021,M9_workplace,log_ridge_smear,emp_share_C,4
8021,M9_workplace,log_ridge_smear,emp_share_M,4
8021,M9_workplace,log_ridge_smear,log_inflow_per_population,5
8021,M9_workplace,log_ridge_smear,log_in_out_ratio,5
8021,M9_workplace,log_ridge_smear,supply_narrow_8021,6
8021,M9_workplace,log_ridge_smear,log_residence_mean_pay,7
8021,M9_workplace,log_ridge_smear,residence_filer_population_ratio,7
8021,M9_workplace,log_ridge_smear,residence_parent_shared,7
8021,M9_workplace,log_ridge_smear,log_population_density,8
8021,M9_workplace,log_ridge_smear,land_building_share,8
8021,M9_workplace,log_ridge_smear,land_factory_share,8
8021,M9_workplace,log_ridge_smear,land_farm_forest_share,8
8021,M9_workplace,log_ridge_smear,urban_area_ratio,8
8021,M9_workplace,log_ridge_smear,urban_population_ratio,8
8021,M9_workplace,log_ridge_smear,urban_residential_share,8
8021,M9_workplace,log_ridge_smear,urban_commercial_share,8
8021,M9_workplace,log_ridge_smear,urban_industrial_share,8
8021,M9_workplace,log_ridge_smear,urban_parent_shared,8
8021,M9_workplace,log_ridge_smear,log_workplace_mean_pay,10
8021,M9_workplace,log_ridge_smear,admin_type,8
8021,M9_workplace,log_ridge_smear,SIDO_NM,9
8021,M9_broad_supply,log_ridge_smear,log_population,1
8021,M9_broad_supply,log_ridge_smear,share_u20,2
8021,M9_broad_supply,log_ridge_smear,share_20s,2
8021,M9_broad_supply,log_ridge_smear,share_30s,2
8021,M9_broad_supply,log_ridge_smear,share_40s,2
8021,M9_broad_supply,log_ridge_smear,share_50s,2
8021,M9_broad_supply,log_ridge_smear,female_share,2
8021,M9_broad_supply,log_ridge_smear,hh1_share,2
8021,M9_broad_supply,log_ridge_smear,hh2_share,2
8021,M9_broad_supply,log_ridge_smear,log_est_per_population,3
8021,M9_broad_supply,log_ridge_smear,log_emp_per_population,3
8021,M9_broad_supply,log_ridge_smear,est_share_G,4
8021,M9_broad_supply,log_ridge_smear,est_share_I,4
8021,M9_broad_supply,log_ridge_smear,emp_share_G,4
8021,M9_broad_supply,log_ridge_smear,emp_share_I,4
8021,M9_broad_supply,log_ridge_smear,emp_share_C,4
8021,M9_broad_supply,log_ridge_smear,emp_share_M,4
8021,M9_broad_supply,log_ridge_smear,log_inflow_per_population,5
8021,M9_broad_supply,log_ridge_smear,log_in_out_ratio,5
8021,M9_broad_supply,log_ridge_smear,supply_broad_8021,6
8021,M9_broad_supply,log_ridge_smear,log_residence_mean_pay,7
8021,M9_broad_supply,log_ridge_smear,residence_filer_population_ratio,7
8021,M9_broad_supply,log_ridge_smear,residence_parent_shared,7
8021,M9_broad_supply,log_ridge_smear,log_population_density,8
8021,M9_broad_supply,log_ridge_smear,land_building_share,8
8021,M9_broad_supply,log_ridge_smear,land_factory_share,8
8021,M9_broad_supply,log_ridge_smear,land_farm_forest_share,8
8021,M9_broad_supply,log_ridge_smear,urban_area_ratio,8
8021,M9_broad_supply,log_ridge_smear,urban_population_ratio,8
8021,M9_broad_supply,log_ridge_smear,urban_residential_share,8
8021,M9_broad_supply,log_ridge_smear,urban_commercial_share,8
8021,M9_broad_supply,log_ridge_smear,urban_industrial_share,8
8021,M9_broad_supply,log_ridge_smear,urban_parent_shared,8
8021,M9_broad_supply,log_ridge_smear,admin_type,8
8021,M9_broad_supply,log_ridge_smear,SIDO_NM,9
8021,M9_alpha10,log_ridge_smear,log_population,1
8021,M9_alpha10,log_ridge_smear,share_u20,2
8021,M9_alpha10,log_ridge_smear,share_20s,2
8021,M9_alpha10,log_ridge_smear,share_30s,2
8021,M9_alpha10,log_ridge_smear,share_40s,2
8021,M9_alpha10,log_ridge_smear,share_50s,2
8021,M9_alpha10,log_ridge_smear,female_share,2
8021,M9_alpha10,log_ridge_smear,hh1_share,2
8021,M9_alpha10,log_ridge_smear,hh2_share,2
8021,M9_alpha10,log_ridge_smear,log_est_per_population,3
8021,M9_alpha10,log_ridge_smear,log_emp_per_population,3
8021,M9_alpha10,log_ridge_smear,est_share_G,4
8021,M9_alpha10,log_ridge_smear,est_share_I,4
8021,M9_alpha10,log_ridge_smear,emp_share_G,4
8021,M9_alpha10,log_ridge_smear,emp_share_I,4
8021,M9_alpha10,log_ridge_smear,emp_share_C,4
8021,M9_alpha10,log_ridge_smear,emp_share_M,4
8021,M9_alpha10,log_ridge_smear,log_inflow_per_population,5
8021,M9_alpha10,log_ridge_smear,log_in_out_ratio,5
8021,M9_alpha10,log_ridge_smear,supply_narrow_8021,6
8021,M9_alpha10,log_ridge_smear,log_residence_mean_pay,7
8021,M9_alpha10,log_ridge_smear,residence_filer_population_ratio,7
8021,M9_alpha10,log_ridge_smear,residence_parent_shared,7
8021,M9_alpha10,log_ridge_smear,log_population_density,8
8021,M9_alpha10,log_ridge_smear,land_building_share,8
8021,M9_alpha10,log_ridge_smear,land_factory_share,8
8021,M9_alpha10,log_ridge_smear,land_farm_forest_share,8
8021,M9_alpha10,log_ridge_smear,urban_area_ratio,8
8021,M9_alpha10,log_ridge_smear,urban_population_ratio,8
8021,M9_alpha10,log_ridge_smear,urban_residential_share,8
8021,M9_alpha10,log_ridge_smear,urban_commercial_share,8
8021,M9_alpha10,log_ridge_smear,urban_industrial_share,8
8021,M9_alpha10,log_ridge_smear,urban_parent_shared,8
8021,M9_alpha10,log_ridge_smear,admin_type,8
8021,M9_alpha10,log_ridge_smear,SIDO_NM,9
8021,M9_taxable_pay,log_ridge_smear,log_population,1
8021,M9_taxable_pay,log_ridge_smear,share_u20,2
8021,M9_taxable_pay,log_ridge_smear,share_20s,2
8021,M9_taxable_pay,log_ridge_smear,share_30s,2
8021,M9_taxable_pay,log_ridge_smear,share_40s,2
8021,M9_taxable_pay,log_ridge_smear,share_50s,2
8021,M9_taxable_pay,log_ridge_smear,female_share,2
8021,M9_taxable_pay,log_ridge_smear,hh1_share,2
8021,M9_taxable_pay,log_ridge_smear,hh2_share,2
8021,M9_taxable_pay,log_ridge_smear,log_est_per_population,3
8021,M9_taxable_pay,log_ridge_smear,log_emp_per_population,3
8021,M9_taxable_pay,log_ridge_smear,est_share_G,4
8021,M9_taxable_pay,log_ridge_smear,est_share_I,4
8021,M9_taxable_pay,log_ridge_smear,emp_share_G,4
8021,M9_taxable_pay,log_ridge_smear,emp_share_I,4
8021,M9_taxable_pay,log_ridge_smear,emp_share_C,4
8021,M9_taxable_pay,log_ridge_smear,emp_share_M,4
8021,M9_taxable_pay,log_ridge_smear,log_inflow_per_population,5
8021,M9_taxable_pay,log_ridge_smear,log_in_out_ratio,5
8021,M9_taxable_pay,log_ridge_smear,supply_narrow_8021,6
8021,M9_taxable_pay,log_ridge_smear,log_residence_mean_tax_pay,9
8021,M9_taxable_pay,log_ridge_smear,residence_filer_population_ratio,7
8021,M9_taxable_pay,log_ridge_smear,residence_parent_shared,7
8021,M9_taxable_pay,log_ridge_smear,log_population_density,8
8021,M9_taxable_pay,log_ridge_smear,land_building_share,8
8021,M9_taxable_pay,log_ridge_smear,land_factory_share,8
8021,M9_taxable_pay,log_ridge_smear,land_farm_forest_share,8
8021,M9_taxable_pay,log_ridge_smear,urban_area_ratio,8
8021,M9_taxable_pay,log_ridge_smear,urban_population_ratio,8
8021,M9_taxable_pay,log_ridge_smear,urban_residential_share,8
8021,M9_taxable_pay,log_ridge_smear,urban_commercial_share,8
8021,M9_taxable_pay,log_ridge_smear,urban_industrial_share,8
8021,M9_taxable_pay,log_ridge_smear,urban_parent_shared,8
8021,M9_taxable_pay,log_ridge_smear,admin_type,8
8021,M9_taxable_pay,log_ridge_smear,SIDO_NM,9
8021,M1,raw_ridge,population,1
8021,M2,raw_ridge,population,1
8021,M2,raw_ridge,share_u20,2
8021,M2,raw_ridge,share_20s,2
8021,M2,raw_ridge,share_30s,2
8021,M2,raw_ridge,share_40s,2
8021,M2,raw_ridge,share_50s,2
8021,M2,raw_ridge,female_share,2
8021,M2,raw_ridge,hh1_share,2
8021,M2,raw_ridge,hh2_share,2
8021,M3,raw_ridge,population,1
8021,M3,raw_ridge,share_u20,2
8021,M3,raw_ridge,share_20s,2
8021,M3,raw_ridge,share_30s,2
8021,M3,raw_ridge,share_40s,2
8021,M3,raw_ridge,share_50s,2
8021,M3,raw_ridge,female_share,2
8021,M3,raw_ridge,hh1_share,2
8021,M3,raw_ridge,hh2_share,2
8021,M3,raw_ridge,est_0,3
8021,M3,raw_ridge,emp_0,3
8021,M4,raw_ridge,population,1
8021,M4,raw_ridge,share_u20,2
8021,M4,raw_ridge,share_20s,2
8021,M4,raw_ridge,share_30s,2
8021,M4,raw_ridge,share_40s,2
8021,M4,raw_ridge,share_50s,2
8021,M4,raw_ridge,female_share,2
8021,M4,raw_ridge,hh1_share,2
8021,M4,raw_ridge,hh2_share,2
8021,M4,raw_ridge,est_0,3
8021,M4,raw_ridge,emp_0,3
8021,M4,raw_ridge,est_share_G,4
8021,M4,raw_ridge,est_share_I,4
8021,M4,raw_ridge,emp_share_G,4
8021,M4,raw_ridge,emp_share_I,4
8021,M4,raw_ridge,emp_share_C,4
8021,M4,raw_ridge,emp_share_M,4
8021,M5,raw_ridge,population,1
8021,M5,raw_ridge,share_u20,2
8021,M5,raw_ridge,share_20s,2
8021,M5,raw_ridge,share_30s,2
8021,M5,raw_ridge,share_40s,2
8021,M5,raw_ridge,share_50s,2
8021,M5,raw_ridge,female_share,2
8021,M5,raw_ridge,hh1_share,2
8021,M5,raw_ridge,hh2_share,2
8021,M5,raw_ridge,est_0,3
8021,M5,raw_ridge,emp_0,3
8021,M5,raw_ridge,est_share_G,4
8021,M5,raw_ridge,est_share_I,4
8021,M5,raw_ridge,emp_share_G,4
8021,M5,raw_ridge,emp_share_I,4
8021,M5,raw_ridge,emp_share_C,4
8021,M5,raw_ridge,emp_share_M,4
8021,M5,raw_ridge,inflow,5
8021,M5,raw_ridge,outflow,5
8021,M9,raw_ridge,population,1
8021,M9,raw_ridge,share_u20,2
8021,M9,raw_ridge,share_20s,2
8021,M9,raw_ridge,share_30s,2
8021,M9,raw_ridge,share_40s,2
8021,M9,raw_ridge,share_50s,2
8021,M9,raw_ridge,female_share,2
8021,M9,raw_ridge,hh1_share,2
8021,M9,raw_ridge,hh2_share,2
8021,M9,raw_ridge,est_0,3
8021,M9,raw_ridge,emp_0,3
8021,M9,raw_ridge,est_share_G,4
8021,M9,raw_ridge,est_share_I,4
8021,M9,raw_ridge,emp_share_G,4
8021,M9,raw_ridge,emp_share_I,4
8021,M9,raw_ridge,emp_share_C,4
8021,M9,raw_ridge,emp_share_M,4
8021,M9,raw_ridge,inflow,5
8021,M9,raw_ridge,outflow,5
8021,M9,raw_ridge,supply_narrow_8021,6
8021,M9,raw_ridge,log_residence_mean_pay,7
8021,M9,raw_ridge,residence_filer_population_ratio,7
8021,M9,raw_ridge,residence_parent_shared,7
8021,M9,raw_ridge,log_population_density,8
8021,M9,raw_ridge,land_building_share,8
8021,M9,raw_ridge,land_factory_share,8
8021,M9,raw_ridge,land_farm_forest_share,8
8021,M9,raw_ridge,urban_area_ratio,8
8021,M9,raw_ridge,urban_population_ratio,8
8021,M9,raw_ridge,urban_residential_share,8
8021,M9,raw_ridge,urban_commercial_share,8
8021,M9,raw_ridge,urban_industrial_share,8
8021,M9,raw_ridge,urban_parent_shared,8
8021,M9,raw_ridge,admin_type,8
8021,M9,raw_ridge,SIDO_NM,9
8301,M1,log_ridge_smear,log_population,1
8301,M2,log_ridge_smear,log_population,1
8301,M2,log_ridge_smear,share_u20,2
8301,M2,log_ridge_smear,share_20s,2
8301,M2,log_ridge_smear,share_30s,2
8301,M2,log_ridge_smear,share_40s,2
8301,M2,log_ridge_smear,share_50s,2
8301,M2,log_ridge_smear,female_share,2
8301,M2,log_ridge_smear,hh1_share,2
8301,M2,log_ridge_smear,hh2_share,2
8301,M3,log_ridge_smear,log_population,1
8301,M3,log_ridge_smear,share_u20,2
8301,M3,log_ridge_smear,share_20s,2
8301,M3,log_ridge_smear,share_30s,2
8301,M3,log_ridge_smear,share_40s,2
8301,M3,log_ridge_smear,share_50s,2
8301,M3,log_ridge_smear,female_share,2
8301,M3,log_ridge_smear,hh1_share,2
8301,M3,log_ridge_smear,hh2_share,2
8301,M3,log_ridge_smear,log_est_per_population,3
8301,M3,log_ridge_smear,log_emp_per_population,3
8301,M4,log_ridge_smear,log_population,1
8301,M4,log_ridge_smear,share_u20,2
8301,M4,log_ridge_smear,share_20s,2
8301,M4,log_ridge_smear,share_30s,2
8301,M4,log_ridge_smear,share_40s,2
8301,M4,log_ridge_smear,share_50s,2
8301,M4,log_ridge_smear,female_share,2
8301,M4,log_ridge_smear,hh1_share,2
8301,M4,log_ridge_smear,hh2_share,2
8301,M4,log_ridge_smear,log_est_per_population,3
8301,M4,log_ridge_smear,log_emp_per_population,3
8301,M4,log_ridge_smear,est_share_G,4
8301,M4,log_ridge_smear,est_share_I,4
8301,M4,log_ridge_smear,emp_share_G,4
8301,M4,log_ridge_smear,emp_share_I,4
8301,M4,log_ridge_smear,emp_share_C,4
8301,M4,log_ridge_smear,emp_share_M,4
8301,M5,log_ridge_smear,log_population,1
8301,M5,log_ridge_smear,share_u20,2
8301,M5,log_ridge_smear,share_20s,2
8301,M5,log_ridge_smear,share_30s,2
8301,M5,log_ridge_smear,share_40s,2
8301,M5,log_ridge_smear,share_50s,2
8301,M5,log_ridge_smear,female_share,2
8301,M5,log_ridge_smear,hh1_share,2
8301,M5,log_ridge_smear,hh2_share,2
8301,M5,log_ridge_smear,log_est_per_population,3
8301,M5,log_ridge_smear,log_emp_per_population,3
8301,M5,log_ridge_smear,est_share_G,4
8301,M5,log_ridge_smear,est_share_I,4
8301,M5,log_ridge_smear,emp_share_G,4
8301,M5,log_ridge_smear,emp_share_I,4
8301,M5,log_ridge_smear,emp_share_C,4
8301,M5,log_ridge_smear,emp_share_M,4
8301,M5,log_ridge_smear,log_inflow_per_population,5
8301,M5,log_ridge_smear,log_in_out_ratio,5
8301,M6,log_ridge_smear,log_population,1
8301,M6,log_ridge_smear,share_u20,2
8301,M6,log_ridge_smear,share_20s,2
8301,M6,log_ridge_smear,share_30s,2
8301,M6,log_ridge_smear,share_40s,2
8301,M6,log_ridge_smear,share_50s,2
8301,M6,log_ridge_smear,female_share,2
8301,M6,log_ridge_smear,hh1_share,2
8301,M6,log_ridge_smear,hh2_share,2
8301,M6,log_ridge_smear,log_est_per_population,3
8301,M6,log_ridge_smear,log_emp_per_population,3
8301,M6,log_ridge_smear,est_share_G,4
8301,M6,log_ridge_smear,est_share_I,4
8301,M6,log_ridge_smear,emp_share_G,4
8301,M6,log_ridge_smear,emp_share_I,4
8301,M6,log_ridge_smear,emp_share_C,4
8301,M6,log_ridge_smear,emp_share_M,4
8301,M6,log_ridge_smear,log_inflow_per_population,5
8301,M6,log_ridge_smear,log_in_out_ratio,5
8301,M6,log_ridge_smear,supply_narrow_8301,6
8301,M7,log_ridge_smear,log_population,1
8301,M7,log_ridge_smear,share_u20,2
8301,M7,log_ridge_smear,share_20s,2
8301,M7,log_ridge_smear,share_30s,2
8301,M7,log_ridge_smear,share_40s,2
8301,M7,log_ridge_smear,share_50s,2
8301,M7,log_ridge_smear,female_share,2
8301,M7,log_ridge_smear,hh1_share,2
8301,M7,log_ridge_smear,hh2_share,2
8301,M7,log_ridge_smear,log_est_per_population,3
8301,M7,log_ridge_smear,log_emp_per_population,3
8301,M7,log_ridge_smear,est_share_G,4
8301,M7,log_ridge_smear,est_share_I,4
8301,M7,log_ridge_smear,emp_share_G,4
8301,M7,log_ridge_smear,emp_share_I,4
8301,M7,log_ridge_smear,emp_share_C,4
8301,M7,log_ridge_smear,emp_share_M,4
8301,M7,log_ridge_smear,log_inflow_per_population,5
8301,M7,log_ridge_smear,log_in_out_ratio,5
8301,M7,log_ridge_smear,supply_narrow_8301,6
8301,M7,log_ridge_smear,log_residence_mean_pay,7
8301,M7,log_ridge_smear,residence_filer_population_ratio,7
8301,M7,log_ridge_smear,residence_parent_shared,7
8301,M8,log_ridge_smear,log_population,1
8301,M8,log_ridge_smear,share_u20,2
8301,M8,log_ridge_smear,share_20s,2
8301,M8,log_ridge_smear,share_30s,2
8301,M8,log_ridge_smear,share_40s,2
8301,M8,log_ridge_smear,share_50s,2
8301,M8,log_ridge_smear,female_share,2
8301,M8,log_ridge_smear,hh1_share,2
8301,M8,log_ridge_smear,hh2_share,2
8301,M8,log_ridge_smear,log_est_per_population,3
8301,M8,log_ridge_smear,log_emp_per_population,3
8301,M8,log_ridge_smear,est_share_G,4
8301,M8,log_ridge_smear,est_share_I,4
8301,M8,log_ridge_smear,emp_share_G,4
8301,M8,log_ridge_smear,emp_share_I,4
8301,M8,log_ridge_smear,emp_share_C,4
8301,M8,log_ridge_smear,emp_share_M,4
8301,M8,log_ridge_smear,log_inflow_per_population,5
8301,M8,log_ridge_smear,log_in_out_ratio,5
8301,M8,log_ridge_smear,supply_narrow_8301,6
8301,M8,log_ridge_smear,log_residence_mean_pay,7
8301,M8,log_ridge_smear,residence_filer_population_ratio,7
8301,M8,log_ridge_smear,residence_parent_shared,7
8301,M8,log_ridge_smear,log_population_density,8
8301,M8,log_ridge_smear,land_building_share,8
8301,M8,log_ridge_smear,land_factory_share,8
8301,M8,log_ridge_smear,land_farm_forest_share,8
8301,M8,log_ridge_smear,urban_area_ratio,8
8301,M8,log_ridge_smear,urban_population_ratio,8
8301,M8,log_ridge_smear,urban_residential_share,8
8301,M8,log_ridge_smear,urban_commercial_share,8
8301,M8,log_ridge_smear,urban_industrial_share,8
8301,M8,log_ridge_smear,urban_parent_shared,8
8301,M8,log_ridge_smear,admin_type,8
8301,M9,log_ridge_smear,log_population,1
8301,M9,log_ridge_smear,share_u20,2
8301,M9,log_ridge_smear,share_20s,2
8301,M9,log_ridge_smear,share_30s,2
8301,M9,log_ridge_smear,share_40s,2
8301,M9,log_ridge_smear,share_50s,2
8301,M9,log_ridge_smear,female_share,2
8301,M9,log_ridge_smear,hh1_share,2
8301,M9,log_ridge_smear,hh2_share,2
8301,M9,log_ridge_smear,log_est_per_population,3
8301,M9,log_ridge_smear,log_emp_per_population,3
8301,M9,log_ridge_smear,est_share_G,4
8301,M9,log_ridge_smear,est_share_I,4
8301,M9,log_ridge_smear,emp_share_G,4
8301,M9,log_ridge_smear,emp_share_I,4
8301,M9,log_ridge_smear,emp_share_C,4
8301,M9,log_ridge_smear,emp_share_M,4
8301,M9,log_ridge_smear,log_inflow_per_population,5
8301,M9,log_ridge_smear,log_in_out_ratio,5
8301,M9,log_ridge_smear,supply_narrow_8301,6
8301,M9,log_ridge_smear,log_residence_mean_pay,7
8301,M9,log_ridge_smear,residence_filer_population_ratio,7
8301,M9,log_ridge_smear,residence_parent_shared,7
8301,M9,log_ridge_smear,log_population_density,8
8301,M9,log_ridge_smear,land_building_share,8
8301,M9,log_ridge_smear,land_factory_share,8
8301,M9,log_ridge_smear,land_farm_forest_share,8
8301,M9,log_ridge_smear,urban_area_ratio,8
8301,M9,log_ridge_smear,urban_population_ratio,8
8301,M9,log_ridge_smear,urban_residential_share,8
8301,M9,log_ridge_smear,urban_commercial_share,8
8301,M9,log_ridge_smear,urban_industrial_share,8
8301,M9,log_ridge_smear,urban_parent_shared,8
8301,M9,log_ridge_smear,admin_type,8
8301,M9,log_ridge_smear,SIDO_NM,9
8301,without_M1,log_ridge_smear,share_u20,2
8301,without_M1,log_ridge_smear,share_20s,2
8301,without_M1,log_ridge_smear,share_30s,2
8301,without_M1,log_ridge_smear,share_40s,2
8301,without_M1,log_ridge_smear,share_50s,2
8301,without_M1,log_ridge_smear,female_share,2
8301,without_M1,log_ridge_smear,hh1_share,2
8301,without_M1,log_ridge_smear,hh2_share,2
8301,without_M1,log_ridge_smear,log_est_per_population,3
8301,without_M1,log_ridge_smear,log_emp_per_population,3
8301,without_M1,log_ridge_smear,est_share_G,4
8301,without_M1,log_ridge_smear,est_share_I,4
8301,without_M1,log_ridge_smear,emp_share_G,4
8301,without_M1,log_ridge_smear,emp_share_I,4
8301,without_M1,log_ridge_smear,emp_share_C,4
8301,without_M1,log_ridge_smear,emp_share_M,4
8301,without_M1,log_ridge_smear,log_inflow_per_population,5
8301,without_M1,log_ridge_smear,log_in_out_ratio,5
8301,without_M1,log_ridge_smear,supply_narrow_8301,6
8301,without_M1,log_ridge_smear,log_residence_mean_pay,7
8301,without_M1,log_ridge_smear,residence_filer_population_ratio,7
8301,without_M1,log_ridge_smear,residence_parent_shared,7
8301,without_M1,log_ridge_smear,log_population_density,8
8301,without_M1,log_ridge_smear,land_building_share,8
8301,without_M1,log_ridge_smear,land_factory_share,8
8301,without_M1,log_ridge_smear,land_farm_forest_share,8
8301,without_M1,log_ridge_smear,urban_area_ratio,8
8301,without_M1,log_ridge_smear,urban_population_ratio,8
8301,without_M1,log_ridge_smear,urban_residential_share,8
8301,without_M1,log_ridge_smear,urban_commercial_share,8
8301,without_M1,log_ridge_smear,urban_industrial_share,8
8301,without_M1,log_ridge_smear,urban_parent_shared,8
8301,without_M1,log_ridge_smear,admin_type,8
8301,without_M1,log_ridge_smear,SIDO_NM,9
8301,without_M2,log_ridge_smear,log_population,1
8301,without_M2,log_ridge_smear,log_est_per_population,3
8301,without_M2,log_ridge_smear,log_emp_per_population,3
8301,without_M2,log_ridge_smear,est_share_G,4
8301,without_M2,log_ridge_smear,est_share_I,4
8301,without_M2,log_ridge_smear,emp_share_G,4
8301,without_M2,log_ridge_smear,emp_share_I,4
8301,without_M2,log_ridge_smear,emp_share_C,4
8301,without_M2,log_ridge_smear,emp_share_M,4
8301,without_M2,log_ridge_smear,log_inflow_per_population,5
8301,without_M2,log_ridge_smear,log_in_out_ratio,5
8301,without_M2,log_ridge_smear,supply_narrow_8301,6
8301,without_M2,log_ridge_smear,log_residence_mean_pay,7
8301,without_M2,log_ridge_smear,residence_filer_population_ratio,7
8301,without_M2,log_ridge_smear,residence_parent_shared,7
8301,without_M2,log_ridge_smear,log_population_density,8
8301,without_M2,log_ridge_smear,land_building_share,8
8301,without_M2,log_ridge_smear,land_factory_share,8
8301,without_M2,log_ridge_smear,land_farm_forest_share,8
8301,without_M2,log_ridge_smear,urban_area_ratio,8
8301,without_M2,log_ridge_smear,urban_population_ratio,8
8301,without_M2,log_ridge_smear,urban_residential_share,8
8301,without_M2,log_ridge_smear,urban_commercial_share,8
8301,without_M2,log_ridge_smear,urban_industrial_share,8
8301,without_M2,log_ridge_smear,urban_parent_shared,8
8301,without_M2,log_ridge_smear,admin_type,8
8301,without_M2,log_ridge_smear,SIDO_NM,9
8301,without_M3,log_ridge_smear,log_population,1
8301,without_M3,log_ridge_smear,share_u20,2
8301,without_M3,log_ridge_smear,share_20s,2
8301,without_M3,log_ridge_smear,share_30s,2
8301,without_M3,log_ridge_smear,share_40s,2
8301,without_M3,log_ridge_smear,share_50s,2
8301,without_M3,log_ridge_smear,female_share,2
8301,without_M3,log_ridge_smear,hh1_share,2
8301,without_M3,log_ridge_smear,hh2_share,2
8301,without_M3,log_ridge_smear,est_share_G,4
8301,without_M3,log_ridge_smear,est_share_I,4
8301,without_M3,log_ridge_smear,emp_share_G,4
8301,without_M3,log_ridge_smear,emp_share_I,4
8301,without_M3,log_ridge_smear,emp_share_C,4
8301,without_M3,log_ridge_smear,emp_share_M,4
8301,without_M3,log_ridge_smear,log_inflow_per_population,5
8301,without_M3,log_ridge_smear,log_in_out_ratio,5
8301,without_M3,log_ridge_smear,supply_narrow_8301,6
8301,without_M3,log_ridge_smear,log_residence_mean_pay,7
8301,without_M3,log_ridge_smear,residence_filer_population_ratio,7
8301,without_M3,log_ridge_smear,residence_parent_shared,7
8301,without_M3,log_ridge_smear,log_population_density,8
8301,without_M3,log_ridge_smear,land_building_share,8
8301,without_M3,log_ridge_smear,land_factory_share,8
8301,without_M3,log_ridge_smear,land_farm_forest_share,8
8301,without_M3,log_ridge_smear,urban_area_ratio,8
8301,without_M3,log_ridge_smear,urban_population_ratio,8
8301,without_M3,log_ridge_smear,urban_residential_share,8
8301,without_M3,log_ridge_smear,urban_commercial_share,8
8301,without_M3,log_ridge_smear,urban_industrial_share,8
8301,without_M3,log_ridge_smear,urban_parent_shared,8
8301,without_M3,log_ridge_smear,admin_type,8
8301,without_M3,log_ridge_smear,SIDO_NM,9
8301,without_M4,log_ridge_smear,log_population,1
8301,without_M4,log_ridge_smear,share_u20,2
8301,without_M4,log_ridge_smear,share_20s,2
8301,without_M4,log_ridge_smear,share_30s,2
8301,without_M4,log_ridge_smear,share_40s,2
8301,without_M4,log_ridge_smear,share_50s,2
8301,without_M4,log_ridge_smear,female_share,2
8301,without_M4,log_ridge_smear,hh1_share,2
8301,without_M4,log_ridge_smear,hh2_share,2
8301,without_M4,log_ridge_smear,log_est_per_population,3
8301,without_M4,log_ridge_smear,log_emp_per_population,3
8301,without_M4,log_ridge_smear,log_inflow_per_population,5
8301,without_M4,log_ridge_smear,log_in_out_ratio,5
8301,without_M4,log_ridge_smear,supply_narrow_8301,6
8301,without_M4,log_ridge_smear,log_residence_mean_pay,7
8301,without_M4,log_ridge_smear,residence_filer_population_ratio,7
8301,without_M4,log_ridge_smear,residence_parent_shared,7
8301,without_M4,log_ridge_smear,log_population_density,8
8301,without_M4,log_ridge_smear,land_building_share,8
8301,without_M4,log_ridge_smear,land_factory_share,8
8301,without_M4,log_ridge_smear,land_farm_forest_share,8
8301,without_M4,log_ridge_smear,urban_area_ratio,8
8301,without_M4,log_ridge_smear,urban_population_ratio,8
8301,without_M4,log_ridge_smear,urban_residential_share,8
8301,without_M4,log_ridge_smear,urban_commercial_share,8
8301,without_M4,log_ridge_smear,urban_industrial_share,8
8301,without_M4,log_ridge_smear,urban_parent_shared,8
8301,without_M4,log_ridge_smear,admin_type,8
8301,without_M4,log_ridge_smear,SIDO_NM,9
8301,without_M5,log_ridge_smear,log_population,1
8301,without_M5,log_ridge_smear,share_u20,2
8301,without_M5,log_ridge_smear,share_20s,2
8301,without_M5,log_ridge_smear,share_30s,2
8301,without_M5,log_ridge_smear,share_40s,2
8301,without_M5,log_ridge_smear,share_50s,2
8301,without_M5,log_ridge_smear,female_share,2
8301,without_M5,log_ridge_smear,hh1_share,2
8301,without_M5,log_ridge_smear,hh2_share,2
8301,without_M5,log_ridge_smear,log_est_per_population,3
8301,without_M5,log_ridge_smear,log_emp_per_population,3
8301,without_M5,log_ridge_smear,est_share_G,4
8301,without_M5,log_ridge_smear,est_share_I,4
8301,without_M5,log_ridge_smear,emp_share_G,4
8301,without_M5,log_ridge_smear,emp_share_I,4
8301,without_M5,log_ridge_smear,emp_share_C,4
8301,without_M5,log_ridge_smear,emp_share_M,4
8301,without_M5,log_ridge_smear,supply_narrow_8301,6
8301,without_M5,log_ridge_smear,log_residence_mean_pay,7
8301,without_M5,log_ridge_smear,residence_filer_population_ratio,7
8301,without_M5,log_ridge_smear,residence_parent_shared,7
8301,without_M5,log_ridge_smear,log_population_density,8
8301,without_M5,log_ridge_smear,land_building_share,8
8301,without_M5,log_ridge_smear,land_factory_share,8
8301,without_M5,log_ridge_smear,land_farm_forest_share,8
8301,without_M5,log_ridge_smear,urban_area_ratio,8
8301,without_M5,log_ridge_smear,urban_population_ratio,8
8301,without_M5,log_ridge_smear,urban_residential_share,8
8301,without_M5,log_ridge_smear,urban_commercial_share,8
8301,without_M5,log_ridge_smear,urban_industrial_share,8
8301,without_M5,log_ridge_smear,urban_parent_shared,8
8301,without_M5,log_ridge_smear,admin_type,8
8301,without_M5,log_ridge_smear,SIDO_NM,9
8301,without_M6,log_ridge_smear,log_population,1
8301,without_M6,log_ridge_smear,share_u20,2
8301,without_M6,log_ridge_smear,share_20s,2
8301,without_M6,log_ridge_smear,share_30s,2
8301,without_M6,log_ridge_smear,share_40s,2
8301,without_M6,log_ridge_smear,share_50s,2
8301,without_M6,log_ridge_smear,female_share,2
8301,without_M6,log_ridge_smear,hh1_share,2
8301,without_M6,log_ridge_smear,hh2_share,2
8301,without_M6,log_ridge_smear,log_est_per_population,3
8301,without_M6,log_ridge_smear,log_emp_per_population,3
8301,without_M6,log_ridge_smear,est_share_G,4
8301,without_M6,log_ridge_smear,est_share_I,4
8301,without_M6,log_ridge_smear,emp_share_G,4
8301,without_M6,log_ridge_smear,emp_share_I,4
8301,without_M6,log_ridge_smear,emp_share_C,4
8301,without_M6,log_ridge_smear,emp_share_M,4
8301,without_M6,log_ridge_smear,log_inflow_per_population,5
8301,without_M6,log_ridge_smear,log_in_out_ratio,5
8301,without_M6,log_ridge_smear,log_residence_mean_pay,7
8301,without_M6,log_ridge_smear,residence_filer_population_ratio,7
8301,without_M6,log_ridge_smear,residence_parent_shared,7
8301,without_M6,log_ridge_smear,log_population_density,8
8301,without_M6,log_ridge_smear,land_building_share,8
8301,without_M6,log_ridge_smear,land_factory_share,8
8301,without_M6,log_ridge_smear,land_farm_forest_share,8
8301,without_M6,log_ridge_smear,urban_area_ratio,8
8301,without_M6,log_ridge_smear,urban_population_ratio,8
8301,without_M6,log_ridge_smear,urban_residential_share,8
8301,without_M6,log_ridge_smear,urban_commercial_share,8
8301,without_M6,log_ridge_smear,urban_industrial_share,8
8301,without_M6,log_ridge_smear,urban_parent_shared,8
8301,without_M6,log_ridge_smear,admin_type,8
8301,without_M6,log_ridge_smear,SIDO_NM,9
8301,without_M7,log_ridge_smear,log_population,1
8301,without_M7,log_ridge_smear,share_u20,2
8301,without_M7,log_ridge_smear,share_20s,2
8301,without_M7,log_ridge_smear,share_30s,2
8301,without_M7,log_ridge_smear,share_40s,2
8301,without_M7,log_ridge_smear,share_50s,2
8301,without_M7,log_ridge_smear,female_share,2
8301,without_M7,log_ridge_smear,hh1_share,2
8301,without_M7,log_ridge_smear,hh2_share,2
8301,without_M7,log_ridge_smear,log_est_per_population,3
8301,without_M7,log_ridge_smear,log_emp_per_population,3
8301,without_M7,log_ridge_smear,est_share_G,4
8301,without_M7,log_ridge_smear,est_share_I,4
8301,without_M7,log_ridge_smear,emp_share_G,4
8301,without_M7,log_ridge_smear,emp_share_I,4
8301,without_M7,log_ridge_smear,emp_share_C,4
8301,without_M7,log_ridge_smear,emp_share_M,4
8301,without_M7,log_ridge_smear,log_inflow_per_population,5
8301,without_M7,log_ridge_smear,log_in_out_ratio,5
8301,without_M7,log_ridge_smear,supply_narrow_8301,6
8301,without_M7,log_ridge_smear,log_population_density,8
8301,without_M7,log_ridge_smear,land_building_share,8
8301,without_M7,log_ridge_smear,land_factory_share,8
8301,without_M7,log_ridge_smear,land_farm_forest_share,8
8301,without_M7,log_ridge_smear,urban_area_ratio,8
8301,without_M7,log_ridge_smear,urban_population_ratio,8
8301,without_M7,log_ridge_smear,urban_residential_share,8
8301,without_M7,log_ridge_smear,urban_commercial_share,8
8301,without_M7,log_ridge_smear,urban_industrial_share,8
8301,without_M7,log_ridge_smear,urban_parent_shared,8
8301,without_M7,log_ridge_smear,admin_type,8
8301,without_M7,log_ridge_smear,SIDO_NM,9
8301,without_M8,log_ridge_smear,log_population,1
8301,without_M8,log_ridge_smear,share_u20,2
8301,without_M8,log_ridge_smear,share_20s,2
8301,without_M8,log_ridge_smear,share_30s,2
8301,without_M8,log_ridge_smear,share_40s,2
8301,without_M8,log_ridge_smear,share_50s,2
8301,without_M8,log_ridge_smear,female_share,2
8301,without_M8,log_ridge_smear,hh1_share,2
8301,without_M8,log_ridge_smear,hh2_share,2
8301,without_M8,log_ridge_smear,log_est_per_population,3
8301,without_M8,log_ridge_smear,log_emp_per_population,3
8301,without_M8,log_ridge_smear,est_share_G,4
8301,without_M8,log_ridge_smear,est_share_I,4
8301,without_M8,log_ridge_smear,emp_share_G,4
8301,without_M8,log_ridge_smear,emp_share_I,4
8301,without_M8,log_ridge_smear,emp_share_C,4
8301,without_M8,log_ridge_smear,emp_share_M,4
8301,without_M8,log_ridge_smear,log_inflow_per_population,5
8301,without_M8,log_ridge_smear,log_in_out_ratio,5
8301,without_M8,log_ridge_smear,supply_narrow_8301,6
8301,without_M8,log_ridge_smear,log_residence_mean_pay,7
8301,without_M8,log_ridge_smear,residence_filer_population_ratio,7
8301,without_M8,log_ridge_smear,residence_parent_shared,7
8301,without_M8,log_ridge_smear,SIDO_NM,9
8301,without_M9,log_ridge_smear,log_population,1
8301,without_M9,log_ridge_smear,share_u20,2
8301,without_M9,log_ridge_smear,share_20s,2
8301,without_M9,log_ridge_smear,share_30s,2
8301,without_M9,log_ridge_smear,share_40s,2
8301,without_M9,log_ridge_smear,share_50s,2
8301,without_M9,log_ridge_smear,female_share,2
8301,without_M9,log_ridge_smear,hh1_share,2
8301,without_M9,log_ridge_smear,hh2_share,2
8301,without_M9,log_ridge_smear,log_est_per_population,3
8301,without_M9,log_ridge_smear,log_emp_per_population,3
8301,without_M9,log_ridge_smear,est_share_G,4
8301,without_M9,log_ridge_smear,est_share_I,4
8301,without_M9,log_ridge_smear,emp_share_G,4
8301,without_M9,log_ridge_smear,emp_share_I,4
8301,without_M9,log_ridge_smear,emp_share_C,4
8301,without_M9,log_ridge_smear,emp_share_M,4
8301,without_M9,log_ridge_smear,log_inflow_per_population,5
8301,without_M9,log_ridge_smear,log_in_out_ratio,5
8301,without_M9,log_ridge_smear,supply_narrow_8301,6
8301,without_M9,log_ridge_smear,log_residence_mean_pay,7
8301,without_M9,log_ridge_smear,residence_filer_population_ratio,7
8301,without_M9,log_ridge_smear,residence_parent_shared,7
8301,without_M9,log_ridge_smear,log_population_density,8
8301,without_M9,log_ridge_smear,land_building_share,8
8301,without_M9,log_ridge_smear,land_factory_share,8
8301,without_M9,log_ridge_smear,land_farm_forest_share,8
8301,without_M9,log_ridge_smear,urban_area_ratio,8
8301,without_M9,log_ridge_smear,urban_population_ratio,8
8301,without_M9,log_ridge_smear,urban_residential_share,8
8301,without_M9,log_ridge_smear,urban_commercial_share,8
8301,without_M9,log_ridge_smear,urban_industrial_share,8
8301,without_M9,log_ridge_smear,urban_parent_shared,8
8301,without_M9,log_ridge_smear,admin_type,8
8301,M9_workplace,log_ridge_smear,log_population,1
8301,M9_workplace,log_ridge_smear,share_u20,2
8301,M9_workplace,log_ridge_smear,share_20s,2
8301,M9_workplace,log_ridge_smear,share_30s,2
8301,M9_workplace,log_ridge_smear,share_40s,2
8301,M9_workplace,log_ridge_smear,share_50s,2
8301,M9_workplace,log_ridge_smear,female_share,2
8301,M9_workplace,log_ridge_smear,hh1_share,2
8301,M9_workplace,log_ridge_smear,hh2_share,2
8301,M9_workplace,log_ridge_smear,log_est_per_population,3
8301,M9_workplace,log_ridge_smear,log_emp_per_population,3
8301,M9_workplace,log_ridge_smear,est_share_G,4
8301,M9_workplace,log_ridge_smear,est_share_I,4
8301,M9_workplace,log_ridge_smear,emp_share_G,4
8301,M9_workplace,log_ridge_smear,emp_share_I,4
8301,M9_workplace,log_ridge_smear,emp_share_C,4
8301,M9_workplace,log_ridge_smear,emp_share_M,4
8301,M9_workplace,log_ridge_smear,log_inflow_per_population,5
8301,M9_workplace,log_ridge_smear,log_in_out_ratio,5
8301,M9_workplace,log_ridge_smear,supply_narrow_8301,6
8301,M9_workplace,log_ridge_smear,log_residence_mean_pay,7
8301,M9_workplace,log_ridge_smear,residence_filer_population_ratio,7
8301,M9_workplace,log_ridge_smear,residence_parent_shared,7
8301,M9_workplace,log_ridge_smear,log_population_density,8
8301,M9_workplace,log_ridge_smear,land_building_share,8
8301,M9_workplace,log_ridge_smear,land_factory_share,8
8301,M9_workplace,log_ridge_smear,land_farm_forest_share,8
8301,M9_workplace,log_ridge_smear,urban_area_ratio,8
8301,M9_workplace,log_ridge_smear,urban_population_ratio,8
8301,M9_workplace,log_ridge_smear,urban_residential_share,8
8301,M9_workplace,log_ridge_smear,urban_commercial_share,8
8301,M9_workplace,log_ridge_smear,urban_industrial_share,8
8301,M9_workplace,log_ridge_smear,urban_parent_shared,8
8301,M9_workplace,log_ridge_smear,log_workplace_mean_pay,10
8301,M9_workplace,log_ridge_smear,admin_type,8
8301,M9_workplace,log_ridge_smear,SIDO_NM,9
8301,M9_broad_supply,log_ridge_smear,log_population,1
8301,M9_broad_supply,log_ridge_smear,share_u20,2
8301,M9_broad_supply,log_ridge_smear,share_20s,2
8301,M9_broad_supply,log_ridge_smear,share_30s,2
8301,M9_broad_supply,log_ridge_smear,share_40s,2
8301,M9_broad_supply,log_ridge_smear,share_50s,2
8301,M9_broad_supply,log_ridge_smear,female_share,2
8301,M9_broad_supply,log_ridge_smear,hh1_share,2
8301,M9_broad_supply,log_ridge_smear,hh2_share,2
8301,M9_broad_supply,log_ridge_smear,log_est_per_population,3
8301,M9_broad_supply,log_ridge_smear,log_emp_per_population,3
8301,M9_broad_supply,log_ridge_smear,est_share_G,4
8301,M9_broad_supply,log_ridge_smear,est_share_I,4
8301,M9_broad_supply,log_ridge_smear,emp_share_G,4
8301,M9_broad_supply,log_ridge_smear,emp_share_I,4
8301,M9_broad_supply,log_ridge_smear,emp_share_C,4
8301,M9_broad_supply,log_ridge_smear,emp_share_M,4
8301,M9_broad_supply,log_ridge_smear,log_inflow_per_population,5
8301,M9_broad_supply,log_ridge_smear,log_in_out_ratio,5
8301,M9_broad_supply,log_ridge_smear,supply_broad_8301,6
8301,M9_broad_supply,log_ridge_smear,log_residence_mean_pay,7
8301,M9_broad_supply,log_ridge_smear,residence_filer_population_ratio,7
8301,M9_broad_supply,log_ridge_smear,residence_parent_shared,7
8301,M9_broad_supply,log_ridge_smear,log_population_density,8
8301,M9_broad_supply,log_ridge_smear,land_building_share,8
8301,M9_broad_supply,log_ridge_smear,land_factory_share,8
8301,M9_broad_supply,log_ridge_smear,land_farm_forest_share,8
8301,M9_broad_supply,log_ridge_smear,urban_area_ratio,8
8301,M9_broad_supply,log_ridge_smear,urban_population_ratio,8
8301,M9_broad_supply,log_ridge_smear,urban_residential_share,8
8301,M9_broad_supply,log_ridge_smear,urban_commercial_share,8
8301,M9_broad_supply,log_ridge_smear,urban_industrial_share,8
8301,M9_broad_supply,log_ridge_smear,urban_parent_shared,8
8301,M9_broad_supply,log_ridge_smear,admin_type,8
8301,M9_broad_supply,log_ridge_smear,SIDO_NM,9
8301,M9_alpha10,log_ridge_smear,log_population,1
8301,M9_alpha10,log_ridge_smear,share_u20,2
8301,M9_alpha10,log_ridge_smear,share_20s,2
8301,M9_alpha10,log_ridge_smear,share_30s,2
8301,M9_alpha10,log_ridge_smear,share_40s,2
8301,M9_alpha10,log_ridge_smear,share_50s,2
8301,M9_alpha10,log_ridge_smear,female_share,2
8301,M9_alpha10,log_ridge_smear,hh1_share,2
8301,M9_alpha10,log_ridge_smear,hh2_share,2
8301,M9_alpha10,log_ridge_smear,log_est_per_population,3
8301,M9_alpha10,log_ridge_smear,log_emp_per_population,3
8301,M9_alpha10,log_ridge_smear,est_share_G,4
8301,M9_alpha10,log_ridge_smear,est_share_I,4
8301,M9_alpha10,log_ridge_smear,emp_share_G,4
8301,M9_alpha10,log_ridge_smear,emp_share_I,4
8301,M9_alpha10,log_ridge_smear,emp_share_C,4
8301,M9_alpha10,log_ridge_smear,emp_share_M,4
8301,M9_alpha10,log_ridge_smear,log_inflow_per_population,5
8301,M9_alpha10,log_ridge_smear,log_in_out_ratio,5
8301,M9_alpha10,log_ridge_smear,supply_narrow_8301,6
8301,M9_alpha10,log_ridge_smear,log_residence_mean_pay,7
8301,M9_alpha10,log_ridge_smear,residence_filer_population_ratio,7
8301,M9_alpha10,log_ridge_smear,residence_parent_shared,7
8301,M9_alpha10,log_ridge_smear,log_population_density,8
8301,M9_alpha10,log_ridge_smear,land_building_share,8
8301,M9_alpha10,log_ridge_smear,land_factory_share,8
8301,M9_alpha10,log_ridge_smear,land_farm_forest_share,8
8301,M9_alpha10,log_ridge_smear,urban_area_ratio,8
8301,M9_alpha10,log_ridge_smear,urban_population_ratio,8
8301,M9_alpha10,log_ridge_smear,urban_residential_share,8
8301,M9_alpha10,log_ridge_smear,urban_commercial_share,8
8301,M9_alpha10,log_ridge_smear,urban_industrial_share,8
8301,M9_alpha10,log_ridge_smear,urban_parent_shared,8
8301,M9_alpha10,log_ridge_smear,admin_type,8
8301,M9_alpha10,log_ridge_smear,SIDO_NM,9
8301,M9_taxable_pay,log_ridge_smear,log_population,1
8301,M9_taxable_pay,log_ridge_smear,share_u20,2
8301,M9_taxable_pay,log_ridge_smear,share_20s,2
8301,M9_taxable_pay,log_ridge_smear,share_30s,2
8301,M9_taxable_pay,log_ridge_smear,share_40s,2
8301,M9_taxable_pay,log_ridge_smear,share_50s,2
8301,M9_taxable_pay,log_ridge_smear,female_share,2
8301,M9_taxable_pay,log_ridge_smear,hh1_share,2
8301,M9_taxable_pay,log_ridge_smear,hh2_share,2
8301,M9_taxable_pay,log_ridge_smear,log_est_per_population,3
8301,M9_taxable_pay,log_ridge_smear,log_emp_per_population,3
8301,M9_taxable_pay,log_ridge_smear,est_share_G,4
8301,M9_taxable_pay,log_ridge_smear,est_share_I,4
8301,M9_taxable_pay,log_ridge_smear,emp_share_G,4
8301,M9_taxable_pay,log_ridge_smear,emp_share_I,4
8301,M9_taxable_pay,log_ridge_smear,emp_share_C,4
8301,M9_taxable_pay,log_ridge_smear,emp_share_M,4
8301,M9_taxable_pay,log_ridge_smear,log_inflow_per_population,5
8301,M9_taxable_pay,log_ridge_smear,log_in_out_ratio,5
8301,M9_taxable_pay,log_ridge_smear,supply_narrow_8301,6
8301,M9_taxable_pay,log_ridge_smear,log_residence_mean_tax_pay,9
8301,M9_taxable_pay,log_ridge_smear,residence_filer_population_ratio,7
8301,M9_taxable_pay,log_ridge_smear,residence_parent_shared,7
8301,M9_taxable_pay,log_ridge_smear,log_population_density,8
8301,M9_taxable_pay,log_ridge_smear,land_building_share,8
8301,M9_taxable_pay,log_ridge_smear,land_factory_share,8
8301,M9_taxable_pay,log_ridge_smear,land_farm_forest_share,8
8301,M9_taxable_pay,log_ridge_smear,urban_area_ratio,8
8301,M9_taxable_pay,log_ridge_smear,urban_population_ratio,8
8301,M9_taxable_pay,log_ridge_smear,urban_residential_share,8
8301,M9_taxable_pay,log_ridge_smear,urban_commercial_share,8
8301,M9_taxable_pay,log_ridge_smear,urban_industrial_share,8
8301,M9_taxable_pay,log_ridge_smear,urban_parent_shared,8
8301,M9_taxable_pay,log_ridge_smear,admin_type,8
8301,M9_taxable_pay,log_ridge_smear,SIDO_NM,9
8301,M1,raw_ridge,population,1
8301,M2,raw_ridge,population,1
8301,M2,raw_ridge,share_u20,2
8301,M2,raw_ridge,share_20s,2
8301,M2,raw_ridge,share_30s,2
8301,M2,raw_ridge,share_40s,2
8301,M2,raw_ridge,share_50s,2
8301,M2,raw_ridge,female_share,2
8301,M2,raw_ridge,hh1_share,2
8301,M2,raw_ridge,hh2_share,2
8301,M3,raw_ridge,population,1
8301,M3,raw_ridge,share_u20,2
8301,M3,raw_ridge,share_20s,2
8301,M3,raw_ridge,share_30s,2
8301,M3,raw_ridge,share_40s,2
8301,M3,raw_ridge,share_50s,2
8301,M3,raw_ridge,female_share,2
8301,M3,raw_ridge,hh1_share,2
8301,M3,raw_ridge,hh2_share,2
8301,M3,raw_ridge,est_0,3
8301,M3,raw_ridge,emp_0,3
8301,M4,raw_ridge,population,1
8301,M4,raw_ridge,share_u20,2
8301,M4,raw_ridge,share_20s,2
8301,M4,raw_ridge,share_30s,2
8301,M4,raw_ridge,share_40s,2
8301,M4,raw_ridge,share_50s,2
8301,M4,raw_ridge,female_share,2
8301,M4,raw_ridge,hh1_share,2
8301,M4,raw_ridge,hh2_share,2
8301,M4,raw_ridge,est_0,3
8301,M4,raw_ridge,emp_0,3
8301,M4,raw_ridge,est_share_G,4
8301,M4,raw_ridge,est_share_I,4
8301,M4,raw_ridge,emp_share_G,4
8301,M4,raw_ridge,emp_share_I,4
8301,M4,raw_ridge,emp_share_C,4
8301,M4,raw_ridge,emp_share_M,4
8301,M5,raw_ridge,population,1
8301,M5,raw_ridge,share_u20,2
8301,M5,raw_ridge,share_20s,2
8301,M5,raw_ridge,share_30s,2
8301,M5,raw_ridge,share_40s,2
8301,M5,raw_ridge,share_50s,2
8301,M5,raw_ridge,female_share,2
8301,M5,raw_ridge,hh1_share,2
8301,M5,raw_ridge,hh2_share,2
8301,M5,raw_ridge,est_0,3
8301,M5,raw_ridge,emp_0,3
8301,M5,raw_ridge,est_share_G,4
8301,M5,raw_ridge,est_share_I,4
8301,M5,raw_ridge,emp_share_G,4
8301,M5,raw_ridge,emp_share_I,4
8301,M5,raw_ridge,emp_share_C,4
8301,M5,raw_ridge,emp_share_M,4
8301,M5,raw_ridge,inflow,5
8301,M5,raw_ridge,outflow,5
8301,M9,raw_ridge,population,1
8301,M9,raw_ridge,share_u20,2
8301,M9,raw_ridge,share_20s,2
8301,M9,raw_ridge,share_30s,2
8301,M9,raw_ridge,share_40s,2
8301,M9,raw_ridge,share_50s,2
8301,M9,raw_ridge,female_share,2
8301,M9,raw_ridge,hh1_share,2
8301,M9,raw_ridge,hh2_share,2
8301,M9,raw_ridge,est_0,3
8301,M9,raw_ridge,emp_0,3
8301,M9,raw_ridge,est_share_G,4
8301,M9,raw_ridge,est_share_I,4
8301,M9,raw_ridge,emp_share_G,4
8301,M9,raw_ridge,emp_share_I,4
8301,M9,raw_ridge,emp_share_C,4
8301,M9,raw_ridge,emp_share_M,4
8301,M9,raw_ridge,inflow,5
8301,M9,raw_ridge,outflow,5
8301,M9,raw_ridge,supply_narrow_8301,6
8301,M9,raw_ridge,log_residence_mean_pay,7
8301,M9,raw_ridge,residence_filer_population_ratio,7
8301,M9,raw_ridge,residence_parent_shared,7
8301,M9,raw_ridge,log_population_density,8
8301,M9,raw_ridge,land_building_share,8
8301,M9,raw_ridge,land_factory_share,8
8301,M9,raw_ridge,land_farm_forest_share,8
8301,M9,raw_ridge,urban_area_ratio,8
8301,M9,raw_ridge,urban_population_ratio,8
8301,M9,raw_ridge,urban_residential_share,8
8301,M9,raw_ridge,urban_commercial_share,8
8301,M9,raw_ridge,urban_industrial_share,8
8301,M9,raw_ridge,urban_parent_shared,8
8301,M9,raw_ridge,admin_type,8
8301,M9,raw_ridge,SIDO_NM,9
