scope,model,family,target,repeat,wape_new,wape_old,mae_new,mae_old,r2_original_new,r2_original_old
all11_observed,M1,log_ridge_smear,amt,0,0.279965063494305,0.279965063494,16359568164.8165,16359568164.8,0.716416411094098,0.716416411094
all11_observed,M1,log_ridge_smear,cnt,0,0.288336969712099,0.288336969712,914339.269371322,914339.269371,0.708525325038359,0.708525325038
all11_observed,M1,log_ridge_smear,ticket,0,0.110295779486181,0.110295779486,2212.85147551241,2212.85147551,0.302406972845325,0.302406972845
all11_observed,M1,log_ridge_smear,amt,1,0.283112785677722,0.283112785678,16543503170.7804,16543503170.8,0.709338431672483,0.709338431673
all11_observed,M1,log_ridge_smear,cnt,1,0.290712043625707,0.290712043626,921870.816051026,921870.816051,0.700905407986229,0.700905407986
all11_observed,M1,log_ridge_smear,ticket,1,0.111050137373187,0.111050137373,2227.98607060845,2227.98607061,0.287710462269363,0.28771046227
all11_observed,M1,log_ridge_smear,amt,2,0.279970453784565,0.279970453785,16359883142.7635,16359883142.8,0.709801058285775,0.709801058286
all11_observed,M1,log_ridge_smear,cnt,2,0.288821770678642,0.288821770679,915876.611467906,915876.611468,0.697658673607299,0.697658673607
all11_observed,M1,log_ridge_smear,ticket,2,0.11113527814591,0.111135278146,2229.69424009077,2229.69424009,0.294270844195445,0.294270844196
all11_observed,M1,log_ridge_smear,amt,3,0.278903359746274,0.278903359746,16297528228.0474,16297528228,0.718457783191567,0.718457783192
all11_observed,M1,log_ridge_smear,cnt,3,0.287904214529582,0.28790421453,912966.968560248,912966.96856,0.713698077316709,0.713698077317
all11_observed,M1,log_ridge_smear,ticket,3,0.110792850848729,0.110792850849,2222.8241608062,2222.82416081,0.29448845664305,0.294488456643
all11_observed,M1,log_ridge_smear,amt,4,0.279328720785799,0.279328720786,16322383911.2312,16322383911.2,0.714593291431507,0.714593291432
all11_observed,M1,log_ridge_smear,cnt,4,0.28949901834656,0.289499018347,918024.217231003,918024.217231,0.704181905981741,0.704181905982
all11_observed,M1,log_ridge_smear,ticket,4,0.110728543239369,0.110728543239,2221.53396467249,2221.53396467,0.295580484834428,0.295580484835
all11_observed,M1,log_ridge_smear,amt,5,0.280292112385448,0.280292112385,16378679044.4423,16378679044.4,0.717669177646585,0.717669177647
all11_observed,M1,log_ridge_smear,cnt,5,0.290159579851203,0.290159579851,920118.909854475,920118.909854,0.707011927798139,0.707011927798
all11_observed,M1,log_ridge_smear,ticket,5,0.112515759915704,0.112515759916,2257.3906862779,2257.39068628,0.281605437295827,0.281605437296
all11_observed,M1,log_ridge_smear,amt,6,0.280760771826845,0.280760771827,16406064840.3053,16406064840.3,0.716402166067673,0.716402166068
all11_observed,M1,log_ridge_smear,cnt,6,0.290215053009822,0.29021505301,920294.819615098,920294.819615,0.709044505823512,0.709044505824
all11_observed,M1,log_ridge_smear,ticket,6,0.110687422155766,0.110687422156,2220.70895712506,2220.70895712,0.298265275178542,0.298265275179
all11_observed,M1,log_ridge_smear,amt,7,0.281564761103329,0.281564761103,16453045407.1241,16453045407.1,0.712732338127848,0.712732338128
all11_observed,M1,log_ridge_smear,cnt,7,0.290157888843248,0.290157888843,920113.547534895,920113.547535,0.706045070497583,0.706045070498
all11_observed,M1,log_ridge_smear,ticket,7,0.11071503730509,0.110715037305,2221.26299667409,2221.26299667,0.294835880487419,0.294835880488
all11_observed,M1,log_ridge_smear,amt,8,0.278297289811539,0.278297289812,16262112943.4179,16262112943.4,0.718663547016039,0.718663547016
all11_observed,M1,log_ridge_smear,cnt,8,0.287286945066137,0.287286945066,911009.558413448,911009.558413,0.711189072816445,0.711189072816
all11_observed,M1,log_ridge_smear,ticket,8,0.110930776212209,0.110930776212,2225.59134143187,2225.59134143,0.294878420166123,0.294878420166
all11_observed,M1,log_ridge_smear,amt,9,0.282412113990653,0.282412113991,16502559897.0637,16502559897.1,0.714848416818874,0.714848416819
all11_observed,M1,log_ridge_smear,cnt,9,0.290704603937175,0.290704603937,921847.224211994,921847.224212,0.708889468840705,0.708889468841
all11_observed,M1,log_ridge_smear,ticket,9,0.110858106437384,0.110858106437,2224.13337613895,2224.13337614,0.29551694222091,0.295516942221
all11_observed,M2,log_ridge_smear,amt,0,0.267858773589281,0.26785877359,15652145344.0819,15652145344.1,0.743836932081611,0.743836932081
all11_observed,M2,log_ridge_smear,cnt,0,0.274632354368019,0.274632354368,870880.853361634,870880.853361,0.738544149366186,0.738544149366
all11_observed,M2,log_ridge_smear,ticket,0,0.0959877090170415,0.095987709017,1925.79031146,1925.79031146,0.427863002904535,0.427863002905
all11_observed,M2,log_ridge_smear,amt,1,0.266776558535432,0.266776558535,15588906843.1009,15588906843.1,0.73806992368966,0.73806992369
all11_observed,M2,log_ridge_smear,cnt,1,0.270932676031933,0.270932676032,859148.881599211,859148.881599,0.735744430132146,0.735744430133
all11_observed,M2,log_ridge_smear,ticket,1,0.0975142154036772,0.0975142154036,1956.41643265686,1956.41643265,0.406503437225453,0.406503437226
all11_observed,M2,log_ridge_smear,amt,2,0.258342384892016,0.258342384892,15096061639.8058,15096061639.8,0.747721609853979,0.747721609854
all11_observed,M2,log_ridge_smear,cnt,2,0.265007052867398,0.265007052867,840358.26324652,840358.263246,0.748937157478939,0.748937157479
all11_observed,M2,log_ridge_smear,ticket,2,0.0977305778164797,0.0977305778164,1960.75728673709,1960.75728674,0.417962019233488,0.417962019235
all11_observed,M2,log_ridge_smear,amt,3,0.270111835578027,0.270111835578,15783801489.7609,15783801489.7,0.732670059285824,0.732670059286
all11_observed,M2,log_ridge_smear,cnt,3,0.270629712480881,0.270629712481,858188.160286949,858188.160286,0.72693426753722,0.726934267538
all11_observed,M2,log_ridge_smear,ticket,3,0.0958432195699949,0.0958432195699,1922.89143638443,1922.89143638,0.434998014168262,0.43499801417
all11_observed,M2,log_ridge_smear,amt,4,0.258803738330805,0.258803738331,15123020514.3731,15123020514.4,0.75091549777635,0.750915497777
all11_observed,M2,log_ridge_smear,cnt,4,0.264943099880724,0.26494309988,840155.463282408,840155.463281,0.742620461657369,0.742620461659
all11_observed,M2,log_ridge_smear,ticket,4,0.0960468153537943,0.0960468153537,1926.97615506258,1926.97615506,0.428576270886073,0.428576270887
all11_observed,M2,log_ridge_smear,amt,5,0.261732627321167,0.261732627321,15294168151.4638,15294168151.5,0.750915052573918,0.750915052574
all11_observed,M2,log_ridge_smear,cnt,5,0.262906201592063,0.262906201592,833696.298178131,833696.298177,0.750969282104885,0.750969282106
all11_observed,M2,log_ridge_smear,ticket,5,0.0977101296398826,0.0977101296398,1960.34703733349,1960.34703733,0.417834699939215,0.41783469994
all11_observed,M2,log_ridge_smear,amt,6,0.264294118246064,0.264294118246,15443847132.3566,15443847132.3,0.737652012313739,0.737652012314
all11_observed,M2,log_ridge_smear,cnt,6,0.273584675116178,0.273584675116,867558.579833479,867558.579831,0.716934468000673,0.716934468002
all11_observed,M2,log_ridge_smear,ticket,6,0.098097050621647,0.0980970506216,1968.10978826913,1968.10978827,0.412206696040409,0.412206696041
all11_observed,M2,log_ridge_smear,amt,7,0.262664904257785,0.262664904258,15348645120.4925,15348645120.5,0.742301948620661,0.742301948621
all11_observed,M2,log_ridge_smear,cnt,7,0.268817098734003,0.268817098734,852440.219151867,852440.219151,0.733962954784989,0.733962954786
all11_observed,M2,log_ridge_smear,ticket,7,0.0970116210505801,0.0970116210505,1946.33294024204,1946.33294024,0.415301951955797,0.415301951956
all11_observed,M2,log_ridge_smear,amt,8,0.264636825686957,0.264636825687,15463873008.6923,15463873008.7,0.743797025647031,0.743797025647
all11_observed,M2,log_ridge_smear,cnt,8,0.269237412677087,0.269237412677,853773.067811578,853773.067811,0.739334573533222,0.739334573534
all11_observed,M2,log_ridge_smear,ticket,8,0.096662107257277,0.0966621072572,1939.32068540486,1939.3206854,0.432608356314165,0.432608356315
all11_observed,M2,log_ridge_smear,amt,9,0.261971324982876,0.261971324983,15308116287.0589,15308116287.1,0.750490331290256,0.75049033129
all11_observed,M2,log_ridge_smear,cnt,9,0.266064117281094,0.266064117281,843710.297863039,843710.297863,0.746944555844755,0.746944555845
all11_observed,M2,log_ridge_smear,ticket,9,0.0976739561883256,0.0976739561883,1959.62129355594,1959.62129355,0.40921419842089,0.409214198421
all11_observed,M3,log_ridge_smear,amt,0,0.202922439941856,0.202922439942,11857634831.166,11857634831.2,0.852620482331512,0.852620482331
all11_observed,M3,log_ridge_smear,cnt,0,0.21029446012293,0.210294460123,666860.316988231,666860.316989,0.845677426503717,0.845677426504
all11_observed,M3,log_ridge_smear,ticket,0,0.0927170887733163,0.0927170887733,1860.17223553829,1860.17223554,0.461930239831791,0.461930239833
all11_observed,M3,log_ridge_smear,amt,1,0.214869192116149,0.214869192116,12555735173.0591,12555735173.1,0.830519805409375,0.830519805409
all11_observed,M3,log_ridge_smear,cnt,1,0.218131653664227,0.218131653665,691712.675753138,691712.675754,0.830303827730403,0.83030382773
all11_observed,M3,log_ridge_smear,ticket,1,0.0950312034654718,0.0950312034654,1906.60005113465,1906.60005113,0.436397196000462,0.436397196001
all11_observed,M3,log_ridge_smear,amt,2,0.205791466771306,0.205791466772,12025284463.5782,12025284463.6,0.84802384600607,0.848023846006
all11_observed,M3,log_ridge_smear,cnt,2,0.211159606911491,0.211159606912,669603.765680716,669603.765681,0.842685258651415,0.842685258652
all11_observed,M3,log_ridge_smear,ticket,2,0.0949871677459008,0.0949871677459,1905.71656758268,1905.71656758,0.438653129452482,0.438653129454
all11_observed,M3,log_ridge_smear,amt,3,0.211660554364998,0.211660554365,12368240607.3051,12368240607.3,0.841665851892259,0.841665851892
all11_observed,M3,log_ridge_smear,cnt,3,0.211670479314019,0.211670479314,671223.782356815,671223.782357,0.842922737678393,0.842922737678
all11_observed,M3,log_ridge_smear,ticket,3,0.0930438451193779,0.0930438451193,1866.72791034184,1866.72791034,0.46405303873437,0.464053038736
all11_observed,M3,log_ridge_smear,amt,4,0.203900454694069,0.203900454695,11914784458.3564,11914784458.4,0.849715628147523,0.849715628147
all11_observed,M3,log_ridge_smear,cnt,4,0.20708148981435,0.207081489815,656671.734763093,656671.734764,0.845570693138997,0.845570693139
all11_observed,M3,log_ridge_smear,ticket,4,0.0934386215442248,0.0934386215442,1874.6482641241,1874.64826412,0.46387721596674,0.463877215967
all11_observed,M3,log_ridge_smear,amt,5,0.207608849808692,0.207608849809,12131482005.9094,12131482005.9,0.838865863204719,0.838865863204
all11_observed,M3,log_ridge_smear,cnt,5,0.214032574251201,0.214032574251,678714.171678746,678714.171679,0.836122586701173,0.836122586701
all11_observed,M3,log_ridge_smear,ticket,5,0.0951685088692036,0.0951685088691,1909.35479357955,1909.35479358,0.445231114999048,0.445231115
all11_observed,M3,log_ridge_smear,amt,6,0.205409324090487,0.205409324091,12002954215.8054,12002954215.8,0.845005116354802,0.845005116354
all11_observed,M3,log_ridge_smear,cnt,6,0.212666414546105,0.212666414547,674381.971517769,674381.971519,0.841174280579539,0.841174280579
all11_observed,M3,log_ridge_smear,ticket,6,0.0954175084894969,0.0954175084894,1914.35044418137,1914.35044418,0.441431340439191,0.44143134044
all11_observed,M3,log_ridge_smear,amt,7,0.207497298905215,0.207497298905,12124963604.6971,12124963604.7,0.842298997096932,0.842298997096
all11_observed,M3,log_ridge_smear,cnt,7,0.212436465518931,0.212436465519,673652.785018692,673652.78502,0.834810351581339,0.834810351581
all11_observed,M3,log_ridge_smear,ticket,7,0.0945560283357251,0.0945560283358,1897.06666742872,1897.06666743,0.444885184450348,0.44488518445
all11_observed,M3,log_ridge_smear,amt,8,0.208174865686628,0.208174865687,12164556758.9585,12164556759,0.844112509107548,0.844112509107
all11_observed,M3,log_ridge_smear,cnt,8,0.211794581870914,0.211794581871,671617.321351526,671617.321352,0.842470791235569,0.842470791236
all11_observed,M3,log_ridge_smear,ticket,8,0.0946239355427306,0.0946239355426,1898.42908187395,1898.42908187,0.456396524426205,0.456396524427
all11_observed,M3,log_ridge_smear,amt,9,0.205413682735082,0.205413682736,12003208910.2393,12003208910.3,0.847629565394861,0.847629565394
all11_observed,M3,log_ridge_smear,cnt,9,0.205823127402436,0.205823127403,652681.368319754,652681.368321,0.847853373607636,0.847853373608
all11_observed,M3,log_ridge_smear,ticket,9,0.0950029683443957,0.0950029683444,1906.033573164,1906.03357316,0.441608474755709,0.441608474756
all11_observed,M4,log_ridge_smear,amt,0,0.175937272826296,0.175937272827,10280774935.3063,10280774935.3,0.883677091405158,0.883677091405
all11_observed,M4,log_ridge_smear,cnt,0,0.200107868557944,0.200107868558,634557.83181537,634557.831816,0.853582942720624,0.85358294272
all11_observed,M4,log_ridge_smear,ticket,0,0.0874265132268477,0.0874265132268,1754.02802985017,1754.02802985,0.512485039761708,0.512485039762
all11_observed,M4,log_ridge_smear,amt,1,0.18321811665879,0.183218116659,10706226095.1347,10706226095.2,0.868747397872422,0.868747397872
all11_observed,M4,log_ridge_smear,cnt,1,0.203684268927891,0.203684268928,645898.879425397,645898.879426,0.851436518802388,0.851436518802
all11_observed,M4,log_ridge_smear,ticket,1,0.0857906488069711,0.0857906488069,1721.20787107233,1721.20787107,0.510902267733346,0.510902267734
all11_observed,M4,log_ridge_smear,amt,2,0.178425808184451,0.178425808185,10426190807.2518,10426190807.3,0.877495036611578,0.877495036612
all11_observed,M4,log_ridge_smear,cnt,2,0.201388019415592,0.201388019416,638617.291138382,638617.291139,0.852361016138092,0.852361016138
all11_observed,M4,log_ridge_smear,ticket,2,0.0878720559539961,0.0878720559539,1762.96690208778,1762.96690209,0.498772933234218,0.498772933235
all11_observed,M4,log_ridge_smear,amt,3,0.182944843711566,0.182944843712,10690257576.2348,10690257576.2,0.867512822190799,0.86751282219
all11_observed,M4,log_ridge_smear,cnt,3,0.198933172644699,0.198933172645,630832.778437293,630832.778438,0.854436723708515,0.854436723708
all11_observed,M4,log_ridge_smear,ticket,3,0.0857436835731094,0.085743683573,1720.26561301375,1720.26561301,0.520482395425235,0.520482395426
all11_observed,M4,log_ridge_smear,amt,4,0.179471635576192,0.179471635576,10487303019.9339,10487303019.9,0.87081837120438,0.870818371204
all11_observed,M4,log_ridge_smear,cnt,4,0.20192692874633,0.201926928747,640326.215124842,640326.215126,0.844717103772861,0.844717103772
all11_observed,M4,log_ridge_smear,ticket,4,0.0863758138422587,0.0863758138423,1732.94796954016,1732.94796954,0.516323763624251,0.516323763625
all11_observed,M4,log_ridge_smear,amt,5,0.177652723805276,0.177652723806,10381016147.0981,10381016147.1,0.875208548878146,0.875208548878
all11_observed,M4,log_ridge_smear,cnt,5,0.202048339374402,0.202048339375,640711.217800969,640711.217802,0.854201769809121,0.854201769808
all11_observed,M4,log_ridge_smear,ticket,5,0.0886374912822048,0.0886374912822,1778.3237426063,1778.32374261,0.502777173512805,0.502777173514
all11_observed,M4,log_ridge_smear,amt,6,0.181510823344226,0.181510823345,10606461570.9175,10606461570.9,0.871361856243408,0.871361856243
all11_observed,M4,log_ridge_smear,cnt,6,0.201878733211054,0.201878733211,640173.383281756,640173.383282,0.848331302419294,0.848331302419
all11_observed,M4,log_ridge_smear,ticket,6,0.0868829689667472,0.0868829689667,1743.12296418426,1743.12296418,0.514903176813815,0.514903176815
all11_observed,M4,log_ridge_smear,amt,7,0.174789336744775,0.174789336745,10213696070.7505,10213696070.8,0.878241276511965,0.878241276512
all11_observed,M4,log_ridge_smear,cnt,7,0.199087757135308,0.199087757136,631322.978047634,631322.978049,0.854047996540392,0.85404799654
all11_observed,M4,log_ridge_smear,ticket,7,0.0846902213518713,0.0846902213519,1699.13012223139,1699.13012223,0.526107904177283,0.526107904177
all11_observed,M4,log_ridge_smear,amt,8,0.17608401398288,0.176084013983,10289349655.0366,10289349655.1,0.878325679925205,0.878325679925
all11_observed,M4,log_ridge_smear,cnt,8,0.194611143342206,0.194611143342,617127.282681448,617127.282682,0.861865090668107,0.861865090668
all11_observed,M4,log_ridge_smear,ticket,8,0.085569252012877,0.0855692520127,1716.76601278213,1716.76601278,0.516807771048717,0.51680777105
all11_observed,M4,log_ridge_smear,amt,9,0.176522518267864,0.176522518268,10314973354.8341,10314973354.9,0.879801418276958,0.879801418277
all11_observed,M4,log_ridge_smear,cnt,9,0.195212793953532,0.195212793954,619035.164216465,619035.164217,0.853450572303711,0.853450572303
all11_observed,M4,log_ridge_smear,ticket,9,0.0864595263975464,0.0864595263976,1734.62748486115,1734.62748486,0.516156296991315,0.516156296991
all11_observed,M5,log_ridge_smear,amt,0,0.156999776878957,0.15699977688,9174175233.34841,9174175233.38,0.903014203361195,0.903014203361
all11_observed,M5,log_ridge_smear,cnt,0,0.172236845546615,0.172236845547,546176.619922025,546176.619923,0.891531206301006,0.891531206301
all11_observed,M5,log_ridge_smear,ticket,0,0.0849391440672639,0.0849391440672,1704.12422989907,1704.1242299,0.523584904211394,0.523584904212
all11_observed,M5,log_ridge_smear,amt,1,0.1619205018949,0.161920501895,9461714454.5423,9461714454.53,0.892513995432976,0.892513995433
all11_observed,M5,log_ridge_smear,cnt,1,0.168691109231414,0.168691109232,534932.810447777,534932.810448,0.893171559566172,0.893171559566
all11_observed,M5,log_ridge_smear,ticket,1,0.0822965782768858,0.0822965782768,1651.10673788244,1651.10673788,0.529238005314479,0.529238005315
all11_observed,M5,log_ridge_smear,amt,2,0.15984143718864,0.159841437189,9340225721.78184,9340225721.81,0.898057875791017,0.898057875791
all11_observed,M5,log_ridge_smear,cnt,2,0.171254111850566,0.171254111851,543060.293872926,543060.293874,0.889444353744103,0.889444353744
all11_observed,M5,log_ridge_smear,ticket,2,0.084611643672892,0.0846116436728,1697.55362734027,1697.55362734,0.515071423651837,0.515071423653
all11_observed,M5,log_ridge_smear,amt,3,0.1643852316596,0.16438523166,9605739262.81727,9605739262.83,0.890929794025884,0.890929794026
all11_observed,M5,log_ridge_smear,cnt,3,0.168461057846059,0.168461057847,534203.299362838,534203.299364,0.89323978127637,0.893239781276
all11_observed,M5,log_ridge_smear,ticket,3,0.0828482539714089,0.0828482539713,1662.17494357731,1662.17494358,0.540321220712032,0.540321220713
all11_observed,M5,log_ridge_smear,amt,4,0.158384390848927,0.158384390849,9255084209.42193,9255084209.43,0.895592207412553,0.895592207412
all11_observed,M5,log_ridge_smear,cnt,4,0.174860241317917,0.174860241318,554495.614795278,554495.614795,0.885465889583832,0.885465889583
all11_observed,M5,log_ridge_smear,ticket,4,0.0823718305544822,0.0823718305544,1652.61651562997,1652.61651563,0.544393931031283,0.544393931032
all11_observed,M5,log_ridge_smear,amt,5,0.159704157099848,0.1597041571,9332203853.11637,9332203853.13,0.895730804263346,0.895730804263
all11_observed,M5,log_ridge_smear,cnt,5,0.170424200167,0.170424200167,540428.57847704,540428.578478,0.89131297927344,0.891312979273
all11_observed,M5,log_ridge_smear,ticket,5,0.0838968043057761,0.0838968043057,1683.21188774111,1683.21188774,0.529697733570287,0.529697733571
all11_observed,M5,log_ridge_smear,amt,6,0.158517672054567,0.158517672055,9262872406.06886,9262872406.08,0.896850150889118,0.896850150889
all11_observed,M5,log_ridge_smear,cnt,6,0.169482759220657,0.169482759221,537443.194993626,537443.194994,0.888789807741109,0.888789807741
all11_observed,M5,log_ridge_smear,ticket,6,0.0833499660790874,0.083349966079,1672.24073560427,1672.2407356,0.534394803451113,0.534394803452
all11_observed,M5,log_ridge_smear,amt,7,0.157139673303085,0.157139673303,9182349985.79068,9182349985.8,0.898863321482401,0.898863321482
all11_observed,M5,log_ridge_smear,cnt,7,0.168092921081559,0.168092921082,533035.908651137,533035.908652,0.89177126511496,0.891771265115
all11_observed,M5,log_ridge_smear,ticket,7,0.0822568896016484,0.0822568896017,1650.31046857849,1650.31046858,0.532819307077192,0.532819307077
all11_observed,M5,log_ridge_smear,amt,8,0.156180480301841,0.156180480303,9126300194.82314,9126300194.86,0.901772496853416,0.901772496853
all11_observed,M5,log_ridge_smear,cnt,8,0.164770822350204,0.164770822351,522501.271591452,522501.271592,0.900048453771878,0.900048453771
all11_observed,M5,log_ridge_smear,ticket,8,0.0831305293515451,0.0831305293515,1667.83820190275,1667.8382019,0.530300067372289,0.530300067373
all11_observed,M5,log_ridge_smear,amt,9,0.155471569941525,0.155471569942,9084875499.83589,9084875499.85,0.902390050065347,0.902390050065
all11_observed,M5,log_ridge_smear,cnt,9,0.165381878626094,0.165381878626,524438.979230537,524438.979231,0.894490354833298,0.894490354833
all11_observed,M5,log_ridge_smear,ticket,9,0.0834861507504733,0.0834861507506,1674.97299292565,1674.97299293,0.533450685029816,0.533450685029
all11_observed,M1,raw_ridge,amt,0,0.271374556898866,0.271374556899,15857587751.7452,15857587751.7,0.753809074916325,0.753809074916
all11_observed,M1,raw_ridge,cnt,0,0.272326799367742,0.272326799368,863569.756638404,863569.756639,0.758126093679076,0.758126093679
all11_observed,M1,raw_ridge,ticket,0,0.115181023168222,0.115181023168,2310.86355485399,2310.86355485,0.264892564322246,0.264892564322
all11_observed,M1,raw_ridge,amt,1,0.276801375449116,0.276801375449,16174700204.5735,16174700204.6,0.746226486635409,0.746226486635
all11_observed,M1,raw_ridge,cnt,1,0.276770553139302,0.276770553139,877661.250284921,877661.250285,0.748281575395076,0.748281575395
all11_observed,M1,raw_ridge,ticket,1,0.115847836072525,0.115847836073,2324.24174508077,2324.24174508,0.255628137635509,0.255628137636
all11_observed,M1,raw_ridge,amt,2,0.27254977826643,0.272549778266,15926261013.4424,15926261013.4,0.750911359888919,0.750911359889
all11_observed,M1,raw_ridge,cnt,2,0.277548451337298,0.277548451337,880128.026816253,880128.026816,0.749914793263944,0.749914793264
all11_observed,M1,raw_ridge,ticket,2,0.115826933762747,0.115826933763,2323.82238445566,2323.82238446,0.259401207626089,0.259401207626
all11_observed,M1,raw_ridge,amt,3,0.272773859098538,0.272773859099,15939355024.5363,15939355024.5,0.751722433894679,0.751722433895
all11_observed,M1,raw_ridge,cnt,3,0.274750049034962,0.274750049035,871254.07243198,871254.072432,0.757474174526614,0.757474174527
all11_observed,M1,raw_ridge,ticket,3,0.115861233741621,0.115861233742,2324.51054096731,2324.51054097,0.258021022675264,0.258021022675
all11_observed,M1,raw_ridge,amt,4,0.272655948023703,0.272655948024,15932464971.0344,15932464971,0.752888039337796,0.752888039338
all11_observed,M1,raw_ridge,cnt,4,0.274085826360983,0.274085826361,869147.76995182,869147.769952,0.75372606289994,0.7537260629
all11_observed,M1,raw_ridge,ticket,4,0.115409636853768,0.115409636854,2315.45020480324,2315.4502048,0.260723167788041,0.260723167788
all11_observed,M1,raw_ridge,amt,5,0.271518150231677,0.271518150232,15865978530.5332,15865978530.5,0.754646995497441,0.754646995497
all11_observed,M1,raw_ridge,cnt,5,0.274318877973943,0.274318877974,869886.794995097,869886.794995,0.757179888203651,0.757179888204
all11_observed,M1,raw_ridge,ticket,5,0.117488032700687,0.117488032701,2357.14882045271,2357.14882045,0.243713168885412,0.243713168886
all11_observed,M1,raw_ridge,amt,6,0.27512266947777,0.275122669478,16076606162.3236,16076606162.3,0.749338663776919,0.749338663777
all11_observed,M1,raw_ridge,cnt,6,0.277248736078457,0.277248736078,879177.606094756,879177.606095,0.753833707380946,0.753833707381
all11_observed,M1,raw_ridge,ticket,6,0.115551071171451,0.115551071171,2318.28778517151,2318.28778517,0.259447278050977,0.259447278051
all11_observed,M1,raw_ridge,amt,7,0.277278464299668,0.2772784643,16202578567.2302,16202578567.2,0.745210714553558,0.745210714554
all11_observed,M1,raw_ridge,cnt,7,0.278908865826934,0.278908865827,884442.008445933,884442.008446,0.750897660824088,0.750897660824
all11_observed,M1,raw_ridge,ticket,7,0.115485588019222,0.115485588019,2316.97400425709,2316.97400426,0.25647636103542,0.256476361035
all11_observed,M1,raw_ridge,amt,8,0.272839935678644,0.272839935679,15943216164.5759,15943216164.6,0.751664585095499,0.751664585095
all11_observed,M1,raw_ridge,cnt,8,0.274159189363809,0.274159189364,869380.409819229,869380.409819,0.757109665739287,0.757109665739
all11_observed,M1,raw_ridge,ticket,8,0.115946604075397,0.115946604075,2326.22331610649,2326.22331611,0.256530500836781,0.256530500837
all11_observed,M1,raw_ridge,amt,9,0.27309076599306,0.273090765993,15957873263.4841,15957873263.5,0.748551076459311,0.748551076459
all11_observed,M1,raw_ridge,cnt,9,0.274712454815566,0.274712454816,871134.858197572,871134.858198,0.752992459241404,0.752992459241
all11_observed,M1,raw_ridge,ticket,9,0.115774167035042,0.115774167035,2322.76373169665,2322.7637317,0.255863540067303,0.255863540067
all11_observed,M2,raw_ridge,amt,0,0.263521444973864,0.263521444974,15398696494.9595,15398696494.9,0.776455395213172,0.776455395213
all11_observed,M2,raw_ridge,cnt,0,0.248791532570638,0.24879153257,788937.569620519,788937.569619,0.805639697923297,0.805639697923
all11_observed,M2,raw_ridge,ticket,0,0.0968184482673449,0.0968184482673,1942.45733701949,1942.45733702,0.429355523805669,0.429355523806
all11_observed,M2,raw_ridge,amt,1,0.266175975852842,0.266175975853,15553812202.3203,15553812202.3,0.768441077605565,0.768441077605
all11_observed,M2,raw_ridge,cnt,1,0.254830525914675,0.254830525914,808087.693752844,808087.693751,0.791932903665892,0.791932903666
all11_observed,M2,raw_ridge,ticket,1,0.097702023642151,0.0977020236421,1960.18440763792,1960.18440764,0.416740886961169,0.416740886962
all11_observed,M2,raw_ridge,amt,2,0.258219740979924,0.25821974098,15088895026.1762,15088895026.2,0.777559676067518,0.777559676067
all11_observed,M2,raw_ridge,cnt,2,0.245534085009528,0.245534085009,778607.946520109,778607.946519,0.801897678695468,0.801897678696
all11_observed,M2,raw_ridge,ticket,2,0.0981327331776578,0.0981327331776,1968.82568326608,1968.82568327,0.422449819031057,0.422449819032
all11_observed,M2,raw_ridge,amt,3,0.264796854333349,0.264796854333,15473224173.8567,15473224173.8,0.770753784880776,0.770753784881
all11_observed,M2,raw_ridge,cnt,3,0.250849261969934,0.25084926197,795462.791819376,795462.791818,0.799141604985578,0.799141604986
all11_observed,M2,raw_ridge,ticket,3,0.096798724732665,0.0967987247326,1942.06162602291,1942.06162602,0.433938992853898,0.433938992855
all11_observed,M2,raw_ridge,amt,4,0.255807557656286,0.255807557656,14947940733.4635,14947940733.5,0.78264508138011,0.78264508138
all11_observed,M2,raw_ridge,cnt,4,0.243656358833995,0.243656358834,772653.52873896,772653.528738,0.804604869928624,0.804604869929
all11_observed,M2,raw_ridge,ticket,4,0.0968405052584274,0.0968405052584,1942.89986388216,1942.89986388,0.430620302208493,0.430620302209
all11_observed,M2,raw_ridge,amt,5,0.258837868688509,0.258837868688,15125014898.6236,15125014898.6,0.780805796930709,0.78080579693
all11_observed,M2,raw_ridge,cnt,5,0.247460079947017,0.247460079947,784715.428351922,784715.428351,0.805877090034495,0.805877090034
all11_observed,M2,raw_ridge,ticket,5,0.0975257599478808,0.0975257599479,1956.64804951286,1956.64804951,0.426077376650772,0.426077376651
all11_observed,M2,raw_ridge,amt,6,0.260804732993657,0.260804732993,15239947277.2191,15239947277.2,0.771249332652951,0.771249332653
all11_observed,M2,raw_ridge,cnt,6,0.251531697207539,0.251531697207,797626.847775045,797626.847773,0.797845400090214,0.79784540009
all11_observed,M2,raw_ridge,ticket,6,0.0985627138007681,0.0985627138007,1977.45233480908,1977.45233481,0.415990975689572,0.41599097569
all11_observed,M2,raw_ridge,amt,7,0.262574998230395,0.26257499823,15343391522.9001,15343391522.9,0.77419178879324,0.774191788793
all11_observed,M2,raw_ridge,cnt,7,0.249681448906455,0.249681448906,791759.564500695,791759.564499,0.797780057199992,0.7977800572
all11_observed,M2,raw_ridge,ticket,7,0.0969423945184347,0.0969423945184,1944.94405632902,1944.94405633,0.421394033718721,0.421394033719
all11_observed,M2,raw_ridge,amt,8,0.263563861130272,0.26356386113,15401175054.2246,15401175054.2,0.776175702516731,0.776175702517
all11_observed,M2,raw_ridge,cnt,8,0.246079123662004,0.246079123662,780336.307069162,780336.307068,0.80621618148681,0.806216181487
all11_observed,M2,raw_ridge,ticket,8,0.0977871409859647,0.0977871409859,1961.89210706873,1961.89210707,0.427387624482561,0.427387624483
all11_observed,M2,raw_ridge,amt,9,0.257793512408599,0.257793512408,15063988649.3613,15063988649.3,0.782019194355759,0.782019194356
all11_observed,M2,raw_ridge,cnt,9,0.242693790889495,0.242693790889,769601.149878305,769601.149877,0.807468547738037,0.807468547738
all11_observed,M2,raw_ridge,ticket,9,0.0977215543963774,0.0977215543964,1960.57625090254,1960.5762509,0.415994197446636,0.415994197447
all11_observed,M3,raw_ridge,amt,0,0.198861728427344,0.198861728427,11620349914.2904,11620349914.3,0.872003140981151,0.872003140981
all11_observed,M3,raw_ridge,cnt,0,0.187428667911119,0.187428667911,594351.086675452,594351.086675,0.88611226449259,0.886112264493
all11_observed,M3,raw_ridge,ticket,0,0.0960230467091753,0.0960230467091,1926.49928749284,1926.49928749,0.433073422468141,0.433073422469
all11_observed,M3,raw_ridge,amt,1,0.200381841583533,0.200381841584,11709176693.1982,11709176693.2,0.870139250471113,0.870139250471
all11_observed,M3,raw_ridge,cnt,1,0.192392138948345,0.192392138948,610090.64475659,610090.644756,0.883162032804453,0.883162032804
all11_observed,M3,raw_ridge,ticket,1,0.0968925568982937,0.0968925568982,1943.94416991651,1943.94416992,0.419282639636963,0.419282639637
all11_observed,M3,raw_ridge,amt,2,0.197010834039077,0.197010834039,11512194158.9515,11512194159,0.873551309382892,0.873551309383
all11_observed,M3,raw_ridge,cnt,2,0.189264817568419,0.189264817568,600173.662038536,600173.662038,0.883916153095763,0.883916153096
all11_observed,M3,raw_ridge,ticket,2,0.0971603134545502,0.0971603134545,1949.31613875658,1949.31613876,0.425613983494626,0.425613983495
all11_observed,M3,raw_ridge,amt,3,0.202680260449444,0.202680260449,11843483237.1607,11843483237.2,0.865487849098195,0.865487849098
all11_observed,M3,raw_ridge,cnt,3,0.192007386317178,0.192007386317,608870.563821351,608870.563821,0.880814918038899,0.880814918039
all11_observed,M3,raw_ridge,ticket,3,0.0958485993149827,0.0958485993149,1922.99936958631,1922.99936958,0.43835858876667,0.438358588768
all11_observed,M3,raw_ridge,amt,4,0.197559184005014,0.197559184005,11544236616.4423,11544236616.4,0.872634100521096,0.872634100521
all11_observed,M3,raw_ridge,cnt,4,0.189846386633023,0.189846386633,602017.863405256,602017.863405,0.884092116190734,0.884092116191
all11_observed,M3,raw_ridge,ticket,4,0.0959964521365105,0.0959964521365,1925.96572365535,1925.96572365,0.434235975386214,0.434235975387
all11_observed,M3,raw_ridge,amt,5,0.202812212564385,0.202812212564,11851193769.2961,11851193769.3,0.868783134210345,0.86878313421
all11_observed,M3,raw_ridge,cnt,5,0.194676613159448,0.194676613159,617334.892634908,617334.892635,0.882400619495366,0.882400619495
all11_observed,M3,raw_ridge,ticket,5,0.0967278983327661,0.0967278983327,1940.64064414807,1940.64064415,0.429501346615026,0.429501346616
all11_observed,M3,raw_ridge,amt,6,0.203161613114216,0.203161613114,11871610752.9027,11871610752.9,0.866007759042542,0.866007759042
all11_observed,M3,raw_ridge,cnt,6,0.196062994936319,0.196062994936,621731.218580207,621731.21858,0.87662751338215,0.876627513382
all11_observed,M3,raw_ridge,ticket,6,0.0979385697694443,0.0979385697694,1964.93020524909,1964.93020525,0.420163643765909,0.420163643766
all11_observed,M3,raw_ridge,amt,7,0.201967121686871,0.201967121687,11801811458.3621,11801811458.4,0.869297412835874,0.869297412836
all11_observed,M3,raw_ridge,cnt,7,0.193510418232461,0.193510418232,613636.796554649,613636.796554,0.879292751711426,0.879292751711
all11_observed,M3,raw_ridge,ticket,7,0.0962571381013738,0.0962571381013,1931.19583603753,1931.19583604,0.42364401930191,0.423644019302
all11_observed,M3,raw_ridge,amt,8,0.196484539404591,0.196484539405,11481440489.7608,11481440489.8,0.873998910459396,0.873998910459
all11_observed,M3,raw_ridge,cnt,8,0.185466918229837,0.18546691823,588130.223731432,588130.223731,0.889251575170593,0.889251575171
all11_observed,M3,raw_ridge,ticket,8,0.0969082342043559,0.0969082342043,1944.25870189601,1944.2587019,0.43117790475239,0.431177904753
all11_observed,M3,raw_ridge,amt,9,0.200858135384947,0.200858135385,11737008597.6989,11737008597.7,0.868697576111768,0.868697576112
all11_observed,M3,raw_ridge,cnt,9,0.19375223168144,0.193752231681,614403.606070906,614403.606071,0.88000614619384,0.880006146194
all11_observed,M3,raw_ridge,ticket,9,0.096957017777347,0.0969570177773,1945.23744108238,1945.23744108,0.419879123838483,0.419879123839
all11_observed,M4,raw_ridge,amt,0,0.191893400908638,0.191893400909,11213160432.8094,11213160432.8,0.885535043243064,0.885535043243
all11_observed,M4,raw_ridge,cnt,0,0.18955528982762,0.189555289828,601094.772479266,601094.77248,0.88880338027956,0.88880338028
all11_observed,M4,raw_ridge,ticket,0,0.0883214813850788,0.0883214813851,1771.98367256564,1771.98367257,0.506474638824444,0.506474638825
all11_observed,M4,raw_ridge,amt,1,0.197832082407504,0.197832082408,11560183249.0752,11560183249.1,0.878901249531944,0.878901249532
all11_observed,M4,raw_ridge,cnt,1,0.192838280604695,0.192838280605,611505.395131855,611505.395132,0.884442862674072,0.884442862674
all11_observed,M4,raw_ridge,ticket,1,0.0871988356428452,0.0871988356428,1749.46016079799,1749.4601608,0.505546178299042,0.505546178299
all11_observed,M4,raw_ridge,amt,2,0.193826834234416,0.193826834234,11326139294.8517,11326139294.9,0.88307034097672,0.883070340977
all11_observed,M4,raw_ridge,cnt,2,0.189555370487601,0.189555370487,601095.028258426,601095.028257,0.886086566809877,0.88608656681
all11_observed,M4,raw_ridge,ticket,2,0.0890486845215481,0.0890486845215,1786.57346504029,1786.57346504,0.496702926466112,0.496702926466
all11_observed,M4,raw_ridge,amt,3,0.196771816663077,0.196771816663,11498227341.0692,11498227341.1,0.87594436271441,0.875944362714
all11_observed,M4,raw_ridge,cnt,3,0.193304843287656,0.193304843287,612984.902192917,612984.902192,0.883337783292446,0.883337783293
all11_observed,M4,raw_ridge,ticket,3,0.0872478656282145,0.0872478656282,1750.44384372742,1750.44384373,0.516053549243918,0.516053549244
all11_observed,M4,raw_ridge,amt,4,0.191917538011008,0.191917538011,11214570867.978,11214570868,0.884920325051928,0.884920325052
all11_observed,M4,raw_ridge,cnt,4,0.190918311070673,0.190918311071,605417.020329603,605417.02033,0.886981408391684,0.886981408392
all11_observed,M4,raw_ridge,ticket,4,0.0881825210761865,0.0881825210762,1769.19572794979,1769.19572795,0.5023370200661,0.502337020066
all11_observed,M4,raw_ridge,amt,5,0.193203401889834,0.19320340189,11289709449.6059,11289709449.6,0.883777234802689,0.883777234803
all11_observed,M4,raw_ridge,cnt,5,0.195107719280092,0.19510771928,618701.964140738,618701.96414,0.884687055071505,0.884687055072
all11_observed,M4,raw_ridge,ticket,5,0.087923682656586,0.0879236826566,1764.00268265467,1764.00268265,0.506644394260506,0.506644394261
all11_observed,M4,raw_ridge,amt,6,0.19570253177697,0.195702531777,11435744405.6502,11435744405.7,0.87895532645298,0.878955326453
all11_observed,M4,raw_ridge,cnt,6,0.194271303694596,0.194271303694,616049.624358931,616049.624359,0.880267982395187,0.880267982395
all11_observed,M4,raw_ridge,ticket,6,0.0880515194214884,0.0880515194214,1766.56745689315,1766.56745689,0.507278260450687,0.507278260451
all11_observed,M4,raw_ridge,amt,7,0.192322176154489,0.192322176155,11238215622.819,11238215622.8,0.882470604397505,0.882470604397
all11_observed,M4,raw_ridge,cnt,7,0.193800111438173,0.193800111438,614555.43655533,614555.436555,0.881343152428337,0.881343152428
all11_observed,M4,raw_ridge,ticket,7,0.086489919451424,0.0864899194514,1735.23725718818,1735.23725719,0.514292922564521,0.514292922565
all11_observed,M4,raw_ridge,amt,8,0.18981807143379,0.189818071434,11091889965.7573,11091889965.7,0.886783107477083,0.886783107477
all11_observed,M4,raw_ridge,cnt,8,0.185577859723101,0.185577859723,588482.027955482,588482.027955,0.893958953147101,0.893958953147
all11_observed,M4,raw_ridge,ticket,8,0.0874935616092674,0.0874935616091,1755.373213797,1755.37321379,0.504724625769049,0.50472462577
all11_observed,M4,raw_ridge,amt,9,0.194914296290125,0.19491429629,11389684400.8195,11389684400.8,0.882295367084842,0.882295367085
all11_observed,M4,raw_ridge,cnt,9,0.192779954575233,0.192779954575,611320.438692808,611320.438693,0.884026357880374,0.88402635788
all11_observed,M4,raw_ridge,ticket,9,0.0878366630628013,0.0878366630628,1762.25681860255,1762.2568186,0.505483394135712,0.505483394136
all11_observed,M5,raw_ridge,amt,0,0.180943403175808,0.180943403176,10573304759.1087,10573304759.1,0.89725812450007,0.8972581245
all11_observed,M5,raw_ridge,cnt,0,0.174887209696909,0.174887209697,554581.133651803,554581.133653,0.905737933320048,0.90573793332
all11_observed,M5,raw_ridge,ticket,0,0.0871467319653121,0.0871467319653,1748.41481073794,1748.41481074,0.519827862270755,0.519827862271
all11_observed,M5,raw_ridge,amt,1,0.181706326550361,0.18170632655,10617885667.8648,10617885667.9,0.891810885518044,0.891810885518
all11_observed,M5,raw_ridge,cnt,1,0.172991111089342,0.172991111089,548568.455439814,548568.45544,0.905929508326839,0.905929508327
all11_observed,M5,raw_ridge,ticket,1,0.0860068284668091,0.0860068284668,1725.54505860096,1725.5450586,0.517411942426935,0.517411942427
all11_observed,M5,raw_ridge,amt,2,0.18031271413223,0.180312714132,10536450873.5901,10536450873.6,0.896545260271312,0.896545260271
all11_observed,M5,raw_ridge,cnt,2,0.172487709063847,0.172487709064,546972.127918405,546972.127918,0.904848180486755,0.904848180487
all11_observed,M5,raw_ridge,ticket,2,0.0870128147141132,0.0870128147141,1745.7280444057,1745.72804441,0.515714163552237,0.515714163552
all11_observed,M5,raw_ridge,amt,3,0.181375794068604,0.181375794069,10598571226.9895,10598571227,0.892721104409532,0.892721104409
all11_observed,M5,raw_ridge,cnt,3,0.172465628868854,0.172465628869,546902.109878826,546902.109879,0.905714223242121,0.905714223242
all11_observed,M5,raw_ridge,ticket,3,0.0861455085088597,0.0861455085088,1728.32738025557,1728.32738025,0.528389414177385,0.528389414178
all11_observed,M5,raw_ridge,amt,4,0.179680193055773,0.179680193056,10499489934.4757,10499489934.5,0.896927456037406,0.896927456037
all11_observed,M5,raw_ridge,cnt,4,0.173428787290122,0.17342878729,549956.361187876,549956.361188,0.906702834574069,0.906702834574
all11_observed,M5,raw_ridge,ticket,4,0.0866054854334427,0.0866054854335,1737.55584412795,1737.55584413,0.519127101666524,0.519127101666
all11_observed,M5,raw_ridge,amt,5,0.178697349271137,0.178697349271,10442058126.0584,10442058126.1,0.895467446544098,0.895467446544
all11_observed,M5,raw_ridge,cnt,5,0.173063444118426,0.173063444119,548797.829179262,548797.82918,0.902960662534007,0.902960662534
all11_observed,M5,raw_ridge,ticket,5,0.0864870019106384,0.0864870019106,1735.17872290461,1735.1787229,0.521988420644582,0.521988420645
all11_observed,M5,raw_ridge,amt,6,0.181865208851462,0.181865208852,10627169847.1213,10627169847.1,0.894620279417529,0.894620279417
all11_observed,M5,raw_ridge,cnt,6,0.174184766258464,0.174184766259,552353.630113413,552353.630114,0.901491865517648,0.901491865518
all11_observed,M5,raw_ridge,ticket,6,0.0873385105814846,0.0873385105814,1752.26244294786,1752.26244295,0.518679268671211,0.518679268672
all11_observed,M5,raw_ridge,amt,7,0.179400912964577,0.179400912965,10483170392.2015,10483170392.2,0.897265155181416,0.897265155181
all11_observed,M5,raw_ridge,cnt,7,0.174561396775992,0.174561396776,553547.955185785,553547.955186,0.904575660407089,0.904575660407
all11_observed,M5,raw_ridge,ticket,7,0.0853949315604104,0.0853949315604,1713.26864169277,1713.26864169,0.526927467285596,0.526927467286
all11_observed,M5,raw_ridge,amt,8,0.175642876988368,0.175642876988,10263572114.6475,10263572114.6,0.900722694326132,0.900722694326
all11_observed,M5,raw_ridge,cnt,8,0.164533468348739,0.164533468349,521748.603334937,521748.603336,0.914920090381367,0.914920090381
all11_observed,M5,raw_ridge,ticket,8,0.0863273281796641,0.0863273281796,1731.97520729565,1731.97520729,0.520166023022377,0.520166023023
all11_observed,M5,raw_ridge,amt,9,0.178567902808152,0.178567902808,10434494009.9917,10434494010,0.896306545064333,0.896306545064
all11_observed,M5,raw_ridge,cnt,9,0.172848509218562,0.172848509219,548116.253661906,548116.253662,0.903701012395036,0.903701012395
all11_observed,M5,raw_ridge,ticket,9,0.0865144931946195,0.0865144931946,1735.7302773576,1735.73027736,0.520181447591076,0.520181447591
4004,M1,log_ridge_smear,amt,0,0.611691511395602,0.611691511396,4716653028.38397,4716653028.38,0.043639072574195,0.0436390725743
4004,M1,log_ridge_smear,cnt,0,0.526338186763438,0.526338186763,116691.011371256,116691.011371,0.19497756271165,0.194977562712
4004,M1,log_ridge_smear,ticket,0,0.261083255216381,0.261083255216,9113.32288888125,9113.32288888,-0.0071095007006607,-0.00710950070066
4004,M1,log_ridge_smear,amt,1,0.633432428164033,0.633432428164,4884293675.6797,4884293675.68,0.0012357082769245,0.00123570827703
4004,M1,log_ridge_smear,cnt,1,0.5425681655313,0.542568165531,120289.254258783,120289.254259,0.170800649539128,0.170800649539
4004,M1,log_ridge_smear,ticket,1,0.263000102401942,0.263000102402,9180.231995389,9180.23199539,-0.031925828830939,-0.0319258288309
4004,M1,log_ridge_smear,amt,2,0.624221413695069,0.624221413695,4813269052.18868,4813269052.19,0.0195397323479959,0.0195397323481
4004,M1,log_ridge_smear,cnt,2,0.534383914838897,0.534383914839,118474.777341414,118474.777341,0.173953509364889,0.173953509365
4004,M1,log_ridge_smear,ticket,2,0.26376716757746,0.263767167577,9207.00702780355,9207.0070278,-0.0230844283695062,-0.0230844283695
4004,M1,log_ridge_smear,amt,3,0.624598386275933,0.624598386276,4816175825.99873,4816175826,-0.0017252080597567,-0.00172520805952
4004,M1,log_ridge_smear,cnt,3,0.53148761123366,0.531487611234,117832.656732587,117832.656733,0.180995397139624,0.18099539714
4004,M1,log_ridge_smear,ticket,3,0.262032195805428,0.262032195805,9146.44643019447,9146.44643019,-0.0109592428840859,-0.0109592428841
4004,M1,log_ridge_smear,amt,4,0.628200483266754,0.628200483267,4843951005.74828,4843951005.75,-0.0007615614020286,-0.000761561401968
4004,M1,log_ridge_smear,cnt,4,0.54119484272334,0.541194842723,119984.783803418,119984.783803,0.154661835379775,0.15466183538
4004,M1,log_ridge_smear,ticket,4,0.264704770061252,0.264704770061,9239.7348033521,9239.73480335,-0.0339392968557199,-0.0339392968558
4004,M1,log_ridge_smear,amt,5,0.61281243614289,0.612812436143,4725296295.46451,4725296295.46,0.0383683505939484,0.0383683505941
4004,M1,log_ridge_smear,cnt,5,0.527862239927006,0.527862239927,117028.899272063,117028.899272,0.188796195960534,0.188796195961
4004,M1,log_ridge_smear,ticket,5,0.264601361651565,0.264601361652,9236.12524889744,9236.1252489,-0.0210047369011148,-0.0210047369011
4004,M1,log_ridge_smear,amt,6,0.611631703723633,0.611631703724,4716191861.22396,4716191861.22,0.0489700380925812,0.0489700380928
4004,M1,log_ridge_smear,cnt,6,0.527378289936307,0.527378289936,116921.605871569,116921.605872,0.191119075392015,0.191119075392
4004,M1,log_ridge_smear,ticket,6,0.266682379360845,0.266682379361,9308.7648607578,9308.76486076,-0.0327793561381182,-0.0327793561381
4004,M1,log_ridge_smear,amt,7,0.617505340439485,0.61750534044,4761482511.63734,4761482511.64,0.0348298950765052,0.0348298950766
4004,M1,log_ridge_smear,cnt,7,0.532557206087505,0.532557206087,118069.789641412,118069.789641,0.180880906594533,0.180880906595
4004,M1,log_ridge_smear,ticket,7,0.262595746715766,0.262595746716,9166.11763203383,9166.11763203,-0.0220694237964112,-0.0220694237964
4004,M1,log_ridge_smear,amt,8,0.617333607068059,0.617333607068,4760158303.74608,4760158303.75,0.0154821596115171,0.0154821596116
4004,M1,log_ridge_smear,cnt,8,0.528184128101482,0.528184128101,117100.263002783,117100.263003,0.187132201167729,0.187132201168
4004,M1,log_ridge_smear,ticket,8,0.263890584103982,0.263890584104,9211.31498181263,9211.31498181,-0.020575472548007,-0.020575472548
4004,M1,log_ridge_smear,amt,9,0.621703482114898,0.621703482115,4793853694.29729,4793853694.3,0.0143650936166211,0.0143650936168
4004,M1,log_ridge_smear,cnt,9,0.532849043208153,0.532849043208,118134.490948709,118134.490949,0.17350344285389,0.173503442854
4004,M1,log_ridge_smear,ticket,9,0.262156727096322,0.262156727096,9150.79329595862,9150.79329596,-0.0105364224415023,-0.0105364224415
4004,M2,log_ridge_smear,amt,0,0.606326076082322,0.606326076082,4675281035.72505,4675281035.72,0.0357073497739984,0.0357073497744
4004,M2,log_ridge_smear,cnt,0,0.486433797801986,0.486433797802,107844.069190037,107844.06919,0.264458421991939,0.264458421992
4004,M2,log_ridge_smear,ticket,0,0.250869381505807,0.250869381506,8756.79933859241,8756.79933859,0.0240243573483048,0.0240243573479
4004,M2,log_ridge_smear,amt,1,0.600571306562562,0.600571306563,4630906950.78623,4630906950.79,0.0715249591572914,0.0715249591578
4004,M2,log_ridge_smear,cnt,1,0.483053570361875,0.483053570362,107094.660979553,107094.66098,0.269867972752198,0.269867972753
4004,M2,log_ridge_smear,ticket,1,0.246910060757762,0.246910060758,8618.5960349463,8618.59603494,0.0158989305138513,0.0158989305136
4004,M2,log_ridge_smear,amt,2,0.580069113603122,0.580069113602,4472817899.8363,4472817899.83,0.108673718034578,0.108673718037
4004,M2,log_ridge_smear,cnt,2,0.475172771166422,0.475172771166,105347.460317207,105347.460317,0.275355113121439,0.275355113123
4004,M2,log_ridge_smear,ticket,2,0.251522337839826,0.25152233784,8779.59130929661,8779.59130929,-0.0096532629085377,-0.0096532629092
4004,M2,log_ridge_smear,amt,3,0.608320412751086,0.608320412751,4690659039.03735,4690659039.04,0.02603031909616,0.0260303190964
4004,M2,log_ridge_smear,cnt,3,0.487761885061485,0.487761885062,108138.51076657,108138.510767,0.242453109316536,0.242453109317
4004,M2,log_ridge_smear,ticket,3,0.245677070978328,0.245677070978,8575.5575261405,8575.55752613,0.0468958644267824,0.046895864427
4004,M2,log_ridge_smear,amt,4,0.62388979480599,0.623889794806,4810711993.26551,4810711993.27,0.0049124606558503,0.00491246065562
4004,M2,log_ridge_smear,cnt,4,0.502051723204933,0.502051723205,111306.617712304,111306.617712,0.228505390971973,0.228505390972
4004,M2,log_ridge_smear,ticket,4,0.248140856615587,0.248140856616,8661.55796313798,8661.55796314,0.0225697181725637,0.0225697181723
4004,M2,log_ridge_smear,amt,5,0.604125494982948,0.604125494983,4658312715.39822,4658312715.4,0.0626670123368648,0.0626670123376
4004,M2,log_ridge_smear,cnt,5,0.494077668767237,0.494077668767,109538.742037567,109538.742038,0.256858608696482,0.256858608697
4004,M2,log_ridge_smear,ticket,5,0.250739471892599,0.250739471893,8752.26473812345,8752.26473813,0.0287623907214438,0.028762390721
4004,M2,log_ridge_smear,amt,6,0.617168645478796,0.617168645479,4758886311.95762,4758886311.96,0.049042600385755,0.0490426003872
4004,M2,log_ridge_smear,cnt,6,0.502751938072734,0.502751938073,111461.857790178,111461.85779,0.242417978315571,0.242417978316
4004,M2,log_ridge_smear,ticket,6,0.252948269449098,0.252948269449,8829.3646092426,8829.36460923,-0.0108522881842226,-0.0108522881839
4004,M2,log_ridge_smear,amt,7,0.609064558728087,0.609064558728,4696397026.74944,4696397026.75,0.0367398208481329,0.0367398208476
4004,M2,log_ridge_smear,cnt,7,0.498489194651933,0.498489194653,110516.792709401,110516.79271,0.230303002833199,0.230303002833
4004,M2,log_ridge_smear,ticket,7,0.249441138798928,0.249441138799,8706.94536790901,8706.9453679,0.0237044155036957,0.0237044155037
4004,M2,log_ridge_smear,amt,8,0.612030538402886,0.612030538403,4719267210.09292,4719267210.1,0.0339758195218485,0.0339758195219
4004,M2,log_ridge_smear,cnt,8,0.496152526631594,0.496152526633,109998.745261222,109998.745261,0.234589716464948,0.234589716464
4004,M2,log_ridge_smear,ticket,8,0.251741712712692,0.251741712712,8787.24876725379,8787.24876725,-0.0056959290512441,-0.00569592905055
4004,M2,log_ridge_smear,amt,9,0.617441000137331,0.617441000137,4760986394.10858,4760986394.11,0.0458238742600438,0.0458238742607
4004,M2,log_ridge_smear,cnt,9,0.482921961597325,0.482921961597,107065.482857527,107065.482857,0.265598684921403,0.265598684922
4004,M2,log_ridge_smear,ticket,9,0.250953596061485,0.250953596061,8759.73891599731,8759.73891599,-0.0028432197943018,-0.00284321979419
4004,M3,log_ridge_smear,amt,0,0.618431428017864,0.618431428018,4768623421.22941,4768623421.23,-0.0689554495908,-0.068955449588
4004,M3,log_ridge_smear,cnt,0,0.499372082802485,0.499372082802,110712.53209105,110712.532091,0.190623424810955,0.190623424812
4004,M3,log_ridge_smear,ticket,0,0.241036786427952,0.241036786428,8413.58462838107,8413.58462839,0.0930682029642917,0.0930682029635
4004,M3,log_ridge_smear,amt,1,0.624427035323191,0.624427035324,4814854566.87528,4814854566.88,-0.0245765462365464,-0.024576546236
4004,M3,log_ridge_smear,cnt,1,0.500810165484872,0.500810165485,111031.360036397,111031.360036,0.199395438235132,0.199395438236
4004,M3,log_ridge_smear,ticket,1,0.238142154718024,0.238142154718,8312.54515959132,8312.54515959,0.0717303544498941,0.0717303544496
4004,M3,log_ridge_smear,amt,2,0.611782321471267,0.611782321472,4717353249.99963,4717353250,-0.0371054302770824,-0.0371054302751
4004,M3,log_ridge_smear,cnt,2,0.492101400928711,0.492101400929,109100.596566428,109100.596566,0.21440505508253,0.214405055084
4004,M3,log_ridge_smear,ticket,2,0.246167298929076,0.246167298929,8592.66933057476,8592.66933058,0.0356288050306164,0.0356288050297
4004,M3,log_ridge_smear,amt,3,0.613661345992988,0.613661345994,4731842100.23815,4731842100.25,-0.0604085133102628,-0.0604085133098
4004,M3,log_ridge_smear,cnt,3,0.498708563259629,0.498708563261,110565.427494676,110565.427495,0.192590718090923,0.19259071809
4004,M3,log_ridge_smear,ticket,3,0.240514948131647,0.240514948132,8395.36943918379,8395.36943919,0.0947600582799356,0.0947600582801
4004,M3,log_ridge_smear,amt,4,0.647177501331202,0.647177501332,4990279682.95872,4990279682.96,-0.0615036579337722,-0.0615036579329
4004,M3,log_ridge_smear,cnt,4,0.51021931423163,0.510219314232,113117.401123694,113117.401124,0.202723784503709,0.202723784505
4004,M3,log_ridge_smear,ticket,4,0.244226726764678,0.244226726765,8524.93208442822,8524.93208443,0.075785060057206,0.0757850600575
4004,M3,log_ridge_smear,amt,5,0.606386627894585,0.606386627895,4675747940.82896,4675747940.83,-0.0039827775880816,-0.00398277758537
4004,M3,log_ridge_smear,cnt,5,0.504436983572876,0.504436983573,111835.438253391,111835.438253,0.192603187637769,0.19260318764
4004,M3,log_ridge_smear,ticket,5,0.244273421022909,0.244273421023,8526.56198540356,8526.56198542,0.0788843339877715,0.0788843339864
4004,M3,log_ridge_smear,amt,6,0.637591586809852,0.637591586811,4916364266.5852,4916364266.6,-0.0548807909531797,-0.054880790951
4004,M3,log_ridge_smear,cnt,6,0.514813095408502,0.514813095409,114135.858429335,114135.85843,0.179351110986836,0.179351110988
4004,M3,log_ridge_smear,ticket,6,0.243972708448492,0.243972708448,8516.06536896928,8516.06536897,0.059070846908717,0.0590708469088
4004,M3,log_ridge_smear,amt,7,0.652694911030485,0.652694911032,5032823525.20951,5032823525.22,-0.281912221480133,-0.28191222148
4004,M3,log_ridge_smear,cnt,7,0.528449574961569,0.528449574962,117159.113497291,117159.113497,0.0856623756357356,0.0856623756362
4004,M3,log_ridge_smear,ticket,7,0.246427503868707,0.246427503869,8601.7519951454,8601.75199515,0.0645528502738628,0.0645528502735
4004,M3,log_ridge_smear,amt,8,0.646372748599926,0.646372748601,4984074366.49387,4984074366.5,-0.0873127024452534,-0.0873127024456
4004,M3,log_ridge_smear,cnt,8,0.520959775464645,0.520959775465,115498.598831542,115498.598832,0.161950973414992,0.161950973414
4004,M3,log_ridge_smear,ticket,8,0.252719812952923,0.252719812953,8821.39014985425,8821.39014985,0.0259180996319397,0.0259180996324
4004,M3,log_ridge_smear,amt,9,0.640229238008793,0.64022923801,4936702762.84277,4936702762.85,-0.0632565243229979,-0.0632565243225
4004,M3,log_ridge_smear,cnt,9,0.502673204546588,0.502673204547,111444.402292884,111444.402293,0.215151996178146,0.215151996179
4004,M3,log_ridge_smear,ticket,9,0.243560481825657,0.243560481826,8501.67626418289,8501.67626419,0.0558727835235719,0.0558727835229
4004,M4,log_ridge_smear,amt,0,0.644980577153133,0.644980577153,4973339560.55294,4973339560.55,-0.168057136739345,-0.16805713673
4004,M4,log_ridge_smear,cnt,0,0.509233681802538,0.509233681802,112898.882977218,112898.882977,0.204417017293122,0.204417017296
4004,M4,log_ridge_smear,ticket,0,0.24632416788634,0.246324167887,8598.14496882513,8598.14496884,0.0555677303175666,0.0555677303169
4004,M4,log_ridge_smear,amt,1,0.649014751935738,0.649014751936,5004446421.36582,5004446421.37,-0.183142114887864,-0.183142114883
4004,M4,log_ridge_smear,cnt,1,0.509598455704961,0.509598455705,112979.754623368,112979.754623,0.184093817508953,0.184093817511
4004,M4,log_ridge_smear,ticket,1,0.243975236712822,0.243975236713,8516.15362008738,8516.15362009,0.0473890383653744,0.0473890383652
4004,M4,log_ridge_smear,amt,2,0.667103101582846,0.667103101583,5143922722.00443,5143922722,-0.402661683437965,-0.402661683422
4004,M4,log_ridge_smear,cnt,2,0.520759215395203,0.520759215396,115454.133964785,115454.133965,0.122333730491036,0.122333730495
4004,M4,log_ridge_smear,ticket,2,0.251221613403695,0.251221613404,8769.09427881962,8769.09427882,0.0117016607454499,0.0117016607451
4004,M4,log_ridge_smear,amt,3,0.650038248552373,0.650038248553,5012338436.09295,5012338436.1,-0.270064655633561,-0.27006465563
4004,M4,log_ridge_smear,cnt,3,0.517291738675666,0.517291738676,114685.38228481,114685.382285,0.148951484036815,0.148951484038
4004,M4,log_ridge_smear,ticket,3,0.244829427494669,0.244829427495,8545.9698424921,8545.9698425,0.073016123919598,0.0730161239198
4004,M4,log_ridge_smear,amt,4,0.695918180881497,0.695918180882,5366111077.58096,5366111077.58,-0.269104396295622,-0.269104396291
4004,M4,log_ridge_smear,cnt,4,0.535469948599529,0.5354699486,118715.554813197,118715.554813,0.135838081224263,0.135838081224
4004,M4,log_ridge_smear,ticket,4,0.252691819679903,0.25269181968,8820.41302194329,8820.41302194,0.0249662992782257,0.0249662992788
4004,M4,log_ridge_smear,amt,5,0.648489282565133,0.648489282565,5000394613.13894,5000394613.14,-0.250955936840132,-0.250955936825
4004,M4,log_ridge_smear,cnt,5,0.519644420702255,0.519644420702,115206.980094017,115206.980094,0.161901830322037,0.161901830325
4004,M4,log_ridge_smear,ticket,5,0.249472239996294,0.249472239996,8708.03098044128,8708.03098043,0.050344042708121,0.050344042708
4004,M4,log_ridge_smear,amt,6,0.680023475323784,0.680023475324,5243549607.12175,5243549607.12,-0.272521422058131,-0.27252142204
4004,M4,log_ridge_smear,cnt,6,0.542952659356608,0.542952659357,120374.497880602,120374.497881,0.140643248699987,0.140643248704
4004,M4,log_ridge_smear,ticket,6,0.247849328293826,0.247849328293,8651.38193049562,8651.38193048,0.0354483530674203,0.0354483530704
4004,M4,log_ridge_smear,amt,7,0.663472721578047,0.663472721578,5115929456.56782,5115929456.57,-0.359534556122408,-0.359534556105
4004,M4,log_ridge_smear,cnt,7,0.537336783505438,0.537336783505,119129.438621577,119129.438622,0.109929974464773,0.10992997447
4004,M4,log_ridge_smear,ticket,7,0.245263919297785,0.245263919298,8561.13613146414,8561.13613147,0.0745246460418412,0.0745246460412
4004,M4,log_ridge_smear,amt,8,0.688862211352881,0.688862211353,5311703652.5549,5311703652.56,-0.394298289877987,-0.394298289871
4004,M4,log_ridge_smear,cnt,8,0.546703240875854,0.546703240876,121206.014881872,121206.014882,0.0649171867784848,0.0649171867821
4004,M4,log_ridge_smear,ticket,8,0.248044831066193,0.248044831066,8658.20611341294,8658.20611339,0.0346152698234546,0.0346152698247
4004,M4,log_ridge_smear,amt,9,0.660145121379422,0.66014512138,5090270876.61093,5090270876.62,-0.138398616328063,-0.13839861633
4004,M4,log_ridge_smear,cnt,9,0.516666610389371,0.51666661039,114546.789163887,114546.789164,0.178580661630444,0.178580661629
4004,M4,log_ridge_smear,ticket,9,0.240038538541185,0.240038538541,8378.73997582872,8378.73997582,0.0665741859069989,0.0665741859078
4004,M5,log_ridge_smear,amt,0,0.649649803103996,0.649649803104,5009343196.88116,5009343196.88,-0.169174857783895,-0.169174857776
4004,M5,log_ridge_smear,cnt,0,0.510671622299992,0.5106716223,113217.679399669,113217.6794,0.200097997834846,0.200097997837
4004,M5,log_ridge_smear,ticket,0,0.239703837521199,0.239703837522,8367.05696512073,8367.05696514,0.0965455568713091,0.0965455568695
4004,M5,log_ridge_smear,amt,1,0.656685889753582,0.656685889753,5063597308.28451,5063597308.28,-0.203050794910354,-0.203050794904
4004,M5,log_ridge_smear,cnt,1,0.514566058956203,0.514566058956,114081.089586433,114081.089586,0.171748505466498,0.171748505469
4004,M5,log_ridge_smear,ticket,1,0.236845662808431,0.236845662809,8267.29005740121,8267.29005741,0.0908388013706382,0.0908388013699
4004,M5,log_ridge_smear,amt,2,0.67424706742248,0.674247067422,5199008672.16794,5199008672.16,-0.414588506315322,-0.414588506302
4004,M5,log_ridge_smear,cnt,2,0.520733304712052,0.520733304712,115448.389475978,115448.389476,0.114395172352435,0.114395172357
4004,M5,log_ridge_smear,ticket,2,0.24891598225228,0.248915982253,8688.6143524908,8688.6143525,0.0384748280593314,0.0384748280578
4004,M5,log_ridge_smear,amt,3,0.661940805132139,0.661940805132,5104117099.83373,5104117099.84,-0.277694442914465,-0.277694442911
4004,M5,log_ridge_smear,cnt,3,0.514594044884793,0.514594044885,114087.29416439,114087.294164,0.148310332928676,0.14831033293
4004,M5,log_ridge_smear,ticket,3,0.240158627131511,0.240158627131,8382.93176552433,8382.93176552,0.100935508412154,0.100935508412
4004,M5,log_ridge_smear,amt,4,0.700632613674321,0.700632613675,5402463296.46111,5402463296.46,-0.2742229594343,-0.274222959428
4004,M5,log_ridge_smear,cnt,4,0.537032884567203,0.537032884568,119062.06316726,119062.063167,0.139285261335905,0.139285261336
4004,M5,log_ridge_smear,ticket,4,0.247426203831831,0.247426203832,8636.61242778986,8636.6124278,0.0643066268213754,0.0643066268209
4004,M5,log_ridge_smear,amt,5,0.667744866109938,0.66774486611,5148871263.12987,5148871263.13,-0.257737725978621,-0.257737725967
4004,M5,log_ridge_smear,cnt,5,0.528611802782765,0.528611802782,117195.079970946,117195.079971,0.138928425412339,0.138928425415
4004,M5,log_ridge_smear,ticket,5,0.245832275535911,0.245832275536,8580.97506716935,8580.97506718,0.0684728539916687,0.0684728539905
4004,M5,log_ridge_smear,amt,6,0.68821973958348,0.688219739582,5306749657.99989,5306749657.99,-0.288775334626011,-0.288775334608
4004,M5,log_ridge_smear,cnt,6,0.538996188959573,0.538996188959,119497.334597183,119497.334597,0.140156519418885,0.140156519423
4004,M5,log_ridge_smear,ticket,6,0.243837327105817,0.243837327106,8511.33977334308,8511.33977334,0.0576374807986246,0.0576374808004
4004,M5,log_ridge_smear,amt,7,0.685559081509865,0.68555908151,5286233759.50102,5286233759.5,-0.360883487503124,-0.360883487487
4004,M5,log_ridge_smear,cnt,7,0.545042658747784,0.545042658747,120837.858033551,120837.858033,0.0930382185480141,0.0930382185532
4004,M5,log_ridge_smear,ticket,7,0.24080405242306,0.240804052423,8405.46085907982,8405.46085909,0.0880344372978848,0.0880344372976
4004,M5,log_ridge_smear,amt,8,0.712928366079104,0.712928366078,5497273828.78967,5497273828.78,-0.44107345796152,-0.441073457955
4004,M5,log_ridge_smear,cnt,8,0.554055912350042,0.55405591235,122836.127786808,122836.127787,0.0536190190828479,0.0536190190872
4004,M5,log_ridge_smear,ticket,8,0.244395980407108,0.244395980407,8530.84002016429,8530.84002016,0.0326599494636931,0.0326599494635
4004,M5,log_ridge_smear,amt,9,0.671151336817307,0.671151336818,5175138000.65799,5175138000.66,-0.18418016870451,-0.184180168704
4004,M5,log_ridge_smear,cnt,9,0.517558265998087,0.517558265998,114744.472321584,114744.472322,0.179777561073159,0.179777561073
4004,M5,log_ridge_smear,ticket,9,0.237497615796586,0.237497615796,8290.04700550385,8290.0470055,0.0848615455497963,0.0848615455499
4004,M1,raw_ridge,amt,0,0.546188614589053,0.546188614589,4211570922.72317,4211570922.72,0.243675708291467,0.243675708291
4004,M1,raw_ridge,cnt,0,0.502327425491157,0.502327425491,111367.741870547,111367.741871,0.304854928510861,0.304854928511
4004,M1,raw_ridge,ticket,0,0.260805931402631,0.260805931403,9103.64267611775,9103.64267612,-0.0001642103754608,-0.000164210375435
4004,M1,raw_ridge,amt,1,0.551963196426438,0.551963196426,4256097777.19726,4256097777.2,0.234798607583268,0.234798607583
4004,M1,raw_ridge,cnt,1,0.50614402761354,0.506144027614,112213.895869749,112213.89587,0.296534932037293,0.296534932037
4004,M1,raw_ridge,ticket,1,0.263006088363702,0.263006088364,9180.44094024176,9180.44094024,-0.0213360477378752,-0.0213360477378
4004,M1,raw_ridge,amt,2,0.551458285369753,0.55145828537,4252204490.76086,4252204490.76,0.232824605695912,0.232824605696
4004,M1,raw_ridge,cnt,2,0.505779649449846,0.50577964945,112133.111960254,112133.11196,0.295437382023403,0.295437382023
4004,M1,raw_ridge,ticket,2,0.264293540372484,0.264293540372,9225.38049735831,9225.38049736,-0.0195474838374998,-0.0195474838375
4004,M1,raw_ridge,amt,3,0.550902412162759,0.550902412163,4247918243.53277,4247918243.53,0.237522565707046,0.237522565707
4004,M1,raw_ridge,cnt,3,0.504066579044055,0.504066579044,111753.318277734,111753.318278,0.303616877909016,0.303616877909
4004,M1,raw_ridge,ticket,3,0.261104650623074,0.261104650623,9114.06971291398,9114.06971291,-0.0009635909579588,-0.000963590957907
4004,M1,raw_ridge,amt,4,0.552650052284734,0.552650052285,4261394010.19011,4261394010.19,0.226160931506942,0.226160931507
4004,M1,raw_ridge,cnt,4,0.511382059160188,0.51138205916,113375.185728901,113375.185729,0.289871266106332,0.289871266106
4004,M1,raw_ridge,ticket,4,0.26713851591337,0.267138515913,9324.68667727236,9324.68667727,-0.0377940448127194,-0.0377940448128
4004,M1,raw_ridge,amt,5,0.54726253706091,0.547262537061,4219851762.95843,4219851762.96,0.242626401409189,0.242626401409
4004,M1,raw_ridge,cnt,5,0.503029222486349,0.503029222486,111523.33271158,111523.332712,0.300165147271873,0.300165147272
4004,M1,raw_ridge,ticket,5,0.263697741125588,0.263697741126,9204.5836411623,9204.58364116,-0.0135683589506048,-0.0135683589506
4004,M1,raw_ridge,amt,6,0.547372581122213,0.547372581122,4220700294.68616,4220700294.69,0.243513189340066,0.24351318934
4004,M1,raw_ridge,cnt,6,0.502744023830697,0.502744023831,111460.103175121,111460.103175,0.305201833293223,0.305201833293
4004,M1,raw_ridge,ticket,6,0.266538874195255,0.266538874195,9303.75569650035,9303.7556965,-0.023473821914364,-0.0234738219144
4004,M1,raw_ridge,amt,7,0.547629138622896,0.547629138623,4222678567.54103,4222678567.54,0.241112986568877,0.241112986569
4004,M1,raw_ridge,cnt,7,0.505399286363752,0.505399286364,112048.784137723,112048.784138,0.300129477049379,0.300129477049
4004,M1,raw_ridge,ticket,7,0.262404599539637,0.26240459954,9159.44548473767,9159.44548474,-0.0171629471014194,-0.0171629471014
4004,M1,raw_ridge,amt,8,0.550672408561186,0.550672408561,4246144723.4435,4246144723.44,0.230488208477416,0.230488208477
4004,M1,raw_ridge,cnt,8,0.501516242538136,0.501516242538,111187.899781229,111187.899781,0.300654657699563,0.3006546577
4004,M1,raw_ridge,ticket,8,0.262275142816968,0.262275142817,9154.92669278051,9154.92669278,-0.0124046082500548,-0.01240460825
4004,M1,raw_ridge,amt,9,0.550165780162711,0.550165780163,4242238194.86592,4242238194.87,0.231580858951257,0.231580858951
4004,M1,raw_ridge,cnt,9,0.504436626562813,0.504436626563,111835.359103015,111835.359103,0.296963388249661,0.29696338825
4004,M1,raw_ridge,ticket,9,0.261473216064987,0.261473216065,9126.93478874984,9126.93478875,-0.0034635473484561,-0.00346354734841
4004,M2,raw_ridge,amt,0,0.533689864135416,0.533689864135,4115195105.69791,4115195105.7,0.253290345839951,0.25329034584
4004,M2,raw_ridge,cnt,0,0.472005067722058,0.472005067722,104645.169417662,104645.169418,0.3399208279055,0.339920827906
4004,M2,raw_ridge,ticket,0,0.256211409306749,0.256211409307,8943.26715396806,8943.26715397,0.026487633312008,0.026487633312
4004,M2,raw_ridge,amt,1,0.526056596919557,0.526056596919,4056336232.78663,4056336232.78,0.274173385254284,0.274173385255
4004,M2,raw_ridge,cnt,1,0.467467266058943,0.467467266058,103639.122965423,103639.122965,0.354194613138739,0.35419461314
4004,M2,raw_ridge,ticket,1,0.252641062497926,0.252641062498,8818.64130131764,8818.64130131,0.0134693397530595,0.0134693397535
4004,M2,raw_ridge,amt,2,0.529802133340722,0.529802133341,4085217450.48328,4085217450.49,0.271516279965403,0.271516279966
4004,M2,raw_ridge,cnt,2,0.469726541982217,0.469726541982,104140.012315814,104140.012316,0.352757618685496,0.352757618686
4004,M2,raw_ridge,ticket,2,0.257696648116918,0.257696648117,8995.11061988834,8995.11061988,0.0014331481279742,0.00143314812791
4004,M2,raw_ridge,amt,3,0.531476423521904,0.531476423522,4098127627.76439,4098127627.76,0.253845156350003,0.253845156351
4004,M2,raw_ridge,cnt,3,0.474245946939788,0.474245946939,105141.980154283,105141.980154,0.334416418036725,0.334416418038
4004,M2,raw_ridge,ticket,3,0.252224863827655,0.252224863827,8804.1135489922,8804.11354898,0.0415162471855114,0.0415162471857
4004,M2,raw_ridge,amt,4,0.551557890102889,0.551557890103,4252972526.53941,4252972526.54,0.225428979597741,0.225428979598
4004,M2,raw_ridge,cnt,4,0.490096073094352,0.490096073094,108656.008392879,108656.008393,0.31826723265591,0.318267232656
4004,M2,raw_ridge,ticket,4,0.255268002801281,0.255268002801,8910.336784333,8910.33678433,0.016562278203723,0.0165622782037
4004,M2,raw_ridge,amt,5,0.527137536743265,0.527137536743,4064671182.67233,4064671182.67,0.275266512300105,0.275266512301
4004,M2,raw_ridge,cnt,5,0.467080280263632,0.467080280263,103553.326865166,103553.326865,0.352367374082931,0.352367374084
4004,M2,raw_ridge,ticket,5,0.25595237014826,0.255952370148,8934.22518193419,8934.22518193,0.0304981952310994,0.030498195231
4004,M2,raw_ridge,amt,6,0.525371664220483,0.525371664221,4051054828.95946,4051054828.96,0.270353042380462,0.270353042381
4004,M2,raw_ridge,cnt,6,0.469625310650347,0.46962531065,104117.56897654,104117.568977,0.345987404434103,0.345987404434
4004,M2,raw_ridge,ticket,6,0.258575469339307,0.258575469339,9025.78658780744,9025.7865878,-0.0006163041132336,-0.000616304113019
4004,M2,raw_ridge,amt,7,0.536889513307221,0.536889513307,4139867076.24975,4139867076.25,0.256366757484499,0.256366757485
4004,M2,raw_ridge,cnt,7,0.484065460542233,0.484065460542,107319.000561047,107319.000561,0.330543136414974,0.330543136416
4004,M2,raw_ridge,ticket,7,0.256181195226408,0.256181195226,8942.21250697545,8942.21250697,0.0137276937534051,0.0137276937538
4004,M2,raw_ridge,amt,8,0.544644393153834,0.544644393154,4199663684.23247,4199663684.24,0.22435616777177,0.224356167772
4004,M2,raw_ridge,cnt,8,0.476992580965398,0.476992580966,105750.918495402,105750.918495,0.330146889506034,0.330146889506
4004,M2,raw_ridge,ticket,8,0.259192314347699,0.259192314348,9047.3180633868,9047.31806338,-0.0122647728789895,-0.0122647728781
4004,M2,raw_ridge,amt,9,0.53815415197179,0.538154151972,4149618497.80118,4149618497.8,0.252469198526447,0.252469198526
4004,M2,raw_ridge,cnt,9,0.476454744627789,0.476454744628,105631.678303893,105631.678304,0.338516999513447,0.338516999513
4004,M2,raw_ridge,ticket,9,0.257598801925942,0.257598801926,8991.69521919144,8991.69521919,0.0037030346313591,0.00370303463129
4004,M3,raw_ridge,amt,0,0.519552081727609,0.519552081728,4006180981.80354,4006180981.8,0.261567743794861,0.261567743795
4004,M3,raw_ridge,cnt,0,0.461875472824957,0.461875472825,102399.402906605,102399.402907,0.34697971833109,0.346979718331
4004,M3,raw_ridge,ticket,0,0.247048550753415,0.247048550753,8623.43014062734,8623.43014062,0.0695344857957827,0.069534485796
4004,M3,raw_ridge,amt,1,0.516052664662741,0.516052664662,3979197550.14053,3979197550.14,0.26247485659759,0.262474856599
4004,M3,raw_ridge,cnt,1,0.456825168894219,0.456825168894,101279.732914515,101279.732914,0.350315645235263,0.350315645236
4004,M3,raw_ridge,ticket,1,0.246669366054205,0.246669366054,8610.19439099812,8610.19439099,0.0474981040269825,0.0474981040277
4004,M3,raw_ridge,amt,2,0.513180613703549,0.513180613704,3957051635.73436,3957051635.73,0.282816818829217,0.28281681883
4004,M3,raw_ridge,cnt,2,0.45285346488816,0.452853464888,100399.192286855,100399.192287,0.370058050654154,0.370058050655
4004,M3,raw_ridge,ticket,2,0.252318219719524,0.252318219719,8807.37221215493,8807.37221215,0.0351606433620635,0.0351606433624
4004,M3,raw_ridge,amt,3,0.519289685833951,0.519289685834,4004157690.05697,4004157690.05,0.258890488403795,0.258890488405
4004,M3,raw_ridge,cnt,3,0.46209650645219,0.462096506452,102448.406832517,102448.406832,0.341746810158858,0.34174681016
4004,M3,raw_ridge,ticket,3,0.2482234496495,0.248223449649,8664.44094000987,8664.44094,0.0685577151956813,0.068557715196
4004,M3,raw_ridge,amt,4,0.539867199033244,0.539867199033,4162827523.03636,4162827523.04,0.232854880980039,0.23285488098
4004,M3,raw_ridge,cnt,4,0.480945432983419,0.480945432983,106627.279571576,106627.279572,0.33093970309635,0.330939703096
4004,M3,raw_ridge,ticket,4,0.250866713259359,0.250866713259,8756.70620128487,8756.70620128,0.0450236563723423,0.0450236563725
4004,M3,raw_ridge,amt,5,0.519047665970814,0.51904766597,4002291514.54344,4002291514.54,0.272816629673252,0.272816629674
4004,M3,raw_ridge,cnt,5,0.460401873376041,0.460401873376,102072.70077027,102072.70077,0.354275549898526,0.354275549899
4004,M3,raw_ridge,ticket,5,0.249001951923012,0.249001951923,8691.61519361092,8691.61519361,0.0680122412771337,0.0680122412773
4004,M3,raw_ridge,amt,6,0.51289666334363,0.512896663344,3954862141.02981,3954862141.03,0.282381310422268,0.282381310422
4004,M3,raw_ridge,cnt,6,0.45604574442796,0.456045744428,101106.931792456,101106.931792,0.360540013748003,0.360540013748
4004,M3,raw_ridge,ticket,6,0.252089942936215,0.252089942936,8799.40402578999,8799.40402578,0.040566471368385,0.0405664713689
4004,M3,raw_ridge,amt,7,0.530300821415226,0.530300821415,4089062752.52362,4089062752.52,0.249870578589701,0.24987057859
4004,M3,raw_ridge,cnt,7,0.477116419617048,0.477116419617,105778.373956304,105778.373956,0.32646195782347,0.326461957824
4004,M3,raw_ridge,ticket,7,0.25124863850984,0.25124863851,8770.03761208012,8770.03761208,0.0419945438080139,0.0419945438086
4004,M3,raw_ridge,amt,8,0.532570310007313,0.532570310008,4106562407.23736,4106562407.24,0.235561793803006,0.235561793803
4004,M3,raw_ridge,cnt,8,0.46401250907947,0.46401250908,102873.191296176,102873.191296,0.344421190205783,0.344421190205
4004,M3,raw_ridge,ticket,8,0.254143309356889,0.254143309357,8871.07844698287,8871.07844697,0.0172585418681769,0.0172585418695
4004,M3,raw_ridge,amt,9,0.525880183123873,0.525880183124,4054975934.91072,4054975934.91,0.252206138410811,0.252206138411
4004,M3,raw_ridge,cnt,9,0.465542846769856,0.46554284677,103212.472498493,103212.472499,0.338975470923621,0.338975470924
4004,M3,raw_ridge,ticket,9,0.250655514795091,0.250655514795,8749.33414750489,8749.3341475,0.0396660244560852,0.0396660244562
4004,M4,raw_ridge,amt,0,0.533512021391556,0.533512021392,4113823789.43673,4113823789.44,0.247753684482438,0.247753684482
4004,M4,raw_ridge,cnt,0,0.475120239060945,0.475120239061,105335.813766241,105335.813766,0.329815533465817,0.329815533466
4004,M4,raw_ridge,ticket,0,0.247035695209521,0.247035695209,8622.98140743563,8622.98140743,0.0570598711438148,0.0570598711443
4004,M4,raw_ridge,amt,1,0.528999270995507,0.528999270996,4079026710.47564,4079026710.48,0.244634937330689,0.244634937331
4004,M4,raw_ridge,cnt,1,0.470462280984675,0.470462280985,104303.128218215,104303.128218,0.331945242986319,0.331945242986
4004,M4,raw_ridge,ticket,1,0.249031761117091,0.249031761117,8692.65570772001,8692.65570771,0.0329970799947658,0.0329970799958
4004,M4,raw_ridge,amt,2,0.531478705633639,0.531478705633,4098145224.75409,4098145224.75,0.253417832648614,0.253417832649
4004,M4,raw_ridge,cnt,2,0.467274434355816,0.467274434355,103596.371504427,103596.371504,0.354664787908241,0.354664787909
4004,M4,raw_ridge,ticket,2,0.254738951309309,0.254738951309,8891.86981268754,8891.86981268,0.0125363146338261,0.0125363146344
4004,M4,raw_ridge,amt,3,0.538186500404099,0.538186500405,4149867931.26294,4149867931.27,0.236142661730847,0.236142661731
4004,M4,raw_ridge,cnt,3,0.477833752329201,0.477833752329,105937.409119961,105937.40912,0.326594555743501,0.326594555744
4004,M4,raw_ridge,ticket,3,0.251377363838735,0.251377363839,8774.53087414408,8774.53087414,0.0461237411400003,0.0461237411408
4004,M4,raw_ridge,amt,4,0.54546655085849,0.545466550859,4206003207.59552,4206003207.6,0.230568849581946,0.230568849581
4004,M4,raw_ridge,cnt,4,0.487409007735648,0.487409007736,108060.276632932,108060.276633,0.323553828116687,0.323553828116
4004,M4,raw_ridge,ticket,4,0.257100684640464,0.25710068464,8974.30803112637,8974.30803112,0.0094557319510807,0.00945573195124
4004,M4,raw_ridge,amt,5,0.531866953263332,0.531866953263,4101138938.61841,4101138938.62,0.259251629965738,0.259251629966
4004,M4,raw_ridge,cnt,5,0.479973282917914,0.479973282918,106411.750512121,106411.750512,0.334553682369569,0.33455368237
4004,M4,raw_ridge,ticket,5,0.252065753125976,0.252065753126,8798.55966083387,8798.55966082,0.0539927370672931,0.0539927370678
4004,M4,raw_ridge,amt,6,0.533538149781984,0.533538149783,4114025261.1746,4114025261.18,0.272151301351263,0.272151301351
4004,M4,raw_ridge,cnt,6,0.473980763202581,0.473980763203,105083.187995036,105083.187995,0.34178343558761,0.341783435587
4004,M4,raw_ridge,ticket,6,0.253481083751369,0.253481083751,8847.96292483502,8847.96292482,0.0363458354360964,0.0363458354375
4004,M4,raw_ridge,amt,7,0.541729344576364,0.541729344577,4177186222.23624,4177186222.24,0.243335055550445,0.24333505555
4004,M4,raw_ridge,cnt,7,0.488673514516627,0.488673514517,108340.622195669,108340.622196,0.313632680381677,0.313632680382
4004,M4,raw_ridge,ticket,7,0.252035301847103,0.252035301847,8797.49673423404,8797.49673423,0.0357800258019614,0.0357800258026
4004,M4,raw_ridge,amt,8,0.542332565835457,0.542332565836,4181837562.53684,4181837562.54,0.225747479918984,0.225747479918
4004,M4,raw_ridge,cnt,8,0.471085327824077,0.471085327824,104441.259875104,104441.259875,0.340247659976096,0.340247659975
4004,M4,raw_ridge,ticket,8,0.255978782820766,0.25597878282,8935.14713770156,8935.14713769,0.0146016926398583,0.0146016926418
4004,M4,raw_ridge,amt,9,0.534802410361177,0.534802410361,4123773767.37164,4123773767.37,0.249829782966273,0.249829782966
4004,M4,raw_ridge,cnt,9,0.477410025283501,0.477410025284,105843.467356373,105843.467356,0.32225816902099,0.322258169021
4004,M4,raw_ridge,ticket,9,0.249151858659243,0.249151858659,8696.84780988636,8696.84780988,0.0373671028949173,0.0373671028949
4004,M5,raw_ridge,amt,0,0.528012631789608,0.52801263179,4071418897.20419,4071418897.21,0.246601716697029,0.246601716697
4004,M5,raw_ridge,cnt,0,0.46374942308654,0.463749423087,102814.86421415,102814.864214,0.334628327227119,0.334628327227
4004,M5,raw_ridge,ticket,0,0.240445671717358,0.240445671717,8392.95128972616,8392.95128973,0.0876549876962391,0.0876549876961
4004,M5,raw_ridge,amt,1,0.534795111295945,0.534795111296,4123717485.47547,4123717485.48,0.228014089518978,0.228014089519
4004,M5,raw_ridge,cnt,1,0.462339082296017,0.462339082296,102502.186742967,102502.186743,0.329185062334799,0.329185062335
4004,M5,raw_ridge,ticket,1,0.245259038241621,0.245259038241,8560.96575423783,8560.96575423,0.0511756824019207,0.0511756824029
4004,M5,raw_ridge,amt,2,0.530881281596855,0.530881281597,4093538585.88493,4093538585.88,0.247532655085653,0.247532655086
4004,M5,raw_ridge,cnt,2,0.457501552380596,0.45750155238,101429.689492025,101429.689492,0.354332099451129,0.354332099452
4004,M5,raw_ridge,ticket,2,0.246342894914095,0.246342894914,8598.79865092565,8598.79865092,0.0517737512462041,0.0517737512464
4004,M5,raw_ridge,amt,3,0.534973269192664,0.534973269193,4125091231.82871,4125091231.83,0.238023535659994,0.23802353566
4004,M5,raw_ridge,cnt,3,0.464727455127558,0.464727455128,103031.697328087,103031.697328,0.336778691580801,0.336778691581
4004,M5,raw_ridge,ticket,3,0.242549114497307,0.242549114497,8466.37366687583,8466.37366688,0.0814685066002493,0.0814685066005
4004,M5,raw_ridge,amt,4,0.541063111772154,0.541063111773,4172049010.23469,4172049010.24,0.231228054523279,0.231228054523
4004,M5,raw_ridge,cnt,4,0.472997370141339,0.472997370142,104865.166324221,104865.166324,0.332490675190389,0.33249067519
4004,M5,raw_ridge,ticket,4,0.250391236984394,0.250391236984,8740.10931606464,8740.10931606,0.0394122117295096,0.0394122117293
4004,M5,raw_ridge,amt,5,0.52909431041892,0.529094310419,4079759543.89887,4079759543.9,0.256422779544315,0.256422779545
4004,M5,raw_ridge,cnt,5,0.469543284289602,0.46954328429,104099.383446333,104099.383446,0.339719966725396,0.339719966726
4004,M5,raw_ridge,ticket,5,0.24479648465227,0.244796484652,8544.81994584551,8544.81994584,0.0845189254552584,0.0845189254555
4004,M5,raw_ridge,amt,6,0.528298150300951,0.528298150301,4073620483.66746,4073620483.67,0.272880571873522,0.272880571873
4004,M5,raw_ridge,cnt,6,0.462292012929249,0.46229201293,102491.751300221,102491.7513,0.348535320509639,0.348535320509
4004,M5,raw_ridge,ticket,6,0.246989895012539,0.246989895012,8621.38271439372,8621.38271439,0.0688554427480029,0.068855442749
4004,M5,raw_ridge,amt,7,0.545101925935631,0.545101925936,4203191644.55339,4203191644.56,0.232112584624237,0.232112584624
4004,M5,raw_ridge,cnt,7,0.483785867534691,0.483785867535,107257.013816321,107257.013816,0.311774479504795,0.311774479505
4004,M5,raw_ridge,ticket,7,0.245166526296835,0.245166526297,8557.73654973286,8557.73654973,0.0619253289220054,0.0619253289224
4004,M5,raw_ridge,amt,8,0.541159867746019,0.541159867746,4172795079.69723,4172795079.7,0.221428226128416,0.221428226128
4004,M5,raw_ridge,cnt,8,0.456197077124896,0.456197077125,101140.482779071,101140.482779,0.342017926843175,0.342017926843
4004,M5,raw_ridge,ticket,8,0.24822023035073,0.24822023035,8664.32856777386,8664.32856776,0.0420397390877668,0.0420397390889
4004,M5,raw_ridge,amt,9,0.530637971588018,0.530637971588,4091662462.26929,4091662462.27,0.25029042797176,0.250290427971
4004,M5,raw_ridge,cnt,9,0.463566197577211,0.463566197578,102774.242479816,102774.24248,0.334032698692642,0.334032698692
4004,M5,raw_ridge,ticket,9,0.240781229977879,0.240781229978,8404.66422311066,8404.66422311,0.0709331396789796,0.0709331396784
4010,M1,log_ridge_smear,amt,0,0.245525766733639,0.245525766734,2006671233.60164,2006671233.6,0.793405163893795,0.793405163894
4010,M1,log_ridge_smear,cnt,0,0.269652919064227,0.269652919064,273603.050709511,273603.050709,0.7485148785023,0.748514878502
4010,M1,log_ridge_smear,ticket,0,0.0745487820429467,0.0745487820429,657.145266646472,657.145266646,0.547569169830663,0.547569169831
4010,M1,log_ridge_smear,amt,1,0.247484154219092,0.247484154219,2022677047.91426,2022677047.91,0.794493017582666,0.794493017583
4010,M1,log_ridge_smear,cnt,1,0.269790127707721,0.269790127708,273742.269315317,273742.269315,0.749748958878909,0.749748958879
4010,M1,log_ridge_smear,ticket,1,0.0753993103669758,0.075399310367,664.64264818602,664.642648186,0.543454285512044,0.543454285512
4010,M1,log_ridge_smear,amt,2,0.247868920269193,0.247868920269,2025821723.82619,2025821723.83,0.791813521744777,0.791813521745
4010,M1,log_ridge_smear,cnt,2,0.271032761804323,0.271032761804,275003.106694441,275003.106694,0.742462182823847,0.742462182824
4010,M1,log_ridge_smear,ticket,2,0.0751979712262034,0.0751979712262,662.867849728909,662.867849729,0.544421546703486,0.544421546704
4010,M1,log_ridge_smear,amt,3,0.243628236543536,0.243628236544,1991162803.27261,1991162803.27,0.799149335973717,0.799149335974
4010,M1,log_ridge_smear,cnt,3,0.265714010596275,0.265714010596,269606.44137542,269606.441375,0.758587841000635,0.758587841001
4010,M1,log_ridge_smear,ticket,3,0.0758062253728654,0.0758062253729,668.229591697634,668.229591698,0.538788829949995,0.53878882995
4010,M1,log_ridge_smear,amt,4,0.244650150075856,0.244650150076,1999514857.38007,1999514857.38,0.795002801011936,0.795002801012
4010,M1,log_ridge_smear,cnt,4,0.268428972600691,0.268428972601,272361.174717622,272361.174718,0.749697553867655,0.749697553868
4010,M1,log_ridge_smear,ticket,4,0.0757497490034652,0.0757497490035,667.731754203692,667.731754204,0.533208180436062,0.533208180436
4010,M1,log_ridge_smear,amt,5,0.245150218412728,0.245150218413,2003601893.78275,2003601893.78,0.79546654145738,0.795466541457
4010,M1,log_ridge_smear,cnt,5,0.270246890161675,0.270246890162,274205.722858802,274205.722859,0.749765275653087,0.749765275653
4010,M1,log_ridge_smear,ticket,5,0.0762386668055418,0.0762386668055,672.041549891954,672.041549892,0.534970068414329,0.534970068414
4010,M1,log_ridge_smear,amt,6,0.246774231936033,0.246774231936,2016874884.4898,2016874884.49,0.794979733722293,0.794979733722
4010,M1,log_ridge_smear,cnt,6,0.269104605188451,0.269104605188,273046.704612168,273046.704612,0.752509395176151,0.752509395176
4010,M1,log_ridge_smear,ticket,6,0.0747235341286946,0.0747235341287,658.685701014933,658.685701015,0.548558415761963,0.548558415762
4010,M1,log_ridge_smear,amt,7,0.246514318578166,0.246514318578,2014750624.11013,2014750624.11,0.797155149853093,0.797155149853
4010,M1,log_ridge_smear,cnt,7,0.270365464681376,0.270365464681,274326.034370501,274326.03437,0.754315246968216,0.754315246968
4010,M1,log_ridge_smear,ticket,7,0.0748543777046096,0.0748543777046,659.839083192715,659.839083193,0.546802000045139,0.546802000045
4010,M1,log_ridge_smear,amt,8,0.246710903986198,0.246710903986,2016357307.95635,2016357307.96,0.792440723256448,0.792440723256
4010,M1,log_ridge_smear,cnt,8,0.269687136124261,0.269687136124,273637.769013486,273637.769013,0.747041276972628,0.747041276973
4010,M1,log_ridge_smear,ticket,8,0.0751367699418501,0.0751367699418,662.328362252074,662.328362252,0.543211003931638,0.543211003932
4010,M1,log_ridge_smear,amt,9,0.245001609669056,0.245001609669,2002387321.09266,2002387321.09,0.797991720975522,0.797991720975
4010,M1,log_ridge_smear,cnt,9,0.267243737421659,0.267243737422,271158.57708984,271158.57709,0.75485654769432,0.754856547694
4010,M1,log_ridge_smear,ticket,9,0.0747833005090745,0.0747833005091,659.212539856493,659.212539856,0.547139818372168,0.547139818372
4010,M2,log_ridge_smear,amt,0,0.220519513396809,0.220519513396,1802296230.93396,1802296230.93,0.822644983739093,0.82264498374
4010,M2,log_ridge_smear,cnt,0,0.244086952504952,0.244086952504,247662.569630243,247662.56963,0.776838286473714,0.776838286475
4010,M2,log_ridge_smear,ticket,0,0.0491273970860227,0.049127397086,433.056524506909,433.056524506,0.771171752745071,0.771171752746
4010,M2,log_ridge_smear,amt,1,0.220668356811517,0.220668356811,1803512721.58005,1803512721.57,0.815795686004216,0.815795686005
4010,M2,log_ridge_smear,cnt,1,0.242937086356719,0.242937086356,246495.859152359,246495.859151,0.775503350323375,0.775503350325
4010,M2,log_ridge_smear,ticket,1,0.0494998847739773,0.0494998847738,436.33999224864,436.339992247,0.76886500888499,0.768865008885
4010,M2,log_ridge_smear,amt,2,0.208852340063088,0.208852340063,1706940939.23612,1706940939.23,0.84167714680459,0.841677146805
4010,M2,log_ridge_smear,cnt,2,0.231355128233479,0.231355128233,234744.237524435,234744.237524,0.802534572388733,0.80253457239
4010,M2,log_ridge_smear,ticket,2,0.0505769033658261,0.0505769033657,445.83387867211,445.833878671,0.757145927496991,0.757145927498
4010,M2,log_ridge_smear,amt,3,0.215159997329187,0.215159997328,1758493143.12774,1758493143.12,0.822285854238751,0.82228585424
4010,M2,log_ridge_smear,cnt,3,0.239261611915729,0.239261611915,242766.542876647,242766.542875,0.766397457595825,0.766397457598
4010,M2,log_ridge_smear,ticket,3,0.0492830276316273,0.0492830276315,434.428403075371,434.428403075,0.774546827893029,0.774546827893
4010,M2,log_ridge_smear,amt,4,0.213735377288569,0.213735377288,1746849786.53689,1746849786.53,0.831306261082886,0.831306261084
4010,M2,log_ridge_smear,cnt,4,0.235776460682955,0.235776460682,239230.337843969,239230.337843,0.788305130621401,0.788305130624
4010,M2,log_ridge_smear,ticket,4,0.0498659338623848,0.0498659338623,439.566703929439,439.566703928,0.758353921803773,0.758353921804
4010,M2,log_ridge_smear,amt,5,0.213594199256302,0.213594199256,1745695944.72251,1745695944.72,0.829280593240682,0.829280593242
4010,M2,log_ridge_smear,cnt,5,0.235670924329096,0.235670924328,239123.255493529,239123.255493,0.786626434169808,0.786626434172
4010,M2,log_ridge_smear,ticket,5,0.0502014921919379,0.0502014921918,442.524640489993,442.524640489,0.767581456953834,0.767581456954
4010,M2,log_ridge_smear,amt,6,0.2178309997118,0.217830999711,1780323127.48081,1780323127.47,0.809393718650186,0.809393718651
4010,M2,log_ridge_smear,cnt,6,0.244118637739801,0.244118637739,247694.719020456,247694.719019,0.748809899190967,0.748809899193
4010,M2,log_ridge_smear,ticket,6,0.049463294211171,0.0494632942111,436.017447540422,436.017447539,0.767233244449472,0.76723324445
4010,M2,log_ridge_smear,amt,7,0.216799989182136,0.216799989182,1771896724.01635,1771896724.01,0.814977161453137,0.814977161455
4010,M2,log_ridge_smear,cnt,7,0.239465124792893,0.239465124792,242973.037003408,242973.037003,0.771329612553858,0.771329612556
4010,M2,log_ridge_smear,ticket,7,0.0499434096807833,0.0499434096807,440.249650933333,440.249650933,0.762669204493911,0.762669204494
4010,M2,log_ridge_smear,amt,8,0.213875697912603,0.213875697912,1747996620.79171,1747996620.79,0.829523428508999,0.82952342851
4010,M2,log_ridge_smear,cnt,8,0.236148085346618,0.236148085346,239607.406418083,239607.406418,0.78821926301412,0.788219263016
4010,M2,log_ridge_smear,ticket,8,0.0491825293637017,0.0491825293636,433.542513872842,433.542513872,0.774852946642017,0.774852946642
4010,M2,log_ridge_smear,amt,9,0.217926625897201,0.217926625897,1781104676.0652,1781104676.06,0.828424785471071,0.828424785472
4010,M2,log_ridge_smear,cnt,9,0.238350894891481,0.238350894891,241842.484805879,241842.484806,0.787021752445545,0.787021752447
4010,M2,log_ridge_smear,ticket,9,0.0496443820071469,0.0496443820071,437.613731003571,437.613731003,0.769137491646743,0.769137491647
4010,M3,log_ridge_smear,amt,0,0.17150413623297,0.171504136232,1401695720.9862,1401695720.98,0.894584320594986,0.894584320596
4010,M3,log_ridge_smear,cnt,0,0.191444039614211,0.191444039614,194248.493435092,194248.493434,0.868244324220702,0.868244324222
4010,M3,log_ridge_smear,ticket,0,0.0455241591623057,0.0455241591622,401.294090818755,401.294090818,0.800169268415896,0.800169268416
4010,M3,log_ridge_smear,amt,1,0.177188796806935,0.177188796806,1448156200.46386,1448156200.46,0.882505238850901,0.882505238852
4010,M3,log_ridge_smear,cnt,1,0.197100352399685,0.1971003524,199987.665253603,199987.665253,0.853203007489407,0.85320300749
4010,M3,log_ridge_smear,ticket,1,0.0460320919893117,0.0460320919892,405.771503378615,405.771503378,0.799300726639854,0.79930072664
4010,M3,log_ridge_smear,amt,2,0.167630188610897,0.16763018861,1370034118.38899,1370034118.38,0.89717315185331,0.897173151854
4010,M3,log_ridge_smear,cnt,2,0.188728933973918,0.188728933973,191493.614352897,191493.614352,0.86857672559777,0.868576725599
4010,M3,log_ridge_smear,ticket,2,0.0468308177509975,0.0468308177509,412.812246892548,412.812246891,0.792288064730857,0.792288064732
4010,M3,log_ridge_smear,amt,3,0.170155354713206,0.170155354713,1390672189.27248,1390672189.27,0.897185373148695,0.897185373149
4010,M3,log_ridge_smear,cnt,3,0.190579499565282,0.190579499565,193371.288783762,193371.288783,0.870701792920719,0.870701792921
4010,M3,log_ridge_smear,ticket,3,0.0463104519393295,0.0463104519392,408.225237947649,408.225237946,0.796441588085499,0.796441588086
4010,M3,log_ridge_smear,amt,4,0.169577123441502,0.169577123441,1385946330.66002,1385946330.66,0.897428386369689,0.89742838637
4010,M3,log_ridge_smear,cnt,4,0.186701293678998,0.186701293679,189436.271260314,189436.27126,0.872010641076319,0.872010641077
4010,M3,log_ridge_smear,ticket,4,0.0469471272500619,0.04694712725,413.837511620979,413.83751162,0.786489024155996,0.786489024156
4010,M3,log_ridge_smear,amt,5,0.174825947493744,0.174825947493,1428844737.51968,1428844737.51,0.889020418008544,0.889020418009
4010,M3,log_ridge_smear,cnt,5,0.195184818373114,0.195184818373,198044.070668288,198044.070668,0.858145792845461,0.858145792846
4010,M3,log_ridge_smear,ticket,5,0.0471629655872511,0.0471629655871,415.740120057467,415.740120056,0.791676840773248,0.791676840774
4010,M3,log_ridge_smear,amt,6,0.171619057735147,0.171619057735,1402634969.3413,1402634969.34,0.89010335030297,0.890103350303
4010,M3,log_ridge_smear,cnt,6,0.189931772580834,0.189931772581,192714.073280267,192714.07328,0.863444864181446,0.863444864182
4010,M3,log_ridge_smear,ticket,6,0.0459241942920538,0.0459241942919,404.820388429557,404.820388428,0.797857470636953,0.797857470638
4010,M3,log_ridge_smear,amt,7,0.177312955568425,0.177312955568,1449170944.53083,1449170944.52,0.884698254926287,0.884698254927
4010,M3,log_ridge_smear,cnt,7,0.195319585626858,0.195319585626,198180.812120552,198180.81212,0.856663317879489,0.85666331788
4010,M3,log_ridge_smear,ticket,7,0.0467440178709079,0.0467440178708,412.047108565894,412.047108565,0.792825831167276,0.792825831168
4010,M3,log_ridge_smear,amt,8,0.170151227082225,0.170151227082,1390638454.327,1390638454.32,0.897081695111783,0.897081695112
4010,M3,log_ridge_smear,cnt,8,0.185816086682521,0.185816086682,188538.096912392,188538.096912,0.873137688164157,0.873137688165
4010,M3,log_ridge_smear,ticket,8,0.0469111072441407,0.046911107244,413.519996354505,413.519996353,0.795966968267033,0.795966968268
4010,M3,log_ridge_smear,amt,9,0.170072936653241,0.170072936652,1389998590.11317,1389998590.11,0.89271242848194,0.892712428483
4010,M3,log_ridge_smear,cnt,9,0.188388787291559,0.188388787291,191148.484879405,191148.484879,0.869834220503902,0.869834220505
4010,M3,log_ridge_smear,ticket,9,0.0462406167220832,0.046240616722,407.609642612608,407.609642612,0.797732394228945,0.797732394229
4010,M4,log_ridge_smear,amt,0,0.145055834922581,0.145055834922,1185534924.00246,1185534924,0.921150209029987,0.92115020903
4010,M4,log_ridge_smear,cnt,0,0.17133407427011,0.17133407427,173843.938250217,173843.93825,0.889590493340534,0.889590493341
4010,M4,log_ridge_smear,ticket,0,0.0462047990089896,0.0462047990089,407.293910551311,407.29391055,0.799244137790634,0.799244137791
4010,M4,log_ridge_smear,amt,1,0.148681716400729,0.148681716401,1215169092.97562,1215169092.98,0.918285387363277,0.918285387363
4010,M4,log_ridge_smear,cnt,1,0.173676448697437,0.173676448698,176220.625999212,176220.625999,0.88632919829463,0.886329198295
4010,M4,log_ridge_smear,ticket,1,0.0466376836321203,0.0466376836319,411.109775456127,411.109775455,0.797065331157058,0.797065331158
4010,M4,log_ridge_smear,amt,2,0.146684500590509,0.14668450059,1198845936.48178,1198845936.48,0.913356335244734,0.913356335245
4010,M4,log_ridge_smear,cnt,2,0.173302267551382,0.173302267551,175840.963492927,175840.963493,0.877339640732403,0.877339640732
4010,M4,log_ridge_smear,ticket,2,0.0473157124207898,0.0473157124207,417.086578790988,417.08657879,0.793660766039218,0.79366076604
4010,M4,log_ridge_smear,amt,3,0.147765564142784,0.147765564142,1207681421.08654,1207681421.08,0.916385090527739,0.916385090528
4010,M4,log_ridge_smear,cnt,3,0.172405935465099,0.172405935464,174931.501084336,174931.501084,0.8815050741258,0.881505074126
4010,M4,log_ridge_smear,ticket,3,0.0463528936753059,0.0463528936751,408.599360570994,408.599360569,0.797081445017034,0.797081445018
4010,M4,log_ridge_smear,amt,4,0.147910459274852,0.147910459275,1208865642.59321,1208865642.59,0.916154129234235,0.916154129234
4010,M4,log_ridge_smear,cnt,4,0.173927205930723,0.173927205931,176475.05656222,176475.056562,0.88181933216213,0.881819332162
4010,M4,log_ridge_smear,ticket,4,0.0469146404819522,0.0469146404818,413.551141739314,413.551141738,0.7910950140709,0.791095014071
4010,M4,log_ridge_smear,amt,5,0.146845928182216,0.146845928182,1200165277.04998,1200165277.05,0.920765215378739,0.920765215379
4010,M4,log_ridge_smear,cnt,5,0.17190834621613,0.171908346216,174426.62267623,174426.622676,0.888715827905351,0.888715827905
4010,M4,log_ridge_smear,ticket,5,0.0486424071066589,0.0486424071065,428.781352457467,428.781352456,0.783412041826846,0.783412041828
4010,M4,log_ridge_smear,amt,6,0.153110346951315,0.153110346951,1251364094.61775,1251364094.62,0.908614052818855,0.908614052819
4010,M4,log_ridge_smear,cnt,6,0.177505057955511,0.177505057955,180105.320356012,180105.320356,0.875710192669199,0.875710192669
4010,M4,log_ridge_smear,ticket,6,0.0454999932425162,0.0454999932424,401.081068964224,401.081068964,0.804189462521737,0.804189462522
4010,M4,log_ridge_smear,amt,7,0.149033238112065,0.149033238112,1218042064.37699,1218042064.37,0.912724893885833,0.912724893886
4010,M4,log_ridge_smear,cnt,7,0.17092259350981,0.17092259351,173426.42972957,173426.42973,0.882429258564098,0.882429258564
4010,M4,log_ridge_smear,ticket,7,0.0465819980313503,0.0465819980312,410.618908563824,410.618908562,0.796615505921071,0.796615505922
4010,M4,log_ridge_smear,amt,8,0.141941920489158,0.141941920489,1160085039.04507,1160085039.04,0.924240560028792,0.924240560029
4010,M4,log_ridge_smear,cnt,8,0.165472228501757,0.165472228502,167896.222606805,167896.222607,0.892944647860488,0.89294464786
4010,M4,log_ridge_smear,ticket,8,0.0472078753842706,0.0472078753841,416.135998564514,416.135998563,0.797950431664844,0.797950431666
4010,M4,log_ridge_smear,amt,9,0.147823056295862,0.147823056296,1208151301.91116,1208151301.91,0.911800330922009,0.911800330922
4010,M4,log_ridge_smear,cnt,9,0.171269764516725,0.171269764517,173778.686426585,173778.686426,0.87936554521159,0.879365545211
4010,M4,log_ridge_smear,ticket,9,0.0458407401419177,0.0458407401418,404.084742611597,404.084742611,0.796515416161214,0.796515416161
4010,M5,log_ridge_smear,amt,0,0.136458455249413,0.136458455249,1115268920.13651,1115268920.14,0.926148151666142,0.926148151666
4010,M5,log_ridge_smear,cnt,0,0.156652386201133,0.156652386201,158947.178893123,158947.178893,0.904968935080387,0.904968935081
4010,M5,log_ridge_smear,ticket,0,0.0452238717984112,0.0452238717983,398.647066757338,398.647066756,0.803046414572961,0.803046414574
4010,M5,log_ridge_smear,amt,1,0.137647880898694,0.137647880898,1124990043.36799,1124990043.37,0.925057507982522,0.925057507983
4010,M5,log_ridge_smear,cnt,1,0.155077714043904,0.155077714044,157349.43944502,157349.439445,0.902851592028114,0.902851592028
4010,M5,log_ridge_smear,ticket,1,0.0452314717874771,0.0452314717873,398.714060431874,398.71406043,0.806496620767952,0.806496620769
4010,M5,log_ridge_smear,amt,2,0.139601259584116,0.139601259584,1140954920.97946,1140954920.98,0.917383019811156,0.917383019811
4010,M5,log_ridge_smear,cnt,2,0.159374707329559,0.15937470733,161709.379162763,161709.379163,0.891817375722209,0.891817375722
4010,M5,log_ridge_smear,ticket,2,0.0453052635555406,0.0453052635554,399.364532643109,399.364532642,0.807891995736459,0.807891995737
4010,M5,log_ridge_smear,amt,3,0.13924026313151,0.139240263131,1138004512.93669,1138004512.93,0.921877975319383,0.92187797532
4010,M5,log_ridge_smear,cnt,3,0.157312637574487,0.157312637574,159617.102254649,159617.102254,0.897266034772558,0.897266034773
4010,M5,log_ridge_smear,ticket,3,0.0448889953863359,0.0448889953862,395.695141278796,395.695141277,0.807124928409917,0.807124928411
4010,M5,log_ridge_smear,amt,4,0.140036894516801,0.140036894517,1144515346.01916,1144515346.02,0.918362530044864,0.918362530045
4010,M5,log_ridge_smear,cnt,4,0.158198474601556,0.158198474601,160515.915862448,160515.915862,0.894104490185764,0.894104490186
4010,M5,log_ridge_smear,ticket,4,0.0453403236609218,0.0453403236608,399.673586415257,399.673586414,0.801060075922471,0.801060075923
4010,M5,log_ridge_smear,amt,5,0.137337374726985,0.137337374727,1122452290.15816,1122452290.16,0.924439763156831,0.924439763157
4010,M5,log_ridge_smear,cnt,5,0.154456430713586,0.154456430713,156719.054967373,156719.054967,0.902606883106577,0.902606883107
4010,M5,log_ridge_smear,ticket,5,0.0461368061388563,0.0461368061387,406.694555450539,406.694555449,0.799434038546103,0.799434038547
4010,M5,log_ridge_smear,amt,6,0.145954350808513,0.145954350808,1192878454.60302,1192878454.6,0.910216007013495,0.910216007014
4010,M5,log_ridge_smear,cnt,6,0.162404924605992,0.162404924606,164783.985935135,164783.985935,0.888083837337791,0.888083837338
4010,M5,log_ridge_smear,ticket,6,0.0443568820455799,0.0443568820454,391.004578219083,391.004578218,0.810600554592816,0.810600554594
4010,M5,log_ridge_smear,amt,7,0.141364811293094,0.141364811293,1155368351.1072,1155368351.11,0.916976238102675,0.916976238103
4010,M5,log_ridge_smear,cnt,7,0.157313950052978,0.157313950053,159618.433959569,159618.433959,0.895402269049162,0.895402269049
4010,M5,log_ridge_smear,ticket,7,0.0453597970733755,0.0453597970732,399.845243959065,399.845243958,0.800329278052485,0.800329278053
4010,M5,log_ridge_smear,amt,8,0.132346877342469,0.132346877342,1081665175.7298,1081665175.73,0.929860562776063,0.929860562776
4010,M5,log_ridge_smear,cnt,8,0.148940867116928,0.148940867117,151122.694165255,151122.694165,0.908347715063655,0.908347715064
4010,M5,log_ridge_smear,ticket,8,0.045830016485928,0.0458300164858,403.990213907282,403.990213906,0.802075590429741,0.80207559043
4010,M5,log_ridge_smear,amt,9,0.139192669875981,0.139192669876,1137615535.36398,1137615535.36,0.919212300365357,0.919212300365
4010,M5,log_ridge_smear,cnt,9,0.154815822617282,0.154815822617,157083.711584453,157083.711584,0.898443192424858,0.898443192425
4010,M5,log_ridge_smear,ticket,9,0.0444262278548581,0.0444262278547,391.615859437637,391.615859437,0.810058588404829,0.810058588405
4010,M1,raw_ridge,amt,0,0.23844978989238,0.238449789892,1948839587.79971,1948839587.8,0.829371787882208,0.829371787882
4010,M1,raw_ridge,cnt,0,0.247368358722899,0.247368358723,250992.044997924,250992.044998,0.815327785204043,0.815327785204
4010,M1,raw_ridge,ticket,0,0.0856330530859753,0.085633053086,754.852781786781,754.852781787,0.399096464685179,0.399096464685
4010,M1,raw_ridge,amt,1,0.23893099492002,0.23893099492,1952772455.21023,1952772455.21,0.827524452287967,0.827524452288
4010,M1,raw_ridge,cnt,1,0.250703129600579,0.250703129601,254375.666761473,254375.666762,0.810206173209839,0.81020617321
4010,M1,raw_ridge,ticket,1,0.085863505083961,0.085863505084,756.884209202702,756.884209203,0.394528055340001,0.39452805534
4010,M1,raw_ridge,amt,2,0.237924030474746,0.237924030475,1944542579.33011,1944542579.33,0.830313976195794,0.830313976196
4010,M1,raw_ridge,cnt,2,0.250677183291103,0.250677183291,254349.340365854,254349.340366,0.811380382260052,0.81138038226
4010,M1,raw_ridge,ticket,2,0.0862226687308479,0.0862226687308,760.050225924038,760.050225924,0.391177488757955,0.391177488758
4010,M1,raw_ridge,amt,3,0.237878208559177,0.237878208559,1944168078.84055,1944168078.84,0.829850909936399,0.829850909936
4010,M1,raw_ridge,cnt,3,0.2473733327704,0.24737333277,250997.091909989,250997.09191,0.816410381749002,0.816410381749
4010,M1,raw_ridge,ticket,3,0.0863644068085217,0.0863644068085,761.29964280644,761.299642806,0.386466374881068,0.386466374881
4010,M1,raw_ridge,amt,4,0.239832630027863,0.239832630028,1960141479.07353,1960141479.07,0.829939378908899,0.829939378909
4010,M1,raw_ridge,cnt,4,0.24833946705031,0.24833946705,251977.379040927,251977.379041,0.814613016281445,0.814613016281
4010,M1,raw_ridge,ticket,4,0.0856590902398656,0.0856590902399,755.082298513509,755.082298513,0.389780320593146,0.389780320593
4010,M1,raw_ridge,amt,5,0.237499480758957,0.237499480759,1941072753.27787,1941072753.28,0.832969908165241,0.832969908165
4010,M1,raw_ridge,cnt,5,0.248720629147324,0.248720629147,252364.124761758,252364.124762,0.817378798842648,0.817378798843
4010,M1,raw_ridge,ticket,5,0.0879567665406761,0.0879567665407,775.336245848202,775.336245848,0.377811212217715,0.377811212218
4010,M1,raw_ridge,amt,6,0.239891575485662,0.239891575486,1960623237.69336,1960623237.69,0.829163957424828,0.829163957425
4010,M1,raw_ridge,cnt,6,0.251547110781105,0.251547110781,255232.011378601,255232.011379,0.813720282236922,0.813720282237
4010,M1,raw_ridge,ticket,6,0.0855903261557328,0.0855903261557,754.476145184576,754.476145185,0.395342431533628,0.395342431534
4010,M1,raw_ridge,amt,7,0.239243355031591,0.239243355032,1955325360.58857,1955325360.59,0.827543059339794,0.82754305934
4010,M1,raw_ridge,cnt,7,0.251880708622915,0.251880708623,255570.496077917,255570.496078,0.811717280980105,0.81171728098
4010,M1,raw_ridge,ticket,7,0.0855598492586675,0.0855598492587,754.207492255585,754.207492256,0.395976167387231,0.395976167387
4010,M1,raw_ridge,amt,8,0.239598929571416,0.239598929572,1958231455.57795,1958231455.58,0.829979895764996,0.829979895765
4010,M1,raw_ridge,cnt,8,0.248987462963035,0.248987462963,252634.867412215,252634.867412,0.815176111223734,0.815176111224
4010,M1,raw_ridge,ticket,8,0.0860392929237938,0.0860392929238,758.433773712201,758.433773712,0.391894604826059,0.391894604826
4010,M1,raw_ridge,amt,9,0.238687818768647,0.238687818769,1950784987.27907,1950784987.28,0.830748699003317,0.830748699003
4010,M1,raw_ridge,cnt,9,0.247459038399826,0.2474590384,251084.053036741,251084.053037,0.815585247328978,0.815585247329
4010,M1,raw_ridge,ticket,9,0.0856587350628509,0.0856587350628,755.07916763883,755.079167639,0.393391714137554,0.393391714138
4010,M2,raw_ridge,amt,0,0.209778717287838,0.209778717288,1714512179.32672,1714512179.33,0.859943726657698,0.859943726658
4010,M2,raw_ridge,cnt,0,0.212398613417188,0.212398613417,215510.029704411,215510.029704,0.861601466765998,0.861601466766
4010,M2,raw_ridge,ticket,0,0.0506596377686969,0.0506596377687,446.563179939622,446.563179939,0.761547451042578,0.761547451043
4010,M2,raw_ridge,amt,1,0.20972558997009,0.20972558997,1714077972.10822,1714077972.11,0.857775673337544,0.857775673337
4010,M2,raw_ridge,cnt,1,0.216535018287936,0.216535018288,219707.028555875,219707.028556,0.853428687718121,0.853428687718
4010,M2,raw_ridge,ticket,1,0.0508882633022465,0.0508882633022,448.578507126591,448.578507126,0.759810254226172,0.759810254227
4010,M2,raw_ridge,amt,2,0.203188182889569,0.203188182889,1660648033.14358,1660648033.14,0.864879358573195,0.864879358573
4010,M2,raw_ridge,cnt,2,0.209072640097328,0.209072640097,212135.33437365,212135.334373,0.862205195669782,0.86220519567
4010,M2,raw_ridge,ticket,2,0.0517815273076488,0.0517815273075,456.452602409297,456.452602408,0.750174856175524,0.750174856176
4010,M2,raw_ridge,amt,3,0.207800471350966,0.207800471351,1698344062.76885,1698344062.77,0.861782200535622,0.861782200536
4010,M2,raw_ridge,cnt,3,0.213167269417816,0.213167269418,216289.945706981,216289.945707,0.86065439064139,0.860654390641
4010,M2,raw_ridge,ticket,3,0.0506658503575623,0.0506658503575,446.617943723209,446.617943723,0.76667273130702,0.766672731307
4010,M2,raw_ridge,amt,4,0.205723395080108,0.20572339508,1681368210.26189,1681368210.26,0.862323905981583,0.862323905982
4010,M2,raw_ridge,cnt,4,0.209177343797657,0.209177343797,212241.571873063,212241.571873,0.862176920105083,0.862176920105
4010,M2,raw_ridge,ticket,4,0.0505575234542769,0.0505575234542,445.663045335956,445.663045335,0.754752946608339,0.754752946609
4010,M2,raw_ridge,amt,5,0.202133031772339,0.202133031772,1652024329.72452,1652024329.72,0.867501071495405,0.867501071495
4010,M2,raw_ridge,cnt,5,0.208213536684194,0.208213536684,211263.645999113,211263.645999,0.865600593271359,0.865600593271
4010,M2,raw_ridge,ticket,5,0.0512088244517886,0.0512088244517,451.404243997397,451.404243997,0.758669300836476,0.758669300837
4010,M2,raw_ridge,amt,6,0.205893489639089,0.205893489639,1682758385.57033,1682758385.57,0.86286231791924,0.862862317919
4010,M2,raw_ridge,cnt,6,0.213110969874347,0.213110969874,216232.821434416,216232.821434,0.859319835317755,0.859319835318
4010,M2,raw_ridge,ticket,6,0.0505115865778872,0.0505115865779,445.258113155219,445.258113155,0.762093181550602,0.762093181551
4010,M2,raw_ridge,amt,7,0.202748078893328,0.202748078893,1657051082.64507,1657051082.64,0.862325482216586,0.862325482217
4010,M2,raw_ridge,cnt,7,0.211243452724485,0.211243452724,214337.94712255,214337.947122,0.858546689835362,0.858546689835
4010,M2,raw_ridge,ticket,7,0.0507326716882382,0.0507326716882,447.206971738977,447.206971739,0.757169874017366,0.757169874018
4010,M2,raw_ridge,amt,8,0.204735672556251,0.204735672556,1673295597.75457,1673295597.75,0.866531072211303,0.866531072211
4010,M2,raw_ridge,cnt,8,0.208195564497405,0.208195564497,211245.41053869,211245.410538,0.865798444195323,0.865798444195
4010,M2,raw_ridge,ticket,8,0.0503548924891737,0.0503548924891,443.876859486308,443.876859486,0.766664076910454,0.766664076911
4010,M2,raw_ridge,amt,9,0.20518012250464,0.205180122504,1676928067.52779,1676928067.52,0.866145990386638,0.866145990387
4010,M2,raw_ridge,cnt,9,0.207114574715326,0.207114574715,210148.585393281,210148.585393,0.866089976961703,0.866089976962
4010,M2,raw_ridge,ticket,9,0.0507791917447139,0.0507791917447,447.617044634595,447.617044634,0.760606582451763,0.760606582452
4010,M3,raw_ridge,amt,0,0.166871323782978,0.166871323783,1363831949.70978,1363831949.71,0.907776832578571,0.907776832579
4010,M3,raw_ridge,cnt,0,0.163673669630147,0.16367366963,166071.316739437,166071.316739,0.915945960102416,0.915945960103
4010,M3,raw_ridge,ticket,0,0.0503410327922869,0.0503410327923,443.754686676013,443.754686676,0.763805632609116,0.76380563261
4010,M3,raw_ridge,amt,1,0.167232159583499,0.167232159583,1366781044.75016,1366781044.75,0.905689037671623,0.905689037672
4010,M3,raw_ridge,cnt,1,0.166691890117417,0.166691890117,169133.750982302,169133.750982,0.911859338375689,0.911859338376
4010,M3,raw_ridge,ticket,1,0.0510092839311382,0.051009283931,449.645300322448,449.645300321,0.761821993498613,0.761821993499
4010,M3,raw_ridge,amt,2,0.165078520626848,0.165078520627,1349179448.79805,1349179448.8,0.908806695230582,0.908806695231
4010,M3,raw_ridge,cnt,2,0.165073807760844,0.165073807761,167491.965421093,167491.965421,0.915184638873091,0.915184638873
4010,M3,raw_ridge,ticket,2,0.0515648857540722,0.0515648857539,454.542913644565,454.542913643,0.752768410813008,0.752768410814
4010,M3,raw_ridge,amt,3,0.164051347887092,0.164051347887,1340784411.4208,1340784411.42,0.90952342072043,0.90952342072
4010,M3,raw_ridge,cnt,3,0.16286308063839,0.162863080638,165248.853471522,165248.853471,0.916071098805824,0.916071098806
4010,M3,raw_ridge,ticket,3,0.0503725365042319,0.0503725365042,444.032390947218,444.032390947,0.768250382205541,0.768250382206
4010,M3,raw_ridge,amt,4,0.165012198326356,0.165012198326,1348637399.56911,1348637399.57,0.90788508773005,0.90788508773
4010,M3,raw_ridge,cnt,4,0.164136548411309,0.164136548411,166540.97620789,166540.976208,0.91473499742387,0.914734997424
4010,M3,raw_ridge,ticket,4,0.0503841291266547,0.0503841291266,444.134579564448,444.134579564,0.756133413087627,0.756133413088
4010,M3,raw_ridge,amt,5,0.163552670692745,0.163552670693,1336708744.76445,1336708744.76,0.910120890065085,0.910120890065
4010,M3,raw_ridge,cnt,5,0.16293795419895,0.162937954199,165324.823850993,165324.823851,0.915537972615796,0.915537972616
4010,M3,raw_ridge,ticket,5,0.0509771515175194,0.0509771515175,449.362054064938,449.362054064,0.76075536492818,0.760755364929
4010,M3,raw_ridge,amt,6,0.165782022440622,0.16578202244,1354929138.011,1354929138.01,0.907062018701072,0.907062018701
4010,M3,raw_ridge,cnt,6,0.16726367127422,0.167263671274,169713.908131658,169713.908132,0.911005608713854,0.911005608714
4010,M3,raw_ridge,ticket,6,0.0503072625378686,0.0503072625378,443.457002901224,443.4570029,0.764274869701551,0.764274869702
4010,M3,raw_ridge,amt,7,0.163750145339406,0.163750145339,1338322696.31868,1338322696.32,0.908651241478134,0.908651241478
4010,M3,raw_ridge,cnt,7,0.163347216436416,0.163347216436,165740.081349779,165740.08135,0.91348831645856,0.913488316459
4010,M3,raw_ridge,ticket,7,0.0505492106573671,0.0505492106573,445.589768281763,445.589768281,0.759580870389218,0.759580870389
4010,M3,raw_ridge,amt,8,0.161435458864932,0.161435458865,1319404866.12543,1319404866.12,0.911700373178308,0.911700373178
4010,M3,raw_ridge,cnt,8,0.159329682034629,0.159329682035,161663.694294619,161663.694295,0.918478651045603,0.918478651046
4010,M3,raw_ridge,ticket,8,0.0502767104069679,0.0502767104069,443.187686788243,443.187686788,0.768183036737202,0.768183036737
4010,M3,raw_ridge,amt,9,0.165617356307177,0.165617356307,1353583328.98439,1353583328.98,0.907899141189465,0.907899141189
4010,M3,raw_ridge,cnt,9,0.164603900888911,0.164603900889,167015.174907732,167015.174908,0.914068725569022,0.914068725569
4010,M3,raw_ridge,ticket,9,0.0502497594297443,0.0502497594297,442.950114736377,442.950114736,0.763890870661772,0.763890870662
4010,M4,raw_ridge,amt,0,0.163659856325508,0.163659856326,1337584768.20095,1337584768.2,0.913582361811148,0.913582361811
4010,M4,raw_ridge,cnt,0,0.166484143663033,0.166484143663,168922.961260868,168922.961261,0.917711103218343,0.917711103218
4010,M4,raw_ridge,ticket,0,0.0486955298110406,0.0486955298109,429.249627495358,429.249627494,0.783078856996522,0.783078856997
4010,M4,raw_ridge,amt,1,0.167591062371114,0.167591062371,1369714341.36154,1369714341.36,0.909595756060291,0.90959575606
4010,M4,raw_ridge,cnt,1,0.170539187886369,0.170539187886,173037.40761701,173037.407617,0.912980398969599,0.91298039897
4010,M4,raw_ridge,ticket,1,0.0482587084168088,0.0482587084167,425.39906007195,425.399060071,0.787415645461056,0.787415645461
4010,M4,raw_ridge,amt,2,0.162035291127695,0.162035291128,1324307268.68254,1324307268.68,0.914679090414311,0.914679090414
4010,M4,raw_ridge,cnt,2,0.166660734482805,0.166660734483,169102.138950413,169102.13895,0.917124790100678,0.917124790101
4010,M4,raw_ridge,ticket,2,0.0497729829658238,0.0497729829657,438.747344577995,438.747344577,0.778842998662503,0.778842998663
4010,M4,raw_ridge,amt,3,0.162109307430687,0.162109307431,1324912200.65366,1324912200.65,0.914455642741699,0.914455642742
4010,M4,raw_ridge,cnt,3,0.16379511411154,0.163795114112,166194.540254748,166194.540255,0.91834657310344,0.918346573104
4010,M4,raw_ridge,ticket,3,0.0486822523142766,0.0486822523142,429.132586761597,429.132586761,0.785670678843619,0.785670678844
4010,M4,raw_ridge,amt,4,0.162890198022217,0.162890198022,1331294384.92483,1331294384.93,0.913178151346011,0.913178151346
4010,M4,raw_ridge,cnt,4,0.163869891751853,0.163869891752,166270.41330884,166270.413309,0.917296177348619,0.917296177349
4010,M4,raw_ridge,ticket,4,0.0494782240642843,0.0494782240641,436.149053745598,436.149053744,0.773873171911019,0.773873171911
4010,M4,raw_ridge,amt,5,0.159775119515287,0.159775119515,1305834986.04614,1305834986.05,0.91587758120729,0.915877581207
4010,M4,raw_ridge,cnt,5,0.163166734453722,0.163166734454,165556.955495868,165556.955496,0.918042760989872,0.91804276099
4010,M4,raw_ridge,ticket,5,0.0491104649313992,0.0491104649313,432.907268074274,432.907268074,0.78128720530322,0.781287205303
4010,M4,raw_ridge,amt,6,0.161103067627872,0.161103067628,1316688247.24431,1316688247.25,0.91460221940786,0.914602219408
4010,M4,raw_ridge,cnt,6,0.16602960349682,0.166029603497,168461.762559303,168461.762559,0.915143086224176,0.915143086224
4010,M4,raw_ridge,ticket,6,0.0473399771212964,0.0473399771212,417.300471394563,417.300471393,0.790486280271788,0.790486280272
4010,M4,raw_ridge,amt,7,0.161578332847142,0.161578332847,1320572568.8637,1320572568.86,0.914091120902381,0.914091120902
4010,M4,raw_ridge,cnt,7,0.16324708279506,0.163247082795,165638.480855896,165638.480856,0.915597745135582,0.915597745136
4010,M4,raw_ridge,ticket,7,0.0483346070143728,0.0483346070142,426.068103921728,426.068103921,0.785415748908446,0.785415748909
4010,M4,raw_ridge,amt,8,0.157469461246405,0.157469461246,1286990942.97794,1286990942.98,0.920579774333858,0.920579774334
4010,M4,raw_ridge,cnt,8,0.159511628652518,0.159511628653,161848.30623909,161848.306239,0.923000904245411,0.923000904245
4010,M4,raw_ridge,ticket,8,0.0491913692543532,0.0491913692542,433.620437242481,433.620437241,0.783578720914953,0.783578720915
4010,M4,raw_ridge,amt,9,0.162384576155272,0.162384576155,1327161959.76646,1327161959.77,0.913999303094291,0.913999303094
4010,M4,raw_ridge,cnt,9,0.165831771265166,0.165831771265,168261.032293533,168261.032293,0.916096282875181,0.916096282875
4010,M4,raw_ridge,ticket,9,0.0484647157545843,0.0484647157545,427.215008544932,427.215008544,0.783342268341733,0.783342268342
4010,M5,raw_ridge,amt,0,0.161748372853281,0.161748372853,1321962298.31417,1321962298.32,0.912988797782345,0.912988797782
4010,M5,raw_ridge,cnt,0,0.156988920311867,0.156988920312,159288.642874615,159288.642875,0.920881008612766,0.920881008613
4010,M5,raw_ridge,ticket,0,0.0487086766842624,0.0487086766841,429.365516786534,429.365516785,0.783246830920497,0.783246830921
4010,M5,raw_ridge,amt,1,0.16453559424582,0.164535594246,1344742135.49581,1344742135.5,0.909482499102457,0.909482499102
4010,M5,raw_ridge,cnt,1,0.160151135204074,0.160151135204,162497.180888999,162497.180889,0.917549334179718,0.91754933418
4010,M5,raw_ridge,ticket,1,0.0480258473243858,0.0480258473243,423.34639656118,423.34639656,0.790251898226264,0.790251898227
4010,M5,raw_ridge,amt,2,0.158757977301991,0.158757977302,1297521927.71806,1297521927.72,0.9136373395083,0.913637339508
4010,M5,raw_ridge,cnt,2,0.155673699076898,0.155673699077,157954.155031894,157954.155032,0.921257543986098,0.921257543986
4010,M5,raw_ridge,ticket,2,0.0492614770613265,0.0492614770613,434.23843544775,434.238435447,0.782712869401281,0.782712869402
4010,M5,raw_ridge,amt,3,0.158129951581892,0.158129951582,1292389101.28095,1292389101.28,0.914611873723714,0.914611873724
4010,M5,raw_ridge,cnt,3,0.153463294985281,0.153463294985,155711.370845222,155711.370845,0.923153522798088,0.923153522798
4010,M5,raw_ridge,ticket,3,0.048392651788305,0.0483926517882,426.579766854345,426.579766854,0.787802121604086,0.787802121604
4010,M5,raw_ridge,amt,4,0.162318943759763,0.16231894376,1326625549.10043,1326625549.1,0.910717672957244,0.910717672957
4010,M5,raw_ridge,cnt,4,0.156122433064876,0.156122433065,158409.462500821,158409.462501,0.91986223404357,0.919862234044
4010,M5,raw_ridge,ticket,4,0.0491850132633597,0.0491850132632,433.564409373457,433.564409372,0.777532374391509,0.777532374392
4010,M5,raw_ridge,amt,5,0.158418972806704,0.158418972807,1294751258.96991,1294751258.97,0.91287912497761,0.912879124978
4010,M5,raw_ridge,cnt,5,0.154918739161858,0.154918739162,157188.13574816,157188.135748,0.920420373083141,0.920420373083
4010,M5,raw_ridge,ticket,5,0.0487922756915098,0.0487922756914,430.102439515563,430.102439514,0.783469016476662,0.783469016477
4010,M5,raw_ridge,amt,6,0.158054255416221,0.158054255416,1291770439.86643,1291770439.87,0.915992704113153,0.915992704113
4010,M5,raw_ridge,cnt,6,0.155474121491701,0.155474121492,157751.653844988,157751.653845,0.921025810440879,0.921025810441
4010,M5,raw_ridge,ticket,6,0.0470030882308115,0.0470030882307,414.330805979501,414.330805979,0.793223189352305,0.793223189353
4010,M5,raw_ridge,amt,7,0.159388733573674,0.159388733574,1302677070.83253,1302677070.83,0.91131412999028,0.91131412999
4010,M5,raw_ridge,cnt,7,0.155161761346884,0.155161761347,157434.717952588,157434.717953,0.918378473651433,0.918378473652
4010,M5,raw_ridge,ticket,7,0.0486465194743564,0.0486465194742,428.817602854765,428.817602853,0.786153957004538,0.786153957005
4010,M5,raw_ridge,amt,8,0.156360114456666,0.156360114457,1277924300.72417,1277924300.72,0.919564924525046,0.919564924525
4010,M5,raw_ridge,cnt,8,0.149372566426551,0.149372566427,151560.717415705,151560.717416,0.927059802142285,0.927059802142
4010,M5,raw_ridge,ticket,8,0.0486213887732373,0.0486213887731,428.596076481894,428.596076481,0.78718636047416,0.787186360474
4010,M5,raw_ridge,amt,9,0.160189213865948,0.160189213866,1309219360.86156,1309219360.86,0.913455315729613,0.91345531573
4010,M5,raw_ridge,cnt,9,0.156058092032908,0.156058092033,158344.178940408,158344.17894,0.920249835369,0.920249835369
4010,M5,raw_ridge,ticket,9,0.0478596180786876,0.0478596180786,421.881090770861,421.88109077,0.78602128382276,0.786021283823
4020,M1,log_ridge_smear,amt,0,0.343061703884805,0.343061703885,3004273634.72478,3004273634.73,0.625428492079775,0.62542849208
4020,M1,log_ridge_smear,cnt,0,0.379360798922337,0.379360798922,174112.934602615,174112.934603,0.549843655448144,0.549843655448
4020,M1,log_ridge_smear,ticket,0,0.184605417379144,0.184605417379,3910.01366044313,3910.01366044,0.139217391870173,0.13921739187
4020,M1,log_ridge_smear,amt,1,0.344202688594162,0.344202688594,3014265511.52458,3014265511.53,0.625228602139587,0.625228602139
4020,M1,log_ridge_smear,cnt,1,0.380176921786884,0.380176921787,174487.505584504,174487.505585,0.548562762062927,0.548562762063
4020,M1,log_ridge_smear,ticket,1,0.185099405795558,0.185099405796,3920.47652487961,3920.47652488,0.139724236846871,0.139724236847
4020,M1,log_ridge_smear,amt,2,0.346169740025467,0.346169740026,3031491452.76575,3031491452.77,0.614084654704697,0.614084654704
4020,M1,log_ridge_smear,cnt,2,0.385448854307138,0.385448854307,176907.132611693,176907.132612,0.544254491158293,0.544254491158
4020,M1,log_ridge_smear,ticket,2,0.185769681161368,0.185769681161,3934.67321462895,3934.67321463,0.133474362896699,0.133474362897
4020,M1,log_ridge_smear,amt,3,0.343007455964837,0.343007455965,3003798572.67661,3003798572.68,0.62439446624241,0.624394466242
4020,M1,log_ridge_smear,cnt,3,0.384713645691498,0.384713645692,176569.698353916,176569.698354,0.538989787018122,0.538989787018
4020,M1,log_ridge_smear,ticket,3,0.186631780102234,0.186631780102,3952.93280139132,3952.93280139,0.125306827693381,0.125306827693
4020,M1,log_ridge_smear,amt,4,0.341577545017945,0.341577545018,2991276499.50695,2991276499.51,0.6275759220247,0.627575922024
4020,M1,log_ridge_smear,cnt,4,0.381394696148761,0.381394696149,175046.420128212,175046.420128,0.549326058670107,0.54932605867
4020,M1,log_ridge_smear,ticket,4,0.186078805352171,0.186078805352,3941.2205837472,3941.22058375,0.128934315100952,0.128934315101
4020,M1,log_ridge_smear,amt,5,0.342527919920151,0.34252791992,2999599160.50195,2999599160.5,0.624022924303173,0.624022924303
4020,M1,log_ridge_smear,cnt,5,0.379514717309807,0.37951471731,174183.57759527,174183.577595,0.55196292873525,0.551962928735
4020,M1,log_ridge_smear,ticket,5,0.186095211797312,0.186095211797,3941.5680785582,3941.56807856,0.131133247234465,0.131133247235
4020,M1,log_ridge_smear,amt,6,0.346329120421537,0.346329120422,3032887185.12638,3032887185.13,0.621979555666614,0.621979555666
4020,M1,log_ridge_smear,cnt,6,0.380930563721374,0.380930563721,174833.4000713,174833.400071,0.546297411559693,0.546297411559
4020,M1,log_ridge_smear,ticket,6,0.185257545476045,0.185257545476,3923.82598406528,3923.82598407,0.131716231513586,0.131716231514
4020,M1,log_ridge_smear,amt,7,0.34427159001264,0.344271590013,3014868897.77429,3014868897.78,0.622722577969463,0.622722577969
4020,M1,log_ridge_smear,cnt,7,0.379909019589197,0.379909019589,174364.548130919,174364.548131,0.551934864142589,0.551934864142
4020,M1,log_ridge_smear,ticket,7,0.185701291595907,0.185701291596,3933.22469735907,3933.22469736,0.131028130048314,0.131028130048
4020,M1,log_ridge_smear,amt,8,0.343708831717287,0.343708831717,3009940688.38716,3009940688.39,0.624541824997177,0.624541824997
4020,M1,log_ridge_smear,cnt,8,0.380967955664996,0.380967955665,174850.561625823,174850.561626,0.547768408951054,0.547768408951
4020,M1,log_ridge_smear,ticket,8,0.184677894367912,0.184677894368,3911.54875090892,3911.54875091,0.134034656479575,0.13403465648
4020,M1,log_ridge_smear,amt,9,0.341947108265078,0.341947108265,2994512853.5131,2994512853.51,0.630892829894617,0.630892829894
4020,M1,log_ridge_smear,cnt,9,0.379331827898666,0.379331827899,174099.637946862,174099.637947,0.555590354795883,0.555590354796
4020,M1,log_ridge_smear,ticket,9,0.185035490442048,0.185035490442,3919.12277313775,3919.12277314,0.134939807377548,0.134939807378
4020,M2,log_ridge_smear,amt,0,0.295289703456601,0.295289703457,2585922767.4047,2585922767.41,0.72228326872605,0.722283268725
4020,M2,log_ridge_smear,cnt,0,0.337751150790128,0.33775115079,155015.605715019,155015.605715,0.648613438615774,0.648613438616
4020,M2,log_ridge_smear,ticket,0,0.160283028281483,0.160283028281,3394.85611535793,3394.85611536,0.31817157008727,0.318171570087
4020,M2,log_ridge_smear,amt,1,0.296702046398941,0.296702046399,2598290993.34427,2598290993.35,0.713916177158443,0.713916177158
4020,M2,log_ridge_smear,cnt,1,0.338063274285934,0.338063274286,155158.859150713,155158.859151,0.635457461993192,0.635457461994
4020,M2,log_ridge_smear,ticket,1,0.161456625782904,0.161456625783,3419.71336130209,3419.7133613,0.324601904078499,0.324601904079
4020,M2,log_ridge_smear,amt,2,0.297938934589802,0.29793893459,2609122719.93696,2609122719.94,0.709927306629792,0.709927306628
4020,M2,log_ridge_smear,cnt,2,0.341252851130415,0.34125285113,156622.759970489,156622.75997,0.643851957543569,0.643851957543
4020,M2,log_ridge_smear,ticket,2,0.163406203495219,0.163406203495,3461.00616622338,3461.00616622,0.30913433986561,0.309134339866
4020,M2,log_ridge_smear,amt,3,0.296526540286719,0.296526540287,2596754044.21905,2596754044.22,0.720020361418613,0.720020361417
4020,M2,log_ridge_smear,cnt,3,0.348875348688678,0.348875348688,160121.211636134,160121.211636,0.63398434995521,0.633984349955
4020,M2,log_ridge_smear,ticket,3,0.164039432094388,0.164039432094,3474.41819122287,3474.41819122,0.303251059955505,0.303251059957
4020,M2,log_ridge_smear,amt,4,0.297208793846081,0.297208793846,2602728702.29769,2602728702.3,0.723634635309299,0.723634635308
4020,M2,log_ridge_smear,cnt,4,0.339418576365028,0.339418576365,155780.893960146,155780.89396,0.651501119680181,0.651501119681
4020,M2,log_ridge_smear,ticket,4,0.163622565551552,0.163622565552,3465.58879769689,3465.5887977,0.305144333332602,0.305144333333
4020,M2,log_ridge_smear,amt,5,0.295656392634902,0.295656392635,2589133952.50065,2589133952.5,0.717549714885099,0.717549714884
4020,M2,log_ridge_smear,cnt,5,0.342188310025878,0.342188310026,157052.101889717,157052.10189,0.645180944482188,0.645180944482
4020,M2,log_ridge_smear,ticket,5,0.162586073845653,0.162586073846,3443.63550517417,3443.63550517,0.312081935221081,0.312081935222
4020,M2,log_ridge_smear,amt,6,0.298541192276307,0.298541192276,2614396834.96756,2614396834.97,0.71812915286747,0.718129152867
4020,M2,log_ridge_smear,cnt,6,0.337517145482582,0.337517145482,154908.205712369,154908.205712,0.649046383873641,0.649046383875
4020,M2,log_ridge_smear,ticket,6,0.160228833374326,0.160228833374,3393.70824640416,3393.7082464,0.32810894052778,0.328108940528
4020,M2,log_ridge_smear,amt,7,0.30006488751841,0.300064887519,2627740199.70739,2627740199.71,0.715704159049031,0.715704159048
4020,M2,log_ridge_smear,cnt,7,0.340699860521859,0.340699860521,156368.957210855,156368.957211,0.644631072337441,0.644631072338
4020,M2,log_ridge_smear,ticket,7,0.163671013750811,0.163671013751,3466.61494916966,3466.61494917,0.304625497666861,0.304625497667
4020,M2,log_ridge_smear,amt,8,0.305647475311934,0.305647475312,2676628260.16911,2676628260.17,0.708555502628986,0.708555502628
4020,M2,log_ridge_smear,cnt,8,0.344723290801149,0.344723290801,158215.566705263,158215.566705,0.640772157400553,0.640772157401
4020,M2,log_ridge_smear,ticket,8,0.161351331584351,0.161351331584,3417.48318972559,3417.48318973,0.313455965275788,0.313455965276
4020,M2,log_ridge_smear,amt,9,0.296796244226577,0.296796244227,2599115906.3171,2599115906.32,0.717101729556077,0.717101729554
4020,M2,log_ridge_smear,cnt,9,0.337234421768431,0.337234421768,154778.445716892,154778.445717,0.64505627043737,0.645056270437
4020,M2,log_ridge_smear,ticket,9,0.158704054657511,0.158704054657,3361.41284740373,3361.4128474,0.332978619658406,0.332978619659
4020,M3,log_ridge_smear,amt,0,0.285194911504294,0.285194911505,2497520252.73482,2497520252.74,0.745431393210598,0.745431393209
4020,M3,log_ridge_smear,cnt,0,0.332389926558107,0.332389926558,152554.997010188,152554.99701,0.661364245581348,0.661364245581
4020,M3,log_ridge_smear,ticket,0,0.160446547570523,0.16044654757,3398.31951671944,3398.31951671,0.316842767169722,0.316842767171
4020,M3,log_ridge_smear,amt,1,0.285836563538521,0.285836563538,2503139353.51834,2503139353.52,0.730820786227887,0.730820786228
4020,M3,log_ridge_smear,cnt,1,0.336256590875053,0.336256590875,154329.656577701,154329.656578,0.630116993381012,0.630116993382
4020,M3,log_ridge_smear,ticket,1,0.160356236367738,0.160356236367,3396.40669074937,3396.40669074,0.336584458216851,0.336584458218
4020,M3,log_ridge_smear,amt,2,0.292090467513077,0.292090467513,2557906290.81301,2557906290.81,0.722840655982578,0.722840655982
4020,M3,log_ridge_smear,cnt,2,0.341915954421746,0.341915954421,156927.100483073,156927.100483,0.640431052327472,0.640431052328
4020,M3,log_ridge_smear,ticket,2,0.162076416060893,0.162076416061,3432.84075749638,3432.84075749,0.32255805146527,0.322558051466
4020,M3,log_ridge_smear,amt,3,0.287023259444445,0.287023259445,2513531534.23171,2513531534.23,0.741331385742146,0.741331385741
4020,M3,log_ridge_smear,cnt,3,0.34448811324456,0.344488113244,158107.62868255,158107.628683,0.639741771711429,0.639741771712
4020,M3,log_ridge_smear,ticket,3,0.162705149426064,0.162705149426,3446.15757171286,3446.1575717,0.311356784164409,0.311356784167
4020,M3,log_ridge_smear,amt,4,0.288368319125606,0.288368319125,2525310544.51319,2525310544.51,0.746126861138703,0.746126861138
4020,M3,log_ridge_smear,cnt,4,0.334688890987501,0.334688890987,153610.138828969,153610.138829,0.66048278196404,0.660482781965
4020,M3,log_ridge_smear,ticket,4,0.160671339414502,0.160671339414,3403.0806943338,3403.08069433,0.317820863433324,0.317820863435
4020,M3,log_ridge_smear,amt,5,0.284925385803551,0.284925385804,2495159951.51946,2495159951.52,0.745144273060857,0.74514427306
4020,M3,log_ridge_smear,cnt,5,0.335878683959037,0.335878683959,154156.210922955,154156.210923,0.657215997082893,0.657215997083
4020,M3,log_ridge_smear,ticket,5,0.161201283669592,0.161201283669,3414.30511724668,3414.30511724,0.323419381308739,0.32341938131
4020,M3,log_ridge_smear,amt,6,0.286576864316867,0.286576864317,2509622345.01802,2509622345.02,0.74175293198712,0.741752931987
4020,M3,log_ridge_smear,cnt,6,0.329351413273501,0.329351413273,151160.428920089,151160.42892,0.663978524518894,0.66397852452
4020,M3,log_ridge_smear,ticket,6,0.156873718613953,0.156873718614,3322.6456268361,3322.64562683,0.356250083364526,0.356250083366
4020,M3,log_ridge_smear,amt,7,0.292474559958739,0.292474559959,2561269880.49595,2561269880.5,0.73131923834542,0.731319238345
4020,M3,log_ridge_smear,cnt,7,0.339753952202252,0.339753952202,155934.81938254,155934.819382,0.636396743066736,0.636396743067
4020,M3,log_ridge_smear,ticket,7,0.16145473910363,0.161454739103,3419.67340071027,3419.67340071,0.319075406919227,0.31907540692
4020,M3,log_ridge_smear,amt,8,0.285174234322206,0.285174234323,2497339177.69123,2497339177.69,0.745003808059213,0.745003808058
4020,M3,log_ridge_smear,cnt,8,0.333433297028475,0.333433297028,153033.866453182,153033.866453,0.658204079795399,0.658204079795
4020,M3,log_ridge_smear,ticket,8,0.159400475534847,0.159400475535,3376.16330913156,3376.16330913,0.336000210391057,0.336000210391
4020,M3,log_ridge_smear,amt,9,0.285717366630832,0.285717366631,2502095517.6047,2502095517.61,0.741872430124822,0.741872430123
4020,M3,log_ridge_smear,cnt,9,0.327860041493389,0.327860041493,150475.943021819,150475.943022,0.658686222834872,0.658686222834
4020,M3,log_ridge_smear,ticket,9,0.156146346908666,0.156146346908,3307.23961468182,3307.23961468,0.355905989839667,0.35590598984
4020,M4,log_ridge_smear,amt,0,0.284365669630692,0.284365669631,2490258382.72875,2490258382.73,0.739657319787184,0.739657319787
4020,M4,log_ridge_smear,cnt,0,0.328739981552906,0.328739981553,150879.803796237,150879.803796,0.668329778414141,0.668329778414
4020,M4,log_ridge_smear,ticket,0,0.163446982271677,0.163446982271,3461.86987637484,3461.86987637,0.293371902377131,0.293371902379
4020,M4,log_ridge_smear,amt,1,0.282739089784314,0.282739089784,2476014032.82927,2476014032.83,0.733279403048263,0.733279403049
4020,M4,log_ridge_smear,cnt,1,0.330811845482059,0.330811845482,151830.714670073,151830.71467,0.646051512773015,0.646051512775
4020,M4,log_ridge_smear,ticket,1,0.164752833453607,0.164752833453,3489.52830608042,3489.52830607,0.305537302394243,0.305537302396
4020,M4,log_ridge_smear,amt,2,0.29515678457355,0.295156784573,2584758764.86117,2584758764.86,0.715867114033925,0.715867114034
4020,M4,log_ridge_smear,cnt,2,0.340737384376141,0.340737384376,156386.179307617,156386.179308,0.639939779458883,0.639939779459
4020,M4,log_ridge_smear,ticket,2,0.163059385720113,0.16305938572,3453.66043250873,3453.6604325,0.32032021352729,0.320320213529
4020,M4,log_ridge_smear,amt,3,0.2847299794431,0.284729979443,2493448731.14682,2493448731.15,0.741411609344837,0.741411609345
4020,M4,log_ridge_smear,cnt,3,0.332929976450514,0.33292997645,152802.860447491,152802.860447,0.655729606420852,0.655729606421
4020,M4,log_ridge_smear,ticket,3,0.169554056955947,0.169554056955,3591.22006435875,3591.22006435,0.2632264219988,0.263226422002
4020,M4,log_ridge_smear,amt,4,0.290504966860464,0.29050496686,2544021681.26742,2544021681.27,0.728828844978989,0.728828844979
4020,M4,log_ridge_smear,cnt,4,0.338633488678258,0.338633488679,155420.567006354,155420.567007,0.641772360670025,0.64177236067
4020,M4,log_ridge_smear,ticket,4,0.166712892335051,0.166712892335,3531.04310619044,3531.04310618,0.256227342556274,0.256227342559
4020,M4,log_ridge_smear,amt,5,0.283176185427715,0.283176185428,2479841784.22924,2479841784.23,0.739542872152624,0.739542872151
4020,M4,log_ridge_smear,cnt,5,0.340749778232825,0.340749778233,156391.867641162,156391.867641,0.653087247086091,0.653087247085
4020,M4,log_ridge_smear,ticket,5,0.165493184626232,0.165493184626,3505.2092283393,3505.20922833,0.297702430327702,0.29770243033
4020,M4,log_ridge_smear,amt,6,0.281503679617962,0.281503679618,2465195249.65174,2465195249.65,0.738894149455204,0.738894149455
4020,M4,log_ridge_smear,cnt,6,0.321630223151938,0.321630223152,147616.680924753,147616.680925,0.659654806663554,0.659654806664
4020,M4,log_ridge_smear,ticket,6,0.160108803602756,0.160108803602,3391.16596973015,3391.16596972,0.337549753935079,0.337549753937
4020,M4,log_ridge_smear,amt,7,0.281161644699554,0.2811616447,2462199967.82375,2462199967.82,0.742242590530808,0.74224259053
4020,M4,log_ridge_smear,cnt,7,0.333157364623225,0.333157364623,152907.223423732,152907.223424,0.664164931964123,0.664164931964
4020,M4,log_ridge_smear,ticket,7,0.164649752987435,0.164649752987,3487.34502220621,3487.3450222,0.280716310558943,0.28071631056
4020,M4,log_ridge_smear,amt,8,0.281477664316948,0.281477664317,2464967427.4202,2464967427.42,0.749621152123832,0.749621152123
4020,M4,log_ridge_smear,cnt,8,0.330091385138464,0.330091385138,151500.049337639,151500.049338,0.667128475967992,0.667128475968
4020,M4,log_ridge_smear,ticket,8,0.16343809271134,0.163438092711,3461.68159207179,3461.68159206,0.306645730258015,0.30664573026
4020,M4,log_ridge_smear,amt,9,0.277646989347644,0.277646989348,2431421287.80986,2431421287.81,0.749922560009658,0.749922560008
4020,M4,log_ridge_smear,cnt,9,0.322015387401526,0.322015387402,147793.457434056,147793.457434,0.671985426203051,0.671985426203
4020,M4,log_ridge_smear,ticket,9,0.158803675037299,0.158803675037,3363.52284531905,3363.52284531,0.3361474670941,0.336147467095
4020,M5,log_ridge_smear,amt,0,0.273776459590495,0.27377645959,2397526130.26198,2397526130.26,0.76007248111318,0.760072481113
4020,M5,log_ridge_smear,cnt,0,0.279814548933282,0.279814548933,128424.793488625,128424.793489,0.762716227839017,0.762716227839
4020,M5,log_ridge_smear,ticket,0,0.155824529630073,0.15582452963,3300.42340108783,3300.42340109,0.331788877908254,0.331788877908
4020,M5,log_ridge_smear,amt,1,0.275795525181555,0.275795525181,2415207571.97731,2415207571.97,0.752146785222535,0.752146785223
4020,M5,log_ridge_smear,cnt,1,0.286849132472777,0.286849132472,131653.413807983,131653.413808,0.738333212311743,0.738333212313
4020,M5,log_ridge_smear,ticket,1,0.154226693457541,0.154226693457,3266.58061710863,3266.58061711,0.381460358569429,0.38146035857
4020,M5,log_ridge_smear,amt,2,0.284391927453526,0.284391927453,2490488328.78205,2490488328.78,0.735973557922328,0.735973557922
4020,M5,log_ridge_smear,cnt,2,0.290038480481982,0.290038480482,133117.209600614,133117.209601,0.737501552422994,0.737501552423
4020,M5,log_ridge_smear,ticket,2,0.152492082621276,0.152492082621,3229.84089320649,3229.8408932,0.381711759996837,0.381711759998
4020,M5,log_ridge_smear,amt,3,0.270404809736674,0.270404809736,2367999783.69909,2367999783.7,0.766718289281257,0.766718289281
4020,M5,log_ridge_smear,cnt,3,0.281808411631018,0.281808411631,129339.904608392,129339.904608,0.758954839348644,0.758954839348
4020,M5,log_ridge_smear,ticket,3,0.156916860714005,0.156916860714,3323.55939308923,3323.55939308,0.34811578581057,0.348115785812
4020,M5,log_ridge_smear,amt,4,0.28287280539134,0.282872805391,2477185012.47576,2477185012.47,0.749008518089372,0.74900851809
4020,M5,log_ridge_smear,cnt,4,0.294729756532182,0.294729756532,135270.336234815,135270.336235,0.734556580072945,0.734556580073
4020,M5,log_ridge_smear,ticket,4,0.155733043972,0.155733043972,3298.48569970355,3298.4856997,0.319241930413586,0.319241930415
4020,M5,log_ridge_smear,amt,5,0.269854937370597,0.269854937371,2363184419.48571,2363184419.49,0.765105911738266,0.765105911737
4020,M5,log_ridge_smear,cnt,5,0.288031460640513,0.288031460641,132196.059826056,132196.059826,0.756649787011939,0.756649787011
4020,M5,log_ridge_smear,ticket,5,0.152852700794264,0.152852700794,3237.47892465002,3237.47892465,0.376489124795787,0.376489124798
4020,M5,log_ridge_smear,amt,6,0.2721751370006,0.272175137001,2383502964.21624,2383502964.22,0.757700684602783,0.757700684602
4020,M5,log_ridge_smear,cnt,6,0.279321843157139,0.279321843157,128198.659294413,128198.659294,0.753496378096705,0.753496378097
4020,M5,log_ridge_smear,ticket,6,0.150110868299991,0.1501108683,3179.40585908426,3179.40585908,0.400924225647559,0.400924225649
4020,M5,log_ridge_smear,amt,7,0.272491937076539,0.272491937076,2386277258.4754,2386277258.47,0.761156724807819,0.761156724807
4020,M5,log_ridge_smear,cnt,7,0.281677519925879,0.281677519926,129279.830033049,129279.830033,0.759066808099251,0.759066808099
4020,M5,log_ridge_smear,ticket,7,0.150055644273741,0.150055644274,3178.23619299272,3178.23619299,0.388974850702877,0.388974850703
4020,M5,log_ridge_smear,amt,8,0.263289810389078,0.263289810389,2305692027.66275,2305692027.66,0.776578794514123,0.776578794514
4020,M5,log_ridge_smear,cnt,8,0.274599530648278,0.274599530648,126031.288044236,126031.288044,0.771352691644907,0.771352691644
4020,M5,log_ridge_smear,ticket,8,0.153866333780174,0.15386633378,3258.94806070167,3258.9480607,0.369982427269874,0.369982427271
4020,M5,log_ridge_smear,amt,9,0.265083235632916,0.265083235633,2321397482.73074,2321397482.73,0.76924179463268,0.769241794631
4020,M5,log_ridge_smear,cnt,9,0.273147052497125,0.273147052497,125364.652919938,125364.65292,0.771289012650175,0.771289012649
4020,M5,log_ridge_smear,ticket,9,0.14646620555102,0.146466205551,3102.2105018813,3102.21050188,0.421871295900753,0.421871295901
4020,M1,raw_ridge,amt,0,0.334699303752861,0.334699303753,2931042090.7928,2931042090.79,0.654862979305444,0.654862979305
4020,M1,raw_ridge,cnt,0,0.372243866673664,0.372243866674,170846.519193578,170846.519194,0.614314612387068,0.614314612387
4020,M1,raw_ridge,ticket,0,0.187855320596967,0.187855320597,3978.84785912056,3978.84785912,0.0992260975504604,0.0992260975504
4020,M1,raw_ridge,amt,1,0.330897827115966,0.330897827116,2897751647.98349,2897751647.98,0.660266293079326,0.660266293079
4020,M1,raw_ridge,cnt,1,0.370476070790368,0.37047607079,170035.164594227,170035.164594,0.616359063015415,0.616359063015
4020,M1,raw_ridge,ticket,1,0.189033403744389,0.189033403744,4003.80011277028,4003.80011277,0.095175740456551,0.0951757404565
4020,M1,raw_ridge,amt,2,0.334389136405347,0.334389136405,2928325880.92753,2928325880.93,0.653555703045412,0.653555703045
4020,M1,raw_ridge,cnt,2,0.372176396189377,0.372176396189,170815.552672916,170815.552673,0.618505056344307,0.618505056344
4020,M1,raw_ridge,ticket,2,0.189538233074934,0.189538233075,4014.49259193285,4014.49259193,0.0891638191729284,0.0891638191729
4020,M1,raw_ridge,amt,3,0.333934720808201,0.333934720808,2924346454.53789,2924346454.54,0.653516475233165,0.653516475233
4020,M1,raw_ridge,cnt,3,0.38004694356984,0.38004694357,174427.850267275,174427.850267,0.605439323992399,0.605439323992
4020,M1,raw_ridge,ticket,3,0.189864582263027,0.189864582263,4021.40479311109,4021.40479311,0.086697906851726,0.0866979068517
4020,M1,raw_ridge,amt,4,0.332192442602966,0.332192442603,2909088906.35612,2909088906.36,0.660648614149933,0.66064861415
4020,M1,raw_ridge,cnt,4,0.368889263334505,0.368889263335,169306.877160274,169306.87716,0.622371111770911,0.622371111771
4020,M1,raw_ridge,ticket,4,0.189252234102262,0.189252234102,4008.43502381867,4008.43502382,0.0905590518629851,0.0905590518629
4020,M1,raw_ridge,amt,5,0.332438494383399,0.332438494384,2911243640.82039,2911243640.82,0.661019809900129,0.6610198099
4020,M1,raw_ridge,cnt,5,0.368252756415606,0.368252756416,169014.743424108,169014.743424,0.624631498568598,0.624631498568
4020,M1,raw_ridge,ticket,5,0.189930251787248,0.189930251787,4022.79569886253,4022.79569886,0.087300721045378,0.0873007210453
4020,M1,raw_ridge,amt,6,0.332266320851973,0.332266320852,2909735875.90463,2909735875.91,0.662766252532048,0.662766252532
4020,M1,raw_ridge,cnt,6,0.368783609583338,0.368783609583,169258.385896233,169258.385896,0.622166122707481,0.622166122707
4020,M1,raw_ridge,ticket,6,0.189076599695194,0.189076599695,4004.71501960304,4004.7150196,0.0936380038432248,0.0936380038432
4020,M1,raw_ridge,amt,7,0.333018740363536,0.333018740364,2916324994.05814,2916324994.06,0.658579372877993,0.658579372878
4020,M1,raw_ridge,cnt,7,0.371291042376134,0.371291042376,170409.207180648,170409.207181,0.618534060940938,0.618534060941
4020,M1,raw_ridge,ticket,7,0.189196752153006,0.189196752153,4007.25989481879,4007.25989482,0.0938572043972948,0.0938572043973
4020,M1,raw_ridge,amt,8,0.333897616387712,0.333897616388,2924021522.22704,2924021522.23,0.653881998043448,0.653881998043
4020,M1,raw_ridge,cnt,8,0.371436956391646,0.371436956392,170476.17645505,170476.176455,0.619277691423399,0.619277691423
4020,M1,raw_ridge,ticket,8,0.188898954050517,0.188898954051,4000.95241660218,4000.9524166,0.0917435338537821,0.0917435338538
4020,M1,raw_ridge,amt,9,0.333243684185616,0.333243684186,2918294881.06772,2918294881.07,0.656902980018465,0.656902980018
4020,M1,raw_ridge,cnt,9,0.370266508741283,0.370266508741,169938.983166281,169938.983166,0.618141968388014,0.618141968388
4020,M1,raw_ridge,ticket,9,0.188850687015473,0.188850687015,3999.93010225707,3999.93010226,0.0932234146036935,0.0932234146037
4020,M2,raw_ridge,amt,0,0.324175599771449,0.324175599771,2838883490.59643,2838883490.6,0.692061779550918,0.69206177955
4020,M2,raw_ridge,cnt,0,0.352953113056377,0.352953113056,161992.75851893,161992.758519,0.658050682369522,0.65805068237
4020,M2,raw_ridge,ticket,0,0.16095133593471,0.160951335935,3409.0111281988,3409.0111282,0.320123456288971,0.320123456289
4020,M2,raw_ridge,amt,1,0.328772075350679,0.328772075351,2879135929.84852,2879135929.85,0.677502000464438,0.677502000464
4020,M2,raw_ridge,cnt,1,0.361261632930737,0.36126163293,165806.069703529,165806.069703,0.635129803403156,0.635129803403
4020,M2,raw_ridge,ticket,1,0.162476580993975,0.162476580994,3441.31640451148,3441.31640451,0.324689694109989,0.324689694111
4020,M2,raw_ridge,amt,2,0.327972355034914,0.327972355035,2872132587.20606,2872132587.21,0.688092604687669,0.688092604687
4020,M2,raw_ridge,cnt,2,0.354473618200426,0.3544736182,162690.615581285,162690.615581,0.657420565344639,0.657420565345
4020,M2,raw_ridge,ticket,2,0.16388635268862,0.163886352689,3471.17591059978,3471.1759106,0.314761597551865,0.314761597552
4020,M2,raw_ridge,amt,3,0.326131774152913,0.326131774153,2856014178.90296,2856014178.9,0.690355557897216,0.690355557897
4020,M2,raw_ridge,cnt,3,0.365860808325892,0.365860808325,167916.925456357,167916.925456,0.643955028874696,0.643955028875
4020,M2,raw_ridge,ticket,3,0.164881801584654,0.164881801585,3492.25990064204,3492.25990064,0.304565343443139,0.304565343444
4020,M2,raw_ridge,amt,4,0.32617734230932,0.326177342309,2856413230.17953,2856413230.18,0.693660506143645,0.693660506143
4020,M2,raw_ridge,cnt,4,0.35767909164147,0.357679091641,164161.812365973,164161.812366,0.658713247196232,0.658713247196
4020,M2,raw_ridge,ticket,4,0.163331053020552,0.163331053021,3459.41445029916,3459.4144503,0.311034971834273,0.311034971835
4020,M2,raw_ridge,amt,5,0.318283952696701,0.318283952697,2787288923.87175,2787288923.87,0.698537398125277,0.698537398125
4020,M2,raw_ridge,cnt,5,0.351726044826338,0.351726044826,161429.578424686,161429.578424,0.663719833147432,0.663719833147
4020,M2,raw_ridge,ticket,5,0.163344237761059,0.163344237761,3459.69370816832,3459.69370817,0.312713363459885,0.312713363461
4020,M2,raw_ridge,amt,6,0.319260004221464,0.319260004221,2795836441.2098,2795836441.21,0.702507082304317,0.702507082304
4020,M2,raw_ridge,cnt,6,0.35034746117823,0.350347461178,160796.858214139,160796.858214,0.667707695835373,0.667707695836
4020,M2,raw_ridge,ticket,6,0.161126365035323,0.161126365035,3412.71831179118,3412.71831179,0.328094406375929,0.328094406377
4020,M2,raw_ridge,amt,7,0.328632790640752,0.328632790641,2877916180.232,2877916180.23,0.689341138206107,0.689341138206
4020,M2,raw_ridge,cnt,7,0.359094696700338,0.3590946967,164811.524069812,164811.52407,0.65048746756753,0.650487467568
4020,M2,raw_ridge,ticket,7,0.163475710077051,0.163475710077,3462.47834232909,3462.47834233,0.312555703007958,0.312555703008
4020,M2,raw_ridge,amt,8,0.327346167180196,0.32734616718,2866648909.95206,2866648909.95,0.684010390958406,0.684010390958
4020,M2,raw_ridge,cnt,8,0.355850360544364,0.355850360544,163322.490699578,163322.490699,0.657209340082329,0.657209340083
4020,M2,raw_ridge,ticket,8,0.161414425041873,0.161414425042,3418.81953339469,3418.81953339,0.322218851771611,0.322218851772
4020,M2,raw_ridge,amt,9,0.325435742256896,0.325435742257,2849918860.62508,2849918860.62,0.683795086089145,0.683795086088
4020,M2,raw_ridge,cnt,9,0.353249954394162,0.353249954394,162128.997994859,162128.997995,0.65253092174661,0.652530921747
4020,M2,raw_ridge,ticket,9,0.159876867403078,0.159876867403,3386.25347191741,3386.25347192,0.331924438409219,0.33192443841
4020,M3,raw_ridge,amt,0,0.302241455246797,0.302241455247,2646800925.42098,2646800925.42,0.732662388369873,0.732662388369
4020,M3,raw_ridge,cnt,0,0.34242036606559,0.342420366065,157158.607248682,157158.607249,0.67866662134593,0.678666621346
4020,M3,raw_ridge,ticket,0,0.161853240336448,0.161853240336,3428.11380991462,3428.11380991,0.322968423779325,0.322968423779
4020,M3,raw_ridge,amt,1,0.3067507240948,0.306750724095,2686289674.40852,2686289674.41,0.712659389220232,0.71265938922
4020,M3,raw_ridge,cnt,1,0.353068582080093,0.35306858208,162045.75463933,162045.754639,0.645634659935999,0.645634659936
4020,M3,raw_ridge,ticket,1,0.162175532349449,0.162175532349,3434.94007856577,3434.94007856,0.327820585834705,0.327820585836
4020,M3,raw_ridge,amt,2,0.308894061050756,0.308894061051,2705059390.27651,2705059390.27,0.722397525839147,0.722397525839
4020,M3,raw_ridge,cnt,2,0.344774667877572,0.344774667877,158239.14693172,158239.146932,0.673952102513476,0.673952102513
4020,M3,raw_ridge,ticket,2,0.162483638887073,0.162483638887,3441.46589339875,3441.4658934,0.328133349982816,0.328133349983
4020,M3,raw_ridge,amt,3,0.309278491108274,0.309278491108,2708425936.50747,2708425936.51,0.725783730112349,0.725783730112
4020,M3,raw_ridge,cnt,3,0.356679072915828,0.356679072915,163702.839811418,163702.839811,0.661588285551629,0.661588285552
4020,M3,raw_ridge,ticket,3,0.164022927080724,0.164022927081,3474.06860869269,3474.06860869,0.31471358859993,0.314713588601
4020,M3,raw_ridge,amt,4,0.306532590105971,0.306532590106,2684379422.74225,2684379422.74,0.726598841094013,0.726598841094
4020,M3,raw_ridge,cnt,4,0.346301014580135,0.34630101458,158939.685058904,158939.685059,0.670198135896519,0.670198135897
4020,M3,raw_ridge,ticket,4,0.162539614128635,0.162539614129,3442.65147051919,3442.65147052,0.31782417584628,0.317824175847
4020,M3,raw_ridge,amt,5,0.29776307891886,0.297763078919,2607582709.64218,2607582709.64,0.737554394727203,0.737554394727
4020,M3,raw_ridge,cnt,5,0.341493224788003,0.341493224788,156733.082816293,156733.082816,0.685054497002783,0.685054497003
4020,M3,raw_ridge,ticket,5,0.163335296578508,0.163335296578,3459.50433048693,3459.50433048,0.321687084418994,0.32168708442
4020,M3,raw_ridge,amt,6,0.299943602498901,0.299943602499,2626678077.69765,2626678077.69,0.737973733698488,0.737973733698
4020,M3,raw_ridge,cnt,6,0.340701570597949,0.340701570597,156369.742074149,156369.742074,0.68427804612201,0.684278046122
4020,M3,raw_ridge,ticket,6,0.160197974006163,0.160197974006,3393.05463313114,3393.05463313,0.337767584356259,0.337767584357
4020,M3,raw_ridge,amt,7,0.309681204950189,0.30968120495,2711952598.22431,2711952598.22,0.724913169139196,0.724913169139
4020,M3,raw_ridge,cnt,7,0.351155605546755,0.351155605546,161167.767353898,161167.767354,0.667006461950836,0.667006461951
4020,M3,raw_ridge,ticket,7,0.161842065087698,0.161842065088,3427.87711385287,3427.87711385,0.325560181156075,0.325560181156
4020,M3,raw_ridge,amt,8,0.302537028843992,0.302537028844,2649389334.31395,2649389334.31,0.730312404700029,0.7303124047
4020,M3,raw_ridge,cnt,8,0.343213574042182,0.343213574042,157522.661122848,157522.661123,0.680239577246771,0.680239577247
4020,M3,raw_ridge,ticket,8,0.16059450853988,0.16059450854,3401.45338689298,3401.45338689,0.331949604826234,0.331949604827
4020,M3,raw_ridge,amt,9,0.304346264054044,0.304346264054,2665233241.04859,2665233241.05,0.722916246004949,0.722916246004
4020,M3,raw_ridge,cnt,9,0.341558518552977,0.341558518553,156763.05030124,156763.050301,0.672085169145756,0.672085169146
4020,M3,raw_ridge,ticket,9,0.159479795802006,0.159479795802,3377.84334286265,3377.84334286,0.341456640133544,0.341456640134
4020,M4,raw_ridge,amt,0,0.299947466027515,0.299947466028,2626711911.5445,2626711911.55,0.740766486176107,0.740766486176
4020,M4,raw_ridge,cnt,0,0.342123695455672,0.342123695456,157022.446130691,157022.446131,0.681899725678926,0.681899725679
4020,M4,raw_ridge,ticket,0,0.162158942067666,0.162158942068,3434.58869002407,3434.58869002,0.32358716806443,0.323587168065
4020,M4,raw_ridge,amt,1,0.308603216384646,0.308603216384,2702512393.76743,2702512393.76,0.716441960320296,0.71644196032
4020,M4,raw_ridge,cnt,1,0.354369077069635,0.354369077069,162642.634969898,162642.63497,0.646735444952948,0.646735444954
4020,M4,raw_ridge,ticket,1,0.162770293901676,0.162770293901,3447.53735673305,3447.53735673,0.326517240794888,0.326517240796
4020,M4,raw_ridge,amt,2,0.307996703945229,0.307996703945,2697201018.84496,2697201018.84,0.727252315277776,0.727252315277
4020,M4,raw_ridge,cnt,2,0.344899861776654,0.344899861776,158296.60641943,158296.606419,0.675992805137795,0.675992805138
4020,M4,raw_ridge,ticket,2,0.159434399200639,0.1594343992,3376.88182540557,3376.8818254,0.348661496547912,0.348661496549
4020,M4,raw_ridge,amt,3,0.30477273809061,0.30477273809,2668967976.48959,2668967976.49,0.733607310173455,0.733607310173
4020,M4,raw_ridge,cnt,3,0.354607051283287,0.354607051283,162751.856557411,162751.856557,0.663266041478902,0.663266041479
4020,M4,raw_ridge,ticket,3,0.164463579545714,0.164463579545,3483.40179718781,3483.40179718,0.304654985485502,0.304654985487
4020,M4,raw_ridge,amt,4,0.309155048619148,0.309155048619,2707344921.01874,2707344921.02,0.72062994165478,0.720629941654
4020,M4,raw_ridge,cnt,4,0.352686089348867,0.352686089349,161870.204260675,161870.204261,0.660681198487694,0.660681198488
4020,M4,raw_ridge,ticket,4,0.162743897654004,0.162743897654,3446.97827406665,3446.97827406,0.301205006354993,0.301205006356
4020,M4,raw_ridge,amt,5,0.303466400450066,0.30346640045,2657528064.40645,2657528064.41,0.739880035507898,0.739880035508
4020,M4,raw_ridge,cnt,5,0.347365666742516,0.347365666742,159428.322031542,159428.322031,0.685133413124352,0.685133413125
4020,M4,raw_ridge,ticket,5,0.162414224900509,0.1624142249,3439.99567849637,3439.99567849,0.327997663473599,0.327997663475
4020,M4,raw_ridge,amt,6,0.303813602051065,0.303813602051,2660568592.11329,2660568592.11,0.738754191880125,0.73875419188
4020,M4,raw_ridge,cnt,6,0.340819417673271,0.340819417673,156423.829634532,156423.829634,0.680793480485714,0.680793480486
4020,M4,raw_ridge,ticket,6,0.15829790874133,0.158297908741,3352.81052086885,3352.81052086,0.351228808288665,0.35122880829
4020,M4,raw_ridge,amt,7,0.309386893374584,0.309386893374,2709375241.15713,2709375241.15,0.733368067197104,0.733368067197
4020,M4,raw_ridge,cnt,7,0.347559514090937,0.34755951409,159517.29097824,159517.290978,0.674975118408632,0.674975118409
4020,M4,raw_ridge,ticket,7,0.159900135390069,0.15990013539,3386.74629682081,3386.74629682,0.334437208170424,0.334437208171
4020,M4,raw_ridge,amt,8,0.294731175691711,0.294731175692,2581031605.78765,2581031605.79,0.749111245123547,0.749111245123
4020,M4,raw_ridge,cnt,8,0.337252348541207,0.337252348541,154786.673459518,154786.673459,0.692264536760849,0.692264536761
4020,M4,raw_ridge,ticket,8,0.160269453246543,0.160269453246,3394.56859090275,3394.5685909,0.331799174743319,0.331799174744
4020,M4,raw_ridge,amt,9,0.299643072852567,0.299643072853,2624046267.4935,2624046267.49,0.740207816829959,0.74020781683
4020,M4,raw_ridge,cnt,9,0.338635230803311,0.338635230803,155421.366578967,155421.366579,0.68373533387008,0.68373533387
4020,M4,raw_ridge,ticket,9,0.157867472996732,0.157867472997,3343.69372643662,3343.69372643,0.351064557462984,0.351064557464
4020,M5,raw_ridge,amt,0,0.29851405835131,0.298514058352,2614159216.67746,2614159216.68,0.740562925710938,0.740562925711
4020,M5,raw_ridge,cnt,0,0.326675466403552,0.326675466404,149932.265747481,149932.265748,0.711092989264601,0.711092989265
4020,M5,raw_ridge,ticket,0,0.159705419168986,0.159705419169,3382.62213245361,3382.62213245,0.344567634288871,0.344567634289
4020,M5,raw_ridge,amt,1,0.306780426663956,0.306780426664,2686549786.93167,2686549786.93,0.719638549352064,0.719638549352
4020,M5,raw_ridge,cnt,1,0.337828946729387,0.337828946729,155051.311247386,155051.311247,0.676254475311612,0.676254475312
4020,M5,raw_ridge,ticket,1,0.161343268897634,0.161343268897,3417.31241892347,3417.31241892,0.343585042807127,0.343585042808
4020,M5,raw_ridge,amt,2,0.307028656399943,0.3070286564,2688723594.27519,2688723594.28,0.731428586992529,0.731428586992
4020,M5,raw_ridge,cnt,2,0.330690632926625,0.330690632926,151775.08247561,151775.082476,0.709812389090795,0.709812389091
4020,M5,raw_ridge,ticket,2,0.156667057484384,0.156667057484,3318.26846471829,3318.26846471,0.37314984290625,0.373149842907
4020,M5,raw_ridge,amt,3,0.29995711543973,0.29995711544,2626796413.76197,2626796413.76,0.742185302808133,0.742185302808
4020,M5,raw_ridge,cnt,3,0.332207758209502,0.332207758209,152471.388303497,152471.388303,0.703817607135036,0.703817607135
4020,M5,raw_ridge,ticket,3,0.161294766022864,0.161294766023,3416.28510940235,3416.2851094,0.338588088622838,0.338588088624
4020,M5,raw_ridge,amt,4,0.305648514557609,0.305648514558,2676637361.09278,2676637361.09,0.723802614100989,0.7238026141
4020,M5,raw_ridge,cnt,4,0.337387478497364,0.337387478498,154848.693239332,154848.693239,0.683666875601752,0.683666875602
4020,M5,raw_ridge,ticket,4,0.160147701371244,0.160147701371,3391.98983941017,3391.98983941,0.325261187645922,0.325261187647
4020,M5,raw_ridge,amt,5,0.302015784460124,0.30201578446,2644824672.20807,2644824672.21,0.743090661269302,0.743090661269
4020,M5,raw_ridge,cnt,5,0.327572256787963,0.327572256788,150343.860213743,150343.860214,0.717690951939954,0.71769095194
4020,M5,raw_ridge,ticket,5,0.158971394205667,0.158971394205,3367.0752017382,3367.07520173,0.358634227698987,0.3586342277
4020,M5,raw_ridge,amt,6,0.303681353881379,0.303681353881,2659410463.16759,2659410463.17,0.742696890500957,0.742696890501
4020,M5,raw_ridge,cnt,6,0.326644281641087,0.326644281641,149917.953065403,149917.953065,0.712455516065119,0.712455516065
4020,M5,raw_ridge,ticket,6,0.155709339096743,0.155709339097,3297.98362133885,3297.98362134,0.379767136609104,0.37976713661
4020,M5,raw_ridge,amt,7,0.308727877126117,0.308727877126,2703604077.78417,2703604077.78,0.728896376376384,0.728896376376
4020,M5,raw_ridge,cnt,7,0.332758807650444,0.33275880765,152724.300137156,152724.300137,0.701503847845933,0.701503847846
4020,M5,raw_ridge,ticket,7,0.156555880654893,0.156555880655,3315.91369675857,3315.91369676,0.364172076737675,0.364172076738
4020,M5,raw_ridge,amt,8,0.293074717142836,0.293074717143,2566525600.92308,2566525600.92,0.753452955039788,0.75345295504
4020,M5,raw_ridge,cnt,8,0.319312983766012,0.319312983766,146553.151559551,146553.151559,0.722974967503542,0.722974967504
4020,M5,raw_ridge,ticket,8,0.157736978603885,0.157736978604,3340.92980506374,3340.92980506,0.3562371306062,0.356237130607
4020,M5,raw_ridge,amt,9,0.295197842539637,0.29519784254,2585118319.3192,2585118319.32,0.744677213891796,0.744677213892
4020,M5,raw_ridge,cnt,9,0.320346945703043,0.320346945703,147027.702824825,147027.702825,0.719020470874259,0.719020470874
4020,M5,raw_ridge,ticket,9,0.155425903548557,0.155425903548,3291.98034754008,3291.98034754,0.379377400258256,0.379377400259
8001,M1,log_ridge_smear,amt,0,0.306337820594306,0.306337820594,6767099569.67875,6767099569.68,0.650546015849631,0.65054601585
8001,M1,log_ridge_smear,cnt,0,0.31080075684416,0.310800756844,185943.45602592,185943.456026,0.640460494533571,0.640460494534
8001,M1,log_ridge_smear,ticket,0,0.141922392297312,0.141922392297,5447.90375679877,5447.9037568,0.0078169624894887,0.00781696248948
8001,M1,log_ridge_smear,amt,1,0.308520877350962,0.308520877351,6815323985.48838,6815323985.49,0.645037081038276,0.645037081038
8001,M1,log_ridge_smear,cnt,1,0.314390553513548,0.314390553513,188091.131616913,188091.131617,0.628952954524124,0.628952954524
8001,M1,log_ridge_smear,ticket,1,0.143094374316157,0.143094374316,5492.89204328418,5492.89204328,-0.0196015153869358,-0.0196015153869
8001,M1,log_ridge_smear,amt,2,0.304907133783517,0.304907133783,6735495244.48361,6735495244.48,0.647080028069213,0.647080028069
8001,M1,log_ridge_smear,cnt,2,0.311367011917334,0.311367011917,186282.230700626,186282.230701,0.636395852744458,0.636395852745
8001,M1,log_ridge_smear,ticket,2,0.140410983529066,0.140410983529,5389.88606576846,5389.88606577,0.023970475323059,0.0239704753231
8001,M1,log_ridge_smear,amt,3,0.305554950161662,0.305554950162,6749805713.64237,6749805713.64,0.650294713661111,0.650294713661
8001,M1,log_ridge_smear,cnt,3,0.30944447263612,0.309444472636,185132.028873821,185132.028874,0.642501556736641,0.642501556737
8001,M1,log_ridge_smear,ticket,3,0.140952332460465,0.14095233246,5410.66655593191,5410.66655593,0.0280200744004201,0.0280200744004
8001,M1,log_ridge_smear,amt,4,0.304195495729901,0.30419549573,6719774934.28147,6719774934.28,0.65063865309988,0.6506386531
8001,M1,log_ridge_smear,cnt,4,0.310271523477015,0.310271523477,185626.830409142,185626.830409,0.636461896716338,0.636461896716
8001,M1,log_ridge_smear,ticket,4,0.141859950624608,0.141859950625,5445.50683959773,5445.5068396,0.0179541911026555,0.0179541911027
8001,M1,log_ridge_smear,amt,5,0.305194579167962,0.305194579168,6741845004.14963,6741845004.15,0.653130115982142,0.653130115982
8001,M1,log_ridge_smear,cnt,5,0.309624248124197,0.309624248124,185239.583552585,185239.583553,0.642967111170892,0.642967111171
8001,M1,log_ridge_smear,ticket,5,0.141966354913414,0.141966354913,5449.59132771371,5449.59132771,0.0175826923010736,0.0175826923011
8001,M1,log_ridge_smear,amt,6,0.307966781036071,0.307966781036,6803083822.23728,6803083822.24,0.646769157565803,0.646769157566
8001,M1,log_ridge_smear,cnt,6,0.312037908723264,0.312037908723,186683.609616168,186683.609616,0.637038961162909,0.637038961163
8001,M1,log_ridge_smear,ticket,6,0.14167291268518,0.141672912685,5438.32710794032,5438.32710794,0.0161368773370889,0.0161368773371
8001,M1,log_ridge_smear,amt,7,0.307003518393903,0.307003518394,6781805045.106,6781805045.11,0.64597666040405,0.645976660404
8001,M1,log_ridge_smear,cnt,7,0.31254571065247,0.312545710652,186987.413399182,186987.413399,0.635497726981463,0.635497726982
8001,M1,log_ridge_smear,ticket,7,0.14057883898896,0.140578838989,5396.3294491962,5396.3294492,0.0343138424870604,0.0343138424871
8001,M1,log_ridge_smear,amt,8,0.303575482098651,0.303575482099,6706078636.61542,6706078636.61,0.656013020728882,0.656013020729
8001,M1,log_ridge_smear,cnt,8,0.308726633513024,0.308726633513,184702.565674393,184702.565674,0.64656487087443,0.646564870875
8001,M1,log_ridge_smear,ticket,8,0.141606516130549,0.141606516131,5435.77837666857,5435.77837667,0.0177501577172277,0.0177501577172
8001,M1,log_ridge_smear,amt,9,0.307407131851438,0.307407131851,6790720994.33324,6790720994.33,0.649539290630773,0.649539290631
8001,M1,log_ridge_smear,cnt,9,0.310966165056852,0.310966165057,186042.415163071,186042.415163,0.641181397078599,0.641181397079
8001,M1,log_ridge_smear,ticket,9,0.140845093881155,0.140845093881,5406.55004232444,5406.55004232,0.036271714838547,0.0362717148386
8001,M2,log_ridge_smear,amt,0,0.298239076094373,0.298239076095,6588195736.27643,6588195736.28,0.674612892969375,0.674612892968
8001,M2,log_ridge_smear,cnt,0,0.315831245125761,0.315831245126,188953.057373345,188953.057374,0.649403626614036,0.649403626613
8001,M2,log_ridge_smear,ticket,0,0.136300940308685,0.136300940309,5232.11589618161,5232.11589618,-0.0021030949128773,-0.00210309491125
8001,M2,log_ridge_smear,amt,1,0.29493602440382,0.294936024404,6515230277.32525,6515230277.32,0.683205537378348,0.683205537378
8001,M2,log_ridge_smear,cnt,1,0.308944576431104,0.308944576431,184832.954865899,184832.954866,0.66426886937536,0.664268869376
8001,M2,log_ridge_smear,ticket,1,0.140945359881629,0.140945359882,5410.39890304204,5410.39890304,-0.0834594926060639,-0.0834594926063
8001,M2,log_ridge_smear,amt,2,0.288189890392644,0.288189890393,6366206038.41327,6366206038.41,0.687346615103743,0.687346615103
8001,M2,log_ridge_smear,cnt,2,0.299752600033416,0.299752600033,179333.650821565,179333.650822,0.670517228448187,0.670517228448
8001,M2,log_ridge_smear,ticket,2,0.134977541198166,0.134977541198,5181.31523767213,5181.31523766,-0.0139248955831852,-0.0139248955813
8001,M2,log_ridge_smear,amt,3,0.298857043976848,0.298857043976,6601846842.70352,6601846842.69,0.671714158397468,0.671714158397
8001,M2,log_ridge_smear,cnt,3,0.309973334100771,0.309973334101,185448.431991673,185448.431992,0.652883332737182,0.652883332738
8001,M2,log_ridge_smear,ticket,3,0.13427285934561,0.134272859345,5154.26496850924,5154.2649685,0.0192048228527525,0.019204822855
8001,M2,log_ridge_smear,amt,4,0.286562316155894,0.286562316156,6330252407.56297,6330252407.56,0.693037909501345,0.693037909501
8001,M2,log_ridge_smear,cnt,4,0.302437640791812,0.302437640792,180940.036093134,180940.036093,0.666970864037848,0.666970864038
8001,M2,log_ridge_smear,ticket,4,0.136438312455731,0.136438312456,5237.38913195405,5237.38913195,0.0030574700211076,0.00305747002173
8001,M2,log_ridge_smear,amt,5,0.288786706414877,0.288786706415,6379389893.54221,6379389893.54,0.694482179747903,0.694482179747
8001,M2,log_ridge_smear,cnt,5,0.295883030765871,0.295883030766,177018.595059653,177018.59506,0.686591266085346,0.686591266085
8001,M2,log_ridge_smear,ticket,5,0.138070056867607,0.138070056868,5300.02608703701,5300.02608704,-0.0027573537046459,-0.00275735370292
8001,M2,log_ridge_smear,amt,6,0.294798677290512,0.29479867729,6512196236.0516,6512196236.04,0.678127442462902,0.678127442463
8001,M2,log_ridge_smear,cnt,6,0.309393534609197,0.309393534609,185101.554067822,185101.554068,0.646056368907576,0.646056368908
8001,M2,log_ridge_smear,ticket,6,0.136704729212284,0.136704729212,5247.61593848825,5247.61593849,-0.020459249349396,-0.0204592493493
8001,M2,log_ridge_smear,amt,7,0.292603756396082,0.292603756396,6463709737.67748,6463709737.68,0.682848505617409,0.682848505617
8001,M2,log_ridge_smear,cnt,7,0.304054341788809,0.304054341789,181907.263373384,181907.263373,0.665588448456726,0.665588448457
8001,M2,log_ridge_smear,ticket,7,0.134675194840775,0.134675194841,5169.70921955462,5169.70921955,0.0189806538958035,0.0189806538959
8001,M2,log_ridge_smear,amt,8,0.291718983477557,0.291718983477,6444164823.42368,6444164823.42,0.690003986027968,0.690003986028
8001,M2,log_ridge_smear,cnt,8,0.302096593799962,0.3020965938,180735.997155212,180735.997155,0.676283313676524,0.676283313677
8001,M2,log_ridge_smear,ticket,8,0.135842329424226,0.135842329424,5214.5114299666,5214.51142996,0.0297975928596339,0.0297975928616
8001,M2,log_ridge_smear,amt,9,0.289102030872945,0.289102030873,6386355510.78254,6386355510.78,0.690702560861582,0.690702560861
8001,M2,log_ridge_smear,cnt,9,0.300149219338296,0.300149219338,179570.937130083,179570.93713,0.675649091941011,0.675649091941
8001,M2,log_ridge_smear,ticket,9,0.136980105123251,0.136980105123,5258.18665559362,5258.18665559,0.0049452418550407,0.00494524185582
8001,M3,log_ridge_smear,amt,0,0.23427315580854,0.234273155809,5175168279.20111,5175168279.2,0.803181935927509,0.803181935927
8001,M3,log_ridge_smear,cnt,0,0.246239013013418,0.246239013014,147317.958788256,147317.958788,0.782293071077996,0.782293071078
8001,M3,log_ridge_smear,ticket,0,0.13813753453414,0.138137534534,5302.61631840962,5302.61631841,0.0202504023007352,0.0202504023023
8001,M3,log_ridge_smear,amt,1,0.238788898945188,0.238788898945,5274922476.63422,5274922476.63,0.787082720009135,0.787082720009
8001,M3,log_ridge_smear,cnt,1,0.250937108213406,0.250937108213,150128.698591771,150128.698592,0.763865323809656,0.76386532381
8001,M3,log_ridge_smear,ticket,1,0.141827359783511,0.141827359784,5444.25579131162,5444.25579131,-0.0530410975444102,-0.0530410975445
8001,M3,log_ridge_smear,amt,2,0.229113442883235,0.229113442883,5061188584.99046,5061188584.99,0.808825459912547,0.808825459912
8001,M3,log_ridge_smear,cnt,2,0.240991466276058,0.240991466276,144178.497398554,144178.497399,0.789483933779371,0.789483933779
8001,M3,log_ridge_smear,ticket,2,0.137088376693445,0.137088376693,5262.34282210452,5262.3428221,-0.0058502129641229,-0.0058502129622
8001,M3,log_ridge_smear,amt,3,0.23810358216957,0.23810358217,5259783611.8072,5259783611.81,0.791064869421446,0.791064869421
8001,M3,log_ridge_smear,cnt,3,0.245597903299678,0.2455979033,146934.400662223,146934.400662,0.77302992549887,0.773029925498
8001,M3,log_ridge_smear,ticket,3,0.135510873660718,0.135510873661,5201.78800366296,5201.78800366,0.0272088407991858,0.0272088408018
8001,M3,log_ridge_smear,amt,4,0.224032447056271,0.224032447056,4948947776.43642,4948947776.44,0.813091199578541,0.813091199578
8001,M3,log_ridge_smear,cnt,4,0.236795254996907,0.236795254997,141668.020798101,141668.020798,0.797414425766378,0.797414425766
8001,M3,log_ridge_smear,ticket,4,0.137727822586806,0.137727822587,5286.88891119111,5286.88891119,0.0312531558623598,0.031253155863
8001,M3,log_ridge_smear,amt,5,0.235129324289444,0.23512932429,5194081312.35993,5194081312.37,0.785193137554939,0.785193137554
8001,M3,log_ridge_smear,cnt,5,0.244999038202594,0.244999038203,146576.116316407,146576.116317,0.759273925520954,0.759273925521
8001,M3,log_ridge_smear,ticket,5,0.139832689934052,0.139832689934,5367.68739931554,5367.68739931,0.012645027050628,0.0126450270525
8001,M3,log_ridge_smear,amt,6,0.23126913761893,0.231269137619,5108808565.08295,5108808565.09,0.801757874531819,0.801757874531
8001,M3,log_ridge_smear,cnt,6,0.239519966399018,0.239519966399,143298.139913402,143298.139914,0.790517101637584,0.790517101637
8001,M3,log_ridge_smear,ticket,6,0.137981418757144,0.137981418757,5296.62358030661,5296.6235803,0.0045831938013,0.00458319380154
8001,M3,log_ridge_smear,amt,7,0.231164784954772,0.231164784955,5106503381.65067,5106503381.65,0.803098458347693,0.803098458347
8001,M3,log_ridge_smear,cnt,7,0.243473019881902,0.243473019882,145663.141961423,145663.141962,0.776691484465788,0.776691484465
8001,M3,log_ridge_smear,ticket,7,0.135128413925065,0.135128413925,5187.10671343835,5187.10671344,0.0510207933945787,0.0510207933948
8001,M3,log_ridge_smear,amt,8,0.233241018620374,0.233241018621,5152368041.51471,5152368041.52,0.797554392349978,0.797554392349
8001,M3,log_ridge_smear,cnt,8,0.243940790305158,0.243940790305,145942.996006858,145942.996007,0.777783470408204,0.777783470408
8001,M3,log_ridge_smear,ticket,8,0.13760077896287,0.137600778963,5282.01215125974,5282.01215126,0.0504741864267435,0.050474186429
8001,M3,log_ridge_smear,amt,9,0.228361237938795,0.228361237939,5044572139.30983,5044572139.31,0.801809316860533,0.80180931686
8001,M3,log_ridge_smear,cnt,9,0.232768995536912,0.232768995537,139259.221648285,139259.221648,0.796811986511965,0.796811986512
8001,M3,log_ridge_smear,ticket,9,0.138273144590173,0.13827314459,5307.8219136773,5307.82191368,0.0340211632431121,0.0340211632435
8001,M4,log_ridge_smear,amt,0,0.194753536838363,0.194753536839,4302167367.95835,4302167367.96,0.865473172515534,0.865473172515
8001,M4,log_ridge_smear,cnt,0,0.221549844708013,0.221549844708,132547.115474594,132547.115475,0.829857716670433,0.82985771667
8001,M4,log_ridge_smear,ticket,0,0.126512444155042,0.126512444155,4856.36979927866,4856.36979929,0.184878077474549,0.184878077475
8001,M4,log_ridge_smear,amt,1,0.20109862082722,0.201098620827,4442332284.73966,4442332284.74,0.849852800120836,0.849852800121
8001,M4,log_ridge_smear,cnt,1,0.228701645755036,0.228701645755,136825.83930074,136825.839301,0.809022863428052,0.809022863428
8001,M4,log_ridge_smear,ticket,1,0.128901654558213,0.128901654558,4948.08322180857,4948.08322181,0.168596245970238,0.16859624597
8001,M4,log_ridge_smear,amt,2,0.195083344356154,0.195083344356,4309452920.57927,4309452920.58,0.862601184303015,0.862601184303
8001,M4,log_ridge_smear,cnt,2,0.220578494459746,0.22057849446,131965.983613757,131965.983614,0.829927040693233,0.829927040693
8001,M4,log_ridge_smear,ticket,2,0.126190260857392,0.126190260857,4844.00231047556,4844.00231047,0.168687183241303,0.168687183243
8001,M4,log_ridge_smear,amt,3,0.203678271993599,0.203678271994,4499317596.78523,4499317596.79,0.844966427092964,0.844966427092
8001,M4,log_ridge_smear,cnt,3,0.227510183919106,0.227510183919,136113.02079365,136113.020794,0.812742625576432,0.812742625575
8001,M4,log_ridge_smear,ticket,3,0.128025783683515,0.128025783683,4914.46160543429,4914.46160543,0.156853104512282,0.156853104515
8001,M4,log_ridge_smear,amt,4,0.190200671306258,0.190200671307,4201593125.04136,4201593125.05,0.862464321307982,0.862464321307
8001,M4,log_ridge_smear,cnt,4,0.217896203838234,0.217896203838,130361.243672663,130361.243673,0.819727209373617,0.819727209372
8001,M4,log_ridge_smear,ticket,4,0.126803112678911,0.126803112679,4867.52754625247,4867.52754625,0.188188832492524,0.188188832493
8001,M4,log_ridge_smear,amt,5,0.196415774262863,0.196415774263,4338886719.61469,4338886719.62,0.852445394925246,0.852445394925
8001,M4,log_ridge_smear,cnt,5,0.221788130535934,0.221788130536,132689.675263751,132689.675264,0.818000909840806,0.81800090984
8001,M4,log_ridge_smear,ticket,5,0.127998883582614,0.127998883582,4913.42900474049,4913.42900473,0.180459998588841,0.180459998592
8001,M4,log_ridge_smear,amt,6,0.196167638614803,0.196167638615,4333405324.48707,4333405324.49,0.85447689062815,0.854476890627
8001,M4,log_ridge_smear,cnt,6,0.217248182122209,0.217248182122,129973.55028774,129973.550288,0.825860283180973,0.82586028318
8001,M4,log_ridge_smear,ticket,6,0.127054009814424,0.127054009814,4877.15860887062,4877.15860887,0.181130444921967,0.181130444922
8001,M4,log_ridge_smear,amt,7,0.195024676441866,0.195024676442,4308156927.75422,4308156927.76,0.862928369317859,0.862928369317
8001,M4,log_ridge_smear,cnt,7,0.221202309023302,0.221202309024,132339.194532046,132339.194532,0.820417684471034,0.82041768447
8001,M4,log_ridge_smear,ticket,7,0.124587908446921,0.124587908447,4782.49361142242,4782.49361141,0.217218066292896,0.217218066295
8001,M4,log_ridge_smear,amt,8,0.198175737798914,0.198175737799,4377764872.05553,4377764872.06,0.853001572737309,0.853001572737
8001,M4,log_ridge_smear,cnt,8,0.220915336695359,0.220915336696,132167.506962867,132167.506963,0.819078745056851,0.819078745056
8001,M4,log_ridge_smear,ticket,8,0.128099494972458,0.128099494972,4917.29112374676,4917.29112375,0.190199643039036,0.19019964304
8001,M4,log_ridge_smear,amt,9,0.18878612448387,0.188786124484,4170345337.30656,4170345337.3,0.871965362863762,0.871965362864
8001,M4,log_ridge_smear,cnt,9,0.210204768765245,0.210204768766,125759.671804588,125759.671805,0.84474401418142,0.844744014181
8001,M4,log_ridge_smear,ticket,9,0.127290529167541,0.127290529168,4886.23775876052,4886.23775876,0.184028044951263,0.184028044952
8001,M5,log_ridge_smear,amt,0,0.182254327572397,0.182254327573,4026055872.87444,4026055872.88,0.881234432015611,0.881234432015
8001,M5,log_ridge_smear,cnt,0,0.209145506941591,0.209145506942,125125.944891158,125125.944891,0.854273449668674,0.854273449668
8001,M5,log_ridge_smear,ticket,0,0.126180666273842,0.126180666274,4843.63400800463,4843.63400801,0.201356992574078,0.201356992574
8001,M5,log_ridge_smear,amt,1,0.181313034650461,0.18131303465,4005262413.82775,4005262413.82,0.875991331645844,0.875991331646
8001,M5,log_ridge_smear,cnt,1,0.207176239653606,0.207176239654,123947.786996419,123947.786996,0.847757847651487,0.847757847652
8001,M5,log_ridge_smear,ticket,1,0.127246904065906,0.127246904066,4884.56314384429,4884.56314384,0.200625062742838,0.200625062743
8001,M5,log_ridge_smear,amt,2,0.176338676368134,0.176338676368,3895377262.44012,3895377262.44,0.884232355794013,0.884232355794
8001,M5,log_ridge_smear,cnt,2,0.200959744132933,0.200959744133,120228.630475629,120228.630476,0.860336923072171,0.860336923072
8001,M5,log_ridge_smear,ticket,2,0.125580741635777,0.125580741636,4820.60500154127,4820.60500154,0.186826724197949,0.186826724199
8001,M5,log_ridge_smear,amt,3,0.184644763864305,0.184644763865,4078861368.35956,4078861368.37,0.873233135676272,0.873233135676
8001,M5,log_ridge_smear,cnt,3,0.205255210343251,0.205255210344,122798.488543219,122798.488543,0.854315797970471,0.85431579797
8001,M5,log_ridge_smear,ticket,3,0.126921149740807,0.126921149741,4872.05857579993,4872.05857579,0.187164580050444,0.187164580053
8001,M5,log_ridge_smear,amt,4,0.172098661148455,0.172098661149,3801713982.10191,3801713982.11,0.887726371160669,0.88772637116
8001,M5,log_ridge_smear,cnt,4,0.198743440970748,0.198743440971,118902.677882198,118902.677882,0.859906353861921,0.859906353862
8001,M5,log_ridge_smear,ticket,4,0.126481467711669,0.126481467712,4855.180722069,4855.18072207,0.205448400487787,0.205448400488
8001,M5,log_ridge_smear,amt,5,0.182371741065724,0.182371741066,4028649574.16351,4028649574.16,0.87307488139663,0.873074881396
8001,M5,log_ridge_smear,cnt,5,0.204127925706647,0.204127925707,122124.065471077,122124.065471,0.853707529727829,0.853707529727
8001,M5,log_ridge_smear,ticket,5,0.125198715235407,0.125198715235,4805.94034554101,4805.94034554,0.21637997591091,0.216379975913
8001,M5,log_ridge_smear,amt,6,0.17324100673767,0.173241006738,3826948758.30488,3826948758.3,0.885691875835428,0.885691875835
8001,M5,log_ridge_smear,cnt,6,0.192278108782674,0.192278108783,115034.649298184,115034.649298,0.870978436361762,0.870978436362
8001,M5,log_ridge_smear,ticket,6,0.126032790278713,0.126032790279,4837.95756627924,4837.95756628,0.204251142210789,0.204251142211
8001,M5,log_ridge_smear,amt,7,0.17586976144421,0.175869761444,3885018783.119,3885018783.12,0.885357551420761,0.885357551421
8001,M5,log_ridge_smear,cnt,7,0.203861842102134,0.203861842102,121964.875044652,121964.875045,0.852465673905756,0.852465673905
8001,M5,log_ridge_smear,ticket,7,0.125044529038726,0.125044529039,4800.02167727064,4800.02167727,0.222319412951073,0.222319412952
8001,M5,log_ridge_smear,amt,8,0.184057155628834,0.184057155629,4065880916.15916,4065880916.16,0.876180935594277,0.876180935594
8001,M5,log_ridge_smear,cnt,8,0.205563005254272,0.205563005255,122982.633685218,122982.633685,0.849188712482902,0.849188712483
8001,M5,log_ridge_smear,ticket,8,0.126356536854351,0.126356536854,4850.38506385111,4850.38506385,0.222981277723511,0.222981277724
8001,M5,log_ridge_smear,amt,9,0.176305571316165,0.176305571316,3894645961.34743,3894645961.34,0.889576845255463,0.889576845255
8001,M5,log_ridge_smear,cnt,9,0.193592836736641,0.193592836736,115821.214498272,115821.214498,0.872083056278755,0.872083056279
8001,M5,log_ridge_smear,ticket,9,0.125642262116751,0.125642262117,4822.96655741691,4822.96655742,0.211672806858923,0.211672806859
8001,M1,raw_ridge,amt,0,0.304528642440172,0.30452864244,6727134250.72285,6727134250.72,0.672668437589076,0.672668437589
8001,M1,raw_ridge,cnt,0,0.30453317215829,0.304533172158,182193.734277301,182193.734277,0.676677414087814,0.676677414088
8001,M1,raw_ridge,ticket,0,0.141330093634836,0.141330093635,5425.16748483901,5425.16748484,0.0136694347454626,0.0136694347455
8001,M1,raw_ridge,amt,1,0.308344254456642,0.308344254457,6811422329.76127,6811422329.76,0.668395700399343,0.668395700399
8001,M1,raw_ridge,cnt,1,0.30773391631815,0.307733916318,184108.650563164,184108.650563,0.669183685141941,0.669183685142
8001,M1,raw_ridge,ticket,1,0.142035518636704,0.142035518637,5452.24628090219,5452.2462809,-0.001374579927563,-0.00137457992752
8001,M1,raw_ridge,amt,2,0.304293083278492,0.304293083278,6721930674.16626,6721930674.17,0.672173200580863,0.672173200581
8001,M1,raw_ridge,cnt,2,0.304620935592682,0.304620935593,182246.240701254,182246.240701,0.67411721204895,0.674117212049
8001,M1,raw_ridge,ticket,2,0.140672804916744,0.140672804917,5399.93647218038,5399.93647218,0.0272229197461928,0.0272229197462
8001,M1,raw_ridge,amt,3,0.307547679375787,0.307547679376,6793825733.70136,6793825733.7,0.667941280634887,0.667941280635
8001,M1,raw_ridge,cnt,3,0.304588981003397,0.304588981003,182227.123158466,182227.123158,0.674600088461034,0.674600088461
8001,M1,raw_ridge,ticket,3,0.141370698478063,0.141370698478,5426.72616260916,5426.72616261,0.0261508735149822,0.026150873515
8001,M1,raw_ridge,amt,4,0.305153658472762,0.305153658473,6740941053.0203,6740941053.02,0.67353778591196,0.673537785912
8001,M1,raw_ridge,cnt,4,0.305612824328113,0.305612824328,182839.660168221,182839.660168,0.675426962326893,0.675426962327
8001,M1,raw_ridge,ticket,4,0.141658827562244,0.141658827562,5437.78642938416,5437.78642938,0.0155281695240154,0.015528169524
8001,M1,raw_ridge,amt,5,0.304628326519056,0.304628326519,6729336303.62642,6729336303.63,0.674621095443663,0.674621095444
8001,M1,raw_ridge,cnt,5,0.303185592370828,0.303185592371,181387.514738149,181387.514738,0.677506137645425,0.677506137646
8001,M1,raw_ridge,ticket,5,0.142088975852803,0.142088975853,5454.29831626954,5454.29831627,0.0170782403177558,0.0170782403178
8001,M1,raw_ridge,amt,6,0.310148069756923,0.310148069757,6851269181.57549,6851269181.57,0.664868382835555,0.664868382836
8001,M1,raw_ridge,cnt,6,0.311023708401305,0.311023708401,186076.841746994,186076.841747,0.667442617038317,0.667442617038
8001,M1,raw_ridge,ticket,6,0.141611774654542,0.141611774655,5435.98023299406,5435.98023299,0.0158017452684435,0.0158017452685
8001,M1,raw_ridge,amt,7,0.310212552385624,0.310212552386,6852693623.28526,6852693623.29,0.664244660471298,0.664244660471
8001,M1,raw_ridge,cnt,7,0.310043988857624,0.310043988858,185490.702769284,185490.702769,0.668315647266817,0.668315647267
8001,M1,raw_ridge,ticket,7,0.14067389812178,0.140673898122,5399.97843649429,5399.97843649,0.0274654807476957,0.0274654807477
8001,M1,raw_ridge,amt,8,0.305111739554637,0.305111739555,6740015050.83012,6740015050.83,0.672518924030719,0.672518924031
8001,M1,raw_ridge,cnt,8,0.304858546286507,0.304858546287,182388.396576443,182388.396576,0.675943246740094,0.67594324674
8001,M1,raw_ridge,ticket,8,0.141489762181183,0.141489762181,5431.29660131885,5431.29660132,0.0245271527517087,0.0245271527517
8001,M1,raw_ridge,amt,9,0.307874191961744,0.307874191962,6801038500.23355,6801038500.23,0.666777907552298,0.666777907552
8001,M1,raw_ridge,cnt,9,0.307218357779363,0.307218357779,183800.206216183,183800.206216,0.670522075302799,0.670522075303
8001,M1,raw_ridge,ticket,9,0.141267820435532,0.141267820436,5422.77703474197,5422.77703474,0.0279707895231671,0.0279707895232
8001,M2,raw_ridge,amt,0,0.302555041795301,0.302555041795,6683536786.82265,6683536786.82,0.6977940315424,0.697794031542
8001,M2,raw_ridge,cnt,0,0.294824265883483,0.294824265883,176385.165452372,176385.165452,0.716422462725836,0.716422462726
8001,M2,raw_ridge,ticket,0,0.135584663995735,0.135584663996,5204.62055627743,5204.62055627,0.0130757914605623,0.0130757914617
8001,M2,raw_ridge,amt,1,0.301522404641807,0.301522404642,6660725504.74364,6660725504.74,0.699717467185001,0.699717467185
8001,M2,raw_ridge,cnt,1,0.29972531563303,0.299725315633,179317.327323017,179317.327323,0.709661111162745,0.709661111163
8001,M2,raw_ridge,ticket,1,0.13801316311985,0.13801316312,5297.84213525093,5297.84213525,-0.0489820195674926,-0.0489820195675
8001,M2,raw_ridge,amt,2,0.294854868309709,0.29485486831,6513437513.47888,6513437513.48,0.70129396575902,0.701293965759
8001,M2,raw_ridge,cnt,2,0.293832946320812,0.29383294632,175792.086505652,175792.086505,0.712972444487853,0.712972444488
8001,M2,raw_ridge,ticket,2,0.135216010409309,0.135216010409,5190.46923578503,5190.46923578,-0.002886892447417,-0.0028868924458
8001,M2,raw_ridge,amt,3,0.30241371935738,0.302413719357,6680414929.36807,6680414929.36,0.693346228197898,0.693346228198
8001,M2,raw_ridge,cnt,3,0.295550529691584,0.295550529691,176819.668906727,176819.668907,0.712086750893018,0.712086750893
8001,M2,raw_ridge,ticket,3,0.134159393246044,0.134159393246,5149.90940220225,5149.9094022,0.0198837631472394,0.019883763149
8001,M2,raw_ridge,amt,4,0.291882070699298,0.291882070699,6447767471.85254,6447767471.85,0.713582375527837,0.713582375528
8001,M2,raw_ridge,cnt,4,0.290000257035417,0.290000257035,173499.095012207,173499.095012,0.722552481591697,0.722552481592
8001,M2,raw_ridge,ticket,4,0.134968532206708,0.134968532207,5180.96941403139,5180.96941403,0.0243507380606501,0.024350738061
8001,M2,raw_ridge,amt,5,0.294903815431711,0.294903815432,6514518770.92074,6514518770.92,0.709439858983564,0.709439858983
8001,M2,raw_ridge,cnt,5,0.288107165677769,0.288107165678,172366.511059748,172366.51106,0.726457361232974,0.726457361233
8001,M2,raw_ridge,ticket,5,0.13658925911356,0.136589259113,5243.1834456698,5243.18344567,0.0072248907985835,0.0072248908
8001,M2,raw_ridge,amt,6,0.2984182637776,0.298418263777,6592154049.00356,6592154048.99,0.697854738852323,0.697854738852
8001,M2,raw_ridge,cnt,6,0.293587416343725,0.293587416343,175645.192743355,175645.192743,0.710283548485295,0.710283548486
8001,M2,raw_ridge,ticket,6,0.134566519534624,0.134566519535,5165.53755503384,5165.53755503,0.0129647018558384,0.0129647018559
8001,M2,raw_ridge,amt,7,0.302773060148756,0.302773060149,6688352881.36488,6688352881.36,0.696642800014492,0.696642800014
8001,M2,raw_ridge,cnt,7,0.298186537495007,0.298186537495,178396.719123904,178396.719124,0.707884360942517,0.707884360942
8001,M2,raw_ridge,ticket,7,0.133576138847427,0.133576138847,5127.52030786726,5127.52030786,0.0388344172756001,0.0388344172756
8001,M2,raw_ridge,amt,8,0.298511749097307,0.298511749097,6594219169.35185,6594219169.35,0.704556871847055,0.704556871847
8001,M2,raw_ridge,cnt,8,0.29361519184644,0.293615191846,175661.81005478,175661.810055,0.722742465545839,0.722742465546
8001,M2,raw_ridge,ticket,8,0.134421291932488,0.134421291932,5159.96277584319,5159.96277584,0.0368690856846267,0.0368690856858
8001,M2,raw_ridge,amt,9,0.295935500593243,0.295935500593,6537309023.1955,6537309023.19,0.707098120591649,0.707098120592
8001,M2,raw_ridge,cnt,9,0.291307585650066,0.29130758565,174281.2333932,174281.233393,0.723286447078887,0.723286447079
8001,M2,raw_ridge,ticket,9,0.1349074078215,0.134907407821,5178.6230628854,5178.62306288,0.0250031304238332,0.0250031304247
8001,M3,raw_ridge,amt,0,0.228550798742685,0.228550798743,5048759597.5608,5048759597.56,0.815113017496098,0.815113017496
8001,M3,raw_ridge,cnt,0,0.222011501905334,0.222011501905,132823.312146831,132823.312147,0.840329983810512,0.84032998381
8001,M3,raw_ridge,ticket,0,0.136251946015556,0.136251946015,5230.23517680194,5230.2351768,0.0125813799933028,0.0125813799943
8001,M3,raw_ridge,amt,1,0.227849462935479,0.227849462935,5033266867.24777,5033266867.24,0.814206205208076,0.814206205208
8001,M3,raw_ridge,cnt,1,0.223280858913394,0.223280858913,133582.733170788,133582.733171,0.83637195654336,0.836371956543
8001,M3,raw_ridge,ticket,1,0.138475280720268,0.13847528072,5315.58121201428,5315.58121201,-0.0473254574231996,-0.0473254574232
8001,M3,raw_ridge,amt,2,0.22801209334636,0.228012093346,5036859424.57992,5036859424.58,0.820645235010239,0.82064523501
8001,M3,raw_ridge,cnt,2,0.220043500298683,0.220043500299,131645.911474063,131645.911474,0.841624134941866,0.841624134942
8001,M3,raw_ridge,ticket,2,0.135744667765852,0.135744667766,5210.76254082415,5210.76254082,-0.0015000269283242,-0.00150002692677
8001,M3,raw_ridge,amt,3,0.230302103420489,0.23030210342,5087446473.07801,5087446473.08,0.808043672866515,0.808043672866
8001,M3,raw_ridge,cnt,3,0.220385144363077,0.220385144363,131850.307623895,131850.307624,0.836415823172307,0.836415823172
8001,M3,raw_ridge,ticket,3,0.134576433154386,0.134576433154,5165.91810418801,5165.91810418,0.0214429855591526,0.0214429855609
8001,M3,raw_ridge,amt,4,0.223830020598989,0.223830020599,4944476111.82345,4944476111.82,0.822156313275866,0.822156313276
8001,M3,raw_ridge,cnt,4,0.219463370542133,0.219463370542,131298.835961854,131298.835962,0.841651635761275,0.841651635761
8001,M3,raw_ridge,ticket,4,0.135663300483603,0.135663300484,5207.63913573303,5207.63913573,0.0249062133618809,0.0249062133622
8001,M3,raw_ridge,amt,5,0.228785309243653,0.228785309244,5053940008.8698,5053940008.87,0.815371940282952,0.815371940283
8001,M3,raw_ridge,cnt,5,0.219192112403772,0.219192112404,131136.549755623,131136.549756,0.841682270928697,0.841682270929
8001,M3,raw_ridge,ticket,5,0.137049964511233,0.137049964511,5260.86831291402,5260.86831291,0.0087758201259164,0.00877582012724
8001,M3,raw_ridge,amt,6,0.229320218808547,0.229320218808,5065756330.73104,5065756330.73,0.81528901206541,0.815289012065
8001,M3,raw_ridge,cnt,6,0.222871358468441,0.222871358468,133337.740434117,133337.740434,0.836586445624628,0.836586445625
8001,M3,raw_ridge,ticket,6,0.135462287946829,0.135462287947,5199.92296820986,5199.92296821,0.0112271370618593,0.0112271370619
8001,M3,raw_ridge,amt,7,0.228398238755359,0.228398238755,5045389499.07743,5045389499.08,0.817526297184214,0.817526297184
8001,M3,raw_ridge,cnt,7,0.222063198194644,0.222063198195,132854.240600145,132854.2406,0.837480744792513,0.837480744792
8001,M3,raw_ridge,ticket,7,0.133939443720951,0.133939443721,5141.4663099977,5141.46630999,0.0396043313516707,0.0396043313516
8001,M3,raw_ridge,amt,8,0.225886622620026,0.22588662262,4989907102.43559,4989907102.43,0.818606381373778,0.818606381374
8001,M3,raw_ridge,cnt,8,0.219866030114764,0.219866030115,131539.735994715,131539.735995,0.840716490163717,0.840716490164
8001,M3,raw_ridge,ticket,8,0.135717160273761,0.135717160274,5209.70662450906,5209.70662451,0.0355393111458705,0.0355393111471
8001,M3,raw_ridge,amt,9,0.224795933254709,0.224795933255,4965813428.59417,4965813428.59,0.819494989832438,0.819494989832
8001,M3,raw_ridge,cnt,9,0.218861030930569,0.218861030931,130938.472910577,130938.472911,0.844388709238144,0.844388709238
8001,M3,raw_ridge,ticket,9,0.135127097919448,0.135127097919,5187.05619659016,5187.05619659,0.028106447827114,0.0281064478279
8001,M4,raw_ridge,amt,0,0.222376857737738,0.222376857738,4912375283.54843,4912375283.55,0.836050315560092,0.83605031556
8001,M4,raw_ridge,cnt,0,0.219031205737331,0.219031205737,131040.283768502,131040.283769,0.846609763243107,0.846609763243
8001,M4,raw_ridge,ticket,0,0.123921581577857,0.123921581578,4756.91565579138,4756.91565579,0.205175400722371,0.205175400723
8001,M4,raw_ridge,amt,1,0.22385280042232,0.223852800422,4944979325.3423,4944979325.34,0.831915689807447,0.831915689807
8001,M4,raw_ridge,cnt,1,0.222717068497065,0.222717068497,133245.433031783,133245.433032,0.840681394051677,0.840681394052
8001,M4,raw_ridge,ticket,1,0.126111169823277,0.126111169823,4840.96628258096,4840.96628258,0.19834586541538,0.198345865415
8001,M4,raw_ridge,amt,2,0.221867481291761,0.221867481292,4901122996.37837,4901122996.38,0.836058319469227,0.836058319469
8001,M4,raw_ridge,cnt,2,0.216200615525559,0.216200615526,129346.82030363,129346.820304,0.84527668252457,0.845276682525
8001,M4,raw_ridge,ticket,2,0.123443323251623,0.123443323252,4738.55699307415,4738.55699307,0.191096960088594,0.19109696009
8001,M4,raw_ridge,amt,3,0.225293403944051,0.225293403944,4976802713.82588,4976802713.83,0.824822102297397,0.824822102297
8001,M4,raw_ridge,cnt,3,0.217731151923441,0.217731151923,130262.497698645,130262.497699,0.840059073243253,0.840059073243
8001,M4,raw_ridge,ticket,3,0.125691438406813,0.125691438407,4824.85426302163,4824.85426302,0.18002016801481,0.180020168017
8001,M4,raw_ridge,amt,4,0.217056359429439,0.21705635943,4794843789.25654,4794843789.26,0.841940889827195,0.841940889827
8001,M4,raw_ridge,cnt,4,0.217136204298582,0.217136204299,129906.557067598,129906.557068,0.846665296147626,0.846665296148
8001,M4,raw_ridge,ticket,4,0.123993828921319,0.123993828921,4759.68897836222,4759.68897836,0.208250840132583,0.208250840133
8001,M4,raw_ridge,amt,5,0.218438108252771,0.218438108253,4825367058.79485,4825367058.8,0.839851890085235,0.839851890085
8001,M4,raw_ridge,cnt,5,0.214082451992397,0.214082451992,128079.581923057,128079.581923,0.849030712771493,0.849030712772
8001,M4,raw_ridge,ticket,5,0.125054534800323,0.1250545348,4800.40576342725,4800.40576342,0.215549157115474,0.215549157117
8001,M4,raw_ridge,amt,6,0.219831309489625,0.21983130949,4856143315.77839,4856143315.78,0.83715012348373,0.837150123484
8001,M4,raw_ridge,cnt,6,0.217257948445533,0.217257948445,129979.39320759,129979.393208,0.844446961587656,0.844446961588
8001,M4,raw_ridge,ticket,6,0.12468168419573,0.124681684196,4786.09333410156,4786.0933341,0.206142923861538,0.206142923862
8001,M4,raw_ridge,amt,7,0.215905062487833,0.215905062488,4769411274.84157,4769411274.84,0.840699035455615,0.840699035456
8001,M4,raw_ridge,cnt,7,0.215414128162905,0.215414128163,128876.286770129,128876.28677,0.844854362720169,0.84485436272
8001,M4,raw_ridge,ticket,7,0.123166145409215,0.123166145409,4727.9171061295,4727.91710613,0.227041934731751,0.227041934733
8001,M4,raw_ridge,amt,8,0.216281506693285,0.216281506693,4777727046.67734,4777727046.68,0.838420706486956,0.838420706487
8001,M4,raw_ridge,cnt,8,0.2135203425049,0.213520342505,127743.287437061,127743.287437,0.849512409338305,0.849512409338
8001,M4,raw_ridge,ticket,8,0.124487146656979,0.124487146657,4778.62571908293,4778.62571908,0.206552918738453,0.20655291874
8001,M4,raw_ridge,amt,9,0.219855225697517,0.219855225697,4856671632.39244,4856671632.39,0.837458173756609,0.837458173757
8001,M4,raw_ridge,cnt,9,0.21553463903914,0.215534639039,128948.385078522,128948.385078,0.849723939832805,0.849723939833
8001,M4,raw_ridge,ticket,9,0.123608865203139,0.123608865203,4744.91156901507,4744.91156901,0.215391248664131,0.215391248665
8001,M5,raw_ridge,amt,0,0.211464736550061,0.21146473655,4671323067.2398,4671323067.24,0.850643972502709,0.850643972503
8001,M5,raw_ridge,cnt,0,0.204194341691719,0.204194341692,122163.800309321,122163.800309,0.862286315203832,0.862286315204
8001,M5,raw_ridge,ticket,0,0.123416622012627,0.123416622013,4737.5320259926,4737.53202599,0.210573599641451,0.210573599642
8001,M5,raw_ridge,amt,1,0.211378646515149,0.211378646515,4669421311.07702,4669421311.07,0.847632496509861,0.84763249651
8001,M5,raw_ridge,cnt,1,0.202774607207203,0.202774607207,121314.412620017,121314.41262,0.861188844598528,0.861188844599
8001,M5,raw_ridge,ticket,1,0.125455082512404,0.125455082512,4815.78138773924,4815.78138774,0.205403911886633,0.205403911886
8001,M5,raw_ridge,amt,2,0.205993988980091,0.20599398898,4550472519.12681,4550472519.13,0.855517792818496,0.855517792818
8001,M5,raw_ridge,cnt,2,0.200565415711499,0.200565415712,119992.714739016,119992.714739,0.864355650024044,0.864355650024
8001,M5,raw_ridge,ticket,2,0.123366319112489,0.123366319112,4735.60107377146,4735.60107377,0.192386068058095,0.192386068059
8001,M5,raw_ridge,amt,3,0.210287944379261,0.210287944379,4645327355.12964,4645327355.13,0.847784200203465,0.847784200203
8001,M5,raw_ridge,cnt,3,0.199307638988175,0.199307638988,119240.221877613,119240.221878,0.862689156792779,0.862689156793
8001,M5,raw_ridge,ticket,3,0.125045338156227,0.125045338156,4800.0527364587,4800.05273645,0.182441584678149,0.18244158468
8001,M5,raw_ridge,amt,4,0.206814274621692,0.206814274622,4568592888.99011,4568592888.99,0.854432487165756,0.854432487166
8001,M5,raw_ridge,cnt,4,0.201921828296426,0.201921828297,120804.218695439,120804.218695,0.862084416437973,0.862084416438
8001,M5,raw_ridge,ticket,4,0.123927194352459,0.123927194352,4757.13111055753,4757.13111056,0.211411258990143,0.211411258991
8001,M5,raw_ridge,amt,5,0.206185567925754,0.206185567926,4554704558.7693,4554704558.77,0.853463617369343,0.853463617369
8001,M5,raw_ridge,cnt,5,0.19969387242845,0.199693872428,119471.294611949,119471.294612,0.86574118671798,0.865741186718
8001,M5,raw_ridge,ticket,5,0.123928957641807,0.123928957642,4757.19879706213,4757.19879706,0.222419069637576,0.222419069639
8001,M5,raw_ridge,amt,6,0.203916823188172,0.203916823188,4504587268.29693,4504587268.3,0.856254279627139,0.856254279627
8001,M5,raw_ridge,cnt,6,0.198068905301001,0.198068905301,118499.121935555,118499.121936,0.864739797152892,0.864739797153
8001,M5,raw_ridge,ticket,6,0.12470043518495,0.124700435185,4786.81311892878,4786.81311892,0.209247922117778,0.209247922118
8001,M5,raw_ridge,amt,7,0.202870316181357,0.202870316181,4481469596.76116,4481469596.76,0.859567804288098,0.859567804288
8001,M5,raw_ridge,cnt,7,0.196878192449115,0.196878192449,117786.751524806,117786.751525,0.866838922926054,0.866838922926
8001,M5,raw_ridge,ticket,7,0.123017364755321,0.123017364755,4722.20593772144,4722.20593772,0.228591724147116,0.228591724148
8001,M5,raw_ridge,amt,8,0.205675215037154,0.205675215037,4543430701.67216,4543430701.67,0.854381905320882,0.854381905321
8001,M5,raw_ridge,cnt,8,0.198769714260598,0.198769714261,118918.396461411,118918.396461,0.865791769093522,0.865791769094
8001,M5,raw_ridge,ticket,8,0.124337340174911,0.124337340175,4772.87517272277,4772.87517272,0.209067018068245,0.209067018069
8001,M5,raw_ridge,amt,9,0.205100924842759,0.205100924842,4530744449.22113,4530744449.22,0.857785230639394,0.85778523064
8001,M5,raw_ridge,cnt,9,0.194407590350955,0.194407590351,116308.658944655,116308.658945,0.869754786419875,0.86975478642
8001,M5,raw_ridge,ticket,9,0.123718774139902,0.12371877414,4749.13058829599,4749.13058829,0.217908603896507,0.217908603897
8002,M1,log_ridge_smear,amt,0,0.927937257652553,0.927937257652,95869837.7743735,95869837.7744,-0.0485402279115534,-0.0485402279115
8002,M1,log_ridge_smear,cnt,0,0.848185312619381,0.848185312619,1134.88229200806,1134.88229201,-0.0297218621704307,-0.0297218621704
8002,M1,log_ridge_smear,ticket,0,0.293091743247517,0.293091743248,21024.9635345845,21024.9635346,-0.0476302446350121,-0.047630244635
8002,M1,log_ridge_smear,amt,1,0.982779018508788,0.982779018509,101535814.297235,101535814.297,-0.120551525262966,-0.120551525263
8002,M1,log_ridge_smear,cnt,1,0.884160537362384,0.884160537362,1183.01758143645,1183.01758144,-0.0787848922136867,-0.0787848922137
8002,M1,log_ridge_smear,ticket,1,0.306154942666472,0.306154942666,21962.0533631321,21962.0533631,-0.131596229954418,-0.131596229954
8002,M1,log_ridge_smear,amt,2,0.91291133553117,0.912911335531,94317434.6304028,94317434.6304,-0.0193413761917622,-0.0193413761917
8002,M1,log_ridge_smear,cnt,2,0.842891606793842,0.842891606794,1127.7992490561,1127.79924906,-0.0178099730304595,-0.0178099730304
8002,M1,log_ridge_smear,ticket,2,0.297017097458864,0.297017097459,21306.5491850004,21306.549185,-0.0367029132303209,-0.0367029132303
8002,M1,log_ridge_smear,amt,3,0.904212696624348,0.904212696624,93418734.7517445,93418734.7517,-0.0192005684485512,-0.0192005684486
8002,M1,log_ridge_smear,cnt,3,0.834380508528433,0.834380508528,1116.4112957831,1116.41129578,-0.0112685909560475,-0.0112685909561
8002,M1,log_ridge_smear,ticket,3,0.287990606832878,0.287990606833,20659.033038166,20659.0330382,-0.0173443596995244,-0.0173443596995
8002,M1,log_ridge_smear,amt,4,0.906028301293382,0.906028301293,93606313.9481257,93606313.9481,-0.0439214783307256,-0.0439214783307
8002,M1,log_ridge_smear,cnt,4,0.836302783927577,0.836302783928,1118.98332370954,1118.98332371,-0.0339205596539345,-0.0339205596539
8002,M1,log_ridge_smear,ticket,4,0.306703474227525,0.306703474228,22001.4023258184,22001.4023258,-0.0955096725146454,-0.0955096725146
8002,M1,log_ridge_smear,amt,5,0.909095866937847,0.909095866938,93923239.4926837,93923239.4927,-0.0314441642270407,-0.031444164227
8002,M1,log_ridge_smear,cnt,5,0.842398566321662,0.842398566322,1127.13955489163,1127.13955489,-0.0340985657647548,-0.0340985657648
8002,M1,log_ridge_smear,ticket,5,0.292105481060794,0.292105481061,20954.2139246445,20954.2139246,-0.0258587838946722,-0.0258587838946
8002,M1,log_ridge_smear,amt,6,0.910719192022764,0.910719192023,94090953.3238319,94090953.3238,-0.0272732888552367,-0.0272732888552
8002,M1,log_ridge_smear,cnt,6,0.837539076745135,0.837539076745,1120.63749857617,1120.63749858,-0.013444278242182,-0.0134442782422
8002,M1,log_ridge_smear,ticket,6,0.300241016648996,0.300241016649,21537.8173287562,21537.8173288,-0.0728097811787167,-0.0728097811787
8002,M1,log_ridge_smear,amt,7,0.913041515571806,0.913041515572,94330884.1813011,94330884.1813,-0.0301346440678152,-0.0301346440678
8002,M1,log_ridge_smear,cnt,7,0.842018786421966,0.842018786422,1126.63140475438,1126.63140475,-0.0268430963138502,-0.0268430963138
8002,M1,log_ridge_smear,ticket,7,0.295995831140742,0.295995831141,21233.2885504302,21233.2885504,-0.0598672307910297,-0.0598672307909
8002,M1,log_ridge_smear,amt,8,0.898608637063945,0.898608637064,92839751.3382615,92839751.3383,-0.0080337581637124,-0.00803375816369
8002,M1,log_ridge_smear,cnt,8,0.836361334704882,0.836361334705,1119.0616653636,1119.06166536,-0.0141319028095681,-0.0141319028095
8002,M1,log_ridge_smear,ticket,8,0.294016519489812,0.29401651949,21091.302444567,21091.3024446,-0.055013370721396,-0.0550133707215
8002,M1,log_ridge_smear,amt,9,0.8989234401125,0.898923440112,92872275.2152229,92872275.2152,-0.0091482132942684,-0.00914821329419
8002,M1,log_ridge_smear,cnt,9,0.827849757970672,0.827849757971,1107.67307189351,1107.67307189,-0.008443305743268,-0.00844330574322
8002,M1,log_ridge_smear,ticket,9,0.291162628132659,0.291162628133,20886.5782819175,20886.5782819,-0.0316212735990635,-0.031621273599
8002,M2,log_ridge_smear,amt,0,1.07916035944107,1.07916035944,111493452.535654,111493452.536,-0.401230361837138,-0.401230361831
8002,M2,log_ridge_smear,cnt,0,0.956696337938836,0.95669633794,1280.07136719067,1280.07136719,-0.256649790186104,-0.256649790185
8002,M2,log_ridge_smear,ticket,0,0.3070699141484,0.307069914148,22027.6889277153,22027.6889277,-0.195579945076948,-0.195579945074
8002,M2,log_ridge_smear,amt,1,1.05009512495995,1.05009512496,108490577.835238,108490577.835,-0.259196654396798,-0.259196654395
8002,M2,log_ridge_smear,cnt,1,0.929248785628677,0.929248785629,1243.34620747343,1243.34620747,-0.15760580379809,-0.157605803797
8002,M2,log_ridge_smear,ticket,1,0.314850722590434,0.314850722591,22585.8459469159,22585.845947,-0.14565059280216,-0.145650592806
8002,M2,log_ridge_smear,amt,2,0.963323605459563,0.963323605461,99525778.2980547,99525778.2982,-0.15636017009085,-0.156360170092
8002,M2,log_ridge_smear,cnt,2,0.86017663536498,0.860176635366,1150.92682807731,1150.92682808,-0.0853830760609087,-0.0853830760615
8002,M2,log_ridge_smear,ticket,2,0.316666378827021,0.316666378828,22716.0922163693,22716.0922165,-0.210607753947281,-0.210607753955
8002,M2,log_ridge_smear,amt,3,0.982750578640935,0.982750578643,101532876.032288,101532876.032,-0.174442989414594,-0.174442989415
8002,M2,log_ridge_smear,cnt,3,0.88899229995701,0.888992299959,1189.48253871199,1189.48253871,-0.101193071412343,-0.101193071414
8002,M2,log_ridge_smear,ticket,3,0.310224294452616,0.310224294453,22253.9686930048,22253.968693,-0.16347835147019,-0.163478351471
8002,M2,log_ridge_smear,amt,4,1.00612108440737,1.00612108441,103947399.835547,103947399.836,-0.220291534633961,-0.220291534636
8002,M2,log_ridge_smear,cnt,4,0.88933937901012,0.889339379012,1189.94693471772,1189.94693472,-0.109283650619502,-0.109283650623
8002,M2,log_ridge_smear,ticket,4,0.325320764571278,0.325320764572,23336.9153848117,23336.9153849,-0.235469182212033,-0.235469182217
8002,M2,log_ridge_smear,amt,5,0.983376298449696,0.983376298451,101597522.27433,101597522.275,-0.205719387444787,-0.205719387447
8002,M2,log_ridge_smear,cnt,5,0.899243736708475,0.89924373671,1203.19908610297,1203.1990861,-0.139732746815563,-0.139732746818
8002,M2,log_ridge_smear,ticket,5,0.314234062649595,0.31423406265,22541.6097885522,22541.6097886,-0.232311390615751,-0.23231139062
8002,M2,log_ridge_smear,amt,6,1.01827349842719,1.01827349843,105202926.490006,105202926.49,-0.231264305720145,-0.231264305724
8002,M2,log_ridge_smear,cnt,6,0.906426614376466,0.906426614378,1212.80986401881,1212.80986402,-0.148252272259801,-0.148252272263
8002,M2,log_ridge_smear,ticket,6,0.326586300503885,0.326586300505,23427.6987229568,23427.698723,-0.198501234750077,-0.198501234756
8002,M2,log_ridge_smear,amt,7,1.06110681599836,1.061106816,109628250.69487,109628250.695,-0.326288051126155,-0.326288051119
8002,M2,log_ridge_smear,cnt,7,0.955580151568558,0.955580151569,1278.57789621521,1278.57789622,-0.222692928165696,-0.222692928164
8002,M2,log_ridge_smear,ticket,7,0.311293336333109,0.311293336334,22330.6565119971,22330.656512,-0.137965670196448,-0.137965670199
8002,M2,log_ridge_smear,amt,8,0.950915859416997,0.950915859418,98243872.015667,98243872.0158,-0.126572962487514,-0.126572962487
8002,M2,log_ridge_smear,cnt,8,0.877943208885403,0.877943208885,1174.69872011317,1174.69872011,-0.0773663180547195,-0.0773663180538
8002,M2,log_ridge_smear,ticket,8,0.306588201367211,0.306588201367,21993.1332164338,21993.1332164,-0.151358500455721,-0.151358500457
8002,M2,log_ridge_smear,amt,9,1.0037134397521,1.00371343975,103698654.027989,103698654.028,-0.16193216189837,-0.161932161897
8002,M2,log_ridge_smear,cnt,9,0.892463501843524,0.892463501845,1194.12704916788,1194.12704917,-0.085528770647153,-0.0855287706479
8002,M2,log_ridge_smear,ticket,9,0.3035265331137,0.303526533113,21773.5041587476,21773.5041587,-0.167550579976369,-0.167550579974
8002,M3,log_ridge_smear,amt,0,1.00764304148805,1.00764304149,104104640.831338,104104640.832,-0.259004288934293,-0.259004288935
8002,M3,log_ridge_smear,cnt,0,0.898772775670443,0.898772775674,1202.56893449066,1202.56893449,-0.138838814333593,-0.138838814337
8002,M3,log_ridge_smear,ticket,0,0.303197133561261,0.30319713356,21749.8746511347,21749.874651,-0.205936865283155,-0.20593686528
8002,M3,log_ridge_smear,amt,1,0.963289090663403,0.963289090664,99522212.4018894,99522212.402,-0.164753498017141,-0.164753498018
8002,M3,log_ridge_smear,cnt,1,0.867650471882391,0.867650471883,1160.92691248196,1160.92691248,-0.111492398820421,-0.111492398821
8002,M3,log_ridge_smear,ticket,1,0.291889140000123,0.291889140001,20938.694678482,20938.6946785,-0.0568396414289565,-0.0568396414326
8002,M3,log_ridge_smear,amt,2,0.908249699438842,0.908249699442,93835817.697524,93835817.6979,-0.110046429964472,-0.110046429969
8002,M3,log_ridge_smear,cnt,2,0.795755089281835,0.795755089285,1064.73001378945,1064.73001379,-0.0346475829798647,-0.034647582985
8002,M3,log_ridge_smear,ticket,2,0.314325360509551,0.31432536051,22548.1590490503,22548.1590491,-0.207207509642614,-0.207207509649
8002,M3,log_ridge_smear,amt,3,0.933995353488108,0.933995353492,96495729.9456239,96495729.946,-0.182793955333864,-0.182793955338
8002,M3,log_ridge_smear,cnt,3,0.857802601517626,0.857802601521,1147.75034183792,1147.75034184,-0.182869789693723,-0.182869789704
8002,M3,log_ridge_smear,ticket,3,0.305506116439032,0.30550611644,21915.5097531994,21915.5097532,-0.19136312868347,-0.191363128686
8002,M3,log_ridge_smear,amt,4,1.00947309480457,1.00947309481,104293712.789734,104293712.79,-0.340238369811246,-0.340238369824
8002,M3,log_ridge_smear,cnt,4,0.880921363884289,0.88092136389,1178.68352782064,1178.68352783,-0.315302428098069,-0.315302428124
8002,M3,log_ridge_smear,ticket,4,0.314101448408552,0.314101448409,22532.0966936039,22532.0966936,-0.215352716132931,-0.215352716138
8002,M3,log_ridge_smear,amt,5,0.91152595473205,0.911525954735,94174304.0131417,94174304.0134,-0.134765559717985,-0.134765559721
8002,M3,log_ridge_smear,cnt,5,0.833082639664632,0.833082639666,1114.67473141566,1114.67473142,-0.0569806677034701,-0.0569806677079
8002,M3,log_ridge_smear,ticket,5,0.310489175270047,0.310489175271,22272.9699431451,22272.9699432,-0.239459285637718,-0.239459285641
8002,M3,log_ridge_smear,amt,6,0.921768506335062,0.92176850634,95232513.232007,95232513.2326,-0.107923528288467,-0.107923528296
8002,M3,log_ridge_smear,cnt,6,0.824923939374811,0.82492393938,1103.75829093154,1103.75829094,-0.0418221312414537,-0.0418221312503
8002,M3,log_ridge_smear,ticket,6,0.309350559769734,0.30935055977,22191.2912540468,22191.291254,-0.124662920299315,-0.124662920302
8002,M3,log_ridge_smear,amt,7,1.11576888714383,1.11576888714,115275662.575265,115275662.575,-0.693634330498306,-0.693634330487
8002,M3,log_ridge_smear,cnt,7,0.992986840265341,0.992986840267,1328.62850187064,1328.62850187,-0.564370246251613,-0.56437024625
8002,M3,log_ridge_smear,ticket,7,0.303735150507095,0.303735150507,21788.4693469177,21788.4693469,-0.159943260040063,-0.159943260038
8002,M3,log_ridge_smear,amt,8,0.924884048506856,0.924884048508,95554395.4714858,95554395.4716,-0.105863271342153,-0.105863271341
8002,M3,log_ridge_smear,cnt,8,0.848439259772282,0.848439259773,1135.22207639555,1135.2220764,-0.0404772844055143,-0.0404772844068
8002,M3,log_ridge_smear,ticket,8,0.291060445529565,0.291060445529,20879.2482033554,20879.2482033,-0.0932298140115153,-0.0932298140121
8002,M3,log_ridge_smear,amt,9,0.995898096958765,0.995898096965,102891211.887295,102891211.888,-0.241856569478322,-0.241856569492
8002,M3,log_ridge_smear,cnt,9,0.902522320986672,0.902522320992,1207.58587184994,1207.58587186,-0.225073067484039,-0.225073067505
8002,M3,log_ridge_smear,ticket,9,0.292891710030469,0.29289171003,21010.6141331052,21010.6141331,-0.117381572043744,-0.117381572045
8002,M4,log_ridge_smear,amt,0,1.31445493386401,1.31445493387,135802911.49216,135802911.493,-2.18333379784046,-2.18333379792
8002,M4,log_ridge_smear,cnt,0,1.04399250382311,1.04399250384,1396.87470173122,1396.87470175,-0.641889922465958,-0.641889922507
8002,M4,log_ridge_smear,ticket,0,0.358788281724031,0.358788281723,25737.7108488296,25737.7108488,-0.916960396014584,-0.916960396009
8002,M4,log_ridge_smear,amt,1,0.93711048719347,0.937110487195,96817569.9843934,96817569.9845,-0.165307334692588,-0.165307334693
8002,M4,log_ridge_smear,cnt,1,0.86363498456014,0.863634984562,1155.55414147542,1155.55414148,-0.210861180402488,-0.210861180408
8002,M4,log_ridge_smear,ticket,1,0.303896545915816,0.303896545916,21800.0470616135,21800.0470616,-0.209111700471555,-0.209111700471
8002,M4,log_ridge_smear,amt,2,1.0745930929466,1.07459309295,111021585.397778,111021585.399,-0.835007962996929,-0.835007963023
8002,M4,log_ridge_smear,cnt,2,0.959833829247709,0.959833829255,1284.26936882403,1284.26936883,-0.955533917059889,-0.955533917098
8002,M4,log_ridge_smear,ticket,2,0.330893670227131,0.330893670227,23736.6882917443,23736.6882917,-0.554308925997466,-0.554308925999
8002,M4,log_ridge_smear,amt,3,1.26420144983918,1.26420144985,130610972.790135,130610972.792,-2.28222918681327,-2.28222918695
8002,M4,log_ridge_smear,cnt,3,1.02096359496417,1.02096359498,1366.06174083761,1366.06174085,-1.5564228500701,-1.55642285019
8002,M4,log_ridge_smear,ticket,3,0.375036060677705,0.375036060679,26903.2467872831,26903.2467874,-1.25985781177699,-1.25985781179
8002,M4,log_ridge_smear,amt,4,1.10530819988405,1.10530819988,114194916.671021,114194916.671,-1.06662343149099,-1.06662343149
8002,M4,log_ridge_smear,cnt,4,0.938307086621793,0.938307086628,1255.46632466931,1255.46632468,-0.908304381376283,-0.908304381425
8002,M4,log_ridge_smear,ticket,4,0.33736433361227,0.337364333613,24200.861933109,24200.8619331,-0.596692606370154,-0.596692606379
8002,M4,log_ridge_smear,amt,5,1.03932237158545,1.03932237159,107377590.82035,107377590.821,-0.501150935741166,-0.501150935754
8002,M4,log_ridge_smear,cnt,5,0.893690927258931,0.893690927261,1195.76935934229,1195.76935934,-0.265689645700173,-0.2656896457
8002,M4,log_ridge_smear,ticket,5,0.330413668931442,0.330413668932,23702.2553540348,23702.2553541,-0.586737499990556,-0.586737499999
8002,M4,log_ridge_smear,amt,6,1.02554742561694,1.02554742563,105954432.277614,105954432.278,-0.573055252744214,-0.573055252766
8002,M4,log_ridge_smear,cnt,6,0.899434263066121,0.899434263075,1203.45401269299,1203.4540127,-0.315099084311219,-0.315099084335
8002,M4,log_ridge_smear,ticket,6,0.318650550263964,0.318650550264,22858.4269394354,22858.4269395,-0.19906541563391,-0.199065415639
8002,M4,log_ridge_smear,amt,7,1.24494360774955,1.24494360775,128621348.834645,128621348.835,-1.7661426762954,-1.76614267631
8002,M4,log_ridge_smear,cnt,7,1.0541718549754,1.05417185498,1410.49479771141,1410.49479772,-1.33232464475416,-1.33232464477
8002,M4,log_ridge_smear,ticket,7,0.352998663772757,0.352998663772,25322.3920651751,25322.3920651,-0.859648476927793,-0.859648476924
8002,M4,log_ridge_smear,amt,8,0.991644267908884,0.991644267911,102451727.539006,102451727.539,-0.562531534502451,-0.562531534507
8002,M4,log_ridge_smear,cnt,8,0.892167299344993,0.892167299348,1193.73072661262,1193.73072662,-0.379822740941351,-0.379822740949
8002,M4,log_ridge_smear,ticket,8,0.315663160306013,0.315663160306,22644.1262422081,22644.1262422,-0.414918724452196,-0.414918724458
8002,M4,log_ridge_smear,amt,9,1.28098958953802,1.28098958957,132345439.44312,132345439.446,-2.58130301286525,-2.58130301331
8002,M4,log_ridge_smear,cnt,9,1.09837370568977,1.09837370572,1469.6374130142,1469.63741305,-2.0135575547652,-2.01355755514
8002,M4,log_ridge_smear,ticket,9,0.346412567411056,0.346412567411,24849.9378284719,24849.9378285,-1.00772132483055,-1.00772132484
8002,M5,log_ridge_smear,amt,0,1.36829753824095,1.36829753825,141365660.163364,141365660.165,-2.34671498137146,-2.34671498147
8002,M5,log_ridge_smear,cnt,0,1.08138052244696,1.08138052246,1446.90032660138,1446.90032662,-0.778511868569449,-0.778511868619
8002,M5,log_ridge_smear,ticket,0,0.366898963216183,0.366898963215,26319.5313420432,26319.531342,-0.978383760378712,-0.978383760373
8002,M5,log_ridge_smear,amt,1,0.968500239068772,0.968500239069,100060602.19939,100060602.199,-0.208590961063463,-0.208590961062
8002,M5,log_ridge_smear,cnt,1,0.902583382044916,0.902583382045,1207.66757229051,1207.66757229,-0.322741932296662,-0.322741932297
8002,M5,log_ridge_smear,ticket,1,0.301568076262307,0.301568076263,21633.014073874,21633.0140739,-0.234899773317667,-0.234899773321
8002,M5,log_ridge_smear,amt,2,1.10054399441472,1.10054399442,113702702.782957,113702702.783,-0.881772950825628,-0.881772950849
8002,M5,log_ridge_smear,cnt,2,0.966211561870621,0.966211561877,1292.80285285072,1292.80285286,-0.991561528684236,-0.991561528719
8002,M5,log_ridge_smear,ticket,2,0.338872595681199,0.338872595681,24309.0572532789,24309.0572532,-0.622775490525032,-0.622775490526
8002,M5,log_ridge_smear,amt,3,1.27427902532064,1.27427902533,131652137.501002,131652137.502,-2.34671816494533,-2.34671816507
8002,M5,log_ridge_smear,cnt,3,1.03848786149487,1.03848786151,1389.50942316626,1389.50942318,-1.73964709456009,-1.73964709465
8002,M5,log_ridge_smear,ticket,3,0.378549103800981,0.378549103803,27155.2552633456,27155.2552635,-1.39027862932256,-1.39027862934
8002,M5,log_ridge_smear,amt,4,1.13530249825218,1.13530249825,117293777.606924,117293777.607,-1.1532433042068,-1.15324330421
8002,M5,log_ridge_smear,cnt,4,0.965765409935248,0.96576540994,1292.20589612031,1292.20589613,-1.23529041234549,-1.23529041239
8002,M5,log_ridge_smear,ticket,4,0.339800105447712,0.339800105448,24375.592252876,24375.5922529,-0.667240460993265,-0.667240461004
8002,M5,log_ridge_smear,amt,5,1.04441115232362,1.04441115233,107903338.202315,107903338.203,-0.480147389085493,-0.480147389094
8002,M5,log_ridge_smear,cnt,5,0.895274025592137,0.895274025593,1197.8875642182,1197.88756422,-0.277875974472463,-0.277875974471
8002,M5,log_ridge_smear,ticket,5,0.337946400251412,0.337946400252,24242.6165377493,24242.6165378,-0.678649123437736,-0.678649123447
8002,M5,log_ridge_smear,amt,6,1.03909613104136,1.03909613105,107354216.778538,107354216.779,-0.607600159571538,-0.607600159593
8002,M5,log_ridge_smear,cnt,6,0.921756293891895,0.9217562939,1233.32116215777,1233.32116217,-0.378025210042641,-0.378025210066
8002,M5,log_ridge_smear,ticket,6,0.324917826845069,0.324917826846,23308.0106094455,23308.0106095,-0.267582874391326,-0.267582874395
8002,M5,log_ridge_smear,amt,7,1.27632164992765,1.27632164993,131863171.262275,131863171.263,-2.13832684979505,-2.13832684982
8002,M5,log_ridge_smear,cnt,7,1.0592043179293,1.05920431793,1417.22829451523,1417.22829452,-1.29113695739876,-1.29113695741
8002,M5,log_ridge_smear,ticket,7,0.360695875956647,0.360695875956,25874.5522990019,25874.552299,-0.965777026099523,-0.965777026097
8002,M5,log_ridge_smear,amt,8,0.992081269945827,0.992081269948,102496876.404453,102496876.405,-0.472450029497991,-0.472450029504
8002,M5,log_ridge_smear,cnt,8,0.899553853649955,0.899553853653,1203.61402635259,1203.61402636,-0.387368684560429,-0.38736868457
8002,M5,log_ridge_smear,ticket,8,0.322926458584379,0.322926458585,23165.1596215568,23165.1596216,-0.490152351657041,-0.490152351662
8002,M5,log_ridge_smear,amt,9,1.29845113370688,1.29845113374,134149478.878927,134149478.882,-3.11587799460517,-3.11587799517
8002,M5,log_ridge_smear,cnt,9,1.13337476923804,1.13337476927,1516.46926288402,1516.46926293,-2.651997478193,-2.65199747871
8002,M5,log_ridge_smear,ticket,9,0.347662031931627,0.347662031931,24939.5682823758,24939.5682823,-1.1167765860973,-1.11677658611
8002,M1,raw_ridge,amt,0,0.943363381802657,0.943363381803,97463587.7909415,97463587.7909,-0.0673868193399552,-0.0673868193399
8002,M1,raw_ridge,cnt,0,0.86306347511812,0.863063475118,1154.78945487238,1154.78945487,-0.0410994496197503,-0.0410994496197
8002,M1,raw_ridge,ticket,0,0.291478534625847,0.291478534626,20909.2398636667,20909.2398637,-0.0332190426551553,-0.0332190426552
8002,M1,raw_ridge,amt,1,0.991276885268125,0.991276885268,102413771.401476,102413771.401,-0.129891460901502,-0.129891460901
8002,M1,raw_ridge,cnt,1,0.907185378979354,0.907185378979,1213.8251003107,1213.82510031,-0.113931241710637,-0.113931241711
8002,M1,raw_ridge,ticket,1,0.298361904129413,0.298361904129,21403.0190169243,21403.0190169,-0.0829823889725023,-0.0829823889724
8002,M1,raw_ridge,amt,2,0.919309652651127,0.919309652651,94978476.7636512,94978476.7636,-0.027856237198207,-0.0278562371981
8002,M1,raw_ridge,cnt,2,0.854296666690786,0.854296666691,1143.0593582843,1143.05935828,-0.0284174997257791,-0.0284174997257
8002,M1,raw_ridge,ticket,2,0.294686421651964,0.294686421652,21139.3579386417,21139.3579386,-0.0259020814238093,-0.0259020814238
8002,M1,raw_ridge,amt,3,0.914962364522201,0.914962364522,94529336.6906112,94529336.6906,-0.0293620452777688,-0.0293620452778
8002,M1,raw_ridge,cnt,3,0.845247702311871,0.845247702312,1130.95173359209,1130.95173359,-0.0256094743627033,-0.0256094743628
8002,M1,raw_ridge,ticket,3,0.287688836975637,0.287688836976,20637.3855493148,20637.3855493,-0.0098457895298618,-0.00984578952987
8002,M1,raw_ridge,amt,4,0.912659602583193,0.912659602583,94291426.8408825,94291426.8409,-0.0378057446671178,-0.0378057446671
8002,M1,raw_ridge,cnt,4,0.845830559660213,0.84583055966,1131.73160383219,1131.73160383,-0.0325133300076645,-0.0325133300076
8002,M1,raw_ridge,ticket,4,0.303223508600613,0.303223508601,21751.7666670423,21751.766667,-0.0784812095671699,-0.0784812095671
8002,M1,raw_ridge,amt,5,0.914217330301349,0.914217330301,94452363.4800838,94452363.4801,-0.0431153485991103,-0.0431153485991
8002,M1,raw_ridge,cnt,5,0.850535684041927,0.850535684042,1138.02711763449,1138.02711763,-0.0487567908597391,-0.0487567908598
8002,M1,raw_ridge,ticket,5,0.289685922743968,0.289685922744,20780.6466831473,20780.6466831,-0.007691733192614,-0.00769173319258
8002,M1,raw_ridge,amt,6,0.91017710341384,0.910177103414,94034947.4392008,94034947.4392,-0.0247911961417653,-0.0247911961418
8002,M1,raw_ridge,cnt,6,0.842795312875719,0.842795312876,1127.67040661933,1127.67040662,-0.015727751935833,-0.0157277519358
8002,M1,raw_ridge,ticket,6,0.298164276074096,0.298164276074,21388.842149946,21388.8421499,-0.0609226651070964,-0.0609226651071
8002,M1,raw_ridge,amt,7,0.913115249854002,0.913115249854,94338502.0386662,94338502.0387,-0.0304511831752152,-0.0304511831752
8002,M1,raw_ridge,cnt,7,0.848235534842933,0.848235534843,1134.94948995564,1134.94948996,-0.0338287796589696,-0.0338287796589
8002,M1,raw_ridge,ticket,7,0.294830220527156,0.294830220527,21149.6733643638,21149.6733644,-0.0589715021435249,-0.0589715021434
8002,M1,raw_ridge,amt,8,0.905749711250248,0.90574971125,93577531.4178193,93577531.4178,-0.0120899362749922,-0.012089936275
8002,M1,raw_ridge,cnt,8,0.848331268903742,0.848331268904,1135.07758329649,1135.0775833,-0.0219350847108242,-0.0219350847108
8002,M1,raw_ridge,ticket,8,0.293265849482087,0.293265849482,21037.4530615579,21037.4530616,-0.0444830461106698,-0.0444830461107
8002,M1,raw_ridge,amt,9,0.902377632962724,0.902377632963,93229145.1495438,93229145.1495,-0.0142278092709809,-0.0142278092709
8002,M1,raw_ridge,cnt,9,0.836639183154022,0.836639183154,1119.43342997695,1119.43342998,-0.0185447574334756,-0.0185447574334
8002,M1,raw_ridge,ticket,9,0.290307400928643,0.290307400929,20825.2284786819,20825.2284787,-0.0216207448791546,-0.0216207448792
8002,M2,raw_ridge,amt,0,1.04812971921704,1.04812971922,108287521.940908,108287521.941,-0.260622239200333,-0.260622239202
8002,M2,raw_ridge,cnt,0,0.947491379728277,0.947491379729,1267.75502084936,1267.75502085,-0.151346461356916,-0.151346461358
8002,M2,raw_ridge,ticket,0,0.285310829311464,0.285310829311,20466.7989477606,20466.7989477,-0.107083020114929,-0.107083020115
8002,M2,raw_ridge,amt,1,0.98703610105667,0.987036101057,101975634.78067,101975634.781,-0.141476962592884,-0.141476962595
8002,M2,raw_ridge,cnt,1,0.917460790589399,0.91746079059,1227.57372635484,1227.57372636,-0.104768620880081,-0.10476862088
8002,M2,raw_ridge,ticket,1,0.289267739024695,0.289267739025,20750.6482350469,20750.6482351,-0.0363875115746803,-0.0363875115766
8002,M2,raw_ridge,amt,2,0.974151893465259,0.974151893466,100644502.873363,100644502.873,-0.14529664450859,-0.14529664451
8002,M2,raw_ridge,cnt,2,0.897088504127025,0.897088504128,1200.31535862567,1200.31535863,-0.102956893683539,-0.102956893684
8002,M2,raw_ridge,ticket,2,0.293483875823083,0.293483875823,21053.0932014617,21053.0932015,-0.0851831105172367,-0.0851831105207
8002,M2,raw_ridge,amt,3,0.945447448866834,0.945447448868,97678903.1796769,97678903.1798,-0.09111902374073,-0.0911190237424
8002,M2,raw_ridge,cnt,3,0.879041427919621,0.879041427921,1176.16815057387,1176.16815058,-0.0663132822862409,-0.0663132822873
8002,M2,raw_ridge,ticket,3,0.282519681251491,0.282519681252,20266.5756813856,20266.5756814,-0.006588032334778,-0.00658803233663
8002,M2,raw_ridge,amt,4,0.956935103821126,0.956935103822,98865750.2512797,98865750.2514,-0.097088528078104,-0.0970885280799
8002,M2,raw_ridge,cnt,4,0.872271417683401,0.872271417684,1167.1097943167,1167.10979432,-0.0320201322615983,-0.0320201322624
8002,M2,raw_ridge,ticket,4,0.302767307686804,0.302767307687,21719.0410519465,21719.041052,-0.141172989974874,-0.141172989977
8002,M2,raw_ridge,amt,5,0.981411732521992,0.981411732523,101394553.14551,101394553.146,-0.17088480059186,-0.170884800594
8002,M2,raw_ridge,cnt,5,0.895722680587951,0.895722680589,1198.487870074,1198.48787008,-0.112756316631446,-0.112756316633
8002,M2,raw_ridge,ticket,5,0.305215279179513,0.30521527918,21894.6465152653,21894.6465153,-0.168450407975474,-0.168450407977
8002,M2,raw_ridge,amt,6,0.982407943601788,0.982407943604,101497476.693219,101497476.693,-0.148689763118584,-0.148689763122
8002,M2,raw_ridge,cnt,6,0.893063383680087,0.893063383682,1194.92969838083,1194.92969838,-0.0766689298326384,-0.0766689298353
8002,M2,raw_ridge,ticket,6,0.300154390410023,0.30015439041,21531.603187425,21531.6031874,-0.0757234443202239,-0.0757234443221
8002,M2,raw_ridge,amt,7,0.969129405142499,0.969129405144,100125604.492297,100125604.492,-0.126178336176692,-0.126178336179
8002,M2,raw_ridge,cnt,7,0.912362430634805,0.912362430636,1220.75205856047,1220.75205856,-0.11040617994385,-0.110406179946
8002,M2,raw_ridge,ticket,7,0.282688031966121,0.282688031966,20278.6523355993,20278.6523356,-0.0293547745348237,-0.0293547745363
8002,M2,raw_ridge,amt,8,0.948957971636613,0.948957971638,98041592.8396367,98041592.8397,-0.0886116629722051,-0.0886116629741
8002,M2,raw_ridge,cnt,8,0.885014173707591,0.885014173709,1184.15975727653,1184.15975728,-0.0480738945300658,-0.0480738945309
8002,M2,raw_ridge,ticket,8,0.288655759376268,0.288655759376,20706.7478178959,20706.7478179,-0.04480725280119,-0.0448072528015
8002,M2,raw_ridge,amt,9,0.949540768776042,0.949540768777,98101804.5260968,98101804.5262,-0.071837199676801,-0.0718371996771
8002,M2,raw_ridge,cnt,9,0.879509102678709,0.87950910268,1176.79390510488,1176.79390511,-0.0481455859387241,-0.0481455859394
8002,M2,raw_ridge,ticket,9,0.288509489552199,0.288509489552,20696.2551384257,20696.2551384,-0.055700340146581,-0.0557003401476
8002,M3,raw_ridge,amt,0,1.04767821240763,1.04767821241,108240874.514894,108240874.515,-0.262751734940794,-0.262751734943
8002,M3,raw_ridge,cnt,0,0.933628894250716,0.933628894252,1249.20684622568,1249.20684623,-0.130120786855795,-0.130120786858
8002,M3,raw_ridge,ticket,0,0.288196303099308,0.288196303099,20673.7886790209,20673.788679,-0.121425528080096,-0.12142552808
8002,M3,raw_ridge,amt,1,0.976637304630443,0.976637304631,100901283.127894,100901283.128,-0.119803278097831,-0.1198032781
8002,M3,raw_ridge,cnt,1,0.896054700139655,0.89605470014,1198.9321162832,1198.93211628,-0.0770974749605846,-0.0770974749607
8002,M3,raw_ridge,ticket,1,0.284125147198996,0.284125147199,20381.7439308501,20381.7439309,-0.0265675218140198,-0.0265675218159
8002,M3,raw_ridge,amt,2,0.954477614209916,0.954477614211,98611854.7120975,98611854.7122,-0.122549280673242,-0.122549280675
8002,M3,raw_ridge,cnt,2,0.878840791603955,0.878840791605,1175.89969673672,1175.89969674,-0.0660637962825397,-0.0660637962838
8002,M3,raw_ridge,ticket,2,0.291341463175273,0.291341463176,20899.407030377,20899.4070304,-0.0861155542329399,-0.0861155542359
8002,M3,raw_ridge,amt,3,0.948283826555616,0.948283826557,97971943.5405935,97971943.5407,-0.101463939254863,-0.101463939257
8002,M3,raw_ridge,cnt,3,0.870633878852169,0.870633878853,1164.91874739053,1164.91874739,-0.0606916863419769,-0.0606916863431
8002,M3,raw_ridge,ticket,3,0.280546266879316,0.280546266879,20125.0126173638,20125.0126174,-0.0148964745266489,-0.0148964745286
8002,M3,raw_ridge,amt,4,0.925410652227651,0.925410652229,95608801.5348998,95608801.535,-0.0770301975900201,-0.0770301975919
8002,M3,raw_ridge,cnt,4,0.83885899872707,0.838858998728,1122.40357028461,1122.40357029,0.0016416703330363,0.00164167033226
8002,M3,raw_ridge,ticket,4,0.299912246938552,0.299912246939,21514.2330029175,21514.2330029,-0.144717235821008,-0.144717235824
8002,M3,raw_ridge,amt,5,0.956773301308373,0.95677330131,98849033.6246745,98849033.6248,-0.149134030940103,-0.149134030942
8002,M3,raw_ridge,cnt,5,0.871628699550692,0.871628699552,1166.24982961711,1166.24982962,-0.0812272884604712,-0.0812272884624
8002,M3,raw_ridge,ticket,5,0.299935786120785,0.299935786121,21515.9215883502,21515.9215884,-0.163165004799133,-0.1631650048
8002,M3,raw_ridge,amt,6,0.946104702499949,0.946104702502,97746807.3387822,97746807.339,-0.112787785819376,-0.112787785822
8002,M3,raw_ridge,cnt,6,0.855519975943722,0.855519975946,1144.69616098314,1144.69616099,-0.027484680664609,-0.027484680667
8002,M3,raw_ridge,ticket,6,0.295732196927619,0.295732196928,21214.3767255662,21214.3767256,-0.0642390186884985,-0.0642390186906
8002,M3,raw_ridge,amt,7,0.952355598885734,0.952355598886,98392618.6988796,98392618.6989,-0.135065637827797,-0.13506563783
8002,M3,raw_ridge,cnt,7,0.892926802844834,0.892926802846,1194.74695155764,1194.74695156,-0.107555689565739,-0.107555689567
8002,M3,raw_ridge,ticket,7,0.280545333260638,0.280545333261,20124.9456441409,20124.9456441,-0.0217018243138725,-0.0217018243154
8002,M3,raw_ridge,amt,8,0.937867115156266,0.937867115157,96895741.0023696,96895741.0024,-0.082549082960625,-0.0825490829622
8002,M3,raw_ridge,cnt,8,0.879798516336425,0.879798516337,1177.18114410834,1177.18114411,-0.0498465931653791,-0.049846593166
8002,M3,raw_ridge,ticket,8,0.283556604111457,0.283556604112,20340.9594394451,20340.9594395,-0.0352012171599807,-0.0352012171605
8002,M3,raw_ridge,amt,9,0.93818820030844,0.938188200309,96928913.9148664,96928913.915,-0.0734799127576202,-0.073479912758
8002,M3,raw_ridge,cnt,9,0.859389506966105,0.859389506968,1149.87364068049,1149.87364068,-0.0309820606129609,-0.0309820606138
8002,M3,raw_ridge,ticket,9,0.288791134173624,0.288791134174,20716.4589416088,20716.4589416,-0.0730612353454214,-0.0730612353464
8002,M4,raw_ridge,amt,0,1.11157946182326,1.11157946182,114842832.09827,114842832.098,-0.351567397155888,-0.351567397159
8002,M4,raw_ridge,cnt,0,0.947788282832642,0.947788282834,1268.15228082377,1268.15228083,-0.179505136543359,-0.179505136548
8002,M4,raw_ridge,ticket,0,0.315685119625462,0.315685119625,22645.7014960366,22645.701496,-0.369506071221178,-0.369506071219
8002,M4,raw_ridge,amt,1,0.949544881549036,0.949544881549,98102229.4372387,98102229.4373,-0.0918114181930989,-0.0918114181948
8002,M4,raw_ridge,cnt,1,0.882330178844831,0.882330178846,1180.56853941852,1180.56853942,-0.0616235962007434,-0.0616235962022
8002,M4,raw_ridge,ticket,1,0.282734193185743,0.282734193186,20281.9637149938,20281.963715,-0.0202820252360032,-0.0202820252372
8002,M4,raw_ridge,amt,2,0.962311005627124,0.962311005628,99421161.5463663,99421161.5465,-0.143703644751123,-0.143703644753
8002,M4,raw_ridge,cnt,2,0.883098977437406,0.883098977439,1181.59720131097,1181.59720131,-0.130589353828733,-0.130589353832
8002,M4,raw_ridge,ticket,2,0.299355818727529,0.299355818728,21474.3175733092,21474.3175733,-0.237882307844924,-0.237882307847
8002,M4,raw_ridge,amt,3,0.968584951611736,0.968584951612,100069354.275766,100069354.276,-0.171111784133343,-0.171111784137
8002,M4,raw_ridge,cnt,3,0.862616381550663,0.862616381552,1154.19123822676,1154.19123823,-0.0840780119800284,-0.0840780119837
8002,M4,raw_ridge,ticket,3,0.31640855843748,0.316408558437,22697.5974466821,22697.5974467,-0.308092957359243,-0.308092957361
8002,M4,raw_ridge,amt,4,0.939381276932951,0.939381276934,97052176.6263279,97052176.6264,-0.0924996961484874,-0.0924996961513
8002,M4,raw_ridge,cnt,4,0.836758294748931,0.83675829475,1119.59280274352,1119.59280274,-0.0192032160805742,-0.0192032160832
8002,M4,raw_ridge,ticket,4,0.319313475457132,0.319313475457,22905.9819399894,22905.98194,-0.339697851268602,-0.339697851272
8002,M4,raw_ridge,amt,5,0.98275719035767,0.982757190359,101533559.121803,101533559.122,-0.155084370297751,-0.155084370301
8002,M4,raw_ridge,cnt,5,0.875254188711775,0.875254188712,1171.10077832792,1171.10077833,-0.0674484105751614,-0.0674484105786
8002,M4,raw_ridge,ticket,5,0.318498782931861,0.318498782932,22847.5398957137,22847.5398957,-0.339983390588124,-0.339983390588
8002,M4,raw_ridge,amt,6,0.935891994171029,0.935891994172,96691681.3777798,96691681.3779,-0.109612426170023,-0.109612426172
8002,M4,raw_ridge,cnt,6,0.845319643120955,0.845319643122,1131.04799127197,1131.04799127,-0.0400644627406677,-0.0400644627431
8002,M4,raw_ridge,ticket,6,0.293624525745838,0.293624525746,21063.182736787,21063.1827368,-0.0744790315927624,-0.0744790315958
8002,M4,raw_ridge,amt,7,0.998738885346982,0.998738885347,103184707.939623,103184707.94,-0.200785797186181,-0.200785797188
8002,M4,raw_ridge,cnt,7,0.89801557239171,0.898015572393,1201.55578726953,1201.55578727,-0.114819690969848,-0.114819690972
8002,M4,raw_ridge,ticket,7,0.299825725228426,0.299825725228,21508.0263599729,21508.02636,-0.31287851936901,-0.312878519371
8002,M4,raw_ridge,amt,8,0.91024744864691,0.910247448647,94042215.1569555,94042215.157,-0.0458738126851972,-0.0458738126866
8002,M4,raw_ridge,cnt,8,0.842929101368909,0.842929101369,1127.84941725479,1127.84941725,-0.0220173009691376,-0.0220173009711
8002,M4,raw_ridge,ticket,8,0.294507605032356,0.294507605032,21126.5305117583,21126.5305117,-0.179791141929838,-0.17979114193
8002,M4,raw_ridge,amt,9,0.971205981629512,0.97120598163,100340145.992053,100340145.992,-0.0848997784498324,-0.0848997784513
8002,M4,raw_ridge,cnt,9,0.883240865137039,0.883240865139,1181.78704878342,1181.78704879,-0.0642296893486098,-0.0642296893516
8002,M4,raw_ridge,ticket,9,0.302149610831601,0.302149610832,21674.7305104342,21674.7305105,-0.276923925093957,-0.276923925097
8002,M5,raw_ridge,amt,0,1.12635609799382,1.12635609799,116369480.264232,116369480.264,-0.380916544924762,-0.380916544927
8002,M5,raw_ridge,cnt,0,0.957748490457233,0.957748490458,1281.47916009142,1281.47916009,-0.201338475309209,-0.201338475313
8002,M5,raw_ridge,ticket,0,0.321281653525448,0.321281653525,23047.1693772655,23047.1693772,-0.389132822442457,-0.38913282244
8002,M5,raw_ridge,amt,1,0.966610977226635,0.966610977226,99865413.1121698,99865413.1122,-0.128687996529246,-0.128687996531
8002,M5,raw_ridge,cnt,1,0.901230921074802,0.901230921076,1205.85796301907,1205.85796302,-0.10730221832489,-0.107302218326
8002,M5,raw_ridge,ticket,1,0.283007073908662,0.283007073909,20301.5388391003,20301.5388391,-0.006611048398339,-0.00661104839895
8002,M5,raw_ridge,amt,2,0.95832502692136,0.958325026922,99009350.1563803,99009350.1564,-0.161017274320379,-0.161017274322
8002,M5,raw_ridge,cnt,2,0.886684458739311,0.88668445874,1186.3946190183,1186.39461902,-0.164060113264204,-0.164060113267
8002,M5,raw_ridge,ticket,2,0.299037971575976,0.299037971576,21451.5167782512,21451.5167782,-0.221229377675424,-0.221229377677
8002,M5,raw_ridge,amt,3,0.978623912216086,0.978623912216,101106529.490605,101106529.491,-0.194672652438464,-0.194672652442
8002,M5,raw_ridge,cnt,3,0.871916527941102,0.871916527942,1166.63494751358,1166.63494752,-0.10050274197061,-0.100502741974
8002,M5,raw_ridge,ticket,3,0.317207620275458,0.317207620275,22754.9182221473,22754.9182221,-0.32883957204244,-0.328839572044
8002,M5,raw_ridge,amt,4,0.951791696844333,0.951791696845,98334359.1594723,98334359.1596,-0.121112685865848,-0.121112685869
8002,M5,raw_ridge,cnt,4,0.845398926117176,0.845398926118,1131.15407288778,1131.15407289,-0.0404242636597758,-0.0404242636622
8002,M5,raw_ridge,ticket,4,0.320072319626407,0.320072319627,22960.4176972396,22960.4176973,-0.338021280376456,-0.33802128038
8002,M5,raw_ridge,amt,5,0.988482294408175,0.988482294409,102125048.246781,102125048.247,-0.16895284274555,-0.168952842748
8002,M5,raw_ridge,cnt,5,0.890889341302568,0.890889341303,1192.020803167,1192.02080317,-0.0899669442253732,-0.0899669442286
8002,M5,raw_ridge,ticket,5,0.315189407704091,0.315189407704,22610.1415551287,22610.1415551,-0.315898720877259,-0.315898720876
8002,M5,raw_ridge,amt,6,0.929169790006184,0.929169790007,95997176.8544889,95997176.8546,-0.123164374824702,-0.123164374827
8002,M5,raw_ridge,cnt,6,0.854018358557627,0.854018358559,1142.68697860814,1142.68697861,-0.0561406205515438,-0.0561406205536
8002,M5,raw_ridge,ticket,6,0.291457903297598,0.291457903298,20907.7598734108,20907.7598734,-0.0506545366322675,-0.050654536635
8002,M5,raw_ridge,amt,7,1.01393018897521,1.01393018898,104754197.473974,104754197.474,-0.238651895965563,-0.238651895967
8002,M5,raw_ridge,cnt,7,0.911688904710247,0.911688904711,1219.85087265969,1219.85087266,-0.142542902990859,-0.142542902993
8002,M5,raw_ridge,ticket,7,0.305558546864796,0.305558546865,21919.2708546811,21919.2708547,-0.340890226360789,-0.340890226361
8002,M5,raw_ridge,amt,8,0.915337350478611,0.915337350479,94568078.3646977,94568078.3647,-0.0654324976950265,-0.0654324976959
8002,M5,raw_ridge,cnt,8,0.85052204781184,0.850522047812,1138.00887219234,1138.00887219,-0.0433821472378562,-0.0433821472394
8002,M5,raw_ridge,ticket,8,0.293970537991432,0.293970537991,21088.0039574926,21088.0039575,-0.158727602183462,-0.158727602184
8002,M5,raw_ridge,amt,9,0.988216853112947,0.988216853113,102097624.179364,102097624.179,-0.131734677650471,-0.131734677652
8002,M5,raw_ridge,cnt,9,0.901581154766732,0.901581154768,1206.32657997002,1206.32657997,-0.125821369368921,-0.125821369372
8002,M5,raw_ridge,ticket,9,0.295097439954633,0.295097439955,21168.8423749138,21168.8423749,-0.228306884283549,-0.228306884285
8003,M1,log_ridge_smear,amt,0,0.990570865287648,0.990570865288,64735044.2601294,64735044.2601,-0.129901498025872,-0.129901498026
8003,M1,log_ridge_smear,cnt,0,0.990272215845826,0.990272215846,816.603225991864,816.603225992,-0.182852829592882,-0.182852829593
8003,M1,log_ridge_smear,ticket,0,0.523936283177282,0.523936283177,48569.4383181265,48569.4383181,-0.139012116689009,-0.139012116689
8003,M1,log_ridge_smear,amt,1,1.03729204984728,1.03729204985,67788332.0725821,67788332.0726,-0.200429241349456,-0.200429241349
8003,M1,log_ridge_smear,cnt,1,0.968801335037352,0.968801335037,798.897800905176,798.897800905,-0.244978455891472,-0.244978455891
8003,M1,log_ridge_smear,ticket,1,0.646875766123949,0.646875766124,59966.0562382106,59966.0562382,-0.340890520836447,-0.340890520836
8003,M1,log_ridge_smear,amt,2,1.02806910979417,1.02806910979,67185601.411436,67185601.4114,-0.196888422232859,-0.196888422233
8003,M1,log_ridge_smear,cnt,2,1.07261995759051,1.07261995759,884.509232528071,884.509232528,-0.303874231657745,-0.303874231657
8003,M1,log_ridge_smear,ticket,2,0.581954052065704,0.581954052065,53947.745829668,53947.7458296,-0.228092057802572,-0.228092057802
8003,M1,log_ridge_smear,amt,3,1.08346309944693,1.08346309945,70805667.8777313,70805667.8777,-0.349795343431229,-0.349795343431
8003,M1,log_ridge_smear,cnt,3,1.00896820979375,1.00896820979,832.020410001173,832.020410001,-0.243754259040089,-0.24375425904
8003,M1,log_ridge_smear,ticket,3,0.605139027234125,0.605139027234,56097.017138998,56097.017139,-0.258017877952283,-0.258017877952
8003,M1,log_ridge_smear,amt,4,0.935092411870539,0.935092411871,61109457.9812545,61109457.9813,-0.0427948785784544,-0.0427948785784
8003,M1,log_ridge_smear,cnt,4,0.976015915548751,0.976015915549,804.847124359389,804.84712436,-0.12804329511137,-0.128043295112
8003,M1,log_ridge_smear,ticket,4,0.604425831381352,0.604425831381,56030.9031417578,56030.9031418,-0.239062348471598,-0.239062348472
8003,M1,log_ridge_smear,amt,5,0.948163809548437,0.948163809548,61963690.1587523,61963690.1588,-0.0689707373664337,-0.0689707373665
8003,M1,log_ridge_smear,cnt,5,0.992738712874547,0.992738712875,818.637161104173,818.637161104,-0.151379655585145,-0.151379655585
8003,M1,log_ridge_smear,ticket,5,0.59846172439992,0.5984617244,55478.0242222054,55478.0242222,-0.242793227872007,-0.242793227873
8003,M1,log_ridge_smear,amt,6,0.986584922761942,0.986584922762,64474557.9336464,64474557.9336,-0.125457992246927,-0.125457992247
8003,M1,log_ridge_smear,cnt,6,0.975357016250256,0.97535701625,804.303779525367,804.303779525,-0.124204189125807,-0.124204189126
8003,M1,log_ridge_smear,ticket,6,0.531325509683016,0.531325509683,49254.4272996349,49254.4272996,-0.139423809280054,-0.13942380928
8003,M1,log_ridge_smear,amt,7,1.03198203573398,1.03198203573,67441316.0127603,67441316.0128,-0.167087340158838,-0.167087340159
8003,M1,log_ridge_smear,cnt,7,0.927569411546466,0.927569411546,764.896925996504,764.896925997,-0.0799361195199297,-0.07993611952
8003,M1,log_ridge_smear,ticket,7,0.572739803217873,0.572739803218,53093.5753791151,53093.5753791,-0.193525461460445,-0.19352546146
8003,M1,log_ridge_smear,amt,8,1.07839536808477,1.07839536808,70474485.2985497,70474485.2985,-0.357029639002259,-0.357029639002
8003,M1,log_ridge_smear,cnt,8,1.04659448867958,1.04659448868,863.047980227398,863.047980227,-0.212393566929588,-0.21239356693
8003,M1,log_ridge_smear,ticket,8,0.699802647895465,0.699802647895,64872.4332197465,64872.4332197,-0.5598603683269,-0.559860368326
8003,M1,log_ridge_smear,amt,9,0.957159066117844,0.957159066118,62551541.4196337,62551541.4196,-0.123169659436895,-0.123169659437
8003,M1,log_ridge_smear,cnt,9,0.968642226011649,0.968642226012,798.766595624856,798.766595625,-0.109703144968064,-0.109703144968
8003,M1,log_ridge_smear,ticket,9,0.571729524853439,0.571729524853,52999.9215240929,52999.9215241,-0.138121659539364,-0.138121659539
8003,M2,log_ridge_smear,amt,0,1.14828957842672,1.14828957843,75042159.312159,75042159.3127,-0.664497759967749,-0.664497759995
8003,M2,log_ridge_smear,cnt,0,1.00129805643061,1.00129805643,825.695409784093,825.695409787,-0.516558016863133,-0.516558016883
8003,M2,log_ridge_smear,ticket,0,0.687039505127345,0.687039505112,63689.2766121101,63689.2766107,-0.319531561744653,-0.31953156172
8003,M2,log_ridge_smear,amt,1,0.967351355336746,0.967351355342,63217620.2604505,63217620.2608,-0.438264026769022,-0.438264026775
8003,M2,log_ridge_smear,cnt,1,0.888476296595925,0.888476296599,732.659766080414,732.659766083,-0.508183739545864,-0.508183739553
8003,M2,log_ridge_smear,ticket,1,0.570834248758904,0.570834248749,52916.928499087,52916.9284982,-0.213619208934662,-0.213619208905
8003,M2,log_ridge_smear,amt,2,1.08828400642659,1.08828400643,71120720.1749854,71120720.1753,-0.682689875990815,-0.682689875996
8003,M2,log_ridge_smear,cnt,2,0.952528054748176,0.952528054753,785.478447146714,785.47844715,-0.401181832693956,-0.401181832705
8003,M2,log_ridge_smear,ticket,2,0.952328279740795,0.952328279733,88281.8219058658,88281.8219052,-1.49913786399098,-1.49913786394
8003,M2,log_ridge_smear,amt,3,1.27914985404562,1.27914985403,83594041.8991987,83594041.8982,-1.13660511530987,-1.13660511528
8003,M2,log_ridge_smear,cnt,3,1.01547737287058,1.01547737288,837.388028603405,837.38802861,-0.635234706253807,-0.635234706254
8003,M2,log_ridge_smear,ticket,3,0.609735628352216,0.609735628342,56523.1268428808,56523.1268419,-0.36502660715787,-0.365026607139
8003,M2,log_ridge_smear,amt,4,0.902031977031372,0.902031977036,58948917.2389714,58948917.2393,-0.265705137298909,-0.265705137308
8003,M2,log_ridge_smear,cnt,4,0.930887391253448,0.930887391258,767.633015012375,767.633015016,-0.252557634713378,-0.252557634731
8003,M2,log_ridge_smear,ticket,4,0.573717584143678,0.573717584139,53184.2166877805,53184.2166874,-0.24108883568208,-0.241088835664
8003,M2,log_ridge_smear,amt,5,1.02708282408453,1.02708282409,67121146.4074543,67121146.4076,-0.403469365239565,-0.403469365247
8003,M2,log_ridge_smear,cnt,5,0.884473464284005,0.884473464285,729.358930485198,729.358930486,-0.322742271963319,-0.322742271975
8003,M2,log_ridge_smear,ticket,5,0.601809765646803,0.601809765639,55788.3911275873,55788.3911268,-0.214366097074505,-0.214366097063
8003,M2,log_ridge_smear,amt,6,1.02377072287616,1.02377072287,66904696.4533604,66904696.4533,-0.408253484037667,-0.408253484038
8003,M2,log_ridge_smear,cnt,6,0.891968411597521,0.891968411603,735.539451413606,735.539451418,-0.331535431818968,-0.331535431833
8003,M2,log_ridge_smear,ticket,6,0.5526437838012,0.552643783798,51230.6534803319,51230.6534801,-0.0721579118683833,-0.0721579118617
8003,M2,log_ridge_smear,amt,7,0.9868437537464,0.98684375375,64491472.8620194,64491472.8622,-0.332213637842714,-0.33221363785
8003,M2,log_ridge_smear,cnt,7,0.984068517175881,0.984068517182,811.487500976161,811.487500982,-0.368085358366166,-0.368085358377
8003,M2,log_ridge_smear,ticket,7,0.533988855583913,0.533988855577,49501.3222343949,49501.3222338,-0.216979667254977,-0.216979667235
8003,M2,log_ridge_smear,amt,8,1.4083341883045,1.40833418833,92036399.6234343,92036399.625,-2.54484587064147,-2.54484587084
8003,M2,log_ridge_smear,cnt,8,1.16614728865665,1.16614728867,961.634207908493,961.634207922,-0.971704435359793,-0.97170443543
8003,M2,log_ridge_smear,ticket,8,0.643692536624383,0.643692536619,59670.967553201,59670.9675527,-0.256812078352289,-0.256812078328
8003,M2,log_ridge_smear,amt,9,1.07297008306235,1.07297008308,70119936.1407285,70119936.1418,-0.588672517396183,-0.588672517431
8003,M2,log_ridge_smear,cnt,9,1.01774420202442,1.01774420204,839.257312594384,839.257312603,-0.476973688031736,-0.476973688061
8003,M2,log_ridge_smear,ticket,9,0.588477148602921,0.588477148595,54552.4436623629,54552.4436617,-0.148774229344679,-0.148774229332
8003,M3,log_ridge_smear,amt,0,1.17179957868658,1.17179957868,76578567.2166412,76578567.2163,-0.791656227060362,-0.791656227072
8003,M3,log_ridge_smear,cnt,0,0.968534169286239,0.968534169288,798.677489347665,798.677489349,-0.520340475292127,-0.52034047531
8003,M3,log_ridge_smear,ticket,0,0.740194586097618,0.740194586075,68616.8078966863,68616.8078946,-0.569716873525591,-0.56971687348
8003,M3,log_ridge_smear,amt,1,1.07020962667143,1.07020962667,69939536.8650115,69939536.8651,-0.561363247691888,-0.561363247691
8003,M3,log_ridge_smear,cnt,1,0.934088595109413,0.934088595116,770.2728077421,770.272807748,-0.559242023834867,-0.559242023846
8003,M3,log_ridge_smear,ticket,1,0.564765701350884,0.564765701348,52354.3678433771,52354.3678431,-0.246125004232788,-0.246125004209
8003,M3,log_ridge_smear,amt,2,1.13412071303896,1.13412071304,74116206.2479872,74116206.2481,-0.775678873289881,-0.775678873298
8003,M3,log_ridge_smear,cnt,2,0.964632189226689,0.964632189229,795.459819041058,795.459819043,-0.434111069847256,-0.434111069858
8003,M3,log_ridge_smear,ticket,2,0.850860330477005,0.850860330477,78875.6374875079,78875.6374875,-1.01693696691104,-1.01693696691
8003,M3,log_ridge_smear,amt,3,1.44468060681994,1.4446806068,94411683.5064419,94411683.5049,-1.44271824873779,-1.44271824865
8003,M3,log_ridge_smear,cnt,3,1.15004669866229,1.15004669865,948.357258884389,948.357258877,-0.80173134522253,-0.801731345201
8003,M3,log_ridge_smear,ticket,3,0.635943503255193,0.635943503244,58952.6241012691,58952.6241002,-0.41125063325482,-0.411250633234
8003,M3,log_ridge_smear,amt,4,0.8968201372053,0.896820137204,58608316.9915379,58608316.9914,-0.268444178253072,-0.268444178258
8003,M3,log_ridge_smear,cnt,4,0.89350626632771,0.893506266332,736.807604870488,736.807604874,-0.23310529144564,-0.233105291464
8003,M3,log_ridge_smear,ticket,4,0.637155005321594,0.637155005314,59064.9316027261,59064.931602,-0.343435658939689,-0.343435658916
8003,M3,log_ridge_smear,amt,5,1.35969872353454,1.35969872354,88858011.2063867,88858011.2066,-1.96434989267258,-1.96434989272
8003,M3,log_ridge_smear,cnt,5,1.22318090277519,1.22318090279,1008.66555195099,1008.66555196,-1.80512857204563,-1.80512857219
8003,M3,log_ridge_smear,ticket,5,0.626883373255636,0.626883373247,58112.740628227,58112.7406274,-0.290194510193415,-0.290194510182
8003,M3,log_ridge_smear,amt,6,1.36737484234359,1.36737484234,89359655.1657068,89359655.1655,-1.68832711719405,-1.68832711722
8003,M3,log_ridge_smear,cnt,6,1.27527853463414,1.27527853464,1051.62656162267,1051.62656163,-1.96540867909498,-1.96540867917
8003,M3,log_ridge_smear,ticket,6,0.605460354745841,0.605460354741,56126.8045334987,56126.8045331,-0.166442573234959,-0.166442573218
8003,M3,log_ridge_smear,amt,7,1.02236939741116,1.02236939741,66813118.0825658,66813118.0826,-0.463263396926977,-0.463263396934
8003,M3,log_ridge_smear,cnt,7,0.992301960659297,0.99230196067,818.277004308673,818.277004317,-0.375803228602079,-0.375803228619
8003,M3,log_ridge_smear,ticket,7,0.597598696596751,0.597598696587,55398.0206473458,55398.0206464,-0.304501541769568,-0.304501541745
8003,M3,log_ridge_smear,amt,8,1.49485539586651,1.49485539589,97690668.6891215,97690668.6907,-3.05642127287067,-3.0564212731
8003,M3,log_ridge_smear,cnt,8,1.130949469075,1.13094946909,932.609205935969,932.609205945,-0.957927080048405,-0.957927080115
8003,M3,log_ridge_smear,ticket,8,0.739590399938778,0.739590399935,68560.7992114384,68560.7992111,-0.526121171193946,-0.526121171174
8003,M3,log_ridge_smear,amt,9,1.14833231455784,1.14833231456,75044952.1717482,75044952.1722,-0.645231516054699,-0.645231516065
8003,M3,log_ridge_smear,cnt,9,1.13872022004626,1.13872022006,939.017161455649,939.017161467,-0.683997726980091,-0.683997727008
8003,M3,log_ridge_smear,ticket,9,0.627432376922683,0.62743237691,58163.6338390986,58163.6338379,-0.306103429723906,-0.306103429706
8003,M4,log_ridge_smear,amt,0,1.44238005242,1.44238005242,94261339.4007127,94261339.4008,-1.71002196405179,-1.71002196408
8003,M4,log_ridge_smear,cnt,0,1.48730196249889,1.48730196253,1226.46638082565,1226.46638085,-2.75852687654236,-2.75852687671
8003,M4,log_ridge_smear,ticket,0,0.899090661726058,0.899090661707,83346.6393514332,83346.6393497,-1.68662582842465,-1.6866258283
8003,M4,log_ridge_smear,amt,1,1.29182788769535,1.29182788771,84422567.2457509,84422567.2467,-0.919374083144696,-0.919374083169
8003,M4,log_ridge_smear,cnt,1,1.22214109929919,1.22214109932,1007.80810400959,1007.80810403,-1.27362461331019,-1.27362461338
8003,M4,log_ridge_smear,ticket,1,0.714755785061022,0.714755785052,66258.6045855101,66258.6045847,-0.549503690459932,-0.549503690437
8003,M4,log_ridge_smear,amt,2,1.56293070762585,1.56293070764,102139475.406734,102139475.407,-1.72586865159791,-1.72586865161
8003,M4,log_ridge_smear,cnt,2,1.35101451243395,1.35101451244,1114.08034231585,1114.08034232,-1.55266858711932,-1.55266858712
8003,M4,log_ridge_smear,ticket,2,0.766663938294516,0.76666393829,71070.5443721444,71070.5443717,-0.49205745123525,-0.492057451211
8003,M4,log_ridge_smear,amt,3,3.45669643800993,3.45669643806,225899433.094496,225899433.098,-48.7516016660155,-48.7516016685
8003,M4,log_ridge_smear,cnt,3,3.81556400216556,3.81556400229,3146.40946528578,3146.40946539,-88.2853125009669,-88.2853125088
8003,M4,log_ridge_smear,ticket,3,0.717695972228032,0.717695972219,66531.1629935399,66531.1629927,-0.634975139553853,-0.634975139527
8003,M4,log_ridge_smear,amt,4,1.24702441211315,1.24702441211,81494604.1121094,81494604.1119,-0.95698539202245,-0.956985392001
8003,M4,log_ridge_smear,cnt,4,1.16254103988026,1.16254103989,958.660405011263,958.660405022,-1.03182817251148,-1.03182817255
8003,M4,log_ridge_smear,ticket,4,0.698285253085812,0.698285253067,64731.7691428767,64731.7691412,-0.438283437683767,-0.438283437598
8003,M4,log_ridge_smear,amt,5,9.44012104652078,9.44012104655,616923710.541441,616923710.543,-713.162409536118,-713.162409541
8003,M4,log_ridge_smear,cnt,5,11.4466000988355,11.4466000991,9439.15260650219,9439.1526067,-1164.66112277784,-1164.66112283
8003,M4,log_ridge_smear,ticket,5,0.772871498090054,0.772871498074,71645.9916207432,71645.9916192,-1.01821845280681,-1.01821845273
8003,M4,log_ridge_smear,amt,6,3.02028301705322,3.02028301709,197379270.518199,197379270.52,-34.0893218014946,-34.0893218027
8003,M4,log_ridge_smear,cnt,6,4.18036944147042,4.18036944153,3447.23715067255,3447.23715072,-100.405894185017,-100.405894188
8003,M4,log_ridge_smear,ticket,6,0.658048321131819,0.658048321119,61001.76370634,61001.7637052,-0.543901596964015,-0.543901596905
8003,M4,log_ridge_smear,amt,7,1.68231087200719,1.68231087202,109941118.37426,109941118.375,-2.90126467495741,-2.90126467504
8003,M4,log_ridge_smear,cnt,7,1.22537917074882,1.22537917077,1010.47829867875,1010.47829869,-1.04047147299945,-1.04047147304
8003,M4,log_ridge_smear,ticket,7,0.647845101190138,0.647845101182,60055.9146069065,60055.9146062,-0.066892521590634,-0.0668925215555
8003,M4,log_ridge_smear,amt,8,3.03618604542971,3.03618604551,198418553.301388,198418553.307,-22.3402999198844,-22.3402999218
8003,M4,log_ridge_smear,cnt,8,2.88158249246906,2.88158249256,2376.2249628523,2376.22496293,-21.9797595000341,-21.9797595019
8003,M4,log_ridge_smear,ticket,8,0.678413083252597,0.678413083249,62889.5983332725,62889.598333,-0.4635157358886,-0.463515735872
8003,M4,log_ridge_smear,amt,9,2.49854583815893,2.4985458382,163283093.705984,163283093.709,-12.4022713960414,-12.4022713969
8003,M4,log_ridge_smear,cnt,9,3.38780776246951,3.38780776256,2793.67097612642,2793.67097621,-52.102587672554,-52.1025876766
8003,M4,log_ridge_smear,ticket,9,0.682392642609666,0.682392642601,63258.507624216,63258.5076235,-0.440856874313089,-0.440856874287
8003,M5,log_ridge_smear,amt,0,1.29675327855032,1.29675327855,84744447.6948617,84744447.6951,-1.33355825974234,-1.33355825975
8003,M5,log_ridge_smear,cnt,0,1.14092488941158,1.14092488942,940.835186931023,940.835186941,-1.25883347178586,-1.25883347181
8003,M5,log_ridge_smear,ticket,0,0.849809656010387,0.849809655997,78778.2388718034,78778.2388705,-1.3297621359143,-1.32976213584
8003,M5,log_ridge_smear,amt,1,1.19523373069067,1.1952337307,78110018.3427987,78110018.3433,-0.728733708847289,-0.728733708858
8003,M5,log_ridge_smear,cnt,1,0.934166915963888,0.934166915973,770.337393076721,770.337393084,-0.604000610223629,-0.60400061024
8003,M5,log_ridge_smear,ticket,1,0.74048086248583,0.740480862476,68643.3460155867,68643.3460147,-0.654166889995957,-0.654166889974
8003,M5,log_ridge_smear,amt,2,1.38990533267969,1.38990533268,90832050.8722838,90832050.8722,-1.32740770892844,-1.32740770892
8003,M5,log_ridge_smear,cnt,2,1.25212691350428,1.2521269135,1032.53515604847,1032.53515605,-1.1494173340278,-1.14941733403
8003,M5,log_ridge_smear,ticket,2,0.92008091397076,0.920080913964,85292.4575633321,85292.4575627,-1.03851251666034,-1.03851251662
8003,M5,log_ridge_smear,amt,3,2.70378494734226,2.70378494734,176695726.040001,176695726.04,-22.7365679982425,-22.7365679984
8003,M5,log_ridge_smear,cnt,3,2.31702912323014,2.31702912326,1910.68014074365,1910.68014077,-20.7015837011685,-20.7015837019
8003,M5,log_ridge_smear,ticket,3,0.7343991560395,0.734399156031,68079.5655033408,68079.5655025,-0.72113952765938,-0.721139527631
8003,M5,log_ridge_smear,amt,4,1.15559617854908,1.15559617853,75519654.7634053,75519654.7624,-0.972034966310719,-0.972034966253
8003,M5,log_ridge_smear,cnt,4,0.894268094117903,0.894268094123,737.435827111976,737.435827116,-0.445502847189669,-0.445502847196
8003,M5,log_ridge_smear,ticket,4,0.780123460290306,0.780123460268,72318.2560583855,72318.2560563,-0.73518055324903,-0.73518055314
8003,M5,log_ridge_smear,amt,5,6.69409122219171,6.69409122218,437467228.984256,437467228.984,-321.720957932543,-321.720957932
8003,M5,log_ridge_smear,cnt,5,5.7537186377981,5.75371863786,4744.66023169425,4744.66023174,-249.906060025234,-249.906060032
8003,M5,log_ridge_smear,ticket,5,0.830159053669815,0.830159053654,76956.6075991864,76956.6075977,-1.29134579732585,-1.29134579725
8003,M5,log_ridge_smear,amt,6,4.08037184303402,4.08037184308,266657400.407077,266657400.41,-86.2606165787367,-86.2606165817
8003,M5,log_ridge_smear,cnt,6,4.52113147841229,4.5211314785,3728.23804538573,3728.23804546,-133.744882550547,-133.744882557
8003,M5,log_ridge_smear,ticket,6,0.737240904457584,0.737240904445,68342.9985369737,68342.9985358,-0.642989643263628,-0.642989643207
8003,M5,log_ridge_smear,amt,7,1.49779252760895,1.49779252761,97882613.9199046,97882613.9199,-1.89338044469969,-1.89338044471
8003,M5,log_ridge_smear,cnt,7,1.1331978835875,1.1331978836,934.463304753339,934.463304763,-0.80069213398562,-0.800692134013
8003,M5,log_ridge_smear,ticket,7,0.698969050235851,0.698969050227,64795.1578498002,64795.157849,-0.245534164696239,-0.245534164656
8003,M5,log_ridge_smear,amt,8,2.30877456978255,2.30877456982,150881304.103502,150881304.106,-9.44729363451334,-9.44729363501
8003,M5,log_ridge_smear,cnt,8,2.07382680443751,2.07382680448,1710.12942860928,1710.12942864,-8.75232984966808,-8.75232985009
8003,M5,log_ridge_smear,ticket,8,0.691208713411637,0.691208713409,64075.7665558325,64075.7665556,-0.550245796414139,-0.550245796397
8003,M5,log_ridge_smear,amt,9,2.01447534748899,2.01447534749,131648482.05259,131648482.053,-5.32584270229982,-5.32584270244
8003,M5,log_ridge_smear,cnt,9,2.20292664465114,2.20292664468,1816.58838434544,1816.58838437,-14.3533486587385,-14.3533486595
8003,M5,log_ridge_smear,ticket,9,0.695472729783579,0.695472729774,64471.0453078758,64471.045307,-0.442824481830659,-0.442824481802
8003,M1,raw_ridge,amt,0,1.06114162410153,1.0611416241,69346931.562065,69346931.5621,-0.232231393911565,-0.232231393911
8003,M1,raw_ridge,cnt,0,0.960572628039357,0.960572628039,792.112203396955,792.112203397,-0.140870965736444,-0.140870965736
8003,M1,raw_ridge,ticket,0,0.567109241221238,0.567109241221,52571.6164265234,52571.6164265,-0.195970373886319,-0.195970373887
8003,M1,raw_ridge,amt,1,1.04343149499988,1.043431495,68189552.4876112,68189552.4876,-0.197918714009108,-0.197918714009
8003,M1,raw_ridge,cnt,1,0.923462402780814,0.923462402781,761.510183893129,761.510183893,-0.189198883337721,-0.189198883338
8003,M1,raw_ridge,ticket,1,0.61028670857851,0.610286708579,56574.2125529542,56574.212553,-0.309131121322612,-0.309131121323
8003,M1,raw_ridge,amt,2,1.07002060992201,1.07002060992,69927184.3841655,69927184.3842,-0.21992080414948,-0.219920804149
8003,M1,raw_ridge,cnt,2,1.00060146891164,1.00060146891,825.12098630126,825.120986301,-0.162431546590398,-0.16243154659
8003,M1,raw_ridge,ticket,2,0.627647659330757,0.627647659331,58183.5907422101,58183.5907422,-0.309862802029081,-0.309862802029
8003,M1,raw_ridge,amt,3,1.09379720830704,1.09379720831,71481014.8093754,71481014.8094,-0.347148356511379,-0.347148356511
8003,M1,raw_ridge,cnt,3,0.970375264097767,0.970375264098,800.195702156621,800.195702157,-0.200031439502675,-0.200031439503
8003,M1,raw_ridge,ticket,3,0.636264993409081,0.636264993409,58982.4265728682,58982.4265729,-0.309862921645598,-0.309862921646
8003,M1,raw_ridge,amt,4,0.954819619410205,0.95481961941,62398655.6529811,62398655.653,-0.0626947698516833,-0.0626947698517
8003,M1,raw_ridge,cnt,4,0.901103696076783,0.901103696077,743.072635377317,743.072635377,-0.0629149302327536,-0.0629149302328
8003,M1,raw_ridge,ticket,4,0.585810042380968,0.585810042381,54305.2001419305,54305.2001419,-0.204965420297436,-0.204965420298
8003,M1,raw_ridge,amt,5,0.97587638554837,0.975876385548,63774741.6410679,63774741.6411,-0.0927778369340251,-0.0927778369342
8003,M1,raw_ridge,cnt,5,0.941903544456182,0.941903544456,776.717210347179,776.717210347,-0.111103428003575,-0.111103428004
8003,M1,raw_ridge,ticket,5,0.588261163780518,0.588261163781,54532.4216447128,54532.4216447,-0.209869201628811,-0.209869201629
8003,M1,raw_ridge,amt,6,1.01226487668803,1.01226487669,66152775.0226584,66152775.0227,-0.148981129568493,-0.148981129569
8003,M1,raw_ridge,cnt,6,0.951861374098058,0.951861374098,784.928685615611,784.928685616,-0.135936982690822,-0.135936982691
8003,M1,raw_ridge,ticket,6,0.556148402529642,0.55614840253,51555.5352810872,51555.5352811,-0.156896385044098,-0.156896385044
8003,M1,raw_ridge,amt,7,1.05409936499216,1.05409936499,68886711.1264436,68886711.1264,-0.188428832905262,-0.188428832905
8003,M1,raw_ridge,cnt,7,0.926012885675751,0.926012885676,763.613375850366,763.61337585,-0.0938881683329824,-0.093888168333
8003,M1,raw_ridge,ticket,7,0.573852459358426,0.573852459358,53196.7197604512,53196.7197605,-0.207024495270148,-0.20702449527
8003,M1,raw_ridge,amt,8,1.0542903006715,1.05429030067,68899189.0117584,68899189.0118,-0.219046372540409,-0.219046372541
8003,M1,raw_ridge,cnt,8,0.997516301701594,0.997516301702,822.576880290677,822.576880291,-0.172529191472605,-0.172529191473
8003,M1,raw_ridge,ticket,8,0.664570107980531,0.664570107981,61606.3401295485,61606.3401296,-0.453981197637145,-0.453981197637
8003,M1,raw_ridge,amt,9,0.99178198144773,0.991781981448,64814192.2150859,64814192.2151,-0.144090714949046,-0.144090714949
8003,M1,raw_ridge,cnt,9,0.936364931390581,0.93636493139,772.149931547958,772.149931548,-0.100194673542663,-0.100194673543
8003,M1,raw_ridge,ticket,9,0.563586115225315,0.563586115225,52245.0189828262,52245.0189828,-0.153404884125321,-0.153404884125
8003,M2,raw_ridge,amt,0,1.17035069430162,1.1703506943,76483880.8109787,76483880.8112,-0.450283442301426,-0.450283442308
8003,M2,raw_ridge,cnt,0,1.00491384483061,1.00491384483,828.677079293445,828.677079294,-0.224854614210228,-0.224854614213
8003,M2,raw_ridge,ticket,0,0.738458260318275,0.738458260319,68455.8486912491,68455.8486913,-0.615746331858235,-0.615746331861
8003,M2,raw_ridge,amt,1,1.02548574248837,1.02548574249,67016775.1287932,67016775.129,-0.244241986914585,-0.244241986921
8003,M2,raw_ridge,cnt,1,0.955174853628346,0.955174853634,787.661063673275,787.661063678,-0.31477394344749,-0.314773943457
8003,M2,raw_ridge,ticket,1,0.76857615780709,0.768576157804,71247.8091095729,71247.8091093,-0.669694921204955,-0.669694921199
8003,M2,raw_ridge,amt,2,1.12809788525166,1.12809788525,73722606.9235525,73722606.9235,-0.454832045484943,-0.454832045482
8003,M2,raw_ridge,cnt,2,1.03984311008977,1.03984311009,857.48062465778,857.480624659,-0.263025517622689,-0.263025517626
8003,M2,raw_ridge,ticket,2,0.694297733007327,0.694297733006,64362.1218847792,64362.1218847,-0.482126855560221,-0.482126855554
8003,M2,raw_ridge,amt,3,1.32185855543529,1.32185855543,86385108.9208907,86385108.9204,-0.924047062454358,-0.924047062437
8003,M2,raw_ridge,cnt,3,0.975829092615891,0.975829092617,804.693065498379,804.693065499,-0.308520700096272,-0.308520700096
8003,M2,raw_ridge,ticket,3,0.808985574469521,0.808985574465,74993.8040579573,74993.8040575,-0.845530821825272,-0.845530821817
8003,M2,raw_ridge,amt,4,0.897204858913443,0.897204858915,58633459.0360672,58633459.0362,-0.10346172694493,-0.103461726949
8003,M2,raw_ridge,cnt,4,0.852914686672946,0.852914686675,703.334773497678,703.3347735,0.0244505332180628,0.0244505332145
8003,M2,raw_ridge,ticket,4,0.676908448130364,0.67690844813,62750.1170926962,62750.1170927,-0.438450401474715,-0.438450401474
8003,M2,raw_ridge,amt,5,1.12927936100318,1.12927936101,73799817.8407593,73799817.8409,-0.378302881786344,-0.378302881789
8003,M2,raw_ridge,cnt,5,0.946388237355366,0.946388237358,780.415400229169,780.415400232,-0.199478913705859,-0.199478913711
8003,M2,raw_ridge,ticket,5,0.763813683599402,0.763813683599,70806.3227977847,70806.3227977,-0.680942920499258,-0.680942920499
8003,M2,raw_ridge,amt,6,1.07311079790738,1.07311079791,70129132.031745,70129132.0319,-0.346341326401494,-0.346341326404
8003,M2,raw_ridge,cnt,6,0.892368157638183,0.892368157641,735.869091992386,735.869091995,-0.130281397445543,-0.130281397449
8003,M2,raw_ridge,ticket,6,0.646997199917698,0.646997199917,59977.3132771763,59977.3132771,-0.390640287461635,-0.390640287461
8003,M2,raw_ridge,amt,7,1.10515519938859,1.10515519939,72223273.7240434,72223273.7242,-0.33302897056529,-0.33302897057
8003,M2,raw_ridge,cnt,7,1.01965810422916,1.01965810423,840.835564199972,840.835564203,-0.263584530005984,-0.263584530012
8003,M2,raw_ridge,ticket,7,0.680278143766026,0.680278143764,63062.4913824374,63062.4913822,-0.447115926314385,-0.44711592631
8003,M2,raw_ridge,amt,8,1.10592580866104,1.10592580866,72273634.0032601,72273634.0033,-0.426818346833693,-0.426818346836
8003,M2,raw_ridge,cnt,8,0.956334321697507,0.9563343217,788.617190029807,788.617190032,-0.160857197522934,-0.160857197526
8003,M2,raw_ridge,ticket,8,0.756559189915758,0.756559189913,70133.8236889994,70133.8236887,-0.672405820313648,-0.672405820308
8003,M2,raw_ridge,amt,9,1.17352385169404,1.1735238517,76691250.6130202,76691250.6134,-0.515932357927186,-0.515932357936
8003,M2,raw_ridge,cnt,9,1.11899561481844,1.11899561482,922.751758869657,922.751758874,-0.552644561936988,-0.552644561942
8003,M2,raw_ridge,ticket,9,0.660727626005119,0.660727626004,61250.1380544383,61250.1380543,-0.391822651277354,-0.391822651275
8003,M3,raw_ridge,amt,0,1.18002443968944,1.18002443969,77116072.1642545,77116072.1644,-0.452826196949787,-0.452826196955
8003,M3,raw_ridge,cnt,0,1.005301025917,1.00530102592,828.996358496806,828.996358499,-0.232609893197026,-0.2326098932
8003,M3,raw_ridge,ticket,0,0.761119002761668,0.761119002761,70556.5230817931,70556.5230818,-0.662352872802291,-0.662352872803
8003,M3,raw_ridge,amt,1,1.07765679366936,1.07765679367,70426218.5372849,70426218.5375,-0.318929649388417,-0.318929649394
8003,M3,raw_ridge,cnt,1,0.97474352777215,0.974743527778,803.79788158911,803.797881594,-0.331494647749437,-0.331494647759
8003,M3,raw_ridge,ticket,1,0.873625136181298,0.873625136178,80985.958650558,80985.9586503,-1.04126091080777,-1.0412609108
8003,M3,raw_ridge,amt,2,1.15862223559457,1.15862223559,75717411.3738995,75717411.3738,-0.485909941641429,-0.485909941638
8003,M3,raw_ridge,cnt,2,1.05911307411196,1.05911307411,873.371118739578,873.371118742,-0.290045696163189,-0.290045696167
8003,M3,raw_ridge,ticket,2,0.69929114011328,0.699291140113,64825.0159163953,64825.0159163,-0.495355752086979,-0.495355752082
8003,M3,raw_ridge,amt,3,1.33676658150369,1.3367665815,87359367.0594928,87359367.059,-0.964333545232551,-0.964333545215
8003,M3,raw_ridge,cnt,3,0.978121144314634,0.978121144316,806.583148630455,806.583148632,-0.312986918549577,-0.312986918549
8003,M3,raw_ridge,ticket,3,0.840096440403032,0.840096440398,77877.813683742,77877.8136833,-1.00294392025453,-1.00294392024
8003,M3,raw_ridge,amt,4,0.921423201598128,0.921423201602,60216158.0034397,60216158.0037,-0.121617316318121,-0.121617316322
8003,M3,raw_ridge,cnt,4,0.867878966033219,0.867878966036,715.674692365143,715.674692367,0.0133878485649426,0.0133878485609
8003,M3,raw_ridge,ticket,4,0.688364326424074,0.688364326424,63812.0889240648,63812.0889241,-0.473897454165831,-0.473897454166
8003,M3,raw_ridge,amt,5,1.14640337746405,1.14640337747,74918893.7214975,74918893.7216,-0.413490096329263,-0.413490096332
8003,M3,raw_ridge,cnt,5,0.965443324692104,0.965443324695,796.128701624227,796.128701627,-0.20938357097767,-0.209383570983
8003,M3,raw_ridge,ticket,5,0.772711499768763,0.772711499768,71631.1596099693,71631.1596099,-0.702654396790327,-0.702654396789
8003,M3,raw_ridge,amt,6,1.11818247313225,1.11818247314,73074622.3472838,73074622.3475,-0.395564407878912,-0.395564407882
8003,M3,raw_ridge,cnt,6,0.91423846848308,0.914238468486,753.90389707286,753.903897075,-0.143428970811783,-0.143428970815
8003,M3,raw_ridge,ticket,6,0.665362575399282,0.665362575399,61679.8026833933,61679.8026833,-0.437261785331438,-0.437261785331
8003,M3,raw_ridge,amt,7,1.11104755951606,1.11104755952,72608346.8238237,72608346.8241,-0.343569474471078,-0.343569474476
8003,M3,raw_ridge,cnt,7,1.02383079844785,1.02383079845,844.276472170058,844.276472173,-0.266953700639711,-0.266953700646
8003,M3,raw_ridge,ticket,7,0.696092718141233,0.696092718139,64528.5188733873,64528.5188732,-0.494098674113913,-0.494098674111
8003,M3,raw_ridge,amt,8,1.13799242230238,1.1379924223,74369227.2879884,74369227.288,-0.493772636883885,-0.493772636886
8003,M3,raw_ridge,cnt,8,0.963893337165985,0.963893337169,794.850543160501,794.850543163,-0.161228620050243,-0.161228620054
8003,M3,raw_ridge,ticket,8,0.811121174738249,0.811121174735,75191.7764237861,75191.7764235,-0.933262530915271,-0.933262530909
8003,M3,raw_ridge,amt,9,1.19638651854221,1.19638651855,78185354.4698818,78185354.4703,-0.52990269635919,-0.529902696368
8003,M3,raw_ridge,cnt,9,1.13600509828773,1.13600509829,936.778204175522,936.778204179,-0.564216089631855,-0.564216089637
8003,M3,raw_ridge,ticket,9,0.66375378196384,0.663753781962,61530.6658588629,61530.6658587,-0.406046200480547,-0.406046200479
8003,M4,raw_ridge,amt,0,1.27311473102841,1.27311473103,83199639.0661203,83199639.0663,-0.56481366053403,-0.56481366054
8003,M4,raw_ridge,cnt,0,1.15851530871283,1.15851530872,955.340686447318,955.34068645,-0.495277360532969,-0.495277360538
8003,M4,raw_ridge,ticket,0,0.716443361769011,0.716443361769,66415.0447013363,66415.0447013,-0.593781496367008,-0.593781496369
8003,M4,raw_ridge,amt,1,1.2851229866181,1.28512298662,83984393.579226,83984393.5795,-0.550374318418309,-0.550374318426
8003,M4,raw_ridge,cnt,1,1.00540617433968,1.00540617434,829.08306651486,829.083066519,-0.323242802299933,-0.323242802311
8003,M4,raw_ridge,ticket,1,0.752733316177375,0.752733316175,69779.1612147335,69779.1612145,-0.772323116657647,-0.772323116654
8003,M4,raw_ridge,amt,2,1.32227240657689,1.32227240658,86412154.6103077,86412154.6102,-0.666624024437077,-0.666624024435
8003,M4,raw_ridge,cnt,2,1.19939126710323,1.19939126711,989.048023634999,989.048023637,-0.602392031524199,-0.602392031527
8003,M4,raw_ridge,ticket,2,0.585382163488967,0.585382163488,54265.5353236693,54265.5353236,-0.176696453452399,-0.17669645345
8003,M4,raw_ridge,amt,3,1.45287223353236,1.45287223353,94947016.5516315,94947016.5514,-1.10792932019534,-1.10792932018
8003,M4,raw_ridge,cnt,3,1.14249053655944,1.14249053656,942.12625871033,942.126258713,-0.623603214160208,-0.623603214161
8003,M4,raw_ridge,ticket,3,0.770337731014967,0.770337731013,71411.1087778913,71411.1087777,-0.961673113954856,-0.961673113951
8003,M4,raw_ridge,amt,4,1.05242205803868,1.05242205804,68777097.0204006,68777097.0206,-0.183648246026362,-0.183648246031
8003,M4,raw_ridge,cnt,4,0.995445859580985,0.995445859583,820.86954195697,820.869541958,-0.19803814461171,-0.198038144616
8003,M4,raw_ridge,ticket,4,0.537534098240854,0.53753409824,49829.9699155688,49829.9699155,-0.0948288863324851,-0.0948288863313
8003,M4,raw_ridge,amt,5,1.34276079493767,1.34276079494,87751096.4001701,87751096.4003,-0.682506273064621,-0.682506273069
8003,M4,raw_ridge,cnt,5,1.23192862998792,1.23192862999,1015.87914650379,1015.87914651,-0.685196581920364,-0.68519658193
8003,M4,raw_ridge,ticket,5,0.664439968735307,0.664439968735,61594.2760861779,61594.2760862,-0.459588229993749,-0.459588229995
8003,M4,raw_ridge,amt,6,1.22400450703229,1.22400450704,79990224.5401941,79990224.5404,-0.486979074638306,-0.486979074643
8003,M4,raw_ridge,cnt,6,1.03814020080738,1.03814020081,856.076363090783,856.076363094,-0.336889461812863,-0.336889461817
8003,M4,raw_ridge,ticket,6,0.563014047171391,0.563014047171,52191.9876793052,52191.9876793,-0.17942344988999,-0.179423449889
8003,M4,raw_ridge,amt,7,1.21779901198027,1.21779901198,79584687.6816756,79584687.6819,-0.393305398272537,-0.393305398279
8003,M4,raw_ridge,cnt,7,1.13355595009881,1.1335559501,934.758575350233,934.758575354,-0.397959853871574,-0.397959853879
8003,M4,raw_ridge,ticket,7,0.576451874733376,0.576451874733,53437.6882689713,53437.6882689,-0.178323225658058,-0.178323225656
8003,M4,raw_ridge,amt,8,1.34996542411728,1.34996542412,88221927.9228444,88221927.923,-0.756026324109129,-0.756026324113
8003,M4,raw_ridge,cnt,8,1.17410417531774,1.17410417532,968.195655571394,968.195655575,-0.559317063106249,-0.559317063114
8003,M4,raw_ridge,ticket,8,0.723786807646046,0.723786807645,67095.7897709548,67095.7897709,-0.735069887182664,-0.735069887179
8003,M4,raw_ridge,amt,9,1.5934785399298,1.59347853994,104135814.432587,104135814.433,-1.16256463338644,-1.1625646334
8003,M4,raw_ridge,cnt,9,1.54763081080747,1.54763081081,1276.21505736211,1276.21505737,-1.2607831191758,-1.26078311919
8003,M4,raw_ridge,ticket,9,0.587357966646066,0.587357966645,54448.6943310691,54448.694331,-0.159166262004021,-0.159166262004
8003,M5,raw_ridge,amt,0,1.28364472277504,1.28364472278,83887787.1892524,83887787.1894,-0.602560628125029,-0.60256062813
8003,M5,raw_ridge,cnt,0,1.17659565993491,1.17659565994,970.250196073825,970.250196076,-0.532783628096561,-0.532783628102
8003,M5,raw_ridge,ticket,0,0.703676652348839,0.703676652349,65231.5574613456,65231.5574613,-0.583910980626348,-0.583910980629
8003,M5,raw_ridge,amt,1,1.32357222569989,1.3235722257,86497099.4147703,86497099.415,-0.656569379245091,-0.656569379253
8003,M5,raw_ridge,cnt,1,1.00473252882904,1.00473252883,828.527561585648,828.52756159,-0.337771960476391,-0.337771960488
8003,M5,raw_ridge,ticket,1,0.803336185161247,0.803336185159,74470.0997939973,74470.0997938,-1.04985469452903,-1.04985469453
8003,M5,raw_ridge,amt,2,1.36554571571405,1.36554571571,89240119.4540579,89240119.454,-0.770190685341699,-0.770190685339
8003,M5,raw_ridge,cnt,2,1.23680231563642,1.23680231564,1019.89810953169,1019.89810953,-0.689242377312658,-0.689242377316
8003,M5,raw_ridge,ticket,2,0.590009429383408,0.590009429383,54694.4876842096,54694.4876841,-0.175347657661027,-0.175347657658
8003,M5,raw_ridge,amt,3,1.46297916717737,1.46297916717,95607517.2990003,95607517.2987,-1.1350495575189,-1.13504955751
8003,M5,raw_ridge,cnt,3,1.14881367711048,1.14881367711,947.340478487228,947.34047849,-0.628221975751349,-0.628221975752
8003,M5,raw_ridge,ticket,3,0.787822803908024,0.787822803906,73031.9932186811,73031.9932185,-1.10042273198534,-1.10042273198
8003,M5,raw_ridge,amt,4,1.08829020688331,1.08829020689,71121125.3825832,71121125.3828,-0.243317412854516,-0.243317412859
8003,M5,raw_ridge,cnt,4,1.02540350336057,1.02540350336,845.573363958712,845.57336396,-0.226004908356617,-0.226004908361
8003,M5,raw_ridge,ticket,4,0.554658794230611,0.55465879423,51417.4470426487,51417.4470426,-0.11808749158618,-0.118087491585
8003,M5,raw_ridge,amt,5,1.37117613583605,1.37117613584,89608074.4470558,89608074.4472,-0.748381611786254,-0.748381611791
8003,M5,raw_ridge,cnt,5,1.25190598932611,1.25190598933,1032.35297644804,1032.35297645,-0.723514983291239,-0.723514983301
8003,M5,raw_ridge,ticket,5,0.688631009658109,0.688631009658,63836.8107371972,63836.8107372,-0.539602520008483,-0.53960252001
8003,M5,raw_ridge,amt,6,1.24864604602907,1.24864604603,81600579.9155571,81600579.9158,-0.54416225969431,-0.544162259699
8003,M5,raw_ridge,cnt,6,1.05117352045437,1.05117352046,866.823964304681,866.823964308,-0.361875145190817,-0.361875145195
8003,M5,raw_ridge,ticket,6,0.563768017442549,0.563768017442,52261.881507533,52261.8815075,-0.190883874525675,-0.190883874525
8003,M5,raw_ridge,amt,7,1.23545089049796,1.2354508905,80738260.0076548,80738260.0079,-0.413380757056059,-0.413380757062
8003,M5,raw_ridge,cnt,7,1.14746105973537,1.14746105974,946.225076384282,946.225076388,-0.407825800740647,-0.407825800748
8003,M5,raw_ridge,ticket,7,0.590132711592587,0.590132711592,54705.9160732079,54705.9160731,-0.196844668529554,-0.196844668528
8003,M5,raw_ridge,amt,8,1.41394540421745,1.41394540422,92403099.5973658,92403099.5975,-0.909816545091299,-0.909816545097
8003,M5,raw_ridge,cnt,8,1.19840368353213,1.19840368354,988.233637532685,988.233637536,-0.609768727203296,-0.609768727211
8003,M5,raw_ridge,ticket,8,0.769363451948836,0.769363451949,71320.7920952593,71320.7920952,-1.02659262255813,-1.02659262255
8003,M5,raw_ridge,amt,9,1.61164098941414,1.61164098942,105322753.209451,105322753.21,-1.20450122785443,-1.20450122787
8003,M5,raw_ridge,cnt,9,1.55999295894012,1.55999295895,1286.409193766,1286.40919377,-1.27836967390832,-1.27836967392
8003,M5,raw_ridge,ticket,9,0.598930783106322,0.598930783105,55521.5064520866,55521.506452,-0.177780431788261,-0.177780431788
8004,M1,log_ridge_smear,amt,0,0.70809596511274,0.708095965113,1278368813.0072,1278368813.01,0.0788417374653003,0.0788417374655
8004,M1,log_ridge_smear,cnt,0,0.74663314749793,0.746633147498,26820.5528004326,26820.5528004,0.0535053689644744,0.053505368965
8004,M1,log_ridge_smear,ticket,0,0.19738112604311,0.197381126043,11839.2330823083,11839.2330823,0.267519766150224,0.26751976615
8004,M1,log_ridge_smear,amt,1,0.709940259750589,0.70994025975,1281698430.54943,1281698430.55,0.0678629697694911,0.0678629697698
8004,M1,log_ridge_smear,cnt,1,0.737560966990559,0.73756096699,26494.6619702057,26494.6619702,0.0442526514329902,0.0442526514336
8004,M1,log_ridge_smear,ticket,1,0.191766304148453,0.191766304148,11502.4471572347,11502.4471572,0.29797879462242,0.297978794622
8004,M1,log_ridge_smear,amt,2,0.711667422934608,0.711667422934,1284816583.53746,1284816583.54,0.0311329706069141,0.0311329706072
8004,M1,log_ridge_smear,cnt,2,0.750675105117017,0.750675105117,26965.7479851135,26965.7479851,-0.0219020646933741,-0.0219020646928
8004,M1,log_ridge_smear,ticket,2,0.193032701422293,0.193032701422,11578.4076748402,11578.4076748,0.296848959037929,0.296848959038
8004,M1,log_ridge_smear,amt,3,0.69751140952674,0.697511409527,1259259869.54848,1259259869.55,0.125255880610369,0.125255880611
8004,M1,log_ridge_smear,cnt,3,0.730816758505454,0.730816758505,26252.3965412222,26252.3965412,0.0961455788898014,0.0961455788904
8004,M1,log_ridge_smear,ticket,3,0.192883586927914,0.192883586928,11569.4635508994,11569.4635509,0.294552192551574,0.294552192552
8004,M1,log_ridge_smear,amt,4,0.704501506035264,0.704501506035,1271879516.90799,1271879516.91,0.0909124474578774,0.0909124474581
8004,M1,log_ridge_smear,cnt,4,0.735449558485665,0.735449558485,26418.8159627273,26418.8159627,0.0657471198314651,0.065747119832
8004,M1,log_ridge_smear,ticket,4,0.192930151592656,0.192930151593,11572.2565733648,11572.2565734,0.291970589137105,0.291970589137
8004,M1,log_ridge_smear,amt,5,0.706431865129445,0.706431865129,1275364511.85992,1275364511.86,0.0997347622168414,0.0997347622172
8004,M1,log_ridge_smear,cnt,5,0.744419006170617,0.74441900617,26741.016424937,26741.0164249,0.0601236227700649,0.0601236227707
8004,M1,log_ridge_smear,ticket,5,0.193956594027179,0.193956594027,11633.8242190233,11633.824219,0.286293092719588,0.28629309272
8004,M1,log_ridge_smear,amt,6,0.697393959255058,0.697393959255,1259047829.41297,1259047829.41,0.125636635377664,0.125636635378
8004,M1,log_ridge_smear,cnt,6,0.730711490398417,0.730711490398,26248.6151007217,26248.6151007,0.0961702007712233,0.0961702007717
8004,M1,log_ridge_smear,ticket,6,0.193226668847107,0.193226668847,11590.042148707,11590.0421487,0.294462944616808,0.294462944617
8004,M1,log_ridge_smear,amt,7,0.711474434042286,0.711474434042,1284468168.92509,1284468168.92,0.0883370410089885,0.0883370410092
8004,M1,log_ridge_smear,cnt,7,0.745655693399126,0.745655693399,26785.4406983851,26785.4406984,0.0610622209101881,0.0610622209107
8004,M1,log_ridge_smear,ticket,7,0.192753679824856,0.192753679825,11561.6715167623,11561.6715168,0.293843673459058,0.293843673459
8004,M1,log_ridge_smear,amt,8,0.713352194679579,0.713352194679,1287858204.67628,1287858204.68,0.0458888959548053,0.0458888959549
8004,M1,log_ridge_smear,cnt,8,0.753027784695217,0.753027784695,27050.2609310777,27050.2609311,-0.0049286989748684,-0.0049286989745
8004,M1,log_ridge_smear,ticket,8,0.19228539129468,0.192285391295,11533.5828277895,11533.5828278,0.296705166534437,0.296705166534
8004,M1,log_ridge_smear,amt,9,0.697097450547464,0.697097450547,1258512524.16729,1258512524.17,0.121494900416245,0.121494900416
8004,M1,log_ridge_smear,cnt,9,0.73321215105013,0.73321215105,26338.4438221895,26338.4438222,0.0915214030783027,0.0915214030788
8004,M1,log_ridge_smear,ticket,9,0.194048485651177,0.194048485651,11639.3360244154,11639.3360244,0.28167373034563,0.281673730346
8004,M2,log_ridge_smear,amt,0,0.525826041734394,0.525826041735,949305808.730666,949305808.732,0.4920124550269,0.492012455026
8004,M2,log_ridge_smear,cnt,0,0.477428265190562,0.477428265192,17150.1761445676,17150.1761446,0.56491846182536,0.564918461825
8004,M2,log_ridge_smear,ticket,0,0.174720101925569,0.174720101926,10479.988904358,10479.9889044,0.344274951763044,0.344274951761
8004,M2,log_ridge_smear,amt,1,0.533465700128252,0.533465700128,963098149.760575,963098149.76,0.445034463325369,0.445034463327
8004,M2,log_ridge_smear,cnt,1,0.472631896546449,0.472631896547,16977.8810102022,16977.8810102,0.557928839143309,0.557928839144
8004,M2,log_ridge_smear,ticket,1,0.171597983096932,0.171597983097,10292.7192638209,10292.7192638,0.371991698335972,0.371991698336
8004,M2,log_ridge_smear,amt,2,0.518498055452134,0.518498055453,936076148.364089,936076148.365,0.459523373938161,0.459523373939
8004,M2,log_ridge_smear,cnt,2,0.45575981369554,0.455759813696,16371.8021206264,16371.8021206,0.564934751935237,0.564934751935
8004,M2,log_ridge_smear,ticket,2,0.170248141128343,0.170248141128,10211.7536010406,10211.753601,0.381720782995744,0.381720782996
8004,M2,log_ridge_smear,amt,3,0.521137597172763,0.521137597173,940841473.944988,940841473.946,0.461653890299462,0.4616538903
8004,M2,log_ridge_smear,cnt,3,0.473635858149202,0.473635858149,17013.9453146956,17013.9453147,0.547849709117632,0.547849709118
8004,M2,log_ridge_smear,ticket,3,0.169685883695957,0.169685883696,10178.028508233,10178.0285082,0.387579189842151,0.387579189842
8004,M2,log_ridge_smear,amt,4,0.512427008921397,0.512427008922,925115717.956928,925115717.958,0.481297148822087,0.481297148823
8004,M2,log_ridge_smear,cnt,4,0.458289470691456,0.458289470692,16462.6724486493,16462.6724487,0.563431115397797,0.5634311154
8004,M2,log_ridge_smear,ticket,4,0.172173725771925,0.172173725772,10327.2532228742,10327.2532229,0.378670095218754,0.378670095219
8004,M2,log_ridge_smear,amt,5,0.531601538856047,0.531601538857,959732665.772224,959732665.774,0.449977062347541,0.449977062349
8004,M2,log_ridge_smear,cnt,5,0.47228075761088,0.472280757611,16965.2673988279,16965.2673988,0.539724119930353,0.539724119934
8004,M2,log_ridge_smear,ticket,5,0.175120670346145,0.175120670346,10504.01563372,10504.0156337,0.358137428878256,0.358137428878
8004,M2,log_ridge_smear,amt,6,0.523982183458434,0.523982183459,945976978.979155,945976978.981,0.491976782915305,0.491976782916
8004,M2,log_ridge_smear,cnt,6,0.461264168206101,0.461264168207,16569.529520324,16569.5295204,0.59581844287331,0.595818442874
8004,M2,log_ridge_smear,ticket,6,0.173173808445262,0.173173808445,10387.2397682374,10387.2397682,0.379083396454979,0.379083396454
8004,M2,log_ridge_smear,amt,7,0.530464956392971,0.530464956393,957680724.162902,957680724.163,0.39574900810967,0.395749008115
8004,M2,log_ridge_smear,cnt,7,0.476989177383997,0.476989177384,17134.4032342173,17134.4032342,0.45562264051448,0.45562264052
8004,M2,log_ridge_smear,ticket,7,0.171417948559117,0.171417948559,10281.9205066206,10281.9205066,0.379200909995131,0.379200909994
8004,M2,log_ridge_smear,amt,8,0.523181771306058,0.523181771307,944531946.125471,944531946.127,0.444998259226946,0.444998259226
8004,M2,log_ridge_smear,cnt,8,0.464078911021696,0.464078911022,16670.6406999686,16670.6407,0.56861131107544,0.568611311075
8004,M2,log_ridge_smear,ticket,8,0.167534989540222,0.16753498954,10049.0144644101,10049.0144644,0.401283840272142,0.401283840272
8004,M2,log_ridge_smear,amt,9,0.529280084723492,0.529280084724,955541603.105439,955541603.106,0.47147135858,0.47147135858
8004,M2,log_ridge_smear,cnt,9,0.465988537269878,0.465988537271,16739.2382860657,16739.2382861,0.572959874427006,0.572959874427
8004,M2,log_ridge_smear,ticket,9,0.174391715665154,0.174391715665,10460.2917754783,10460.2917755,0.362262708043586,0.362262708043
8004,M3,log_ridge_smear,amt,0,0.433693621541385,0.433693621542,782973533.948018,782973533.95,0.664926220990061,0.66492622099
8004,M3,log_ridge_smear,cnt,0,0.360162138138399,0.36016213814,12937.742819253,12937.7428193,0.778369239790139,0.778369239791
8004,M3,log_ridge_smear,ticket,0,0.174056588554483,0.174056588555,10440.1903197061,10440.1903197,0.345334833413101,0.345334833411
8004,M3,log_ridge_smear,amt,1,0.464976882819939,0.46497688282,839451112.635098,839451112.636,0.592827012308297,0.59282701231
8004,M3,log_ridge_smear,cnt,1,0.39059609866712,0.390596098666,14030.991422027,14030.991422,0.722487322379232,0.722487322382
8004,M3,log_ridge_smear,ticket,1,0.17274574289157,0.172745742892,10361.5637172072,10361.5637172,0.366175209631257,0.366175209631
8004,M3,log_ridge_smear,amt,2,0.436616044718897,0.43661604472,788249562.668144,788249562.67,0.659791347367024,0.659791347367
8004,M3,log_ridge_smear,cnt,2,0.356670550146315,0.356670550147,12812.3180100105,12812.31801,0.788469255771842,0.788469255774
8004,M3,log_ridge_smear,ticket,2,0.170342191533282,0.170342191533,10217.3948935384,10217.3948935,0.384193749081725,0.384193749082
8004,M3,log_ridge_smear,amt,3,0.436826176398308,0.436826176399,788628926.199104,788628926.201,0.629365511931654,0.629365511932
8004,M3,log_ridge_smear,cnt,3,0.360245069243804,0.360245069245,12940.7218700744,12940.7218701,0.758403975668644,0.758403975669
8004,M3,log_ridge_smear,ticket,3,0.169020168797876,0.169020168798,10138.0978724992,10138.0978725,0.392610381534852,0.392610381535
8004,M3,log_ridge_smear,amt,4,0.441887346369002,0.441887346371,797766164.887978,797766164.891,0.63183006570552,0.631830065704
8004,M3,log_ridge_smear,cnt,4,0.362447072227928,0.362447072229,13019.8222120567,13019.8222121,0.769372590728666,0.769372590728
8004,M3,log_ridge_smear,ticket,4,0.170026279829254,0.170026279829,10198.4460083416,10198.4460083,0.38396170646638,0.383961706466
8004,M3,log_ridge_smear,amt,5,0.454202457267401,0.454202457269,819999385.350874,819999385.354,0.607669530450084,0.607669530448
8004,M3,log_ridge_smear,cnt,5,0.37921949603932,0.379219496041,13622.321150032,13622.3211501,0.738100467697066,0.738100467697
8004,M3,log_ridge_smear,ticket,5,0.173388621385886,0.173388621386,10400.1245892136,10400.1245892,0.361170820959914,0.361170820959
8004,M3,log_ridge_smear,amt,6,0.452869617166364,0.452869617168,817593127.863417,817593127.866,0.614039702980642,0.614039702981
8004,M3,log_ridge_smear,cnt,6,0.368019251475509,0.368019251477,13219.9860116737,13219.9860117,0.76653924700531,0.766539247006
8004,M3,log_ridge_smear,ticket,6,0.173294282159347,0.17329428216,10394.465972738,10394.4659727,0.381634691915823,0.381634691915
8004,M3,log_ridge_smear,amt,7,0.44435293885752,0.444352938857,802217449.315796,802217449.316,0.639770973195373,0.639770973196
8004,M3,log_ridge_smear,cnt,7,0.373888699310229,0.373888699311,13430.8282922342,13430.8282922,0.752856272143232,0.752856272145
8004,M3,log_ridge_smear,ticket,7,0.171740060785784,0.171740060786,10301.2413090024,10301.241309,0.383858724636945,0.383858724636
8004,M3,log_ridge_smear,amt,8,0.465261666244729,0.465261666245,839965249.512936,839965249.514,0.592361138338269,0.592361138338
8004,M3,log_ridge_smear,cnt,8,0.383246117963122,0.383246117963,13766.965445931,13766.9654459,0.744330647437064,0.744330647438
8004,M3,log_ridge_smear,ticket,8,0.166682006406679,0.166682006407,9997.8511828151,9997.85118282,0.405702080884493,0.405702080884
8004,M3,log_ridge_smear,amt,9,0.436825960267102,0.436825960268,788628536.004262,788628536.006,0.660985375796735,0.660985375798
8004,M3,log_ridge_smear,cnt,9,0.356682429301814,0.356682429303,12812.7447329847,12812.744733,0.791872914323061,0.791872914325
8004,M3,log_ridge_smear,ticket,9,0.173848048642365,0.173848048643,10427.6817649317,10427.6817649,0.362399327286366,0.362399327286
8004,M4,log_ridge_smear,amt,0,0.355377890229682,0.355377890231,641585369.900518,641585369.903,0.629793945709987,0.629793945701
8004,M4,log_ridge_smear,cnt,0,0.305648629960538,0.305648629962,10979.5088065779,10979.5088066,0.743358017144672,0.743358017136
8004,M4,log_ridge_smear,ticket,0,0.166011077652848,0.166011077653,9957.60781174175,9957.60781176,0.403325442924397,0.403325442922
8004,M4,log_ridge_smear,amt,1,0.342012353014514,0.342012353016,617455750.77151,617455750.774,0.65339214124731,0.65339214124
8004,M4,log_ridge_smear,cnt,1,0.296173001055073,0.296173001057,10639.1253046828,10639.1253047,0.764177930640539,0.764177930634
8004,M4,log_ridge_smear,ticket,1,0.162533497943442,0.162533497943,9749.01706364268,9749.01706364,0.428572151027461,0.428572151027
8004,M4,log_ridge_smear,amt,2,0.336558909089577,0.336558909091,607610315.999102,607610316.002,0.675790551605481,0.675790551598
8004,M4,log_ridge_smear,cnt,2,0.270488073608805,0.270488073611,9716.47144842624,9716.47144849,0.838362162288922,0.838362162285
8004,M4,log_ridge_smear,ticket,2,0.164642238318843,0.164642238319,9875.50265684473,9875.50265684,0.417142052302468,0.417142052302
8004,M4,log_ridge_smear,amt,3,0.364903280768058,0.364903280767,658782138.129574,658782138.128,0.61962984872164,0.619629848719
8004,M4,log_ridge_smear,cnt,3,0.313753465607808,0.313753465608,11270.6506787877,11270.6506788,0.735233560883496,0.735233560879
8004,M4,log_ridge_smear,ticket,3,0.163178142106309,0.163178142106,9787.68384324992,9787.68384324,0.425942703844988,0.425942703845
8004,M4,log_ridge_smear,amt,4,0.36115888683508,0.361158886836,652022155.495341,652022155.497,0.584785804942078,0.584785804936
8004,M4,log_ridge_smear,cnt,4,0.316758005988975,0.31675800599,11378.5797657887,11378.5797658,0.698429374827388,0.698429374819
8004,M4,log_ridge_smear,ticket,4,0.161817781713299,0.161817781713,9706.08726868548,9706.08726868,0.42024677688613,0.420246776886
8004,M4,log_ridge_smear,amt,5,0.343100454753525,0.343100454755,619420167.174178,619420167.176,0.673617398062256,0.673617398058
8004,M4,log_ridge_smear,cnt,5,0.2946836514625,0.294683651464,10585.6248948499,10585.6248949,0.770916717912223,0.770916717908
8004,M4,log_ridge_smear,ticket,5,0.166603094365109,0.166603094365,9993.11791336889,9993.11791337,0.413186564012485,0.413186564012
8004,M4,log_ridge_smear,amt,6,0.366172927463123,0.366172927464,661074308.708813,661074308.711,0.578958662419886,0.578958662416
8004,M4,log_ridge_smear,cnt,6,0.311202944590109,0.311202944591,11179.0308734615,11179.0308735,0.735078870111409,0.735078870106
8004,M4,log_ridge_smear,ticket,6,0.164409352603864,0.164409352604,9861.53380219055,9861.53380219,0.425181159106818,0.425181159107
8004,M4,log_ridge_smear,amt,7,0.355845624453844,0.355845624455,642429799.009571,642429799.012,0.66521313231515,0.665213132309
8004,M4,log_ridge_smear,cnt,7,0.301282855745553,0.301282855747,10822.681483494,10822.6814835,0.775966370963288,0.775966370958
8004,M4,log_ridge_smear,ticket,7,0.164890044283271,0.164890044283,9890.3664517316,9890.36645174,0.42703570248529,0.427035702485
8004,M4,log_ridge_smear,amt,8,0.367221057146112,0.367221057147,662966561.121954,662966561.124,0.544721966029629,0.544721966019
8004,M4,log_ridge_smear,cnt,8,0.31495588155803,0.314955881559,11313.8438595205,11313.8438596,0.721404790120408,0.721404790112
8004,M4,log_ridge_smear,ticket,8,0.166995526686261,0.166995526686,10016.6566265797,10016.6566266,0.410423841419565,0.410423841419
8004,M4,log_ridge_smear,amt,9,0.343345173060362,0.343345173062,619861972.052112,619861972.055,0.655878296001901,0.655878295997
8004,M4,log_ridge_smear,cnt,9,0.285551424696996,0.285551424699,10257.5770831897,10257.5770833,0.82064419474545,0.820644194741
8004,M4,log_ridge_smear,ticket,9,0.167684525620169,0.16768452562,10057.9838757221,10057.9838757,0.388509985988192,0.388509985987
8004,M5,log_ridge_smear,amt,0,0.353556891993539,0.353556891995,638297810.77249,638297810.775,0.655733074471077,0.655733074463
8004,M5,log_ridge_smear,cnt,0,0.296710148777874,0.296710148779,10658.4207229337,10658.420723,0.782915336681261,0.782915336675
8004,M5,log_ridge_smear,ticket,0,0.165532405013967,0.165532405014,9928.89626745458,9928.89626747,0.420461605294421,0.420461605292
8004,M5,log_ridge_smear,amt,1,0.345176171879688,0.345176171881,623167585.84262,623167585.844,0.669549047079214,0.669549047073
8004,M5,log_ridge_smear,cnt,1,0.295370369361339,0.295370369363,10610.2931723387,10610.2931724,0.789378102156846,0.789378102152
8004,M5,log_ridge_smear,ticket,1,0.160415887184642,0.160415887185,9621.99941077165,9621.99941077,0.453658434067096,0.453658434067
8004,M5,log_ridge_smear,amt,2,0.342755072745711,0.342755072748,618796627.980176,618796627.983,0.661202109689508,0.661202109682
8004,M5,log_ridge_smear,cnt,2,0.280482493980711,0.280482493982,10075.4909752082,10075.4909753,0.833505309275264,0.833505309272
8004,M5,log_ridge_smear,ticket,2,0.164793596008568,0.164793596009,9884.58133120117,9884.5813312,0.434939986187466,0.434939986187
8004,M5,log_ridge_smear,amt,3,0.368375291658187,0.368375291658,665050371.051443,665050371.052,0.616793260183342,0.616793260181
8004,M5,log_ridge_smear,cnt,3,0.311105251480316,0.311105251481,11175.5215419803,11175.521542,0.730849330462867,0.730849330459
8004,M5,log_ridge_smear,ticket,3,0.165140229973484,0.165140229973,9905.37298634646,9905.37298634,0.43422373039892,0.4342237304
8004,M5,log_ridge_smear,amt,4,0.370198969486527,0.370198969487,668342767.810618,668342767.811,0.59590416462166,0.595904164618
8004,M5,log_ridge_smear,cnt,4,0.320863590907488,0.320863590908,11526.0605700533,11526.0605701,0.716367667670831,0.716367667667
8004,M5,log_ridge_smear,ticket,4,0.162082147221613,0.162082147221,9721.94433128612,9721.94433127,0.431746461554433,0.431746461555
8004,M5,log_ridge_smear,amt,5,0.344951665697821,0.344951665699,622762271.146073,622762271.149,0.682824206023425,0.682824206019
8004,M5,log_ridge_smear,cnt,5,0.292309314299308,0.2923093143,10500.3339652082,10500.3339652,0.788458512545883,0.788458512543
8004,M5,log_ridge_smear,ticket,5,0.167319470197386,0.167319470197,10036.0872723086,10036.0872723,0.427484046835465,0.427484046836
8004,M5,log_ridge_smear,amt,6,0.3675046943211,0.367504694321,663478628.605146,663478628.605,0.574741508539736,0.574741508536
8004,M5,log_ridge_smear,cnt,6,0.309359242493408,0.309359242493,11112.8014144581,11112.8014145,0.737443494163803,0.73744349416
8004,M5,log_ridge_smear,ticket,6,0.163589091053082,0.163589091053,9812.33321304181,9812.33321304,0.441712254155216,0.441712254156
8004,M5,log_ridge_smear,amt,7,0.361531965854181,0.361531965855,652695697.792296,652695697.794,0.663216200965818,0.66321620096
8004,M5,log_ridge_smear,cnt,7,0.301281738946968,0.301281738948,10822.6413658599,10822.6413659,0.780549310104083,0.780549310099
8004,M5,log_ridge_smear,ticket,7,0.168251254133228,0.168251254133,10091.9771510418,10091.977151,0.430639876948659,0.430639876948
8004,M5,log_ridge_smear,amt,8,0.359189116772552,0.359189116774,648466009.519661,648466009.521,0.586607836902036,0.586607836893
8004,M5,log_ridge_smear,cnt,8,0.30524398486228,0.305243984863,10964.9731470513,10964.9731471,0.756002188428087,0.756002188422
8004,M5,log_ridge_smear,ticket,8,0.167148162156181,0.167148162156,10025.8119442194,10025.8119442,0.428775556556575,0.428775556556
8004,M5,log_ridge_smear,amt,9,0.334231056599565,0.334231056601,603407701.987541,603407701.99,0.713560974365273,0.713560974361
8004,M5,log_ridge_smear,cnt,9,0.272060678391397,0.272060678393,9772.96255084657,9772.9625509,0.857503276978021,0.857503276975
8004,M5,log_ridge_smear,ticket,9,0.166868062160421,0.16686806216,10009.0111020992,10009.0111021,0.402335667223525,0.402335667224
8004,M1,raw_ridge,amt,0,0.523610316339611,0.52361031634,945305624.599653,945305624.6,0.407300208471329,0.407300208471
8004,M1,raw_ridge,cnt,0,0.543466474607417,0.543466474607,19522.4004269293,19522.4004269,0.384166238371314,0.384166238371
8004,M1,raw_ridge,ticket,0,0.211724963969584,0.21172496397,12699.5992374253,12699.5992374,0.209379402499023,0.209379402499
8004,M1,raw_ridge,amt,1,0.528715743878269,0.528715743878,954522764.174018,954522764.174,0.39355754527062,0.393557545271
8004,M1,raw_ridge,cnt,1,0.546887076475455,0.546887076475,19645.2752729208,19645.2752729,0.366162096166334,0.366162096166
8004,M1,raw_ridge,ticket,1,0.208953593946893,0.208953593947,12533.3680667267,12533.3680667,0.227435838447812,0.227435838448
8004,M1,raw_ridge,amt,2,0.52970862143004,0.52970862143,956315266.546371,956315266.546,0.388390257394326,0.388390257394
8004,M1,raw_ridge,cnt,2,0.556379628966288,0.556379628966,19986.2667037788,19986.2667038,0.355665386836204,0.355665386836
8004,M1,raw_ridge,ticket,2,0.210160724627549,0.210160724628,12605.7736800475,12605.77368,0.219620215278918,0.219620215279
8004,M1,raw_ridge,amt,3,0.522334707137772,0.522334707138,943002689.543447,943002689.543,0.415304691648344,0.415304691648
8004,M1,raw_ridge,cnt,3,0.542278660703887,0.542278660704,19479.7317808567,19479.7317809,0.390724234970105,0.39072423497
8004,M1,raw_ridge,ticket,3,0.210643080786788,0.210643080787,12634.7061677296,12634.7061677,0.21762634636083,0.217626346361
8004,M1,raw_ridge,amt,4,0.529392122295967,0.529392122296,955743871.365102,955743871.365,0.391061276968188,0.391061276968
8004,M1,raw_ridge,cnt,4,0.552449275982348,0.552449275982,19845.0805803347,19845.0805803,0.362692983672467,0.362692983673
8004,M1,raw_ridge,ticket,4,0.210153741390438,0.21015374139,12605.3548144067,12605.3548144,0.217708389194581,0.217708389195
8004,M1,raw_ridge,amt,5,0.521695966724531,0.521695966725,941849532.536311,941849532.536,0.408754894876956,0.408754894877
8004,M1,raw_ridge,cnt,5,0.545123375288165,0.545123375288,19581.9196062505,19581.9196062,0.376096445931159,0.376096445931
8004,M1,raw_ridge,ticket,5,0.211497448944825,0.211497448945,12685.952525291,12685.9525253,0.20506790391798,0.205067903918
8004,M1,raw_ridge,amt,6,0.528184265698904,0.528184265699,953563254.216654,953563254.217,0.411018436108154,0.411018436108
8004,M1,raw_ridge,cnt,6,0.547227923483144,0.547227923483,19657.5191777049,19657.5191777,0.388445181879689,0.38844518188
8004,M1,raw_ridge,ticket,6,0.210696282356309,0.210696282356,12637.8972822729,12637.8972823,0.220118436606963,0.220118436607
8004,M1,raw_ridge,amt,7,0.532370683216454,0.532370683216,961121248.97491,961121248.975,0.389104731973009,0.389104731973
8004,M1,raw_ridge,cnt,7,0.55050046795501,0.550500467955,19775.0755065306,19775.0755065,0.368871954163486,0.368871954164
8004,M1,raw_ridge,ticket,7,0.209388687909692,0.20938868791,12559.4656928855,12559.4656929,0.219614283505733,0.219614283506
8004,M1,raw_ridge,amt,8,0.53327248626072,0.533272486261,962749328.986748,962749328.987,0.380057521349943,0.38005752135
8004,M1,raw_ridge,cnt,8,0.554585243860854,0.554585243861,19921.8088095292,19921.8088095,0.355100910341396,0.355100910341
8004,M1,raw_ridge,ticket,8,0.20904465912326,0.209044659123,12538.8303004788,12538.8303005,0.22465006885527,0.224650068855
8004,M1,raw_ridge,amt,9,0.525029005436277,0.525029005436,947866870.512476,947866870.513,0.402654264733612,0.402654264734
8004,M1,raw_ridge,cnt,9,0.546395222212883,0.546395222213,19627.6068861587,19627.6068862,0.379467237198303,0.379467237198
8004,M1,raw_ridge,ticket,9,0.21095585677922,0.210955856779,12653.4669679701,12653.466968,0.207533971346773,0.207533971347
8004,M2,raw_ridge,amt,0,0.501545239070842,0.501545239071,905470195.467533,905470195.468,0.541791292382237,0.541791292382
8004,M2,raw_ridge,cnt,0,0.501331353005625,0.501331353006,18008.8227650473,18008.8227651,0.584268684868389,0.584268684868
8004,M2,raw_ridge,ticket,0,0.175316223091849,0.175316223092,10515.7451976489,10515.7451977,0.366949428194023,0.366949428193
8004,M2,raw_ridge,amt,1,0.513118728114131,0.513118728114,926364520.784392,926364520.785,0.525711966534462,0.525711966534
8004,M2,raw_ridge,cnt,1,0.517933193916396,0.517933193917,18605.1940247803,18605.1940248,0.558682186333145,0.558682186333
8004,M2,raw_ridge,ticket,1,0.171517689376997,0.171517689377,10287.9031191144,10287.9031191,0.389762153964659,0.389762153965
8004,M2,raw_ridge,amt,2,0.499512922632071,0.499512922632,901801130.705848,901801130.706,0.535736118562415,0.535736118562
8004,M2,raw_ridge,cnt,2,0.504588733236033,0.504588733236,18125.8343640549,18125.8343641,0.572321700452536,0.572321700452
8004,M2,raw_ridge,ticket,2,0.171801176057904,0.171801176058,10304.9070999826,10304.9071,0.388818224331067,0.388818224331
8004,M2,raw_ridge,amt,3,0.507389093199472,0.5073890932,916020461.58099,916020461.581,0.546156814025253,0.546156814024
8004,M2,raw_ridge,cnt,3,0.510841312290513,0.510841312291,18350.4394826884,18350.4394827,0.583050884854669,0.583050884854
8004,M2,raw_ridge,ticket,3,0.171290409292611,0.171290409293,10274.2704990764,10274.2704991,0.397209298732368,0.397209298733
8004,M2,raw_ridge,amt,4,0.492061405342304,0.492061405343,888348452.280679,888348452.281,0.544286649847539,0.544286649847
8004,M2,raw_ridge,cnt,4,0.496501491933175,0.496501491934,17835.3245158114,17835.3245158,0.577275721906855,0.577275721906
8004,M2,raw_ridge,ticket,4,0.171336249483549,0.171336249484,10277.0200664537,10277.0200665,0.398925825633052,0.398925825633
8004,M2,raw_ridge,amt,5,0.499957383173498,0.499957383174,902603542.416643,902603542.417,0.539612876159392,0.539612876159
8004,M2,raw_ridge,cnt,5,0.508831304224525,0.508831304225,18278.2359813521,18278.2359814,0.569202024255015,0.569202024255
8004,M2,raw_ridge,ticket,5,0.174802861211333,0.174802861211,10484.9529376145,10484.9529376,0.381035933851574,0.381035933851
8004,M2,raw_ridge,amt,6,0.495826194343483,0.495826194344,895145255.374865,895145255.375,0.559442250842324,0.559442250842
8004,M2,raw_ridge,cnt,6,0.494919677687767,0.494919677688,17778.5025911063,17778.5025911,0.60263972122918,0.602639721229
8004,M2,raw_ridge,ticket,6,0.172316314126447,0.172316314126,10335.8058985928,10335.8058986,0.397212544948381,0.397212544948
8004,M2,raw_ridge,amt,7,0.50295843231551,0.502958432316,908021519.383704,908021519.384,0.530455401701886,0.530455401702
8004,M2,raw_ridge,cnt,7,0.509431308223891,0.509431308224,18299.7893225069,18299.7893225,0.563305033004072,0.563305033004
8004,M2,raw_ridge,ticket,7,0.171857351238242,0.171857351238,10308.2765764204,10308.2765764,0.395942100020236,0.39594210002
8004,M2,raw_ridge,amt,8,0.511805635822619,0.511805635823,923993915.221343,923993915.222,0.521343969730006,0.521343969729
8004,M2,raw_ridge,cnt,8,0.513967826221004,0.513967826221,18462.7501030179,18462.750103,0.569568440914618,0.569568440914
8004,M2,raw_ridge,ticket,8,0.170002240900263,0.1700022409,10197.0041152433,10197.0041152,0.404078295968039,0.404078295968
8004,M2,raw_ridge,amt,9,0.501416937633141,0.501416937633,905238565.060496,905238565.06,0.544471430115644,0.544471430115
8004,M2,raw_ridge,cnt,9,0.50833656217769,0.508336562178,18260.4638596157,18260.4638596,0.57586757947583,0.575867579476
8004,M2,raw_ridge,ticket,9,0.17236325753647,0.172363257537,10338.621638801,10338.6216388,0.391079617521114,0.391079617521
8004,M3,raw_ridge,amt,0,0.406932102208046,0.406932102208,734659331.650618,734659331.651,0.70092549619261,0.700925496192
8004,M3,raw_ridge,cnt,0,0.391184655875806,0.391184655876,14052.1335716148,14052.1335716,0.752694466344693,0.752694466345
8004,M3,raw_ridge,ticket,0,0.175505715681012,0.175505715681,10527.1112637741,10527.1112638,0.366123952251265,0.36612395225
8004,M3,raw_ridge,amt,1,0.396124743141315,0.396124743141,715148147.485517,715148147.485,0.723574564758225,0.723574564758
8004,M3,raw_ridge,cnt,1,0.381617676749198,0.381617676749,13708.468587458,13708.4685875,0.76362394285743,0.763623942857
8004,M3,raw_ridge,ticket,1,0.171666381750788,0.171666381751,10296.8219235926,10296.8219236,0.388253377695096,0.388253377695
8004,M3,raw_ridge,amt,2,0.395793751472303,0.395793751473,714550588.047421,714550588.048,0.734785619466174,0.734785619466
8004,M3,raw_ridge,cnt,2,0.380631691350608,0.380631691351,13673.0500240953,13673.0500241,0.779859769569168,0.779859769569
8004,M3,raw_ridge,ticket,2,0.172126341483307,0.172126341483,10324.4110380685,10324.4110381,0.386852978053766,0.386852978054
8004,M3,raw_ridge,amt,3,0.405918737372479,0.405918737372,732829842.335873,732829842.336,0.718940572899814,0.7189405729
8004,M3,raw_ridge,cnt,3,0.390190563422241,0.390190563422,14016.4237866572,14016.4237867,0.765842861093156,0.765842861093
8004,M3,raw_ridge,ticket,3,0.171195824583504,0.171195824584,10268.5971581669,10268.5971582,0.397696083730612,0.397696083731
8004,M3,raw_ridge,amt,4,0.401792771929429,0.40179277193,725380985.393015,725380985.393,0.710884379519351,0.710884379519
8004,M3,raw_ridge,cnt,4,0.386329149390035,0.38632914939,13877.7140879489,13877.714088,0.756028864474203,0.756028864474
8004,M3,raw_ridge,ticket,4,0.171562701753542,0.171562701754,10290.603032871,10290.6030329,0.398400869422287,0.398400869422
8004,M3,raw_ridge,amt,5,0.406450815581948,0.406450815582,733790435.564162,733790435.564,0.701988443715954,0.701988443716
8004,M3,raw_ridge,cnt,5,0.394506380097092,0.394506380097,14171.4565351934,14171.4565352,0.749165267505387,0.749165267506
8004,M3,raw_ridge,ticket,5,0.175224669820329,0.17522466982,10510.2536871752,10510.2536872,0.379290287959059,0.379290287959
8004,M3,raw_ridge,amt,6,0.410145545124458,0.410145545124,740460756.046625,740460756.047,0.705170574783382,0.705170574783
8004,M3,raw_ridge,cnt,6,0.390718856316685,0.390718856317,14035.401121801,14035.4011218,0.762130323013859,0.762130323014
8004,M3,raw_ridge,ticket,6,0.173214989540036,0.17321498954,10389.7098756351,10389.7098756,0.394248586786659,0.394248586786
8004,M3,raw_ridge,amt,7,0.396781003613784,0.396781003614,716332934.523642,716332934.524,0.724737681993683,0.724737681993
8004,M3,raw_ridge,cnt,7,0.383734037872403,0.383734037873,13784.4925028707,13784.4925029,0.772225251758701,0.772225251758
8004,M3,raw_ridge,ticket,7,0.172787829221864,0.172787829222,10364.0881220676,10364.0881221,0.394271316374528,0.394271316374
8004,M3,raw_ridge,amt,8,0.411928610692029,0.411928610692,743679833.015617,743679833.016,0.697313093086366,0.697313093086
8004,M3,raw_ridge,cnt,8,0.396262543703761,0.396262543704,14234.5414369242,14234.5414369,0.755938229995299,0.755938229995
8004,M3,raw_ridge,ticket,8,0.170518978554004,0.170518978554,10227.9988595113,10227.9988595,0.403032112299041,0.403032112299
8004,M3,raw_ridge,amt,9,0.407753747746022,0.407753747746,736142698.429762,736142698.43,0.711945182368649,0.711945182369
8004,M3,raw_ridge,cnt,9,0.398677131400989,0.398677131401,14321.2782460812,14321.2782461,0.755412656209158,0.755412656209
8004,M3,raw_ridge,ticket,9,0.172600803728137,0.172600803728,10352.8700362407,10352.8700362,0.389811971005886,0.389811971006
8004,M4,raw_ridge,amt,0,0.374080811334898,0.374080811335,675350893.545658,675350893.546,0.756940374489479,0.75694037449
8004,M4,raw_ridge,cnt,0,0.370347155025161,0.370347155025,13303.6089532441,13303.6089532,0.775464602934021,0.775464602934
8004,M4,raw_ridge,ticket,0,0.164523148379635,0.16452314838,9868.35945335659,9868.35945337,0.442340928992958,0.442340928992
8004,M4,raw_ridge,amt,1,0.365995332787179,0.365995332787,660753686.213743,660753686.214,0.77321995526846,0.773219955269
8004,M4,raw_ridge,cnt,1,0.367152234344696,0.367152234345,13188.8410259284,13188.8410259,0.777088377117736,0.777088377118
8004,M4,raw_ridge,ticket,1,0.162489274702742,0.162489274703,9746.36448350597,9746.36448351,0.443082639320588,0.44308263932
8004,M4,raw_ridge,amt,2,0.354864601840077,0.35486460184,640658699.079501,640658699.079,0.795250100642725,0.795250100643
8004,M4,raw_ridge,cnt,2,0.353963836336407,0.353963836337,12715.0874478562,12715.0874479,0.804737093024295,0.804737093024
8004,M4,raw_ridge,ticket,2,0.165424524635631,0.165424524636,9922.42543121133,9922.42543122,0.438401828459423,0.438401828459
8004,M4,raw_ridge,amt,3,0.363996393186962,0.363996393187,657144878.693429,657144878.693,0.78082047962915,0.780820479629
8004,M4,raw_ridge,cnt,3,0.364717373459415,0.364717373459,13101.375963395,13101.3759634,0.794642215934785,0.794642215935
8004,M4,raw_ridge,ticket,3,0.162920360097233,0.162920360097,9772.22166937815,9772.22166938,0.455283201364882,0.455283201365
8004,M4,raw_ridge,amt,4,0.368864793622818,0.368864793623,665934098.789379,665934098.789,0.757778934684688,0.757778934685
8004,M4,raw_ridge,cnt,4,0.366215709520415,0.36621570952,13155.199185109,13155.1991851,0.767739569517985,0.767739569518
8004,M4,raw_ridge,ticket,4,0.163875868397779,0.163875868398,9829.53457314472,9829.53457314,0.430919803364845,0.430919803365
8004,M4,raw_ridge,amt,5,0.371721890894218,0.371721890894,671092190.668782,671092190.669,0.755170591466968,0.755170591467
8004,M4,raw_ridge,cnt,5,0.374856297770664,0.374856297771,13465.5863600814,13465.5863601,0.762001845717852,0.762001845718
8004,M4,raw_ridge,ticket,5,0.165604500070191,0.16560450007,9933.2206433046,9933.2206433,0.437473175130968,0.437473175131
8004,M4,raw_ridge,amt,6,0.373444957167422,0.373444957167,674202947.253953,674202947.254,0.765744153639114,0.765744153639
8004,M4,raw_ridge,cnt,6,0.367845147002768,0.367845147003,13213.7318315324,13213.7318315,0.785887010871974,0.785887010872
8004,M4,raw_ridge,ticket,6,0.163634290447856,0.163634290448,9815.04434444853,9815.04434445,0.447858495226191,0.447858495226
8004,M4,raw_ridge,amt,7,0.362073985702485,0.362073985703,653674239.26724,653674239.268,0.774534643927506,0.774534643927
8004,M4,raw_ridge,cnt,7,0.359329871170213,0.359329871171,12907.8461287041,12907.8461287,0.791857264090281,0.79185726409
8004,M4,raw_ridge,ticket,7,0.163610987995677,0.163610987996,9813.64662639782,9813.6466264,0.445077921384884,0.445077921384
8004,M4,raw_ridge,amt,8,0.382356099885466,0.382356099886,690290776.446977,690290776.448,0.754828702442318,0.754828702442
8004,M4,raw_ridge,cnt,8,0.370992860123156,0.370992860124,13326.8039690726,13326.8039691,0.778582480226025,0.778582480226
8004,M4,raw_ridge,ticket,8,0.165852026050432,0.165852026051,9948.0676442958,9948.0676443,0.431748104045986,0.431748104046
8004,M4,raw_ridge,amt,9,0.367233179045466,0.367233179045,662988445.525836,662988445.526,0.771154741069694,0.77115474107
8004,M4,raw_ridge,cnt,9,0.371548335226488,0.371548335226,13346.7577434104,13346.7577434,0.784352613586938,0.784352613587
8004,M4,raw_ridge,ticket,9,0.164563006016414,0.164563006016,9870.75017764413,9870.75017765,0.434819815049136,0.434819815049
8004,M5,raw_ridge,amt,0,0.356805937752388,0.356805937753,644163511.150382,644163511.151,0.789833333663717,0.789833333664
8004,M5,raw_ridge,cnt,0,0.347956672392137,0.347956672392,12499.2981297847,12499.2981298,0.811867797949902,0.81186779795
8004,M5,raw_ridge,ticket,0,0.164982745344282,0.164982745344,9895.92680843991,9895.92680845,0.442779484274219,0.442779484273
8004,M5,raw_ridge,amt,1,0.347127949249772,0.34712794925,626691248.513754,626691248.513,0.808121521362876,0.808121521363
8004,M5,raw_ridge,cnt,1,0.343337679169789,0.34333767917,12333.3746745778,12333.3746746,0.820835031183729,0.820835031184
8004,M5,raw_ridge,ticket,1,0.162617012683647,0.162617012684,9754.02641025511,9754.02641026,0.443949991919156,0.443949991919
8004,M5,raw_ridge,amt,2,0.332163013550644,0.332163013551,599674137.798574,599674137.799,0.826861804169278,0.826861804169
8004,M5,raw_ridge,cnt,2,0.326561262348954,0.326561262349,11730.732299734,11730.7322997,0.839917171590285,0.83991717159
8004,M5,raw_ridge,ticket,2,0.166322565611441,0.166322565612,9976.2913536692,9976.29135367,0.438351185739884,0.43835118574
8004,M5,raw_ridge,amt,3,0.337730219649681,0.33773021965,609724954.359094,609724954.359,0.815059457364528,0.815059457365
8004,M5,raw_ridge,cnt,3,0.333445408956501,0.333445408956,11978.0245853664,11978.0245854,0.833180429164662,0.833180429165
8004,M5,raw_ridge,ticket,3,0.163187401686943,0.163187401687,9788.23924758652,9788.23924759,0.456682736618776,0.456682736619
8004,M5,raw_ridge,amt,4,0.346495481122795,0.346495481122,625549415.247384,625549415.247,0.79397172905556,0.793971729056
8004,M5,raw_ridge,cnt,4,0.338447289122388,0.338447289122,12157.702103757,12157.7021038,0.810298344351911,0.810298344352
8004,M5,raw_ridge,ticket,4,0.163791297950883,0.163791297951,9824.46190357014,9824.46190357,0.431459204963887,0.431459204964
8004,M5,raw_ridge,amt,5,0.354427124358183,0.354427124358,639868894.311785,639868894.312,0.787986085596776,0.787986085597
8004,M5,raw_ridge,cnt,5,0.349933393822205,0.349933393822,12570.3059087248,12570.3059087,0.800526165449458,0.80052616545
8004,M5,raw_ridge,ticket,5,0.165843769113939,0.165843769114,9947.57238014545,9947.57238015,0.438021003467902,0.438021003468
8004,M5,raw_ridge,amt,6,0.351561108554427,0.351561108555,634694701.262226,634694701.262,0.802682323745105,0.802682323745
8004,M5,raw_ridge,cnt,6,0.341597924193681,0.341597924194,12270.8792036054,12270.8792036,0.825103408643713,0.825103408644
8004,M5,raw_ridge,ticket,6,0.164005550569852,0.16400555057,9837.31311556453,9837.31311557,0.447834469094731,0.447834469095
8004,M5,raw_ridge,amt,7,0.338248871107704,0.338248871108,610661307.454471,610661307.455,0.811510711060542,0.81151071106
8004,M5,raw_ridge,cnt,7,0.33016498809368,0.330164988094,11860.1853208577,11860.1853209,0.832507225958238,0.832507225958
8004,M5,raw_ridge,ticket,7,0.1664372192216,0.166437219222,9983.16845910281,9983.1684591,0.439731987557437,0.439731987557
8004,M5,raw_ridge,amt,8,0.352741420042244,0.352741420042,636825589.545736,636825589.546,0.793673124322842,0.793673124323
8004,M5,raw_ridge,cnt,8,0.336953891051941,0.336953891052,12104.0562645189,12104.0562645,0.821733155208753,0.821733155209
8004,M5,raw_ridge,ticket,8,0.166862091937058,0.166862091937,10008.6529986302,10008.6529986,0.432348062361329,0.432348062361
8004,M5,raw_ridge,amt,9,0.345868732070811,0.345868732071,624417906.975746,624417906.976,0.80017130099294,0.800171300993
8004,M5,raw_ridge,cnt,9,0.341774694372575,0.341774694373,12277.229141232,12277.2291412,0.818665829409322,0.818665829409
8004,M5,raw_ridge,ticket,9,0.164838403880607,0.164838403881,9887.26897845307,9887.26897846,0.435056468694537,0.435056468694
8005,M1,log_ridge_smear,amt,0,0.336610873499397,0.336610873499,582531763.833959,582531763.834,0.517192744383925,0.517192744384
8005,M1,log_ridge_smear,cnt,0,0.295669012802413,0.295669012802,18098.8073060654,18098.8073061,0.579970759177657,0.579970759178
8005,M1,log_ridge_smear,ticket,0,0.084877469518154,0.0848774695182,2382.86421109897,2382.8642111,-0.0123939029942735,-0.0123939029943
8005,M1,log_ridge_smear,amt,1,0.341480845241211,0.341480845241,590959635.45643,590959635.456,0.50492381439078,0.504923814391
8005,M1,log_ridge_smear,cnt,1,0.300510581049868,0.30051058105,18395.1745511118,18395.1745511,0.569656632892186,0.569656632892
8005,M1,log_ridge_smear,ticket,1,0.0842976073785133,0.0842976073785,2366.58506484538,2366.58506485,-0.0085855203549327,-0.00858552035494
8005,M1,log_ridge_smear,amt,2,0.34202200740654,0.342022007406,591896159.423739,591896159.424,0.504235407793812,0.504235407794
8005,M1,log_ridge_smear,cnt,2,0.298221825741391,0.298221825741,18255.0728173988,18255.0728174,0.571417965297264,0.571417965297
8005,M1,log_ridge_smear,ticket,2,0.0842237576549384,0.0842237576549,2364.51179540997,2364.51179541,-0.0087913965206727,-0.0087913965207
8005,M1,log_ridge_smear,amt,3,0.336283064479801,0.33628306448,581964464.37509,581964464.375,0.518322701905404,0.518322701906
8005,M1,log_ridge_smear,cnt,3,0.294913727729623,0.29491372773,18052.5739897499,18052.5739897,0.581263168895406,0.581263168896
8005,M1,log_ridge_smear,ticket,3,0.0834428855534737,0.0834428855535,2342.58946202057,2342.58946202,0.0111445382417118,0.0111445382417
8005,M1,log_ridge_smear,amt,4,0.338087936526814,0.338087936527,585087938.332157,585087938.332,0.517350233890652,0.517350233891
8005,M1,log_ridge_smear,cnt,4,0.297049056379891,0.29704905638,18183.2840070427,18183.284007,0.578782036212339,0.578782036212
8005,M1,log_ridge_smear,ticket,4,0.0832320750533836,0.0832320750534,2336.67113294172,2336.67113294,0.0153457020700376,0.01534570207
8005,M1,log_ridge_smear,amt,5,0.339694785649724,0.33969478565,587868717.942906,587868717.943,0.515222344297145,0.515222344297
8005,M1,log_ridge_smear,cnt,5,0.299567046116814,0.299567046117,18337.4178833501,18337.4178833,0.575440979567459,0.575440979568
8005,M1,log_ridge_smear,ticket,5,0.0836618737812411,0.0836618737812,2348.7373739878,2348.73737399,0.006153924024131,0.0061539240241
8005,M1,log_ridge_smear,amt,6,0.334911310186905,0.334911310187,579590534.978572,579590534.978,0.521452887835095,0.521452887835
8005,M1,log_ridge_smear,cnt,6,0.294668486068963,0.294668486069,18037.561995366,18037.5619954,0.582006523468446,0.582006523469
8005,M1,log_ridge_smear,ticket,6,0.0831089361327914,0.0831089361328,2333.21411038275,2333.21411038,0.0123501952375802,0.0123501952376
8005,M1,log_ridge_smear,amt,7,0.344770079283637,0.344770079284,596651915.353622,596651915.354,0.509055627989203,0.509055627989
8005,M1,log_ridge_smear,cnt,7,0.298214066378396,0.298214066378,18254.5978429862,18254.597843,0.57891100000861,0.578911000009
8005,M1,log_ridge_smear,ticket,7,0.0846277778838183,0.0846277778838,2375.85432658372,2375.85432658,-0.0150644640445055,-0.0150644640445
8005,M1,log_ridge_smear,amt,8,0.342278547947583,0.342278547948,592340123.138623,592340123.139,0.508299647762563,0.508299647763
8005,M1,log_ridge_smear,cnt,8,0.298167822778991,0.298167822779,18251.7671304038,18251.7671304,0.575011012560483,0.575011012561
8005,M1,log_ridge_smear,ticket,8,0.0841785665668716,0.0841785665669,2363.24309327941,2363.24309328,-0.0107566652761308,-0.0107566652761
8005,M1,log_ridge_smear,amt,9,0.338400502939855,0.33840050294,585628859.253728,585628859.254,0.519031009183747,0.519031009184
8005,M1,log_ridge_smear,cnt,9,0.296735582431975,0.296735582432,18164.0953050375,18164.095305,0.581503973902457,0.581503973903
8005,M1,log_ridge_smear,ticket,9,0.0837345871709027,0.0837345871709,2350.77874179573,2350.7787418,0.0025153642778568,0.00251536427785
8005,M2,log_ridge_smear,amt,0,0.303244622994195,0.303244622994,524788825.950653,524788825.95,0.63227795632273,0.632277956324
8005,M2,log_ridge_smear,cnt,0,0.27114688073648,0.271146880736,16597.7323750519,16597.732375,0.665935653982763,0.665935653985
8005,M2,log_ridge_smear,ticket,0,0.0817079446891282,0.0817079446891,2293.88244333244,2293.88244333,0.0607267611455491,0.0607267611455
8005,M2,log_ridge_smear,amt,1,0.312852797803868,0.312852797804,541416533.074065,541416533.074,0.598008601235035,0.598008601236
8005,M2,log_ridge_smear,cnt,1,0.276520136753357,0.276520136753,16926.6458595387,16926.6458595,0.64289927351469,0.642899273516
8005,M2,log_ridge_smear,ticket,1,0.0852290109415652,0.0852290109415,2392.73344355042,2392.73344355,-0.0566434643594806,-0.0566434643583
8005,M2,log_ridge_smear,amt,2,0.294956233823783,0.294956233824,510445112.35463,510445112.354,0.652938895283294,0.652938895284
8005,M2,log_ridge_smear,cnt,2,0.265513331796566,0.265513331796,16252.8855622379,16252.8855622,0.682967784956758,0.682967784958
8005,M2,log_ridge_smear,ticket,2,0.080753665057799,0.0807536650577,2267.09183807778,2267.09183808,0.0540213005544945,0.0540213005552
8005,M2,log_ridge_smear,amt,3,0.307727224863443,0.307727224863,532546323.343152,532546323.343,0.610829869038105,0.610829869039
8005,M2,log_ridge_smear,cnt,3,0.276640042526429,0.276640042526,16933.9856597469,16933.9856597,0.632546958450358,0.632546958453
8005,M2,log_ridge_smear,ticket,3,0.082288918935676,0.0822889189356,2310.19281106051,2310.19281106,0.0400922517476421,0.0400922517477
8005,M2,log_ridge_smear,amt,4,0.297925458814687,0.297925458815,515583591.255178,515583591.255,0.637958392371841,0.637958392373
8005,M2,log_ridge_smear,cnt,4,0.267043605281749,0.267043605281,16346.5582967304,16346.5582967,0.669807659409394,0.669807659411
8005,M2,log_ridge_smear,ticket,4,0.0807146899329473,0.0807146899329,2265.99764393345,2265.99764393,0.0766596478438817,0.0766596478437
8005,M2,log_ridge_smear,amt,5,0.302379374423042,0.302379374423,523291444.802301,523291444.802,0.622275347096759,0.622275347098
8005,M2,log_ridge_smear,cnt,5,0.266877112226981,0.266877112227,16336.3667460925,16336.3667461,0.659250365061279,0.659250365063
8005,M2,log_ridge_smear,ticket,5,0.0829278884124565,0.0829278884125,2328.13134653816,2328.13134654,0.0222309250505157,0.0222309250496
8005,M2,log_ridge_smear,amt,6,0.303729720414023,0.303729720414,525628325.437601,525628325.437,0.604649282633286,0.604649282635
8005,M2,log_ridge_smear,cnt,6,0.277128270995543,0.277128270995,16963.871622094,16963.8716221,0.621032343873148,0.621032343875
8005,M2,log_ridge_smear,ticket,6,0.081023355994999,0.081023355995,2274.66318635148,2274.66318635,0.0795849316180566,0.0795849316181
8005,M2,log_ridge_smear,amt,7,0.306373092021393,0.306373092021,530202889.262297,530202889.262,0.602797841319866,0.602797841322
8005,M2,log_ridge_smear,cnt,7,0.266316183801124,0.266316183801,16302.0305963693,16302.0305963,0.658178600304903,0.658178600307
8005,M2,log_ridge_smear,ticket,7,0.0836772642148356,0.0836772642149,2349.169447583,2349.16944758,-0.0024447962026388,-0.00244479620462
8005,M2,log_ridge_smear,amt,8,0.300901600213495,0.300901600214,520734039.547127,520734039.547,0.622050112872709,0.622050112873
8005,M2,log_ridge_smear,cnt,8,0.267421437084395,0.267421437084,16369.686540456,16369.6865404,0.659207459980326,0.659207459982
8005,M2,log_ridge_smear,ticket,8,0.0812011819797195,0.0812011819797,2279.65550265402,2279.65550265,0.0396685424305456,0.0396685424297
8005,M2,log_ridge_smear,amt,9,0.301743745280654,0.301743745281,522191438.252869,522191438.253,0.626837628085057,0.626837628086
8005,M2,log_ridge_smear,cnt,9,0.26874041664515,0.268740416645,16450.4253256418,16450.4253256,0.652927897827294,0.652927897829
8005,M2,log_ridge_smear,ticket,9,0.0822028860263941,0.0822028860264,2307.7775088411,2307.77750884,0.0510681098224136,0.0510681098216
8005,M3,log_ridge_smear,amt,0,0.216292610908239,0.216292610908,374311485.623635,374311485.623,0.818263542374174,0.818263542374
8005,M3,log_ridge_smear,cnt,0,0.202397286234058,0.202397286233,12389.3587904281,12389.3587904,0.78025293061485,0.780252930616
8005,M3,log_ridge_smear,ticket,0,0.0805376686443514,0.0805376686442,2261.0279188039,2261.0279188,0.0392572005172942,0.0392572005176
8005,M3,log_ridge_smear,amt,1,0.229706263032487,0.229706263032,397524872.494238,397524872.494,0.797095879580792,0.79709587958
8005,M3,log_ridge_smear,cnt,1,0.209197448847843,0.209197448847,12805.6176050745,12805.6176051,0.762141294836011,0.762141294836
8005,M3,log_ridge_smear,ticket,1,0.0836116534050655,0.083611653405,2347.32747878551,2347.32747878,-0.0561256134748884,-0.0561256134736
8005,M3,log_ridge_smear,amt,2,0.217235488413229,0.217235488413,375943209.787359,375943209.787,0.809650560850797,0.809650560851
8005,M3,log_ridge_smear,cnt,2,0.210350956838514,0.210350956838,12876.2273678335,12876.2273678,0.756942837566133,0.756942837567
8005,M3,log_ridge_smear,ticket,2,0.0803644973667669,0.0803644973666,2256.16627952449,2256.16627952,-0.0105498062049794,-0.0105498062037
8005,M3,log_ridge_smear,amt,3,0.218972333663691,0.218972333664,378948957.987767,378948957.988,0.805201539140523,0.80520153914
8005,M3,log_ridge_smear,cnt,3,0.203188725624719,0.203188725624,12437.8052234521,12437.8052234,0.76958205143283,0.769582051433
8005,M3,log_ridge_smear,ticket,3,0.0811273360438918,0.0811273360439,2277.58233955646,2277.58233956,0.00589629532806,0.00589629532774
8005,M3,log_ridge_smear,amt,4,0.221579364057931,0.221579364058,383460630.46625,383460630.466,0.797661703982205,0.797661703982
8005,M3,log_ridge_smear,cnt,4,0.202183185553735,0.202183185554,12376.2530309827,12376.253031,0.769600141035853,0.769600141036
8005,M3,log_ridge_smear,ticket,4,0.0802356899923445,0.0802356899922,2252.55011984891,2252.55011985,0.0562128342873053,0.0562128342881
8005,M3,log_ridge_smear,amt,5,0.224878622168881,0.224878622169,389170257.807562,389170257.808,0.799591218885242,0.799591218885
8005,M3,log_ridge_smear,cnt,5,0.208526807561544,0.208526807561,12764.5655945944,12764.5655946,0.763980940900468,0.763980940901
8005,M3,log_ridge_smear,ticket,5,0.0820593688290401,0.082059368829,2303.7483831474,2303.74838315,-0.0146474716203997,-0.0146474716212
8005,M3,log_ridge_smear,amt,6,0.218497119833893,0.218497119834,378126562.835783,378126562.836,0.812305492983094,0.812305492983
8005,M3,log_ridge_smear,cnt,6,0.206183150745398,0.206183150745,12621.1031711739,12621.1031712,0.771994610436803,0.771994610437
8005,M3,log_ridge_smear,ticket,6,0.0795662012835278,0.0795662012835,2233.75478236971,2233.75478237,0.0778180528097003,0.0778180528097
8005,M3,log_ridge_smear,amt,7,0.219163703356063,0.219163703356,379280138.389881,379280138.39,0.812913235208055,0.812913235207
8005,M3,log_ridge_smear,cnt,7,0.208142530086693,0.208142530086,12741.0427914996,12741.0427915,0.775934975208214,0.775934975208
8005,M3,log_ridge_smear,ticket,7,0.0824099771960613,0.0824099771961,2313.59142081841,2313.59142082,-0.0080831007243782,-0.00808310072726
8005,M3,log_ridge_smear,amt,8,0.218668481210732,0.218668481211,378423117.263943,378423117.264,0.809998491140207,0.80999849114
8005,M3,log_ridge_smear,cnt,8,0.19729456072982,0.197294560729,12077.0053085343,12077.0053085,0.784301614658191,0.784301614659
8005,M3,log_ridge_smear,ticket,8,0.0805023021290162,0.080502302129,2260.03503336396,2260.03503336,0.029558341697298,0.0295583416963
8005,M3,log_ridge_smear,amt,9,0.217256459970693,0.217256459971,375979502.72773,375979502.728,0.808765733340487,0.80876573334
8005,M3,log_ridge_smear,cnt,9,0.204507115423541,0.204507115423,12518.5079075008,12518.5079075,0.769582072476523,0.769582072477
8005,M3,log_ridge_smear,ticket,9,0.0809827133269338,0.0809827133269,2273.52217732133,2273.52217732,0.0224012242631225,0.0224012242626
8005,M4,log_ridge_smear,amt,0,0.201734531806169,0.201734531806,349117577.271241,349117577.271,0.828193045969943,0.82819304597
8005,M4,log_ridge_smear,cnt,0,0.191858810260434,0.19185881026,11744.2663468934,11744.2663469,0.786788478964092,0.786788478965
8005,M4,log_ridge_smear,ticket,0,0.0728900258804065,0.0728900258803,2046.32672253912,2046.32672254,0.227742616590913,0.227742616592
8005,M4,log_ridge_smear,amt,1,0.216694032403849,0.216694032404,375006177.299658,375006177.299,0.799271233349328,0.799271233349
8005,M4,log_ridge_smear,cnt,1,0.202698204679527,0.202698204679,12407.7789316116,12407.7789316,0.762373059875486,0.762373059876
8005,M4,log_ridge_smear,ticket,1,0.0742702815301267,0.0742702815301,2085.07624945783,2085.07624946,0.173925198116464,0.173925198119
8005,M4,log_ridge_smear,amt,2,0.213544799635422,0.213544799635,369556180.690089,369556180.69,0.805820197917449,0.805820197918
8005,M4,log_ridge_smear,cnt,2,0.203839919571825,0.203839919572,12477.6668026411,12477.6668026,0.755301954947153,0.755301954948
8005,M4,log_ridge_smear,ticket,2,0.0744811284268237,0.0744811284267,2090.99560034108,2090.99560034,0.185518764868477,0.18551876487
8005,M4,log_ridge_smear,amt,3,0.201101242249307,0.20110124225,348021619.559771,348021619.56,0.818846003701453,0.818846003701
8005,M4,log_ridge_smear,cnt,3,0.197863967881584,0.197863967881,12111.8604670807,12111.8604671,0.774437805262248,0.774437805262
8005,M4,log_ridge_smear,ticket,3,0.0739570987788777,0.0739570987788,2076.28390475527,2076.28390475,0.195844184628015,0.19584418463
8005,M4,log_ridge_smear,amt,4,0.213220996157283,0.213220996157,368995813.137802,368995813.137,0.799754317458823,0.799754317459
8005,M4,log_ridge_smear,cnt,4,0.198249838648614,0.198249838648,12135.4808004775,12135.4808005,0.774178553152143,0.774178553152
8005,M4,log_ridge_smear,ticket,4,0.0731150549106973,0.0731150549106,2052.64422500217,2052.644225,0.241496182370556,0.241496182372
8005,M4,log_ridge_smear,amt,5,0.209391694866192,0.209391694866,362368904.113264,362368904.113,0.812747013533112,0.812747013533
8005,M4,log_ridge_smear,cnt,5,0.19619619662913,0.196196196629,12009.7710724476,12009.7710724,0.774977404072164,0.774977404072
8005,M4,log_ridge_smear,ticket,5,0.0736080707447686,0.0736080707448,2066.48523361356,2066.48523361,0.210383754226706,0.210383754226
8005,M4,log_ridge_smear,amt,6,0.203533307739769,0.20353330774,352230501.421458,352230501.421,0.81657472157323,0.816574721573
8005,M4,log_ridge_smear,cnt,6,0.193210137431309,0.193210137431,11826.9852285283,11826.9852285,0.776039743611779,0.776039743612
8005,M4,log_ridge_smear,ticket,6,0.0728242632993005,0.0728242632993,2044.48049288788,2044.48049289,0.256406887246339,0.256406887247
8005,M4,log_ridge_smear,amt,7,0.206940245633329,0.206940245633,358126477.150869,358126477.151,0.819549361290241,0.81954936129
8005,M4,log_ridge_smear,cnt,7,0.199360344197265,0.199360344197,12203.4582518406,12203.4582518,0.776300304605039,0.776300304605
8005,M4,log_ridge_smear,ticket,7,0.0743699680487834,0.0743699680489,2087.87486538011,2087.87486538,0.1889074865812,0.18890748658
8005,M4,log_ridge_smear,amt,8,0.206251126089328,0.206251126089,356933901.226966,356933901.227,0.811337994331399,0.811337994331
8005,M4,log_ridge_smear,cnt,8,0.192853748208146,0.192853748208,11805.1695508729,11805.1695508,0.786544811012299,0.786544811013
8005,M4,log_ridge_smear,ticket,8,0.0731707287832143,0.0731707287831,2054.20722256875,2054.20722257,0.246531158426161,0.246531158427
8005,M4,log_ridge_smear,amt,9,0.20923687119278,0.209236871193,362100969.490064,362100969.49,0.810883962782924,0.810883962783
8005,M4,log_ridge_smear,cnt,9,0.197451928293888,0.197451928294,12086.6382598919,12086.6382599,0.767295573603734,0.767295573604
8005,M4,log_ridge_smear,ticket,9,0.0741219855215375,0.0741219855215,2080.91296262185,2080.91296262,0.209381399071765,0.209381399072
8005,M5,log_ridge_smear,amt,0,0.192546898009264,0.192546898009,333217649.661858,333217649.662,0.838769598287304,0.838769598287
8005,M5,log_ridge_smear,cnt,0,0.179803847440341,0.17980384744,11006.3450913154,11006.3450913,0.80060985690126,0.800609856902
8005,M5,log_ridge_smear,ticket,0,0.0719547714521085,0.071954771452,2020.070234002,2020.070234,0.213821701836126,0.213821701837
8005,M5,log_ridge_smear,amt,1,0.204630141654149,0.204630141654,354128659.339337,354128659.339,0.820091937662309,0.820091937662
8005,M5,log_ridge_smear,cnt,1,0.186956228293228,0.186956228293,11444.1642648874,11444.1642649,0.784921117002094,0.784921117003
8005,M5,log_ridge_smear,ticket,1,0.071994795077337,0.0719947950773,2021.19386392048,2021.19386392,0.177816548311923,0.177816548314
8005,M5,log_ridge_smear,amt,2,0.202146575163056,0.202146575163,349830650.919064,349830650.919,0.819342407702016,0.819342407702
8005,M5,log_ridge_smear,cnt,2,0.19172029777031,0.19172029777,11735.7875724541,11735.7875725,0.771481320306982,0.771481320307
8005,M5,log_ridge_smear,ticket,2,0.0737953462418552,0.0737953462418,2071.74283709958,2071.7428371,0.163620552917121,0.163620552918
8005,M5,log_ridge_smear,amt,3,0.193318587379338,0.19331858738,334553119.206285,334553119.207,0.831578269441566,0.831578269441
8005,M5,log_ridge_smear,cnt,3,0.182606647462866,0.182606647463,11177.9130789253,11177.9130789,0.792761109229034,0.792761109229
8005,M5,log_ridge_smear,ticket,3,0.0724287959903736,0.0724287959903,2033.37807781293,2033.37807781,0.182522305297696,0.182522305299
8005,M5,log_ridge_smear,amt,4,0.203128629105848,0.203128629106,351530173.009742,351530173.009,0.816270820719319,0.81627082072
8005,M5,log_ridge_smear,cnt,4,0.182483712935819,0.182483712936,11170.387879395,11170.3878794,0.79363466210597,0.793634662106
8005,M5,log_ridge_smear,ticket,4,0.0709717026431239,0.070971702643,1992.47139658054,1992.47139658,0.245959929679551,0.245959929681
8005,M5,log_ridge_smear,amt,5,0.19781754408783,0.197817544088,342338919.9428,342338919.943,0.831084335850045,0.83108433585
8005,M5,log_ridge_smear,cnt,5,0.180242484339405,0.180242484339,11033.1954015263,11033.1954015,0.796475831399365,0.796475831399
8005,M5,log_ridge_smear,ticket,5,0.0721203918737018,0.0721203918737,2024.71988929312,2024.71988929,0.211254220672544,0.211254220672
8005,M5,log_ridge_smear,amt,6,0.193578577168034,0.193578577168,335003052.117285,335003052.117,0.830620568651873,0.830620568652
8005,M5,log_ridge_smear,cnt,6,0.179806027211961,0.179806027212,11006.4785218232,11006.4785218,0.791165121457502,0.791165121458
8005,M5,log_ridge_smear,ticket,6,0.0710327661914693,0.0710327661915,1994.18570480368,1994.1857048,0.254480427340703,0.25448042734
8005,M5,log_ridge_smear,amt,7,0.19660212945427,0.196602129454,340235548.703134,340235548.703,0.832649556557427,0.832649556557
8005,M5,log_ridge_smear,cnt,7,0.185358620350121,0.18535862035,11346.3697816614,11346.3697817,0.790291852329344,0.79029185233
8005,M5,log_ridge_smear,ticket,7,0.0717700438199083,0.07177004382,2014.88415969901,2014.8841597,0.181182276219333,0.181182276218
8005,M5,log_ridge_smear,amt,8,0.193688495333797,0.193688495334,335193274.204627,335193274.204,0.826230785009435,0.826230785009
8005,M5,log_ridge_smear,cnt,8,0.176767689661371,0.176767689661,10820.4925595552,10820.4925595,0.803952251075705,0.803952251076
8005,M5,log_ridge_smear,ticket,8,0.0704954279923926,0.0704954279923,1979.10038273759,1979.10038274,0.252979752448978,0.252979752449
8005,M5,log_ridge_smear,amt,9,0.198266464145349,0.198266464145,343115811.64035,343115811.64,0.828812120334191,0.828812120334
8005,M5,log_ridge_smear,cnt,9,0.182165276636832,0.182165276636,11150.8954166577,11150.8954166,0.790348585353266,0.790348585354
8005,M5,log_ridge_smear,ticket,9,0.072924848113023,0.072924848113,2047.3043276954,2047.30432769,0.197260960566248,0.197260960566
8005,M1,raw_ridge,amt,0,0.338442060097218,0.338442060097,585700777.204347,585700777.204,0.523937556361102,0.523937556361
8005,M1,raw_ridge,cnt,0,0.299947232888987,0.299947232889,18360.6902819848,18360.690282,0.595204459430627,0.595204459431
8005,M1,raw_ridge,ticket,0,0.0854031761456955,0.0854031761457,2397.62298648916,2397.62298649,-0.0269611321589347,-0.026961132159
8005,M1,raw_ridge,amt,1,0.350037459537532,0.350037459537,605767533.866436,605767533.866,0.504919776863508,0.504919776864
8005,M1,raw_ridge,cnt,1,0.30649821226735,0.306498212267,18761.6958263644,18761.6958264,0.582990557241462,0.582990557242
8005,M1,raw_ridge,ticket,1,0.0847937191443316,0.0847937191443,2380.51298916009,2380.51298916,-0.0198021185035238,-0.0198021185035
8005,M1,raw_ridge,amt,2,0.344603504475529,0.344603504476,596363644.461573,596363644.462,0.512295781895932,0.512295781896
8005,M1,raw_ridge,cnt,2,0.304008508554934,0.304008508555,18609.2934243909,18609.2934244,0.587772376534194,0.587772376534
8005,M1,raw_ridge,ticket,2,0.0847210069108752,0.0847210069109,2378.47165381167,2378.47165381,-0.0183338046582779,-0.0183338046583
8005,M1,raw_ridge,amt,3,0.338707429393332,0.338707429393,586160019.778795,586160019.779,0.521821123103801,0.521821123104
8005,M1,raw_ridge,cnt,3,0.299541618971391,0.299541618971,18335.8614097751,18335.8614098,0.594314109252126,0.594314109252
8005,M1,raw_ridge,ticket,3,0.0840855754015599,0.0840855754016,2360.63244382169,2360.63244382,-0.0041109362692279,-0.00411093626924
8005,M1,raw_ridge,amt,4,0.339955298629573,0.33995529863,588319556.277615,588319556.278,0.519315766239798,0.51931576624
8005,M1,raw_ridge,cnt,4,0.301206025341203,0.301206025341,18437.7448296192,18437.7448296,0.591696953311156,0.591696953311
8005,M1,raw_ridge,ticket,4,0.0838846827708645,0.0838846827709,2354.99255065952,2354.99255066,0.0014904229450011,0.001490422945
8005,M1,raw_ridge,amt,5,0.340719005376682,0.340719005377,589641211.261069,589641211.261,0.523353703715754,0.523353703716
8005,M1,raw_ridge,cnt,5,0.301729227455745,0.301729227456,18469.7716360926,18469.7716361,0.593449431261183,0.593449431261
8005,M1,raw_ridge,ticket,5,0.0844216040458658,0.0844216040459,2370.06616792971,2370.06616793,-0.0074505969703093,-0.00745059697033
8005,M1,raw_ridge,amt,6,0.341226374464652,0.341226374465,590519253.632836,590519253.633,0.52417011297456,0.524170112975
8005,M1,raw_ridge,cnt,6,0.303970940524988,0.303970940525,18606.9937700293,18606.99377,0.592511264210712,0.592511264211
8005,M1,raw_ridge,ticket,6,0.0837156468367253,0.0837156468367,2350.24700770052,2350.2470077,-0.002785298770324,-0.00278529877034
8005,M1,raw_ridge,amt,7,0.348416575221576,0.348416575222,602962465.243048,602962465.243,0.506448956601433,0.506448956602
8005,M1,raw_ridge,cnt,7,0.303879481773125,0.303879481773,18601.3952992572,18601.3952993,0.589970152520134,0.58997015252
8005,M1,raw_ridge,ticket,7,0.0860398809077333,0.0860398809077,2415.49794198806,2415.49794199,-0.0400273212802418,-0.0400273212803
8005,M1,raw_ridge,amt,8,0.34625957876778,0.346259578768,599229612.124696,599229612.125,0.507729031717652,0.507729031718
8005,M1,raw_ridge,cnt,8,0.303664087908747,0.303664087909,18588.2103800485,18588.21038,0.58845643715173,0.588456437152
8005,M1,raw_ridge,ticket,8,0.0853587188968033,0.0853587188968,2396.37488628176,2396.37488628,-0.0363379133588773,-0.0363379133588
8005,M1,raw_ridge,amt,9,0.339492820528854,0.339492820529,587519201.313007,587519201.313,0.522212381324076,0.522212381324
8005,M1,raw_ridge,cnt,9,0.300643756442475,0.300643756442,18403.3266254393,18403.3266254,0.592876974273956,0.592876974274
8005,M1,raw_ridge,ticket,9,0.0843243942458579,0.0843243942459,2367.33708381914,2367.33708382,-0.0051121849491579,-0.00511218494917
8005,M2,raw_ridge,amt,0,0.348589486932364,0.348589486933,603261702.646835,603261702.647,0.637329446351305,0.637329446351
8005,M2,raw_ridge,cnt,0,0.287857646648248,0.287857646648,17620.6496206138,17620.6496206,0.700380565672602,0.700380565673
8005,M2,raw_ridge,ticket,0,0.0826022103050323,0.082602210305,2318.9882051259,2318.98820513,0.0564613530273345,0.0564613530273
8005,M2,raw_ridge,amt,1,0.362058958117785,0.362058958118,626571688.821622,626571688.822,0.616733004118839,0.616733004119
8005,M2,raw_ridge,cnt,1,0.296709317221358,0.296709317221,18162.4875309211,18162.4875309,0.689398278091734,0.689398278092
8005,M2,raw_ridge,ticket,1,0.0854382434847454,0.0854382434847,2398.60747280426,2398.6074728,-0.0285591857121847,-0.0285591857116
8005,M2,raw_ridge,amt,2,0.344710361705184,0.344710361705,596548569.356665,596548569.357,0.647410796117389,0.647410796117
8005,M2,raw_ridge,cnt,2,0.285193179509557,0.28519317951,17457.5494131912,17457.5494132,0.709036207661167,0.709036207661
8005,M2,raw_ridge,ticket,2,0.0822398118687415,0.0822398118687,2308.81417108721,2308.81417109,0.0435324698925794,0.0435324698933
8005,M2,raw_ridge,amt,3,0.357821123948991,0.357821123949,619237781.31139,619237781.312,0.626984473766227,0.626984473766
8005,M2,raw_ridge,cnt,3,0.292858585674707,0.292858585675,17926.7724399495,17926.77244,0.695218581676144,0.695218581676
8005,M2,raw_ridge,ticket,3,0.0825681054089575,0.0825681054089,2318.03073859513,2318.03073859,0.0372183822124599,0.0372183822123
8005,M2,raw_ridge,amt,4,0.353038455806795,0.353038455807,610960995.479303,610960995.48,0.636676674215184,0.636676674215
8005,M2,raw_ridge,cnt,4,0.288026198008891,0.288026198009,17630.9671664687,17630.9671665,0.70412084517095,0.704120845171
8005,M2,raw_ridge,ticket,4,0.0812052444475702,0.0812052444475,2279.76955305284,2279.76955305,0.0799558432897586,0.0799558432899
8005,M2,raw_ridge,amt,5,0.348010279399112,0.3480102794,602259338.158537,602259338.159,0.638598682301033,0.638598682301
8005,M2,raw_ridge,cnt,5,0.286694645501355,0.286694645502,17549.45875264,17549.4587527,0.700340470397674,0.700340470397
8005,M2,raw_ridge,ticket,5,0.0825114930321065,0.0825114930321,2316.44139330162,2316.4413933,0.040236965932414,0.040236965932
8005,M2,raw_ridge,amt,6,0.353340976140567,0.35334097614,611484530.865418,611484530.865,0.628517007342003,0.628517007342
8005,M2,raw_ridge,cnt,6,0.295509370794878,0.295509370795,18089.0351290458,18089.035129,0.681378582520548,0.681378582521
8005,M2,raw_ridge,ticket,6,0.0813047365889124,0.0813047365889,2282.56271199403,2282.56271199,0.0773789147444405,0.0773789147442
8005,M2,raw_ridge,amt,7,0.357288172131902,0.357288172132,618315466.001667,618315466.002,0.61547526284753,0.615475262847
8005,M2,raw_ridge,cnt,7,0.289846181637912,0.289846181638,17742.3739476178,17742.3739476,0.697098754976282,0.697098754976
8005,M2,raw_ridge,ticket,7,0.0834125469418347,0.0834125469419,2341.73773078613,2341.73773079,0.0181718750606944,0.0181718750593
8005,M2,raw_ridge,amt,8,0.355134467792483,0.355134467793,614588310.14786,614588310.148,0.626311946544608,0.626311946544
8005,M2,raw_ridge,cnt,8,0.290293160571778,0.290293160572,17769.73489937,17769.7348994,0.696341829418731,0.696341829419
8005,M2,raw_ridge,ticket,8,0.0824194831543949,0.0824194831544,2313.85829267538,2313.85829267,0.0358510621136522,0.0358510621137
8005,M2,raw_ridge,amt,9,0.345991882190145,0.34599188219,598766342.005342,598766342.006,0.652466450018027,0.652466450018
8005,M2,raw_ridge,cnt,9,0.283760795103429,0.283760795104,17369.8687695249,17369.8687695,0.710462582981404,0.710462582981
8005,M2,raw_ridge,ticket,9,0.0812494879358651,0.0812494879358,2281.01165210965,2281.01165211,0.0665671703642396,0.0665671703638
8005,M3,raw_ridge,amt,0,0.230406801673099,0.230406801673,398737210.0688,398737210.069,0.826977255657638,0.826977255657
8005,M3,raw_ridge,cnt,0,0.202830509231676,0.202830509232,12415.8776991231,12415.8776991,0.800340591123817,0.800340591124
8005,M3,raw_ridge,ticket,0,0.0775948507384179,0.0775948507383,2178.41075894229,2178.41075894,0.162901154856027,0.162901154856
8005,M3,raw_ridge,amt,1,0.239044168238715,0.239044168239,413684856.673442,413684856.673,0.807102215189899,0.80710221519
8005,M3,raw_ridge,cnt,1,0.207452272278626,0.207452272279,12698.7899935438,12698.7899935,0.788355116741054,0.788355116741
8005,M3,raw_ridge,ticket,1,0.0796049537480987,0.0796049537481,2234.84272551224,2234.84272551,0.103002356821124,0.103002356821
8005,M3,raw_ridge,amt,2,0.229917848559058,0.229917848559,397891037.997788,397891037.998,0.822612950767007,0.822612950767
8005,M3,raw_ridge,cnt,2,0.205076977527399,0.205076977528,12553.3909150604,12553.3909151,0.794051152772111,0.794051152772
8005,M3,raw_ridge,ticket,2,0.0776143894701433,0.0776143894701,2178.95929254989,2178.95929255,0.132674096606828,0.132674096608
8005,M3,raw_ridge,amt,3,0.234897581118261,0.234897581118,406508859.403784,406508859.404,0.814311190899677,0.814311190899
8005,M3,raw_ridge,cnt,3,0.204623140844219,0.204623140844,12525.610179435,12525.6101794,0.792009652713984,0.792009652714
8005,M3,raw_ridge,ticket,3,0.0775255233075747,0.0775255233075,2176.46444910598,2176.46444911,0.150764810870179,0.150764810871
8005,M3,raw_ridge,amt,4,0.243548429473523,0.243548429474,421479837.312671,421479837.313,0.799546518706291,0.799546518706
8005,M3,raw_ridge,cnt,4,0.20816580859264,0.208165808593,12742.4677402607,12742.4677403,0.791774262692744,0.791774262692
8005,M3,raw_ridge,ticket,4,0.0770267117568414,0.0770267117568,2162.46073058006,2162.46073058,0.172402648393248,0.172402648394
8005,M3,raw_ridge,amt,5,0.235948202358322,0.235948202358,408327042.630402,408327042.63,0.817798297193693,0.817798297193
8005,M3,raw_ridge,cnt,5,0.204841479127093,0.204841479127,12538.9753355324,12538.9753355,0.7948951431655,0.794895143165
8005,M3,raw_ridge,ticket,5,0.0774550643599657,0.0774550643599,2174.4863728796,2174.48637288,0.12802714459989,0.1280271446
8005,M3,raw_ridge,amt,6,0.231659595707313,0.231659595707,400905269.320376,400905269.32,0.823084125008807,0.823084125009
8005,M3,raw_ridge,cnt,6,0.20581159327916,0.205811593279,12598.3589988278,12598.3589988,0.792736784525938,0.792736784526
8005,M3,raw_ridge,ticket,6,0.0764413068701333,0.0764413068701,2146.02597632244,2146.02597632,0.166083835952202,0.166083835952
8005,M3,raw_ridge,amt,7,0.235068744990261,0.23506874499,406805072.034184,406805072.034,0.815557568437529,0.815557568437
8005,M3,raw_ridge,cnt,7,0.203214814510642,0.203214814511,12439.4022041931,12439.4022042,0.796565805866467,0.796565805866
8005,M3,raw_ridge,ticket,7,0.0774290864963042,0.0774290864963,2173.75706600993,2173.75706601,0.155140366176005,0.155140366175
8005,M3,raw_ridge,amt,8,0.231341548852294,0.231341548852,400354864.060113,400354864.06,0.819358538470669,0.81935853847
8005,M3,raw_ridge,cnt,8,0.201925488129954,0.20192548813,12360.4785811272,12360.4785811,0.797082434766683,0.797082434766
8005,M3,raw_ridge,ticket,8,0.0769099038001256,0.0769099038001,2159.18144455504,2159.18144455,0.159546140850324,0.15954614085
8005,M3,raw_ridge,amt,9,0.231896621025303,0.231896621025,401315460.396876,401315460.397,0.817846920084807,0.817846920084
8005,M3,raw_ridge,cnt,9,0.204556021736525,0.204556021737,12521.5016129498,12521.501613,0.793255882458976,0.793255882459
8005,M3,raw_ridge,ticket,9,0.0771635604982185,0.0771635604982,2166.30264493039,2166.30264493,0.155662916419355,0.155662916419
8005,M4,raw_ridge,amt,0,0.234156591986989,0.234156591987,405226519.052937,405226519.053,0.824181839864628,0.824181839864
8005,M4,raw_ridge,cnt,0,0.213939719803128,0.213939719803,13095.9065582501,13095.9065582,0.789397568963554,0.789397568964
8005,M4,raw_ridge,ticket,0,0.0697437819335369,0.0697437819334,1957.99854613444,1957.99854613,0.338829612924653,0.338829612926
8005,M4,raw_ridge,amt,1,0.2418696197306,0.24186961973,418574524.152346,418574524.152,0.801824976418585,0.801824976418
8005,M4,raw_ridge,cnt,1,0.216674009860273,0.21667400986,13263.280840709,13263.2808407,0.773511167321694,0.773511167321
8005,M4,raw_ridge,ticket,1,0.0700334777159593,0.0700334777159,1966.13151376366,1966.13151376,0.325177391004721,0.325177391006
8005,M4,raw_ridge,amt,2,0.239741679879961,0.23974167988,414891955.785974,414891955.786,0.813567429147543,0.813567429147
8005,M4,raw_ridge,cnt,2,0.219010330856706,0.219010330857,13406.2942161006,13406.2942161,0.778277301306182,0.778277301306
8005,M4,raw_ridge,ticket,2,0.0707231929902345,0.0707231929902,1985.4946952092,1985.49469521,0.30695298003765,0.306952980039
8005,M4,raw_ridge,amt,3,0.239100664520004,0.23910066452,413782627.960649,413782627.961,0.810017820933104,0.810017820933
8005,M4,raw_ridge,cnt,3,0.215999304573482,0.215999304573,13221.9800602915,13221.9800603,0.777271668094938,0.777271668095
8005,M4,raw_ridge,ticket,3,0.070146988697061,0.0701469886969,1969.31823994635,1969.31823994,0.324537899096867,0.324537899098
8005,M4,raw_ridge,amt,4,0.24455982772968,0.24455982773,423230142.060622,423230142.061,0.803296331845058,0.803296331845
8005,M4,raw_ridge,cnt,4,0.216552812678199,0.216552812678,13255.8619893942,13255.8619894,0.785677919193352,0.785677919193
8005,M4,raw_ridge,ticket,4,0.0692805212654474,0.0692805212654,1944.99288900698,1944.99288901,0.356542031851337,0.356542031852
8005,M4,raw_ridge,amt,5,0.236636072619509,0.236636072619,409517456.571498,409517456.571,0.814950379985681,0.814950379985
8005,M4,raw_ridge,cnt,5,0.210703596010607,0.21070359601,12897.8134933588,12897.8134933,0.783903310200251,0.7839033102
8005,M4,raw_ridge,ticket,5,0.07005618295941,0.0700561829594,1966.76894454865,1966.76894455,0.321969581785543,0.321969581786
8005,M4,raw_ridge,amt,6,0.237069406077241,0.237069406077,410267374.424231,410267374.424,0.812300893815398,0.812300893815
8005,M4,raw_ridge,cnt,6,0.21828953499132,0.218289534991,13362.1720899739,13362.17209,0.775351359828201,0.775351359828
8005,M4,raw_ridge,ticket,6,0.0705181288509868,0.0705181288509,1979.73769042139,1979.73769042,0.333212163323494,0.333212163324
8005,M4,raw_ridge,amt,7,0.236627763634898,0.236627763635,409503077.215862,409503077.216,0.812697432583236,0.812697432583
8005,M4,raw_ridge,cnt,7,0.212576957464819,0.212576957465,13012.4876949365,13012.4876949,0.780883475255476,0.780883475255
8005,M4,raw_ridge,ticket,7,0.0695498035270172,0.069549803527,1952.55276405298,1952.55276405,0.33501878040016,0.3350187804
8005,M4,raw_ridge,amt,8,0.236159627586999,0.236159627587,408692930.725756,408692930.726,0.814130429961292,0.814130429961
8005,M4,raw_ridge,cnt,8,0.213992874372953,0.213992874373,13099.1603125328,13099.1603125,0.782557813976978,0.782557813977
8005,M4,raw_ridge,ticket,8,0.0692883841922208,0.0692883841921,1945.21363412237,1945.21363412,0.352011466609995,0.352011466611
8005,M4,raw_ridge,amt,9,0.236910248041138,0.236910248041,409991938.843272,409991938.843,0.813105244208639,0.813105244208
8005,M4,raw_ridge,cnt,9,0.219802485382463,0.219802485383,13454.7844247376,13454.7844247,0.778309959270098,0.77830995927
8005,M4,raw_ridge,ticket,9,0.0703798136471907,0.0703798136471,1975.85460636095,1975.85460636,0.329761312620812,0.329761312621
8005,M5,raw_ridge,amt,0,0.210051441191964,0.210051441192,363510647.357739,363510647.358,0.847796116518767,0.847796116518
8005,M5,raw_ridge,cnt,0,0.2010025152414,0.201002515242,12303.980579188,12303.9805792,0.801591729358447,0.801591729358
8005,M5,raw_ridge,ticket,0,0.0686522586272845,0.0686522586272,1927.35493909933,1927.3549391,0.346121020932629,0.346121020934
8005,M5,raw_ridge,amt,1,0.212219339380554,0.212219339381,367262366.79117,367262366.791,0.839526310052023,0.839526310052
8005,M5,raw_ridge,cnt,1,0.198061796189046,0.198061796189,12123.970144664,12123.9701447,0.795456240346177,0.795456240346
8005,M5,raw_ridge,ticket,1,0.0687677591775542,0.0687677591775,1930.5975207781,1930.59752078,0.338242157405369,0.338242157406
8005,M5,raw_ridge,amt,2,0.217947882319809,0.21794788232,377176063.838182,377176063.839,0.837678768869275,0.837678768869
8005,M5,raw_ridge,cnt,2,0.207423768589178,0.207423768589,12697.0451952712,12697.0451953,0.793569608914199,0.793569608914
8005,M5,raw_ridge,ticket,2,0.0699700546275523,0.0699700546275,1964.35096341996,1964.35096342,0.300881105740862,0.300881105742
8005,M5,raw_ridge,amt,3,0.214099326901837,0.214099326902,370515834.022854,370515834.023,0.840705190988647,0.840705190988
8005,M5,raw_ridge,cnt,3,0.203216804139609,0.20321680414,12439.5239954858,12439.5239955,0.794412081681991,0.794412081682
8005,M5,raw_ridge,ticket,3,0.0688497354944457,0.0688497354944,1932.89893754732,1932.89893754,0.329378598917664,0.329378598919
8005,M5,raw_ridge,amt,4,0.216416939181302,0.216416939181,374526645.542413,374526645.543,0.841477618355897,0.841477618356
8005,M5,raw_ridge,cnt,4,0.196063816094362,0.196063816095,12001.6676538068,12001.6676538,0.805793532884123,0.805793532884
8005,M5,raw_ridge,ticket,4,0.0678720746315194,0.0678720746315,1905.4519237039,1905.4519237,0.374586911275103,0.374586911276
8005,M5,raw_ridge,amt,5,0.206564594518376,0.206564594518,357476383.158643,357476383.159,0.847130216594564,0.847130216594
8005,M5,raw_ridge,cnt,5,0.189602451105146,0.189602451105,11606.1476810996,11606.1476811,0.804906315670681,0.80490631567
8005,M5,raw_ridge,ticket,5,0.0691210218731113,0.0691210218731,1940.51507651036,1940.51507651,0.330249241651904,0.330249241652
8005,M5,raw_ridge,amt,6,0.210092768786215,0.210092768786,363582168.031222,363582168.031,0.840841276942453,0.840841276942
8005,M5,raw_ridge,cnt,6,0.199860598441989,0.199860598442,12234.0803488047,12234.0803488,0.793888848351733,0.793888848351
8005,M5,raw_ridge,ticket,6,0.0689585555085356,0.0689585555085,1935.95396874109,1935.95396874,0.341140089160418,0.341140089161
8005,M5,raw_ridge,amt,7,0.213352840639657,0.21335284064,369223980.451801,369223980.452,0.841781943752376,0.841781943752
8005,M5,raw_ridge,cnt,7,0.206448340407292,0.206448340408,12637.3362439085,12637.3362439,0.79050626646953,0.790506266469
8005,M5,raw_ridge,ticket,7,0.0680489714155732,0.0680489714156,1910.41815347222,1910.41815347,0.349518626587119,0.349518626586
8005,M5,raw_ridge,amt,8,0.207699687613143,0.207699687613,359440751.616907,359440751.617,0.845764413557241,0.845764413557
8005,M5,raw_ridge,cnt,8,0.196625872864488,0.196625872865,12036.0728729441,12036.072873,0.801814644522429,0.801814644522
8005,M5,raw_ridge,ticket,8,0.0677593107437682,0.0677593107437,1902.28617154432,1902.28617154,0.363108130942883,0.363108130945
8005,M5,raw_ridge,amt,9,0.215020898613086,0.215020898613,372110686.823871,372110686.824,0.839333453972798,0.839333453973
8005,M5,raw_ridge,cnt,9,0.204314692486567,0.204314692487,12506.7291092271,12506.7291092,0.795947767134727,0.795947767135
8005,M5,raw_ridge,ticket,9,0.0693314904427531,0.0693314904427,1946.42380617687,1946.42380618,0.336543749223774,0.336543749224
8006,M1,log_ridge_smear,amt,0,0.456779766872968,0.456779766873,2931873126.63859,2931873126.64,0.369582575423488,0.369582575424
8006,M1,log_ridge_smear,cnt,0,0.435053962795282,0.435053962795,253500.541478572,253500.541479,0.426094712863068,0.426094712863
8006,M1,log_ridge_smear,ticket,0,0.125314749154277,0.125314749154,1485.74540739193,1485.74540739,0.310096401060877,0.310096401061
8006,M1,log_ridge_smear,amt,1,0.458893284975789,0.458893284976,2945438891.53826,2945438891.54,0.363017071175754,0.363017071176
8006,M1,log_ridge_smear,cnt,1,0.434286118447104,0.434286118447,253053.12811223,253053.128112,0.420090538426014,0.420090538426
8006,M1,log_ridge_smear,ticket,1,0.125905424256321,0.125905424256,1492.74851617239,1492.74851617,0.302977731372809,0.302977731373
8006,M1,log_ridge_smear,amt,2,0.461559660120412,0.46155966012,2962553208.32504,2962553208.32,0.345699197149381,0.34569919715
8006,M1,log_ridge_smear,cnt,2,0.439007930313437,0.439007930313,255804.46924974,255804.46925,0.40067952255012,0.40067952255
8006,M1,log_ridge_smear,ticket,2,0.12608270557494,0.126082705575,1494.85038292576,1494.85038293,0.302611099390991,0.302611099391
8006,M1,log_ridge_smear,amt,3,0.452159267288201,0.452159267288,2902216124.40979,2902216124.41,0.377164757067088,0.377164757067
8006,M1,log_ridge_smear,cnt,3,0.428003460964925,0.428003460965,249392.301617458,249392.301617,0.439813255410591,0.439813255411
8006,M1,log_ridge_smear,ticket,3,0.127396797977471,0.127396797977,1510.43040654729,1510.43040655,0.292621465253707,0.292621465254
8006,M1,log_ridge_smear,amt,4,0.457071265883703,0.457071265884,2933744133.58329,2933744133.58,0.37650442679033,0.37650442679
8006,M1,log_ridge_smear,cnt,4,0.432876840328944,0.432876840329,252231.959253655,252231.959254,0.430085309609241,0.430085309609
8006,M1,log_ridge_smear,ticket,4,0.126678492220426,0.12667849222,1501.91409472577,1501.91409473,0.296288334829245,0.296288334829
8006,M1,log_ridge_smear,amt,5,0.459425026875109,0.459425026875,2948851914.3952,2948851914.39,0.369605361683447,0.369605361684
8006,M1,log_ridge_smear,cnt,5,0.439505975402675,0.439505975403,256094.673938353,256094.673938,0.421983733742567,0.421983733743
8006,M1,log_ridge_smear,ticket,5,0.126128236798557,0.126128236799,1495.39020610571,1495.39020611,0.30374990363775,0.303749903638
8006,M1,log_ridge_smear,amt,6,0.453353337274303,0.453353337274,2909880346.77135,2909880346.77,0.377767603329548,0.37776760333
8006,M1,log_ridge_smear,cnt,6,0.431501390491134,0.431501390491,251430.501713948,251430.501714,0.435484202006487,0.435484202007
8006,M1,log_ridge_smear,ticket,6,0.126100017665813,0.126100017666,1495.05563697351,1495.05563697,0.300551368351998,0.300551368352
8006,M1,log_ridge_smear,amt,7,0.467945317343781,0.467945317344,3003539999.26215,3003539999.26,0.354159057644226,0.354159057644
8006,M1,log_ridge_smear,cnt,7,0.441973788373691,0.441973788374,257532.637910456,257532.63791,0.41448830269418,0.414488302694
8006,M1,log_ridge_smear,ticket,7,0.126528333424269,0.126528333424,1500.13379557284,1500.13379557,0.300214339590388,0.30021433959
8006,M1,log_ridge_smear,amt,8,0.460315276961841,0.460315276962,2954566047.32001,2954566047.32,0.368361993235463,0.368361993236
8006,M1,log_ridge_smear,cnt,8,0.434630533331937,0.434630533332,253253.814388566,253253.814389,0.429402718480673,0.429402718481
8006,M1,log_ridge_smear,ticket,8,0.126457906977471,0.126457906977,1499.29881189697,1499.2988119,0.298264327904355,0.298264327904
8006,M1,log_ridge_smear,amt,9,0.454647857339057,0.454647857339,2918189315.04228,2918189315.04,0.383524118932377,0.383524118932
8006,M1,log_ridge_smear,cnt,9,0.431908570132088,0.431908570132,251667.760234242,251667.760234,0.436967887048749,0.436967887049
8006,M1,log_ridge_smear,ticket,9,0.126434749752291,0.126434749752,1499.02425729592,1499.0242573,0.298267326535594,0.298267326536
8006,M2,log_ridge_smear,amt,0,0.382397015461886,0.382397015462,2454442194.35249,2454442194.35,0.525664435467155,0.525664435467
8006,M2,log_ridge_smear,cnt,0,0.38089640968271,0.380896409683,221943.607826063,221943.607826,0.54186869367792,0.541868693678
8006,M2,log_ridge_smear,ticket,0,0.121129089282741,0.121129089283,1436.11976497547,1436.11976497,0.319117602110326,0.319117602111
8006,M2,log_ridge_smear,amt,1,0.392390107481118,0.392390107481,2518583559.77195,2518583559.77,0.48467096129419,0.484670961294
8006,M2,log_ridge_smear,cnt,1,0.379591770780722,0.379591770781,221183.410939307,221183.410939,0.515219971924409,0.515219971924
8006,M2,log_ridge_smear,ticket,1,0.123773134238458,0.123773134238,1467.46785190383,1467.4678519,0.28695220629176,0.286952206292
8006,M2,log_ridge_smear,amt,2,0.377606617783552,0.377606617783,2423694689.23604,2423694689.23,0.491099574286105,0.491099574286
8006,M2,log_ridge_smear,cnt,2,0.370203834811511,0.370203834812,215713.177232504,215713.177233,0.520508214327873,0.520508214328
8006,M2,log_ridge_smear,ticket,2,0.121313744910689,0.121313744911,1438.30906234888,1438.30906235,0.305992366656939,0.305992366658
8006,M2,log_ridge_smear,amt,3,0.395403636006584,0.395403636006,2537926105.00038,2537926105,0.501198738464266,0.501198738465
8006,M2,log_ridge_smear,cnt,3,0.384882929939315,0.384882929939,224266.503673676,224266.503674,0.519285110339377,0.51928511034
8006,M2,log_ridge_smear,ticket,3,0.122622510866393,0.122622510866,1453.82593503275,1453.82593503,0.305297291895429,0.305297291896
8006,M2,log_ridge_smear,amt,4,0.377625954300661,0.377625954301,2423818802.0339,2423818802.03,0.513098380137817,0.513098380138
8006,M2,log_ridge_smear,cnt,4,0.372540115385921,0.372540115386,217074.498910517,217074.498911,0.537990233178562,0.537990233179
8006,M2,log_ridge_smear,ticket,4,0.123419052885021,0.123419052885,1463.26982455061,1463.26982455,0.282065569919433,0.28206556992
8006,M2,log_ridge_smear,amt,5,0.385286325551721,0.385286325552,2472987434.79715,2472987434.8,0.519738252656522,0.519738252657
8006,M2,log_ridge_smear,cnt,5,0.3744719082766,0.374471908277,218200.13063828,218200.130638,0.544124570558565,0.544124570559
8006,M2,log_ridge_smear,ticket,5,0.123944314058233,0.123944314058,1469.49737861785,1469.49737862,0.291083432986924,0.291083432988
8006,M2,log_ridge_smear,amt,6,0.389551969167567,0.389551969168,2500366768.97986,2500366768.98,0.49833686539673,0.498336865397
8006,M2,log_ridge_smear,cnt,6,0.385963571278315,0.385963571278,224896.179962154,224896.179962,0.498067340781197,0.498067340781
8006,M2,log_ridge_smear,ticket,6,0.121940128447169,0.121940128447,1445.73553424363,1445.73553424,0.301829496151428,0.301829496152
8006,M2,log_ridge_smear,amt,7,0.391723958253629,0.391723958253,2514307834.00638,2514307834.01,0.472515896360066,0.472515896361
8006,M2,log_ridge_smear,cnt,7,0.380813149585897,0.380813149586,221895.093201601,221895.093202,0.493016168987535,0.493016168989
8006,M2,log_ridge_smear,ticket,7,0.12689223966762,0.126892239668,1504.44830789823,1504.4483079,0.262699180619094,0.26269918062
8006,M2,log_ridge_smear,amt,8,0.384459900994575,0.384459900995,2467682970.53228,2467682970.53,0.499226357645176,0.499226357644
8006,M2,log_ridge_smear,cnt,8,0.377508285812777,0.377508285813,219969.390121882,219969.390122,0.51999867009473,0.519998670094
8006,M2,log_ridge_smear,ticket,8,0.123652421223453,0.123652421224,1466.03666516112,1466.03666516,0.288117164071977,0.288117164072
8006,M2,log_ridge_smear,amt,9,0.381171927562724,0.381171927563,2446578881.32986,2446578881.33,0.533852383218683,0.533852383219
8006,M2,log_ridge_smear,cnt,9,0.36943261102603,0.369432611026,215263.794710013,215263.79471,0.552735348095229,0.552735348095
8006,M2,log_ridge_smear,ticket,9,0.12508878492514,0.125088784925,1483.06635071313,1483.06635071,0.292293517157597,0.292293517157
8006,M3,log_ridge_smear,amt,0,0.271920643818787,0.271920643819,1745341816.79786,1745341816.8,0.790969817658145,0.790969817657
8006,M3,log_ridge_smear,cnt,0,0.287964189907186,0.287964189908,167793.157425531,167793.157426,0.772174779908703,0.772174779908
8006,M3,log_ridge_smear,ticket,0,0.118583643332599,0.118583643332,1405.9406786691,1405.94067867,0.328301897483158,0.328301897484
8006,M3,log_ridge_smear,amt,1,0.286637027948597,0.286637027949,1839799965.51765,1839799965.52,0.771977282123508,0.771977282122
8006,M3,log_ridge_smear,cnt,1,0.298700939970203,0.29870093997,174049.328354781,174049.328355,0.768771387665613,0.768771387664
8006,M3,log_ridge_smear,ticket,1,0.121397762895674,0.121397762896,1439.30518879187,1439.30518879,0.290132873485327,0.290132873486
8006,M3,log_ridge_smear,amt,2,0.2786165305443,0.278616530545,1788319837.65885,1788319837.66,0.748530676295332,0.748530676295
8006,M3,log_ridge_smear,cnt,2,0.292753047458449,0.292753047459,170583.565251054,170583.565251,0.74459523330264,0.744595233302
8006,M3,log_ridge_smear,ticket,2,0.119231215321632,0.119231215322,1413.61836318073,1413.61836318,0.301661304121967,0.301661304123
8006,M3,log_ridge_smear,amt,3,0.284097496765836,0.284097496766,1823499805.63979,1823499805.64,0.776318819934735,0.776318819934
8006,M3,log_ridge_smear,cnt,3,0.293186967494831,0.293186967495,170836.405067694,170836.405068,0.783463671637371,0.783463671637
8006,M3,log_ridge_smear,ticket,3,0.120209347782305,0.120209347782,1425.21520889182,1425.21520889,0.312271325161179,0.312271325162
8006,M3,log_ridge_smear,amt,4,0.276424586840999,0.276424586842,1774250692.51521,1774250692.52,0.771085166241089,0.771085166239
8006,M3,log_ridge_smear,cnt,4,0.286904916361983,0.286904916363,167175.931885146,167175.931885,0.774510555603273,0.774510555602
8006,M3,log_ridge_smear,ticket,4,0.121453396375501,0.121453396375,1439.9647854292,1439.96478543,0.294784067561124,0.294784067562
8006,M3,log_ridge_smear,amt,5,0.286160559490911,0.286160559492,1836741719.14141,1836741719.15,0.775358586745027,0.775358586743
8006,M3,log_ridge_smear,cnt,5,0.297285903631908,0.297285903633,173224.80425284,173224.804253,0.770585715054699,0.770585715053
8006,M3,log_ridge_smear,ticket,5,0.121667712598546,0.121667712599,1442.50574207052,1442.50574207,0.298283287278515,0.29828328728
8006,M3,log_ridge_smear,amt,6,0.285273900023837,0.285273900025,1831050632.86193,1831050632.87,0.765391705576873,0.765391705576
8006,M3,log_ridge_smear,cnt,6,0.300943814096499,0.300943814097,175356.22325543,175356.223256,0.745795835926369,0.745795835925
8006,M3,log_ridge_smear,ticket,6,0.119626308759538,0.119626308759,1418.30263430462,1418.3026343,0.314436788955551,0.314436788957
8006,M3,log_ridge_smear,amt,7,0.282266415344855,0.282266415346,1811746880.48811,1811746880.5,0.764176502379608,0.764176502378
8006,M3,log_ridge_smear,cnt,7,0.296875455119534,0.29687545512,172985.641001764,172985.641002,0.765469966003961,0.765469966002
8006,M3,log_ridge_smear,ticket,7,0.125819489819718,0.12581948982,1491.72966806886,1491.72966807,0.254117630346294,0.254117630347
8006,M3,log_ridge_smear,amt,8,0.278870130640214,0.278870130641,1789947587.74773,1789947587.75,0.758948290292819,0.75894829029
8006,M3,log_ridge_smear,cnt,8,0.289708344326237,0.289708344327,168809.454546033,168809.454546,0.756209375564345,0.756209375563
8006,M3,log_ridge_smear,ticket,8,0.122905797870859,0.122905797871,1457.1846168216,1457.18461682,0.280452607531173,0.28045260753
8006,M3,log_ridge_smear,amt,9,0.270349714401183,0.270349714402,1735258695.61486,1735258695.62,0.804574419944047,0.804574419942
8006,M3,log_ridge_smear,cnt,9,0.284497500925845,0.284497500927,165773.16080658,165773.160807,0.793734262153928,0.793734262152
8006,M3,log_ridge_smear,ticket,9,0.121996957156575,0.121996957157,1446.40930165391,1446.40930165,0.30544425331134,0.305444253311
8006,M4,log_ridge_smear,amt,0,0.232835115168154,0.232835115168,1494468596.48045,1494468596.48,0.840151182114787,0.840151182114
8006,M4,log_ridge_smear,cnt,0,0.275136508857946,0.275136508858,160318.626976473,160318.626977,0.725750071585798,0.725750071585
8006,M4,log_ridge_smear,ticket,0,0.106164904027655,0.106164904028,1258.70274368985,1258.70274369,0.490667058446996,0.490667058447
8006,M4,log_ridge_smear,amt,1,0.236106935610733,0.236106935611,1515469006.58279,1515469006.59,0.847121969105307,0.847121969104
8006,M4,log_ridge_smear,cnt,1,0.274074796029889,0.27407479603,159699.980096261,159699.980096,0.761893381446417,0.761893381444
8006,M4,log_ridge_smear,ticket,1,0.102239169538925,0.102239169539,1212.15880511411,1212.15880511,0.520208829748672,0.520208829749
8006,M4,log_ridge_smear,amt,2,0.234574551694929,0.234574551695,1505633292.41972,1505633292.42,0.84553883692087,0.845538836921
8006,M4,log_ridge_smear,cnt,2,0.279275989666307,0.279275989667,162730.65103808,162730.651038,0.739803261517874,0.739803261517
8006,M4,log_ridge_smear,ticket,2,0.104710177554583,0.104710177555,1241.45534710673,1241.45534711,0.505533149685397,0.505533149685
8006,M4,log_ridge_smear,amt,3,0.234819950840867,0.234819950841,1507208404.13318,1507208404.14,0.864153570849579,0.864153570849
8006,M4,log_ridge_smear,cnt,3,0.275786746421324,0.275786746422,160697.512329791,160697.51233,0.789061487465478,0.789061487464
8006,M4,log_ridge_smear,ticket,3,0.103856476169023,0.103856476169,1231.3337698667,1231.33376987,0.500330289512072,0.500330289512
8006,M4,log_ridge_smear,amt,4,0.229401703869715,0.22940170387,1472431004.08116,1472431004.09,0.818842185658336,0.818842185657
8006,M4,log_ridge_smear,cnt,4,0.273469150331476,0.273469150332,159347.077868902,159347.077869,0.744213128852333,0.74421312885
8006,M4,log_ridge_smear,ticket,4,0.10488002062082,0.104880020621,1243.46902512421,1243.46902512,0.501926540618536,0.501926540617
8006,M4,log_ridge_smear,amt,5,0.249258228580024,0.249258228581,1599881507.38417,1599881507.39,0.824313806291724,0.824313806291
8006,M4,log_ridge_smear,cnt,5,0.284792649109692,0.28479264911,165945.139988061,165945.139988,0.739191370704662,0.739191370703
8006,M4,log_ridge_smear,ticket,5,0.101634596185459,0.101634596185,1204.99091714078,1204.99091714,0.525363905228782,0.525363905229
8006,M4,log_ridge_smear,amt,6,0.240929451378145,0.240929451378,1546422663.91761,1546422663.92,0.804346827621277,0.804346827621
8006,M4,log_ridge_smear,cnt,6,0.281516293326738,0.281516293327,164036.04816019,164036.04816,0.716110538984807,0.716110538984
8006,M4,log_ridge_smear,ticket,6,0.103937524006695,0.103937524007,1232.29468191746,1232.29468192,0.519701832689627,0.51970183269
8006,M4,log_ridge_smear,amt,7,0.240782203198243,0.240782203199,1545477541.09715,1545477541.1,0.822030196646559,0.822030196645
8006,M4,log_ridge_smear,cnt,7,0.280891244472066,0.280891244472,163671.839954634,163671.839955,0.740340910239138,0.740340910237
8006,M4,log_ridge_smear,ticket,7,0.106098513034255,0.106098513034,1257.91560479198,1257.91560479,0.485571937191697,0.485571937191
8006,M4,log_ridge_smear,amt,8,0.231137425927538,0.231137425928,1483571858.43967,1483571858.44,0.804165497105913,0.804165497104
8006,M4,log_ridge_smear,cnt,8,0.266992030593258,0.266992030594,155572.940632431,155572.940633,0.75840698875363,0.758406988751
8006,M4,log_ridge_smear,ticket,8,0.104134276676814,0.104134276677,1234.62740314935,1234.62740315,0.502152934482505,0.502152934482
8006,M4,log_ridge_smear,amt,9,0.231114671664541,0.231114671665,1483425808.59895,1483425808.6,0.843283743320671,0.84328374332
8006,M4,log_ridge_smear,cnt,9,0.274072024481724,0.274072024483,159698.365149563,159698.36515,0.742750604619483,0.742750604617
8006,M4,log_ridge_smear,ticket,9,0.106272463902896,0.106272463903,1259.97798536522,1259.97798537,0.497354161707644,0.497354161707
8006,M5,log_ridge_smear,amt,0,0.19877451976632,0.198774519767,1275848264.36815,1275848264.37,0.875696172675959,0.875696172675
8006,M5,log_ridge_smear,cnt,0,0.232155597126083,0.232155597127,135274.18346132,135274.183462,0.788739274179107,0.788739274178
8006,M5,log_ridge_smear,ticket,0,0.100256809101149,0.100256809101,1188.65572238763,1188.65572239,0.526940968234776,0.526940968235
8006,M5,log_ridge_smear,amt,1,0.194968831477556,0.194968831478,1251421185.86909,1251421185.87,0.899277842831129,0.89927784283
8006,M5,log_ridge_smear,cnt,1,0.221154460722698,0.221154460723,128863.957894773,128863.957895,0.838825452695539,0.838825452694
8006,M5,log_ridge_smear,ticket,1,0.0966243084361471,0.0966243084361,1145.58839618064,1145.58839618,0.549424193378669,0.549424193379
8006,M5,log_ridge_smear,amt,2,0.201004958986831,0.201004958987,1290164495.70209,1290164495.7,0.875302440653982,0.875302440654
8006,M5,log_ridge_smear,cnt,2,0.231890116681184,0.231890116682,135119.4913029,135119.491303,0.797606734739384,0.797606734738
8006,M5,log_ridge_smear,ticket,2,0.0998212896251029,0.0998212896252,1183.49215572264,1183.49215572,0.522184972140732,0.52218497214
8006,M5,log_ridge_smear,amt,3,0.200343792011048,0.200343792011,1285920748.87025,1285920748.87,0.895898915973857,0.895898915974
8006,M5,log_ridge_smear,cnt,3,0.229023338281664,0.229023338282,133449.055130091,133449.05513,0.842619976931755,0.842619976931
8006,M5,log_ridge_smear,ticket,3,0.099363020700986,0.099363020701,1178.05886910672,1178.05886911,0.520548087175058,0.520548087175
8006,M5,log_ridge_smear,amt,4,0.193997752735417,0.193997752736,1245188248.5229,1245188248.53,0.864837009029195,0.864837009028
8006,M5,log_ridge_smear,cnt,4,0.224968812237196,0.224968812238,131086.533154408,131086.533155,0.812296991503227,0.812296991502
8006,M5,log_ridge_smear,ticket,4,0.100662889363729,0.100662889364,1193.47025450961,1193.47025451,0.513280451736352,0.513280451736
8006,M5,log_ridge_smear,amt,5,0.213686925280102,0.213686925281,1371564590.15618,1371564590.16,0.863227324288763,0.863227324288
8006,M5,log_ridge_smear,cnt,5,0.237575799353689,0.237575799354,138432.467989504,138432.46799,0.793401628735444,0.793401628734
8006,M5,log_ridge_smear,ticket,5,0.096834320889134,0.0968343208891,1148.07832685222,1148.07832685,0.540020497283305,0.540020497284
8006,M5,log_ridge_smear,amt,6,0.206962610532346,0.206962610533,1328404102.03087,1328404102.03,0.846163888144922,0.846163888145
8006,M5,log_ridge_smear,cnt,6,0.235269091575617,0.235269091576,137088.378012672,137088.378013,0.774330392750176,0.77433039275
8006,M5,log_ridge_smear,ticket,6,0.0984530159590319,0.098453015959,1167.26975309932,1167.2697531,0.544855355963295,0.544855355964
8006,M5,log_ridge_smear,amt,7,0.201366305883621,0.201366305884,1292483826.22618,1292483826.23,0.872089080674761,0.872089080673
8006,M5,log_ridge_smear,cnt,7,0.232239040652695,0.232239040653,135322.804968048,135322.804968,0.809290363648974,0.809290363647
8006,M5,log_ridge_smear,ticket,7,0.101083539328068,0.101083539328,1198.45752661328,1198.45752661,0.503285077781086,0.503285077781
8006,M5,log_ridge_smear,amt,8,0.199959235472164,0.199959235473,1283452445.62261,1283452445.63,0.840105366007674,0.840105366005
8006,M5,log_ridge_smear,cnt,8,0.22238207217616,0.222382072177,129579.271843825,129579.271844,0.813130015053831,0.813130015051
8006,M5,log_ridge_smear,ticket,8,0.0973089789566936,0.0973089789567,1153.70592494995,1153.70592495,0.544149291034115,0.544149291034
8006,M5,log_ridge_smear,amt,9,0.196862363173151,0.196862363174,1263574952.50976,1263574952.51,0.874383494147926,0.874383494147
8006,M5,log_ridge_smear,cnt,9,0.222382711525735,0.222382711526,129579.644384883,129579.644385,0.802541974141798,0.802541974141
8006,M5,log_ridge_smear,ticket,9,0.104712195244871,0.104712195245,1241.47926906403,1241.47926907,0.485013747924724,0.485013747924
8006,M1,raw_ridge,amt,0,0.431136084932655,0.431136084933,2767277346.78703,2767277346.79,0.373652850817874,0.373652850818
8006,M1,raw_ridge,cnt,0,0.404863026747393,0.404863026747,235908.657964374,235908.657964,0.45077600754258,0.450776007543
8006,M1,raw_ridge,ticket,0,0.13043104552632,0.130431045526,1546.40477820758,1546.40477821,0.215725868276683,0.215725868277
8006,M1,raw_ridge,amt,1,0.444771960415051,0.444771960415,2854800174.60122,2854800174.6,0.354700684201725,0.354700684202
8006,M1,raw_ridge,cnt,1,0.411738512009071,0.411738512009,239914.917844332,239914.917844,0.433676599499291,0.433676599499
8006,M1,raw_ridge,ticket,1,0.130590838208873,0.130590838209,1548.29929777403,1548.29929777,0.214645591543215,0.214645591543
8006,M1,raw_ridge,amt,2,0.438240376573849,0.438240376574,2812876743.38292,2812876743.38,0.359203194288209,0.359203194288
8006,M1,raw_ridge,cnt,2,0.415876341880019,0.41587634188,242325.979925209,242325.979925,0.431054161396357,0.431054161396
8006,M1,raw_ridge,ticket,2,0.130494914271669,0.130494914272,1547.16201305598,1547.16201306,0.216636206154369,0.216636206154
8006,M1,raw_ridge,amt,3,0.425720227590668,0.425720227591,2732515284.73821,2732515284.74,0.381135382880716,0.381135382881
8006,M1,raw_ridge,cnt,3,0.400181082099768,0.4001810821,233180.546960121,233180.54696,0.458127867858295,0.458127867858
8006,M1,raw_ridge,ticket,3,0.131891619136131,0.131891619136,1563.72149908505,1563.72149909,0.204519485370064,0.20451948537
8006,M1,raw_ridge,amt,4,0.433764958311558,0.433764958312,2784150955.84749,2784150955.85,0.367909605631059,0.367909605631
8006,M1,raw_ridge,cnt,4,0.406077777108101,0.406077777108,236616.477914391,236616.477914,0.441471720226494,0.441471720227
8006,M1,raw_ridge,ticket,4,0.131845054992897,0.131845054993,1563.16942949687,1563.1694295,0.206874110917567,0.206874110918
8006,M1,raw_ridge,amt,5,0.428947346213266,0.428947346213,2753228773.05851,2753228773.06,0.36873281572732,0.368732815727
8006,M1,raw_ridge,cnt,5,0.407365134077298,0.407365134077,237366.604833523,237366.604833,0.44405286467207,0.444052864672
8006,M1,raw_ridge,ticket,5,0.130906883923246,0.130906883923,1552.04637041971,1552.04637042,0.213589663954171,0.213589663954
8006,M1,raw_ridge,amt,6,0.434355627193388,0.434355627193,2787942205.69472,2787942205.69,0.377944454675369,0.377944454675
8006,M1,raw_ridge,cnt,6,0.408719456775228,0.408719456775,238155.751851185,238155.751851,0.452712026576276,0.452712026576
8006,M1,raw_ridge,ticket,6,0.131123655060075,0.13112365506,1554.61643278804,1554.61643279,0.207444605411832,0.207444605412
8006,M1,raw_ridge,amt,7,0.446391996389289,0.446391996389,2865198489.6789,2865198489.68,0.349611986728049,0.349611986728
8006,M1,raw_ridge,cnt,7,0.414887840488416,0.414887840488,241749.992439856,241749.99244,0.433624887956091,0.433624887956
8006,M1,raw_ridge,ticket,7,0.131918443748526,0.131918443749,1564.03953463106,1564.03953463,0.204742946707626,0.204742946708
8006,M1,raw_ridge,amt,8,0.439262406124524,0.439262406125,2819436712.08462,2819436712.08,0.35954724290894,0.359547242909
8006,M1,raw_ridge,cnt,8,0.4081261249144,0.408126124914,237810.02474407,237810.024744,0.441285445317434,0.441285445317
8006,M1,raw_ridge,ticket,8,0.131650125649928,0.13165012565,1560.8583258316,1560.85832583,0.207897019538642,0.207897019539
8006,M1,raw_ridge,amt,9,0.429512028344239,0.429512028344,2756853225.11388,2756853225.11,0.377067700797112,0.377067700797
8006,M1,raw_ridge,cnt,9,0.405951016495055,0.405951016495,236542.616079324,236542.616079,0.448096208349833,0.44809620835
8006,M1,raw_ridge,ticket,9,0.131360920071749,0.131360920072,1557.4294727838,1557.42947278,0.206198459871686,0.206198459872
8006,M2,raw_ridge,amt,0,0.470350530315297,0.470350530315,3018978028.23464,3018978028.23,0.466360480875158,0.466360480875
8006,M2,raw_ridge,cnt,0,0.404723695058054,0.404723695058,235827.471119262,235827.471119,0.533090516293315,0.533090516293
8006,M2,raw_ridge,ticket,0,0.121113257947877,0.121113257948,1435.93206693333,1435.93206693,0.314922945010803,0.314922945011
8006,M2,raw_ridge,amt,1,0.484407581894631,0.484407581895,3109204204.5107,3109204204.51,0.433000540929993,0.43300054093
8006,M2,raw_ridge,cnt,1,0.416648735842459,0.416648735843,242776.044295283,242776.044295,0.505422346023619,0.505422346023
8006,M2,raw_ridge,ticket,1,0.123688574625667,0.123688574626,1466.46530386218,1466.46530386,0.279164992565858,0.279164992566
8006,M2,raw_ridge,amt,2,0.464045787792469,0.464045787791,2978510594.00567,2978510594,0.451170759018828,0.451170759019
8006,M2,raw_ridge,cnt,2,0.403371826393127,0.403371826393,235039.754036156,235039.754036,0.517102747818378,0.517102747818
8006,M2,raw_ridge,ticket,2,0.121140583962157,0.121140583962,1436.25604715508,1436.25604715,0.299444587070122,0.299444587071
8006,M2,raw_ridge,amt,3,0.480553071437088,0.480553071437,3084463757.48044,3084463757.48,0.448274261932873,0.448274261932
8006,M2,raw_ridge,cnt,3,0.418303072759383,0.418303072759,243740.005872678,243740.005873,0.518886678080281,0.51888667808
8006,M2,raw_ridge,ticket,3,0.121626736939298,0.121626736939,1442.01993016128,1442.01993016,0.303435308951893,0.303435308952
8006,M2,raw_ridge,amt,4,0.463771158114099,0.463771158114,2976747864.05967,2976747864.06,0.459042118359753,0.45904211836
8006,M2,raw_ridge,cnt,4,0.40098712635526,0.400987126355,233650.218938075,233650.218938,0.52361509152719,0.523615091527
8006,M2,raw_ridge,ticket,4,0.122016242288853,0.122016242289,1446.63794829691,1446.6379483,0.288613296695717,0.288613296697
8006,M2,raw_ridge,amt,5,0.472562194714233,0.472562194713,3033173752.05308,3033173752.05,0.454345880606199,0.454345880606
8006,M2,raw_ridge,cnt,5,0.410032222766459,0.410032222766,238920.684291919,238920.684292,0.522625547117351,0.522625547117
8006,M2,raw_ridge,ticket,5,0.120541686076384,0.120541686076,1429.15544814906,1429.15544815,0.301255432294542,0.301255432295
8006,M2,raw_ridge,amt,6,0.473053721317204,0.473053721317,3036328650.19611,3036328650.19,0.457753273298239,0.457753273298
8006,M2,raw_ridge,cnt,6,0.410962849230896,0.410962849231,239462.948775923,239462.948776,0.525137596878099,0.525137596878
8006,M2,raw_ridge,ticket,6,0.12087999882188,0.120879998822,1433.16652115742,1433.16652116,0.305278897262661,0.305278897263
8006,M2,raw_ridge,amt,7,0.480877979881077,0.480877979881,3086549205.22711,3086549205.22,0.428076398313816,0.428076398314
8006,M2,raw_ridge,cnt,7,0.412303888365017,0.412303888365,240244.355625913,240244.355626,0.505296631441075,0.505296631441
8006,M2,raw_ridge,ticket,7,0.124549893294172,0.124549893294,1476.67719244407,1476.67719244,0.274395653666937,0.274395653668
8006,M2,raw_ridge,amt,8,0.474005693964036,0.474005693964,3042438953.72301,3042438953.72,0.451856077118956,0.451856077118
8006,M2,raw_ridge,cnt,8,0.408602816106112,0.408602816106,238087.786781773,238087.786782,0.523018310887509,0.523018310887
8006,M2,raw_ridge,ticket,8,0.122836768829979,0.12283676883,1456.36620094353,1456.36620094,0.290329911319803,0.290329911319
8006,M2,raw_ridge,amt,9,0.463425650017509,0.463425650017,2974530195.99096,2974530195.99,0.478224050741507,0.478224050742
8006,M2,raw_ridge,cnt,9,0.407144073053548,0.407144073054,237237.795320192,237237.79532,0.536021860197957,0.536021860198
8006,M2,raw_ridge,ticket,9,0.123074857890736,0.123074857891,1459.18901095559,1459.18901096,0.297151724518636,0.297151724519
8006,M3,raw_ridge,amt,0,0.325953233638592,0.325953233639,2092153802.66987,2092153802.67,0.712369990009855,0.71236999001
8006,M3,raw_ridge,cnt,0,0.29815843201045,0.29815843201,173733.215703674,173733.215704,0.719103046493077,0.719103046493
8006,M3,raw_ridge,ticket,0,0.118785303154563,0.118785303155,1408.33157963136,1408.33157963,0.327610022057618,0.327610022058
8006,M3,raw_ridge,amt,1,0.331964573684194,0.331964573685,2130738012.42032,2130738012.42,0.687005834056212,0.687005834056
8006,M3,raw_ridge,cnt,1,0.291542326737667,0.291542326738,169878.09332218,169878.093322,0.719118065697104,0.719118065697
8006,M3,raw_ridge,ticket,1,0.121445755035534,0.121445755036,1439.87418886464,1439.87418886,0.291052261659563,0.29105226166
8006,M3,raw_ridge,amt,2,0.33639202676775,0.336392026768,2159155932.07555,2159155932.08,0.698498636062129,0.698498636062
8006,M3,raw_ridge,cnt,2,0.306814436651429,0.306814436651,178776.962114879,178776.962115,0.70772900093521,0.707729000935
8006,M3,raw_ridge,ticket,2,0.119201998091997,0.119201998092,1413.27196050236,1413.2719605,0.307077611588052,0.307077611589
8006,M3,raw_ridge,amt,3,0.336233525829355,0.336233525829,2158138582.63162,2158138582.63,0.692940828029794,0.69294082803
8006,M3,raw_ridge,cnt,3,0.306450925984164,0.306450925984,178565.148963258,178565.148963,0.708120734895642,0.708120734896
8006,M3,raw_ridge,ticket,3,0.119281712013292,0.119281712013,1414.21705749429,1414.21705749,0.317280329144907,0.317280329145
8006,M3,raw_ridge,amt,4,0.340680630722773,0.340680630723,2186682638.81347,2186682638.81,0.690762507133454,0.690762507133
8006,M3,raw_ridge,cnt,4,0.304870853661047,0.304870853661,177644.460442432,177644.460442,0.710160530964915,0.710160530965
8006,M3,raw_ridge,ticket,4,0.119264902828502,0.119264902829,1414.0177659562,1414.01776596,0.302183253839279,0.30218325384
8006,M3,raw_ridge,amt,5,0.344321702138904,0.344321702139,2210053112.31366,2210053112.31,0.695670291558418,0.695670291558
8006,M3,raw_ridge,cnt,5,0.31486369940697,0.314863699407,183467.167564158,183467.167564,0.705258114533168,0.705258114533
8006,M3,raw_ridge,ticket,5,0.11861456399196,0.118614563992,1406.3072773971,1406.3072774,0.310479415015863,0.310479415016
8006,M3,raw_ridge,amt,6,0.340229693187273,0.340229693187,2183788264.46065,2183788264.46,0.699695748619678,0.69969574862
8006,M3,raw_ridge,cnt,6,0.312920720948027,0.312920720948,182335.018144673,182335.018145,0.702402600940615,0.702402600941
8006,M3,raw_ridge,ticket,6,0.119840161932045,0.119840161932,1420.83810096798,1420.83810097,0.315672242440551,0.315672242441
8006,M3,raw_ridge,amt,7,0.349820541248197,0.349820541249,2245347798.68432,2245347798.69,0.657753064828638,0.657753064828
8006,M3,raw_ridge,cnt,7,0.311189979661279,0.311189979662,181326.536689796,181326.53669,0.693714700305735,0.693714700305
8006,M3,raw_ridge,ticket,7,0.121688589021069,0.121688589021,1442.75325522516,1442.75325522,0.285901120604911,0.285901120606
8006,M3,raw_ridge,amt,8,0.323827666524218,0.323827666524,2078510700.34035,2078510700.34,0.713372456496111,0.713372456496
8006,M3,raw_ridge,cnt,8,0.292396598851005,0.292396598851,170375.867073992,170375.867074,0.722249187725686,0.722249187726
8006,M3,raw_ridge,ticket,8,0.120679271035242,0.120679271035,1430.7866705082,1430.78667051,0.304796090185217,0.304796090185
8006,M3,raw_ridge,amt,9,0.340441307944212,0.340441307944,2185146528.69226,2185146528.69,0.707152285004877,0.707152285005
8006,M3,raw_ridge,cnt,9,0.316874531865076,0.316874531865,184638.854666322,184638.854666,0.705837631987334,0.705837631987
8006,M3,raw_ridge,ticket,9,0.121494521102193,0.121494521102,1440.45236469841,1440.4523647,0.306396205751811,0.306396205752
8006,M4,raw_ridge,amt,0,0.31892588212632,0.318925882126,2047048251.71406,2047048251.71,0.7307266734018,0.730726673402
8006,M4,raw_ridge,cnt,0,0.304271922292718,0.304271922292,177295.470571832,177295.470572,0.719784687856331,0.719784687857
8006,M4,raw_ridge,ticket,0,0.106326479508053,0.106326479508,1260.61840030305,1260.6184003,0.501718687220842,0.501718687221
8006,M4,raw_ridge,amt,1,0.327989976106324,0.327989976106,2105226777.74472,2105226777.75,0.704987806111252,0.704987806111
8006,M4,raw_ridge,cnt,1,0.30301847327602,0.303018473276,176565.101395542,176565.101395,0.719129287985562,0.719129287985
8006,M4,raw_ridge,ticket,1,0.103585690580902,0.103585690581,1228.12330624088,1228.12330624,0.517410496556742,0.517410496556
8006,M4,raw_ridge,amt,2,0.319799000325618,0.319799000325,2052652422.41196,2052652422.41,0.72715455227292,0.727154552273
8006,M4,raw_ridge,cnt,2,0.303564024244957,0.303564024245,176882.987170311,176882.98717,0.71607261169364,0.716072611694
8006,M4,raw_ridge,ticket,2,0.105095181214696,0.105095181215,1246.0199927187,1246.01999272,0.510380873514679,0.510380873514
8006,M4,raw_ridge,amt,3,0.325819661645407,0.325819661645,2091296461.41772,2091296461.42,0.726916805426707,0.726916805427
8006,M4,raw_ridge,cnt,3,0.306911339705259,0.306911339705,178833.426320972,178833.426321,0.721908512823534,0.721908512824
8006,M4,raw_ridge,ticket,3,0.103425113205849,0.103425113206,1226.2194832741,1226.21948327,0.510925715815766,0.510925715815
8006,M4,raw_ridge,amt,4,0.331281558406212,0.331281558406,2126354030.72098,2126354030.72,0.70830117795441,0.708301177954
8006,M4,raw_ridge,cnt,4,0.310542682157829,0.310542682158,180949.364472888,180949.364473,0.712064326552575,0.712064326553
8006,M4,raw_ridge,ticket,4,0.10537188967508,0.105371889675,1249.30067856755,1249.30067857,0.496162663693328,0.496162663693
8006,M4,raw_ridge,amt,5,0.341226785833264,0.341226785833,2190188173.88212,2190188173.88,0.705847454081343,0.705847454082
8006,M4,raw_ridge,cnt,5,0.326174087616498,0.326174087616,190057.590317755,190057.590318,0.700195375732837,0.700195375733
8006,M4,raw_ridge,ticket,5,0.101721803743216,0.101721803743,1206.02485950832,1206.02485951,0.526871561824487,0.526871561824
8006,M4,raw_ridge,amt,6,0.334832284135856,0.334832284136,2149144614.06506,2149144614.06,0.714969066780674,0.714969066781
8006,M4,raw_ridge,cnt,6,0.315652209202854,0.315652209203,183926.622430248,183926.62243,0.703479411301185,0.703479411301
8006,M4,raw_ridge,ticket,6,0.10545309073177,0.105453090732,1250.26340719978,1250.2634072,0.508249355675247,0.508249355675
8006,M4,raw_ridge,amt,7,0.334080717044099,0.334080717044,2144320627.71761,2144320627.72,0.686731002175367,0.686731002175
8006,M4,raw_ridge,cnt,7,0.313050202112446,0.313050202113,182410.465211241,182410.465211,0.697341069929135,0.697341069929
8006,M4,raw_ridge,ticket,7,0.106276375815236,0.106276375815,1260.02436542688,1260.02436543,0.489018509810701,0.489018509811
8006,M4,raw_ridge,amt,8,0.321396929150051,0.32139692915,2062908841.19055,2062908841.19,0.722405615940638,0.722405615941
8006,M4,raw_ridge,cnt,8,0.298337444710154,0.29833744471,173837.524180754,173837.524181,0.724061534725966,0.724061534726
8006,M4,raw_ridge,ticket,8,0.104049635456498,0.104049635456,1233.62388755994,1233.62388756,0.506045215239422,0.506045215239
8006,M4,raw_ridge,amt,9,0.330573634312015,0.330573634312,2121810170.02924,2121810170.03,0.730257611243155,0.730257611243
8006,M4,raw_ridge,cnt,9,0.318730170085473,0.318730170086,185720.112013426,185720.112013,0.71202051981281,0.712020519813
8006,M4,raw_ridge,ticket,9,0.107387217121361,0.107387217121,1273.19462176187,1273.19462176,0.486281900000732,0.4862819
8006,M5,raw_ridge,amt,0,0.273670078485817,0.273670078486,1756570686.50499,1756570686.51,0.800118695909978,0.800118695909
8006,M5,raw_ridge,cnt,0,0.266129726785662,0.266129726786,155070.486912115,155070.486912,0.771003823562856,0.771003823562
8006,M5,raw_ridge,ticket,0,0.101889843731156,0.101889843731,1208.0171600318,1208.01716003,0.532890826109669,0.53289082611
8006,M5,raw_ridge,amt,1,0.271664260024505,0.271664260024,1743696199.34481,1743696199.34,0.79838088436953,0.798380884369
8006,M5,raw_ridge,cnt,1,0.250108839556795,0.250108839557,145735.314876466,145735.314876,0.787136952008585,0.787136952008
8006,M5,raw_ridge,ticket,1,0.0995645970033046,0.0995645970033,1180.44877985091,1180.44877985,0.544378586846667,0.544378586846
8006,M5,raw_ridge,amt,2,0.267399735521484,0.267399735522,1716324048.26664,1716324048.27,0.792902176078543,0.792902176078
8006,M5,raw_ridge,cnt,2,0.256026553272061,0.256026553272,149183.493170249,149183.49317,0.765089639175911,0.765089639175
8006,M5,raw_ridge,ticket,2,0.100226725483787,0.100226725484,1188.29904772136,1188.29904772,0.545950449139288,0.545950449139
8006,M5,raw_ridge,amt,3,0.272225140000784,0.272225140001,1747296247.00231,1747296247,0.79840731462324,0.798407314623
8006,M5,raw_ridge,cnt,3,0.259719603539824,0.25971960354,151335.38769977,151335.3877,0.776513651101904,0.776513651102
8006,M5,raw_ridge,ticket,3,0.098643290918887,0.0986432909189,1169.52567388801,1169.52567389,0.545192214149554,0.545192214149
8006,M5,raw_ridge,amt,4,0.273547319102913,0.273547319103,1755782746.75398,1755782746.76,0.795301917951248,0.795301917951
8006,M5,raw_ridge,cnt,4,0.258429775576784,0.258429775577,150583.820963212,150583.820963,0.780329998097597,0.780329998097
8006,M5,raw_ridge,ticket,4,0.10100763100388,0.101007631004,1197.55754919796,1197.5575492,0.528716979597046,0.528716979596
8006,M5,raw_ridge,amt,5,0.286744353372934,0.286744353373,1840488841.31784,1840488841.32,0.779843265941406,0.779843265941
8006,M5,raw_ridge,cnt,5,0.273237205180807,0.273237205181,159211.926309977,159211.92631,0.753492613345522,0.753492613345
8006,M5,raw_ridge,ticket,5,0.0979588705342506,0.0979588705342,1161.41111075748,1161.41111076,0.551249480031606,0.551249480031
8006,M5,raw_ridge,amt,6,0.279519347784706,0.279519347785,1794114633.74523,1794114633.75,0.789664828164225,0.789664828164
8006,M5,raw_ridge,cnt,6,0.268478905181633,0.268478905182,156439.323990583,156439.323991,0.76067629301248,0.760676293012
8006,M5,raw_ridge,ticket,6,0.100986051391717,0.100986051392,1197.30169894985,1197.30169895,0.539060604352242,0.539060604352
8006,M5,raw_ridge,amt,7,0.273123327625882,0.273123327626,1753061327.57655,1753061327.58,0.782684642632343,0.782684642631
8006,M5,raw_ridge,cnt,7,0.260749110789518,0.26074911079,151935.268789409,151935.26879,0.771139746981461,0.771139746981
8006,M5,raw_ridge,ticket,7,0.101242024956661,0.101242024957,1200.33654960467,1200.3365496,0.519342978854364,0.519342978854
8006,M5,raw_ridge,amt,8,0.262607777172013,0.262607777172,1685566525.8725,1685566525.87,0.799210214844108,0.799210214844
8006,M5,raw_ridge,cnt,8,0.242989962504701,0.242989962505,141587.233622751,141587.233623,0.785591398399624,0.785591398399
8006,M5,raw_ridge,ticket,8,0.0993166546922595,0.0993166546923,1177.50914862298,1177.50914862,0.546631096460677,0.54663109646
8006,M5,raw_ridge,amt,9,0.278911549949277,0.278911549949,1790213440.5021,1790213440.5,0.791120325344109,0.791120325343
8006,M5,raw_ridge,cnt,9,0.270715645912093,0.270715645912,157742.645037645,157742.645038,0.758416438192019,0.758416438191
8006,M5,raw_ridge,ticket,9,0.102720230510627,0.102720230511,1217.86231674547,1217.86231675,0.519027903397778,0.519027903397
8021,M1,log_ridge_smear,amt,0,0.314709072202746,0.314709072203,614709720.6568,614709720.657,0.659333615070498,0.659333615071
8021,M1,log_ridge_smear,cnt,0,0.395768812435303,0.395768812435,48231.4274924113,48231.4274924,0.561474106026445,0.561474106027
8021,M1,log_ridge_smear,ticket,0,0.123481250288029,0.123481250288,2272.43951593644,2272.43951594,0.36369603056094,0.363696030561
8021,M1,log_ridge_smear,amt,1,0.317179574705125,0.317179574705,619535262.839266,619535262.839,0.654914068276601,0.654914068277
8021,M1,log_ridge_smear,cnt,1,0.397041625843259,0.397041625843,48386.5423111346,48386.5423111,0.555824479545926,0.555824479546
8021,M1,log_ridge_smear,ticket,1,0.12540075417692,0.125400754177,2307.76436467205,2307.76436467,0.346753016513341,0.346753016513
8021,M1,log_ridge_smear,amt,2,0.315584828746782,0.315584828747,616420303.884604,616420303.885,0.649414097211214,0.649414097211
8021,M1,log_ridge_smear,cnt,2,0.396730007618129,0.396730007618,48348.566120595,48348.5661206,0.542750672361006,0.542750672361
8021,M1,log_ridge_smear,ticket,2,0.124849556955287,0.124849556955,2297.6206194104,2297.62061941,0.350831467437618,0.350831467438
8021,M1,log_ridge_smear,amt,3,0.31540404031551,0.315404040315,616067176.453904,616067176.454,0.662116762685296,0.662116762685
8021,M1,log_ridge_smear,cnt,3,0.397610596261686,0.397610596262,48455.8814167422,48455.8814167,0.559210442179625,0.55921044218
8021,M1,log_ridge_smear,ticket,3,0.124911767016343,0.124911767016,2298.76547825093,2298.76547825,0.356503777335398,0.356503777336
8021,M1,log_ridge_smear,amt,4,0.316008898937938,0.316008898938,617248624.679171,617248624.679,0.653231492102263,0.653231492102
8021,M1,log_ridge_smear,cnt,4,0.396845318536527,0.396845318536,48362.6187948458,48362.6187948,0.546762737642332,0.546762737642
8021,M1,log_ridge_smear,ticket,4,0.124462214192101,0.124462214192,2290.49230641371,2290.49230641,0.362014855883458,0.362014855884
8021,M1,log_ridge_smear,amt,5,0.317054183125187,0.317054183125,619290340.052209,619290340.052,0.658232877305543,0.658232877306
8021,M1,log_ridge_smear,cnt,5,0.400904492289228,0.400904492289,48857.3008879794,48857.300888,0.551957547283893,0.551957547284
8021,M1,log_ridge_smear,ticket,5,0.126075384434016,0.126075384434,2320.17966214673,2320.17966215,0.344969356321652,0.344969356322
8021,M1,log_ridge_smear,amt,6,0.315913478467722,0.315913478468,617062243.364577,617062243.365,0.66027017157794,0.660270171578
8021,M1,log_ridge_smear,cnt,6,0.397989241664436,0.397989241664,48502.0260540009,48502.026054,0.5602056191624,0.560205619162
8021,M1,log_ridge_smear,ticket,6,0.124238741939681,0.12423874194,2286.37972109463,2286.37972109,0.363816658481016,0.363816658481
8021,M1,log_ridge_smear,amt,7,0.318247034547065,0.318247034547,621620293.107566,621620293.107,0.656640566278285,0.656640566278
8021,M1,log_ridge_smear,cnt,7,0.397411460319265,0.397411460319,48431.613181181,48431.6131812,0.558916671979732,0.55891667198
8021,M1,log_ridge_smear,ticket,7,0.124226247965663,0.124226247966,2286.14979306749,2286.14979307,0.3593683489838,0.359368348984
8021,M1,log_ridge_smear,amt,8,0.314111372672953,0.314111372673,613542256.025341,613542256.025,0.662611572488014,0.662611572488
8021,M1,log_ridge_smear,cnt,8,0.395249342831602,0.395249342831,48168.1209363155,48168.1209363,0.562768580023625,0.562768580024
8021,M1,log_ridge_smear,ticket,8,0.124739632304859,0.124739632305,2295.59766354603,2295.59766355,0.356975303891921,0.356975303892
8021,M1,log_ridge_smear,amt,9,0.318208436881207,0.318208436881,621544901.698506,621544901.698,0.655162370277002,0.655162370277
8021,M1,log_ridge_smear,cnt,9,0.399175835534602,0.399175835535,48646.6334975729,48646.6334976,0.552222139054032,0.552222139054
8021,M1,log_ridge_smear,ticket,9,0.123912080013085,0.123912080013,2280.36812444643,2280.36812445,0.367999652909856,0.36799965291
8021,M2,log_ridge_smear,amt,0,0.296103676277726,0.296103676278,578368481.264724,578368481.266,0.701309059044146,0.701309059044
8021,M2,log_ridge_smear,cnt,0,0.364552679083359,0.364552679084,44427.1897024419,44427.1897025,0.619275266319757,0.619275266319
8021,M2,log_ridge_smear,ticket,0,0.107044793564879,0.107044793565,1969.95753043222,1969.95753043,0.442911234557153,0.442911234559
8021,M2,log_ridge_smear,amt,1,0.291124867047594,0.291124867048,568643555.289007,568643555.289,0.709088752084765,0.709088752084
8021,M2,log_ridge_smear,cnt,1,0.353420750841133,0.353420750842,43070.5674194432,43070.5674195,0.645568471646253,0.645568471646
8021,M2,log_ridge_smear,ticket,1,0.111193313256361,0.111193313256,2046.30321091065,2046.30321091,0.403588115886607,0.403588115888
8021,M2,log_ridge_smear,amt,2,0.284547053681826,0.284547053682,555795353.01666,555795353.017,0.720097584675035,0.720097584675
8021,M2,log_ridge_smear,cnt,2,0.349939181160634,0.349939181161,42646.2765952838,42646.2765953,0.645974556855504,0.645974556855
8021,M2,log_ridge_smear,ticket,2,0.108092374703363,0.108092374703,1989.23628546336,1989.23628546,0.423505731861321,0.423505731863
8021,M2,log_ridge_smear,amt,3,0.295991617658461,0.295991617659,578149601.262112,578149601.262,0.680593311356366,0.680593311356
8021,M2,log_ridge_smear,cnt,3,0.364708041798462,0.364708041799,44446.123396288,44446.1233963,0.593611840867261,0.593611840867
8021,M2,log_ridge_smear,ticket,3,0.108188950787784,0.108188950788,1991.01358614683,1991.01358615,0.449876644667375,0.449876644669
8021,M2,log_ridge_smear,amt,4,0.288709403908677,0.288709403909,563925519.482198,563925519.483,0.707518699565972,0.707518699566
8021,M2,log_ridge_smear,cnt,4,0.354896652697572,0.354896652698,43250.4321564767,43250.4321565,0.621790712887912,0.621790712888
8021,M2,log_ridge_smear,ticket,4,0.114633401642214,0.114633401642,2109.61154936762,2109.61154937,0.383330518527533,0.383330518528
8021,M2,log_ridge_smear,amt,5,0.284272276361454,0.284272276362,555258640.526402,555258640.527,0.719557335069805,0.71955733507
8021,M2,log_ridge_smear,cnt,5,0.350933274368893,0.350933274369,42767.4244295454,42767.4244295,0.640497833790591,0.640497833791
8021,M2,log_ridge_smear,ticket,5,0.113443821702579,0.113443821703,2087.71957422253,2087.71957423,0.387961006124435,0.387961006124
8021,M2,log_ridge_smear,amt,6,0.298512245085715,0.298512245086,583073050.627082,583073050.627,0.668953833944911,0.668953833945
8021,M2,log_ridge_smear,cnt,6,0.362310564262087,0.362310564262,44153.9483680213,44153.948368,0.596582327785469,0.596582327786
8021,M2,log_ridge_smear,ticket,6,0.108386287378034,0.108386287378,1994.64519389762,1994.6451939,0.437545754312762,0.437545754314
8021,M2,log_ridge_smear,amt,7,0.292457632791475,0.292457632792,571246797.87235,571246797.873,0.690188178546144,0.690188178547
8021,M2,log_ridge_smear,cnt,7,0.355302517407738,0.355302517408,43299.8939476159,43299.8939476,0.616595074522626,0.616595074524
8021,M2,log_ridge_smear,ticket,7,0.108648484788159,0.108648484788,1999.47044270548,1999.4704427,0.436945739811533,0.436945739813
8021,M2,log_ridge_smear,amt,8,0.294843557383468,0.294843557384,575907137.115785,575907137.116,0.693642893939588,0.693642893939
8021,M2,log_ridge_smear,cnt,8,0.361169988137003,0.361169988137,44014.9490003398,44014.9490004,0.608080995254718,0.608080995255
8021,M2,log_ridge_smear,ticket,8,0.108780661270004,0.10878066127,2001.90290155832,2001.90290156,0.429228559766919,0.429228559768
8021,M2,log_ridge_smear,amt,9,0.291244550507137,0.291244550507,568877328.613264,568877328.614,0.708076543658638,0.708076543658
8021,M2,log_ridge_smear,cnt,9,0.357309253287698,0.357309253288,43544.4501962379,43544.4501963,0.627651275296924,0.627651275297
8021,M2,log_ridge_smear,ticket,9,0.109149704686292,0.109149704686,2008.6944495894,2008.69444959,0.432177965710931,0.432177965713
8021,M3,log_ridge_smear,amt,0,0.240291370807612,0.240291370807,469352346.252756,469352346.252,0.788038141998006,0.788038141999
8021,M3,log_ridge_smear,cnt,0,0.313573352469299,0.313573352469,38214.4573750305,38214.457375,0.677043661938972,0.67704366194
8021,M3,log_ridge_smear,ticket,0,0.108404142116843,0.108404142117,1994.97377668993,1994.97377669,0.44119056183902,0.441190561841
8021,M3,log_ridge_smear,amt,1,0.245133878430552,0.24513387843,478811039.284197,478811039.284,0.788007380584562,0.788007380585
8021,M3,log_ridge_smear,cnt,1,0.317091626419668,0.31709162642,38643.2212634519,38643.2212634,0.684948828886921,0.684948828887
8021,M3,log_ridge_smear,ticket,1,0.113119064036615,0.113119064036,2081.74302189964,2081.7430219,0.405004534472117,0.405004534474
8021,M3,log_ridge_smear,amt,2,0.229706278066975,0.229706278067,448676871.73853,448676871.738,0.803432828658672,0.803432828659
8021,M3,log_ridge_smear,cnt,2,0.299647388809214,0.299647388809,36517.3324742574,36517.3324743,0.712367630679496,0.712367630679
8021,M3,log_ridge_smear,ticket,2,0.108889885465043,0.108889885465,2003.91296686236,2003.91296686,0.42622703257239,0.426227032574
8021,M3,log_ridge_smear,amt,3,0.241827001276777,0.241827001277,472351837.084479,472351837.085,0.786954988064072,0.786954988064
8021,M3,log_ridge_smear,cnt,3,0.316264239917647,0.316264239917,38542.3895889324,38542.3895889,0.685816958826086,0.685816958826
8021,M3,log_ridge_smear,ticket,3,0.109867451351946,0.109867451352,2021.90322324256,2021.90322324,0.445657651226723,0.445657651229
8021,M3,log_ridge_smear,amt,4,0.233715574599129,0.233715574599,456508084.019958,456508084.02,0.79786826375558,0.797868263755
8021,M3,log_ridge_smear,cnt,4,0.30240532161092,0.30240532161,36853.4353499134,36853.4353498,0.700414396811092,0.700414396811
8021,M3,log_ridge_smear,ticket,4,0.114816337616889,0.114816337617,2112.97814094948,2112.97814095,0.384623449242938,0.384623449244
8021,M3,log_ridge_smear,amt,5,0.240243320168295,0.240243320168,469258490.696368,469258490.696,0.789573396831782,0.789573396832
8021,M3,log_ridge_smear,cnt,5,0.316691562537073,0.316691562537,38594.4664057182,38594.4664057,0.668313764622764,0.668313764622
8021,M3,log_ridge_smear,ticket,5,0.114066155924179,0.114066155924,2099.17246179844,2099.1724618,0.390938418752347,0.390938418752
8021,M3,log_ridge_smear,amt,6,0.244242102854945,0.244242102855,477069166.667901,477069166.668,0.783580363985769,0.783580363986
8021,M3,log_ridge_smear,cnt,6,0.316428697670308,0.31642869767,38562.4316739169,38562.4316739,0.687212125268989,0.687212125269
8021,M3,log_ridge_smear,ticket,6,0.109380663214828,0.109380663215,2012.94480570065,2012.9448057,0.440047939649392,0.440047939651
8021,M3,log_ridge_smear,amt,7,0.243613793211912,0.243613793211,475841912.421777,475841912.421,0.785594929899005,0.785594929899
8021,M3,log_ridge_smear,cnt,7,0.320088765234822,0.320088765234,39008.4756213137,39008.4756212,0.666420996222557,0.666420996223
8021,M3,log_ridge_smear,ticket,7,0.110031172123261,0.110031172123,2024.91619524801,2024.91619524,0.437687796650763,0.437687796652
8021,M3,log_ridge_smear,amt,8,0.238362548782076,0.238362548782,465584848.734444,465584848.734,0.789373099373229,0.789373099373
8021,M3,log_ridge_smear,cnt,8,0.309453933147513,0.309453933147,37712.4332940855,37712.433294,0.689415039494303,0.689415039494
8021,M3,log_ridge_smear,ticket,8,0.111296414552579,0.111296414553,2048.20059581016,2048.20059581,0.420839214005377,0.420839214007
8021,M3,log_ridge_smear,amt,9,0.237540482805314,0.237540482805,463979137.328034,463979137.328,0.788894861576035,0.788894861577
8021,M3,log_ridge_smear,cnt,9,0.310208694742674,0.310208694743,37804.414339603,37804.4143396,0.685534238936059,0.685534238937
8021,M3,log_ridge_smear,ticket,9,0.110625075253432,0.110625075253,2035.84586220952,2035.84586221,0.431177140621108,0.431177140623
8021,M4,log_ridge_smear,amt,0,0.230959494560693,0.230959494561,451124733.680939,451124733.682,0.808909993347962,0.808909993347
8021,M4,log_ridge_smear,cnt,0,0.314592155214015,0.314592155214,38338.6165032055,38338.6165032,0.700087979260284,0.700087979259
8021,M4,log_ridge_smear,ticket,0,0.109496726909262,0.109496726909,2015.08073909121,2015.08073909,0.4815475108139,0.481547510815
8021,M4,log_ridge_smear,amt,1,0.226369051783044,0.226369051783,442158389.692858,442158389.693,0.820974972516041,0.820974972516
8021,M4,log_ridge_smear,cnt,1,0.302591962671986,0.302591962672,36876.1808632562,36876.1808633,0.728897350777349,0.728897350776
8021,M4,log_ridge_smear,ticket,1,0.109668447009104,0.109668447009,2018.24092365082,2018.24092365,0.474200252532786,0.474200252534
8021,M4,log_ridge_smear,amt,2,0.224949329211856,0.224949329212,439385297.519072,439385297.519,0.82123730167917,0.821237301679
8021,M4,log_ridge_smear,cnt,2,0.301361379976962,0.301361379977,36726.2126035965,36726.2126036,0.734967945247935,0.734967945247
8021,M4,log_ridge_smear,ticket,2,0.108543828336119,0.108543828336,1997.54443809622,1997.54443809,0.48533802311425,0.485338023115
8021,M4,log_ridge_smear,amt,3,0.24060557139437,0.240605571394,469966062.767391,469966062.767,0.79516437131359,0.795164371313
8021,M4,log_ridge_smear,cnt,3,0.326779701912569,0.326779701912,39823.8845597879,39823.8845597,0.681191731711814,0.681191731711
8021,M4,log_ridge_smear,ticket,3,0.109949904814175,0.109949904814,2023.42062370098,2023.4206237,0.47780327051823,0.47780327052
8021,M4,log_ridge_smear,amt,4,0.238319630497568,0.238319630498,465501018.018995,465501018.02,0.797722850984545,0.797722850983
8021,M4,log_ridge_smear,cnt,4,0.320194899558951,0.320194899559,39021.409965299,39021.4099653,0.685066126200634,0.685066126199
8021,M4,log_ridge_smear,ticket,4,0.112724758299664,0.1127247583,2074.48656850355,2074.4865685,0.435931631814033,0.435931631815
8021,M4,log_ridge_smear,amt,5,0.232522531975691,0.232522531975,454177757.497585,454177757.497,0.806560727339702,0.806560727339
8021,M4,log_ridge_smear,cnt,5,0.316070897851854,0.316070897852,38518.8274396813,38518.8274397,0.689248611713058,0.689248611711
8021,M4,log_ridge_smear,ticket,5,0.112682908740384,0.11268290874,2073.71640629665,2073.7164063,0.439457628820368,0.43945762882
8021,M4,log_ridge_smear,amt,6,0.235643677043284,0.235643677043,460274176.006274,460274176.006,0.805259491579132,0.805259491578
8021,M4,log_ridge_smear,cnt,6,0.312242015876821,0.312242015877,38052.2104715088,38052.2104716,0.713109087866494,0.713109087865
8021,M4,log_ridge_smear,ticket,6,0.106727969466718,0.106727969467,1964.12698046143,1964.12698046,0.500209594603316,0.500209594604
8021,M4,log_ridge_smear,amt,7,0.233736391511229,0.233736391511,456548744.93301,456548744.932,0.801543612534752,0.801543612534
8021,M4,log_ridge_smear,cnt,7,0.32041375244805,0.320413752448,39048.0810594338,39048.0810594,0.679872419947542,0.679872419946
8021,M4,log_ridge_smear,ticket,7,0.109899854717761,0.109899854717,2022.49954607501,2022.49954607,0.485588462846164,0.485588462847
8021,M4,log_ridge_smear,amt,8,0.232663745710245,0.23266374571,454453585.12058,454453585.12,0.80449441958259,0.804494419582
8021,M4,log_ridge_smear,cnt,8,0.317624066267838,0.317624066267,38708.1084731667,38708.1084731,0.699998591743942,0.699998591744
8021,M4,log_ridge_smear,ticket,8,0.108612159128239,0.108612159128,1998.80193744779,1998.80193744,0.475590512626833,0.475590512627
8021,M4,log_ridge_smear,amt,9,0.225900746244966,0.225900746245,441243665.612999,441243665.612,0.814130972304242,0.814130972304
8021,M4,log_ridge_smear,cnt,9,0.306507086738855,0.306507086739,37353.307955189,37353.3079552,0.716343981488623,0.716343981487
8021,M4,log_ridge_smear,ticket,9,0.10984671973102,0.109846719731,2021.52169686092,2021.52169686,0.473335223392046,0.473335223393
8021,M5,log_ridge_smear,amt,0,0.215368519779424,0.21536851978,420671452.860402,420671452.861,0.83388138299466,0.833881382994
8021,M5,log_ridge_smear,cnt,0,0.282076385870144,0.28207638587,34375.9950883985,34375.9950884,0.759607282088072,0.759607282087
8021,M5,log_ridge_smear,ticket,0,0.109471692920745,0.109471692921,2014.62003574867,2014.62003575,0.485211359896294,0.485211359897
8021,M5,log_ridge_smear,amt,1,0.211879206645364,0.211879206645,413855905.132752,413855905.133,0.842943827513865,0.842943827514
8021,M5,log_ridge_smear,cnt,1,0.276418098720713,0.276418098721,33686.4327535098,33686.4327536,0.78061491742112,0.78061491742
8021,M5,log_ridge_smear,ticket,1,0.10794520733295,0.107945207333,1986.52794758046,1986.52794758,0.490220337538809,0.490220337539
8021,M5,log_ridge_smear,amt,2,0.207664896710217,0.20766489671,405624247.669358,405624247.67,0.840253127194988,0.840253127195
8021,M5,log_ridge_smear,cnt,2,0.271166044147042,0.271166044147,33046.3770406872,33046.3770407,0.776826996154128,0.776826996153
8021,M5,log_ridge_smear,ticket,2,0.10634965982909,0.106349659829,1957.16490510343,1957.1649051,0.502954177334136,0.502954177335
8021,M5,log_ridge_smear,amt,3,0.226410894908012,0.226410894908,442240120.3385,442240120.339,0.812462983822798,0.812462983822
8021,M5,log_ridge_smear,cnt,3,0.297704873975371,0.297704873975,36280.602695615,36280.6026956,0.726023827919815,0.726023827919
8021,M5,log_ridge_smear,ticket,3,0.107824802711268,0.107824802711,1984.31212761124,1984.31212761,0.491360633018514,0.49136063302
8021,M5,log_ridge_smear,amt,4,0.222605035368843,0.222605035369,434806274.095027,434806274.096,0.82298627900551,0.822986279005
8021,M5,log_ridge_smear,cnt,4,0.290852741399637,0.2908527414,35445.549186822,35445.5491868,0.743808124336035,0.743808124335
8021,M5,log_ridge_smear,ticket,4,0.110249038739741,0.11024903874,2028.92561941027,2028.92561941,0.452496374697381,0.452496374698
8021,M5,log_ridge_smear,amt,5,0.216109212764276,0.216109212764,422118221.377826,422118221.378,0.829836836495692,0.829836836495
8021,M5,log_ridge_smear,cnt,5,0.286120433396192,0.286120433396,34868.8337833635,34868.8337833,0.749086866552406,0.749086866551
8021,M5,log_ridge_smear,ticket,5,0.110026091088152,0.110026091088,2024.82268838007,2024.82268838,0.462651631649902,0.46265163165
8021,M5,log_ridge_smear,amt,6,0.21728251534688,0.217282515347,424409990.400405,424409990.4,0.833323208625772,0.833323208625
8021,M5,log_ridge_smear,cnt,6,0.275146886394764,0.275146886395,33531.5130549383,33531.5130549,0.777596352511339,0.777596352511
8021,M5,log_ridge_smear,ticket,6,0.105581408947467,0.105581408947,1943.02669661038,1943.02669661,0.508481070465022,0.508481070466
8021,M5,log_ridge_smear,amt,7,0.218181714457167,0.218181714457,426166363.135485,426166363.135,0.827116140242961,0.827116140243
8021,M5,log_ridge_smear,cnt,7,0.288194880418821,0.288194880419,35121.6418319389,35121.6418319,0.739316789296231,0.739316789295
8021,M5,log_ridge_smear,ticket,7,0.108492498636032,0.108492498636,1996.59981177807,1996.59981177,0.497020430078818,0.49702043008
8021,M5,log_ridge_smear,amt,8,0.216021797109505,0.216021797109,421947475.576476,421947475.576,0.831359136571802,0.831359136572
8021,M5,log_ridge_smear,cnt,8,0.281985906483427,0.281985906483,34364.9685753362,34364.9685753,0.758494263180458,0.75849426318
8021,M5,log_ridge_smear,ticket,8,0.107176488626941,0.107176488627,1972.38112966196,1972.38112966,0.487725001307118,0.487725001307
8021,M5,log_ridge_smear,amt,9,0.211178683251198,0.211178683251,412487598.407665,412487598.407,0.837255333693725,0.837255333693
8021,M5,log_ridge_smear,cnt,9,0.276826951339263,0.276826951339,33736.2586741157,33736.2586741,0.773174739633041,0.773174739632
8021,M5,log_ridge_smear,ticket,9,0.105646866831298,0.105646866831,1944.23132550344,1944.2313255,0.498959247537659,0.498959247539
8021,M1,raw_ridge,amt,0,0.304591149462018,0.304591149462,594946752.217259,594946752.217,0.699942404180718,0.699942404181
8021,M1,raw_ridge,cnt,0,0.360492688828775,0.360492688829,43932.4081041169,43932.4081041,0.649498031128863,0.649498031129
8021,M1,raw_ridge,ticket,0,0.133511117749395,0.133511117749,2457.02030942249,2457.02030942,0.277469065004146,0.277469065004
8021,M1,raw_ridge,amt,1,0.309369520189356,0.309369520189,604280168.996247,604280168.996,0.686439898867262,0.686439898867
8021,M1,raw_ridge,cnt,1,0.366577239604671,0.366577239605,44673.9181987748,44673.9181988,0.631238012737214,0.631238012737
8021,M1,raw_ridge,ticket,1,0.134197415042269,0.134197415042,2469.65031668568,2469.65031669,0.265758986322505,0.265758986323
8021,M1,raw_ridge,amt,2,0.30783492319571,0.307834923196,601282696.814455,601282696.814,0.692185310443754,0.692185310444
8021,M1,raw_ridge,cnt,2,0.366213618918336,0.366213618918,44629.6045888676,44629.6045889,0.634740053256275,0.634740053256
8021,M1,raw_ridge,ticket,2,0.134773155987042,0.134773155987,2480.2457428803,2480.24574288,0.269731274083659,0.269731274084
8021,M1,raw_ridge,amt,3,0.307738133424743,0.307738133425,601093640.894787,601093640.895,0.696621329914823,0.696621329915
8021,M1,raw_ridge,cnt,3,0.367205212659987,0.36720521266,44750.4478189293,44750.4478189,0.641041060590788,0.641041060591
8021,M1,raw_ridge,ticket,3,0.135688852715671,0.135688852716,2497.09741409269,2497.09741409,0.266172308304915,0.266172308305
8021,M1,raw_ridge,amt,4,0.307808735199972,0.3078087352,601231544.760173,601231544.76,0.691698122957662,0.691698122958
8021,M1,raw_ridge,cnt,4,0.367062406319884,0.36706240632,44733.0443413896,44733.0443414,0.632937320626788,0.632937320627
8021,M1,raw_ridge,ticket,4,0.13359083376859,0.133590833769,2458.48733240491,2458.4873324,0.280513946077135,0.280513946077
8021,M1,raw_ridge,amt,5,0.307104399557072,0.307104399557,599855791.70906,599855791.709,0.698352051766586,0.698352051767
8021,M1,raw_ridge,cnt,5,0.364772485254647,0.364772485255,44453.9769708666,44453.9769709,0.643565029698215,0.643565029698
8021,M1,raw_ridge,ticket,5,0.13485157845285,0.134851578453,2481.68896045238,2481.68896045,0.263115160606064,0.263115160606
8021,M1,raw_ridge,amt,6,0.309767627256438,0.309767627256,605057776.970127,605057776.97,0.694181324820242,0.69418132482
8021,M1,raw_ridge,cnt,6,0.36750985868074,0.367509858681,44787.5743230881,44787.5743231,0.641132125760386,0.64113212576
8021,M1,raw_ridge,ticket,6,0.134008103310827,0.134008103311,2466.16639132572,2466.16639133,0.276094364025492,0.276094364026
8021,M1,raw_ridge,amt,7,0.310168651033609,0.310168651034,605841082.04715,605841082.047,0.690275070631638,0.690275070632
8021,M1,raw_ridge,cnt,7,0.367666206010412,0.36766620601,44806.6280096287,44806.6280096,0.638909062042058,0.638909062042
8021,M1,raw_ridge,ticket,7,0.133834046074659,0.133834046075,2462.96319618006,2462.96319618,0.276939276212695,0.276939276213
8021,M1,raw_ridge,amt,8,0.304810610255098,0.304810610255,595375416.957888,595375416.958,0.700501866786849,0.700501866787
8021,M1,raw_ridge,cnt,8,0.362120430808684,0.362120430809,44130.7772449223,44130.7772449,0.647460267940702,0.647460267941
8021,M1,raw_ridge,ticket,8,0.134588542809963,0.13458854281,2476.84828555153,2476.84828555,0.274709417705057,0.274709417705
8021,M1,raw_ridge,amt,9,0.306757178505513,0.306757178505,599177577.52821,599177577.528,0.694118561175563,0.694118561176
8021,M1,raw_ridge,cnt,9,0.363496471542326,0.363496471542,44298.4721384711,44298.4721385,0.638522457822514,0.638522457823
8021,M1,raw_ridge,ticket,9,0.134279222991665,0.134279222992,2471.15583769792,2471.1558377,0.278477760816418,0.278477760816
8021,M2,raw_ridge,amt,0,0.28416888468636,0.284168884686,555056689.348857,555056689.349,0.758114448997786,0.758114448998
8021,M2,raw_ridge,cnt,0,0.323217227327902,0.323217227328,39389.7340425537,39389.7340425,0.731408494618861,0.731408494619
8021,M2,raw_ridge,ticket,0,0.10898282945358,0.108982829453,2005.62342567149,2005.62342567,0.42155316329287,0.421553163294
8021,M2,raw_ridge,amt,1,0.28692594003747,0.286925940037,560441944.730452,560441944.73,0.744305261012842,0.744305261013
8021,M2,raw_ridge,cnt,1,0.330484958805169,0.330484958805,40275.435625817,40275.4356258,0.712395674388151,0.712395674388
8021,M2,raw_ridge,ticket,1,0.112411256105603,0.112411256106,2068.71715191231,2068.71715191,0.385554360208318,0.385554360209
8021,M2,raw_ridge,amt,2,0.27702288716336,0.277022887163,541098673.742788,541098673.742,0.758227501627201,0.758227501627
8021,M2,raw_ridge,cnt,2,0.319939404431284,0.319939404431,38990.2733665132,38990.2733665,0.725084627612301,0.725084627612
8021,M2,raw_ridge,ticket,2,0.109428664863104,0.109428664863,2013.82818550219,2013.8281855,0.408697250830464,0.408697250832
8021,M2,raw_ridge,amt,3,0.284390257889385,0.284390257889,555489089.529887,555489089.53,0.750150466919939,0.75015046692
8021,M2,raw_ridge,cnt,3,0.331278273147949,0.331278273148,40372.1150052936,40372.1150053,0.719319807753296,0.719319807753
8021,M2,raw_ridge,ticket,3,0.109021186057283,0.109021186057,2006.32930661901,2006.32930662,0.431765094455406,0.431765094456
8021,M2,raw_ridge,amt,4,0.281064766809057,0.281064766809,548993529.428213,548993529.429,0.752645315511572,0.752645315511
8021,M2,raw_ridge,cnt,4,0.326208301989975,0.32620830199,39754.2493761408,39754.2493762,0.717467175568883,0.717467175569
8021,M2,raw_ridge,ticket,4,0.112599689619762,0.11259968962,2072.18491533958,2072.18491534,0.388613952586312,0.388613952587
8021,M2,raw_ridge,amt,5,0.282040360191266,0.282040360191,550899120.300618,550899120.301,0.755696055725786,0.755696055726
8021,M2,raw_ridge,cnt,5,0.327299693940162,0.32729969394,39887.2547824721,39887.2547825,0.721431224758143,0.721431224758
8021,M2,raw_ridge,ticket,5,0.113204320472434,0.113204320472,2083.31200580037,2083.3120058,0.376079335478844,0.376079335479
8021,M2,raw_ridge,amt,6,0.283505968173727,0.283505968173,553761838.770044,553761838.769,0.751742695529229,0.751742695529
8021,M2,raw_ridge,cnt,6,0.32380905887248,0.323809058872,39461.8591805969,39461.8591806,0.725747031789993,0.72574703179
8021,M2,raw_ridge,ticket,6,0.109119313537101,0.109119313537,2008.1351578087,2008.13515781,0.423417253106848,0.423417253108
8021,M2,raw_ridge,amt,7,0.285028615772134,0.285028615772,556735970.635148,556735970.635,0.746664610525118,0.746664610525
8021,M2,raw_ridge,cnt,7,0.326193224707009,0.326193224707,39752.4119426257,39752.4119426,0.716455727623404,0.716455727623
8021,M2,raw_ridge,ticket,7,0.110053293749224,0.110053293749,2025.32330205069,2025.32330205,0.420423145468194,0.420423145469
8021,M2,raw_ridge,amt,8,0.281259537046024,0.281259537046,549373967.008612,549373967.008,0.760311274520288,0.76031127452
8021,M2,raw_ridge,cnt,8,0.322812691934991,0.322812691935,39340.4342522261,39340.4342522,0.730319595933426,0.730319595933
8021,M2,raw_ridge,ticket,8,0.109869877975692,0.109869877976,2021.94788067579,2021.94788067,0.413451413629221,0.41345141363
8021,M2,raw_ridge,amt,9,0.280083314347356,0.280083314347,547076494.230125,547076494.229,0.755027986282744,0.755027986283
8021,M2,raw_ridge,cnt,9,0.324355518918207,0.324355518918,39528.454999279,39528.4549992,0.720670361543241,0.720670361543
8021,M2,raw_ridge,ticket,9,0.109754961825114,0.109754961825,2019.83306566554,2019.83306566,0.417529463934252,0.417529463935
8021,M3,raw_ridge,amt,0,0.227842254002548,0.227842254003,445035941.707753,445035941.708,0.832717548450511,0.83271754845
8021,M3,raw_ridge,cnt,0,0.276058577055689,0.276058577056,33642.6186818252,33642.6186818,0.795963592223164,0.795963592223
8021,M3,raw_ridge,ticket,0,0.109407710025224,0.109407710025,2013.44255123352,2013.44255123,0.420143954446407,0.420143954448
8021,M3,raw_ridge,amt,1,0.230113118969384,0.230113118969,449471539.193527,449471539.193,0.826048802519729,0.82604880252
8021,M3,raw_ridge,cnt,1,0.279517356872331,0.279517356872,34064.1321581199,34064.1321581,0.788446154389388,0.788446154389
8021,M3,raw_ridge,ticket,1,0.112945568400138,0.1129455684,2078.55016193708,2078.55016194,0.384222770980277,0.384222770981
8021,M3,raw_ridge,amt,2,0.22274965847166,0.222749658471,435088761.112355,435088761.112,0.836920147573377,0.836920147573
8021,M3,raw_ridge,cnt,2,0.269788721947072,0.269788721947,32878.5259778085,32878.5259778,0.800803643248284,0.800803643248
8021,M3,raw_ridge,ticket,2,0.110181968758303,0.110181968758,2027.69132290132,2027.6913229,0.406104426366422,0.406104426368
8021,M3,raw_ridge,amt,3,0.22838174333151,0.228381743331,446089706.482889,446089706.483,0.82775942568408,0.827759425684
8021,M3,raw_ridge,cnt,3,0.280286110584507,0.280286110584,34157.8183904941,34157.8183905,0.788010989598633,0.788010989599
8021,M3,raw_ridge,ticket,3,0.109613440039783,0.10961344004,2017.22862412804,2017.22862412,0.429476014237106,0.429476014238
8021,M3,raw_ridge,amt,4,0.228606808057658,0.228606808058,446529317.181023,446529317.181,0.829940155893675,0.829940155894
8021,M3,raw_ridge,cnt,4,0.28001660335707,0.280016603357,34124.9741695996,34124.9741696,0.788826245808695,0.788826245808
8021,M3,raw_ridge,ticket,4,0.112638200126977,0.112638200127,2072.89362859094,2072.89362859,0.387999441436316,0.387999441437
8021,M3,raw_ridge,amt,5,0.22960314987948,0.229603149879,448475435.221676,448475435.222,0.830991634173734,0.830991634174
8021,M3,raw_ridge,cnt,5,0.278440883578197,0.278440883578,33932.9448538093,33932.9448538,0.792893453801506,0.792893453801
8021,M3,raw_ridge,ticket,5,0.114288711820891,0.114288711821,2103.26818331903,2103.26818332,0.37260625313327,0.372606253134
8021,M3,raw_ridge,amt,6,0.229905789560373,0.22990578956,449066570.24171,449066570.242,0.827741803527637,0.827741803527
8021,M3,raw_ridge,cnt,6,0.279006965979992,0.27900696598,34001.9320035267,34001.9320035,0.793951022485108,0.793951022485
8021,M3,raw_ridge,ticket,6,0.109439001099388,0.109439001099,2014.01840443601,2014.01840443,0.422098022104388,0.422098022105
8021,M3,raw_ridge,amt,7,0.233577057805635,0.233577057806,456237524.233298,456237524.233,0.826930017156908,0.826930017157
8021,M3,raw_ridge,cnt,7,0.284620256331254,0.284620256331,34686.0106829577,34686.0106829,0.786728193492207,0.786728193492
8021,M3,raw_ridge,ticket,7,0.110981864339794,0.11098186434,2042.41189241097,2042.41189241,0.416130407132337,0.416130407133
8021,M3,raw_ridge,amt,8,0.225303046612819,0.225303046613,440076200.781617,440076200.782,0.832655026590248,0.83265502659
8021,M3,raw_ridge,cnt,8,0.273457207941567,0.273457207942,33325.595859747,33325.5958597,0.797531344668802,0.797531344669
8021,M3,raw_ridge,ticket,8,0.110692040583291,0.110692040583,2037.07823280355,2037.0782328,0.410843197400513,0.410843197401
8021,M3,raw_ridge,amt,9,0.228275604548456,0.228275604548,445882389.479838,445882389.479,0.828391852800947,0.828391852801
8021,M3,raw_ridge,cnt,9,0.276757833728983,0.276757833729,33727.8354712156,33727.8354712,0.79010355030365,0.790103550304
8021,M3,raw_ridge,ticket,9,0.110100189942095,0.110100189942,2026.18633803047,2026.18633803,0.415178736632428,0.415178736634
8021,M4,raw_ridge,amt,0,0.222579606253824,0.222579606254,434756604.334696,434756604.335,0.838981471685512,0.838981471685
8021,M4,raw_ridge,cnt,0,0.276084181561648,0.276084181562,33645.7390435967,33645.7390436,0.795122850559258,0.795122850559
8021,M4,raw_ridge,ticket,0,0.108434318264909,0.108434318265,1995.52911178042,1995.52911178,0.493070022281893,0.493070022282
8021,M4,raw_ridge,amt,1,0.2276284800097,0.22762848001,444618384.786029,444618384.786,0.830017307146592,0.830017307147
8021,M4,raw_ridge,cnt,1,0.282159180252306,0.282159180252,34386.0850477752,34386.0850478,0.785025872928654,0.785025872929
8021,M4,raw_ridge,ticket,1,0.108611830006046,0.108611830006,1998.79588057457,1998.79588057,0.480158729754893,0.480158729755
8021,M4,raw_ridge,amt,2,0.22030573296931,0.220305732969,430315130.812027,430315130.812,0.840338622343616,0.840338622344
8021,M4,raw_ridge,cnt,2,0.274105768761961,0.274105768762,33404.6344630943,33404.6344631,0.800413981952945,0.800413981953
8021,M4,raw_ridge,ticket,2,0.106747964047624,0.106747964048,1964.49494301159,1964.49494301,0.496648538903862,0.496648538904
8021,M4,raw_ridge,amt,3,0.228464106223313,0.228464106223,446250582.907132,446250582.907,0.830115208791798,0.830115208792
8021,M4,raw_ridge,cnt,3,0.28729916950725,0.287299169507,35012.4836200531,35012.48362,0.783174829195889,0.783174829196
8021,M4,raw_ridge,ticket,3,0.108313456661644,0.108313456662,1993.30488192708,1993.30488192,0.497294861512741,0.497294861513
8021,M4,raw_ridge,amt,4,0.230631705275899,0.230631705276,450484474.85942,450484474.86,0.827754473048399,0.827754473048
8021,M4,raw_ridge,cnt,4,0.2893149851761,0.289314985176,35258.1464014935,35258.1464015,0.776362773317162,0.776362773317
8021,M4,raw_ridge,ticket,4,0.110697290480308,0.11069729048,2037.17484725641,2037.17484725,0.46460033796739,0.464600337967
8021,M4,raw_ridge,amt,5,0.232296066595372,0.232296066595,453735410.952885,453735410.953,0.832208201074661,0.832208201075
8021,M4,raw_ridge,cnt,5,0.286685747757687,0.286685747758,34937.7273337903,34937.7273338,0.785165462511335,0.785165462511
8021,M4,raw_ridge,ticket,5,0.110883152395345,0.110883152395,2040.59528525208,2040.59528525,0.461398408390368,0.46139840839
8021,M4,raw_ridge,amt,6,0.228185598430492,0.228185598431,445706583.821476,445706583.822,0.833230955747745,0.833230955748
8021,M4,raw_ridge,cnt,6,0.27969916683474,0.279699166835,34086.2889166713,34086.2889167,0.793211791193842,0.793211791194
8021,M4,raw_ridge,ticket,6,0.107210017610207,0.10721001761,1972.99816736059,1972.99816736,0.499174149973033,0.499174149973
8021,M4,raw_ridge,amt,7,0.230487189683037,0.230487189683,450202197.837354,450202197.837,0.833013933768918,0.833013933769
8021,M4,raw_ridge,cnt,7,0.28777554919971,0.2877755492,35070.5389085796,35070.5389086,0.78393014263014,0.78393014263
8021,M4,raw_ridge,ticket,7,0.108653002176251,0.108653002176,1999.55357671316,1999.55357671,0.499392562397536,0.499392562398
8021,M4,raw_ridge,amt,8,0.224177358997833,0.224177358998,437877436.333831,437877436.334,0.836788290489749,0.83678829049
8021,M4,raw_ridge,cnt,8,0.277679180603642,0.277679180604,33840.1178784802,33840.1178785,0.793644096985082,0.793644096985
8021,M4,raw_ridge,ticket,8,0.107956538370202,0.10795653837,1986.73647394983,1986.73647395,0.485224936148075,0.485224936148
8021,M4,raw_ridge,amt,9,0.225679419767713,0.225679419767,440811356.69971,440811356.699,0.83387639032909,0.833876390329
8021,M4,raw_ridge,cnt,9,0.275830201031518,0.275830201031,33614.7870253007,33614.7870253,0.791048213561024,0.791048213561
8021,M4,raw_ridge,ticket,9,0.107777813445549,0.107777813445,1983.44737880123,1983.4473788,0.495034209089001,0.49503420909
8021,M5,raw_ridge,amt,0,0.210981330408036,0.210981330408,412102116.31704,412102116.317,0.856675517077724,0.856675517078
8021,M5,raw_ridge,cnt,0,0.253449988226143,0.253449988226,30887.3623842708,30887.3623843,0.825099364770953,0.825099364771
8021,M5,raw_ridge,ticket,0,0.106440219247179,0.106440219247,1958.83148039097,1958.83148039,0.502082604059364,0.50208260406
8021,M5,raw_ridge,amt,1,0.208934670492103,0.208934670492,408104450.357184,408104450.357,0.85446565705007,0.85446565705
8021,M5,raw_ridge,cnt,1,0.251462755030144,0.25146275503,30645.1828825219,30645.1828825,0.825819800631883,0.825819800632
8021,M5,raw_ridge,ticket,1,0.106303719987099,0.106303719987,1956.31946895783,1956.31946896,0.493316221034635,0.493316221035
8021,M5,raw_ridge,amt,2,0.211058615420345,0.21105861542,412253074.304983,412253074.305,0.855495681317151,0.855495681317
8021,M5,raw_ridge,cnt,2,0.2512049802536,0.251204980253,30613.7684682134,30613.7684682,0.826140725282005,0.826140725282
8021,M5,raw_ridge,ticket,2,0.105242244941431,0.105242244941,1936.78502277001,1936.78502277,0.506787774461598,0.506787774462
8021,M5,raw_ridge,amt,3,0.213952274850891,0.213952274851,417905153.438822,417905153.439,0.847564019960512,0.84756401996
8021,M5,raw_ridge,cnt,3,0.260718195944488,0.260718195944,31773.1220059299,31773.1220059,0.813389194981974,0.813389194982
8021,M5,raw_ridge,ticket,3,0.10651832284895,0.106518322849,1960.26882987186,1960.26882987,0.506578286281399,0.506578286282
8021,M5,raw_ridge,amt,4,0.217495870954896,0.217495870955,424826730.106337,424826730.107,0.847252969516639,0.847252969517
8021,M5,raw_ridge,cnt,4,0.264244864405163,0.264244864405,32202.9089138577,32202.9089139,0.811243289167887,0.811243289168
8021,M5,raw_ridge,ticket,4,0.108732558221705,0.108732558222,2001.0176556806,2001.01765568,0.477632163165127,0.477632163165
8021,M5,raw_ridge,amt,5,0.212657815587065,0.212657815587,415376733.501963,415376733.502,0.851873657004369,0.851873657004
8021,M5,raw_ridge,cnt,5,0.259594030032241,0.259594030032,31636.122512836,31636.1225129,0.818616636124948,0.818616636125
8021,M5,raw_ridge,ticket,5,0.108989302144216,0.108989302144,2005.74254333464,2005.74254333,0.471004085967566,0.471004085967
8021,M5,raw_ridge,amt,6,0.213633297468902,0.213633297469,417282106.584768,417282106.585,0.851705827172351,0.851705827172
8021,M5,raw_ridge,cnt,6,0.255016100664197,0.255016100664,31078.2208757123,31078.2208757,0.823070195446144,0.823070195446
8021,M5,raw_ridge,ticket,6,0.105591112788065,0.105591112788,1943.20527749436,1943.20527749,0.510238230629788,0.51023823063
8021,M5,raw_ridge,amt,7,0.212685856235424,0.212685856235,415431504.274851,415431504.275,0.855052675344676,0.855052675345
8021,M5,raw_ridge,cnt,7,0.257312793168358,0.257312793168,31358.1134657958,31358.1134658,0.822581891591447,0.822581891591
8021,M5,raw_ridge,ticket,7,0.106735348503749,0.106735348504,1964.26277772052,1964.26277772,0.50953914994206,0.509539149943
8021,M5,raw_ridge,amt,8,0.211716850249477,0.211716850249,413538780.322642,413538780.322,0.854228890576049,0.854228890576
8021,M5,raw_ridge,cnt,8,0.252447518973317,0.252447518973,30765.1937808795,30765.1937808,0.82453800858086,0.824538008581
8021,M5,raw_ridge,ticket,8,0.105924933689196,0.105924933689,1949.34862156649,1949.34862156,0.496854691876604,0.496854691877
8021,M5,raw_ridge,amt,9,0.211985306985486,0.211985306985,414063147.046629,414063147.046,0.851700428948786,0.851700428949
8021,M5,raw_ridge,cnt,9,0.25085286599202,0.250852865992,30570.8571196108,30570.8571196,0.821724059305213,0.821724059305
8021,M5,raw_ridge,ticket,9,0.105458756043172,0.105458756043,1940.76950124012,1940.76950124,0.506278688898327,0.506278688899
8301,M1,log_ridge_smear,amt,0,0.3909069311005,0.3909069311,637173638.083197,637173638.083,0.494555520207155,0.494555520207
8301,M1,log_ridge_smear,cnt,0,0.383496719784226,0.383496719784,49370.6436632144,49370.6436632,0.562459408453252,0.562459408453
8301,M1,log_ridge_smear,ticket,0,0.111526232588959,0.111526232589,1585.61087517294,1585.61087517,0.420493748901732,0.420493748902
8301,M1,log_ridge_smear,amt,1,0.393218403567212,0.393218403567,640941310.651185,640941310.651,0.49208717616174,0.492087176162
8301,M1,log_ridge_smear,cnt,1,0.384157491766358,0.384157491766,49455.7102006565,49455.7102006,0.558711660112834,0.558711660113
8301,M1,log_ridge_smear,ticket,1,0.111618820171412,0.111618820171,1586.92722805455,1586.92722805,0.415965227356246,0.415965227356
8301,M1,log_ridge_smear,amt,2,0.391519774473822,0.391519774474,638172565.476619,638172565.476,0.492964882493742,0.492964882494
8301,M1,log_ridge_smear,cnt,2,0.383362283301513,0.383362283301,49353.3365642459,49353.3365642,0.55489305978735,0.554893059788
8301,M1,log_ridge_smear,ticket,2,0.113268216964238,0.113268216964,1610.37732971646,1610.37732972,0.409187337572736,0.409187337573
8301,M1,log_ridge_smear,amt,3,0.39861581974114,0.398615819741,649739034.677486,649739034.677,0.475918366421377,0.475918366422
8301,M1,log_ridge_smear,cnt,3,0.388571088341327,0.388571088341,50023.9082908476,50023.9082908,0.554404109752687,0.554404109753
8301,M1,log_ridge_smear,ticket,3,0.112427064093732,0.112427064094,1598.41833936777,1598.41833937,0.416478261784451,0.416478261784
8301,M1,log_ridge_smear,amt,4,0.394250691318314,0.394250691318,642623927.380612,642623927.38,0.481696383880974,0.481696383881
8301,M1,log_ridge_smear,cnt,4,0.386367580096645,0.386367580096,49740.2327996508,49740.2327996,0.547189807566918,0.547189807567
8301,M1,log_ridge_smear,ticket,4,0.112915427063629,0.112915427064,1605.36158149228,1605.36158149,0.410222185446008,0.410222185446
8301,M1,log_ridge_smear,amt,5,0.398567993888183,0.398567993888,649661079.107251,649661079.107,0.477179930257225,0.477179930258
8301,M1,log_ridge_smear,cnt,5,0.39133388334816,0.391333883348,50379.5853038704,50379.5853038,0.542564691290691,0.542564691291
8301,M1,log_ridge_smear,ticket,5,0.113535574237826,0.113535574238,1614.17844978226,1614.17844978,0.408351552325934,0.408351552326
8301,M1,log_ridge_smear,amt,6,0.393662281673009,0.393662281673,641664826.672607,641664826.672,0.486012563482492,0.486012563483
8301,M1,log_ridge_smear,cnt,6,0.383163825499493,0.383163825499,49327.7874815021,49327.7874815,0.556178730684728,0.556178730685
8301,M1,log_ridge_smear,ticket,6,0.11228038915378,0.112280389154,1596.33300594885,1596.33300595,0.412776027163767,0.412776027164
8301,M1,log_ridge_smear,amt,7,0.39799409037422,0.397994090374,648725623.220422,648725623.22,0.476778627040717,0.476778627041
8301,M1,log_ridge_smear,cnt,7,0.390166373134952,0.390166373135,50229.2822432812,50229.2822433,0.545621465249205,0.545621465249
8301,M1,log_ridge_smear,ticket,7,0.111755651109643,0.11175565111,1588.87260555617,1588.87260556,0.417993568427869,0.417993568428
8301,M1,log_ridge_smear,amt,8,0.392830065632372,0.392830065632,640308324.446384,640308324.446,0.490361653535365,0.490361653536
8301,M1,log_ridge_smear,cnt,8,0.385657088970743,0.385657088971,49648.7655135095,49648.7655135,0.5534771792678,0.553477179268
8301,M1,log_ridge_smear,ticket,8,0.11268930685181,0.112689306852,1602.14674442091,1602.14674442,0.415846569456515,0.415846569456
8301,M1,log_ridge_smear,amt,9,0.396042877731348,0.396042877731,645545169.870994,645545169.871,0.479627249336203,0.479627249336
8301,M1,log_ridge_smear,cnt,9,0.38504069264245,0.385040692642,49569.4118139613,49569.4118139,0.553590703374536,0.553590703375
8301,M1,log_ridge_smear,ticket,9,0.112579450257193,0.112579450257,1600.58487142395,1600.58487142,0.407513625978567,0.407513625979
8301,M2,log_ridge_smear,amt,0,0.34459332194612,0.344593321947,561683007.219778,561683007.222,0.556671456166218,0.556671456165
8301,M2,log_ridge_smear,cnt,0,0.322843967815199,0.322843967816,41562.3228871175,41562.3228872,0.673256427654225,0.673256427654
8301,M2,log_ridge_smear,ticket,0,0.0885378553335282,0.0885378553335,1258.77637056691,1258.77637057,0.603382640659292,0.603382640659
8301,M2,log_ridge_smear,amt,1,0.339349106806091,0.339349106807,553134999.052575,553134999.054,0.562507502426299,0.562507502427
8301,M2,log_ridge_smear,cnt,1,0.313317197635444,0.313317197635,40335.864480718,40335.8644807,0.693898613229623,0.693898613231
8301,M2,log_ridge_smear,ticket,1,0.0899382743788491,0.089938274379,1278.68666087721,1278.68666088,0.587020914788592,0.587020914787
8301,M2,log_ridge_smear,amt,2,0.341673332170514,0.341673332171,556923458.691818,556923458.693,0.556736094957216,0.556736094957
8301,M2,log_ridge_smear,cnt,2,0.31733446963818,0.317334469638,40853.0404937406,40853.0404938,0.682640994589292,0.68264099459
8301,M2,log_ridge_smear,ticket,2,0.0887137470347446,0.0887137470348,1261.27708979527,1261.2770898,0.597855518833797,0.597855518833
8301,M2,log_ridge_smear,amt,3,0.35127376233252,0.351273762333,572572045.418761,572572045.42,0.525609783186269,0.525609783186
8301,M2,log_ridge_smear,cnt,3,0.32908274502613,0.329082745026,42365.4912864414,42365.4912865,0.64118406832363,0.641184068326
8301,M2,log_ridge_smear,ticket,3,0.0889193504960349,0.0889193504961,1264.20023241945,1264.20023242,0.598583319436525,0.598583319436
8301,M2,log_ridge_smear,amt,4,0.343977401825424,0.343977401826,560679064.764812,560679064.766,0.550788651789197,0.550788651788
8301,M2,log_ridge_smear,cnt,4,0.319523606815504,0.319523606816,41134.8658808584,41134.8658809,0.67148712369321,0.671487123694
8301,M2,log_ridge_smear,ticket,4,0.0894834473174062,0.0894834473174,1272.22021152081,1272.22021152,0.59485245058511,0.594852450584
8301,M2,log_ridge_smear,amt,5,0.334269386512721,0.334269386514,544855115.524647,544855115.526,0.565374908422906,0.565374908423
8301,M2,log_ridge_smear,cnt,5,0.309210805985944,0.309210805986,39807.2153726287,39807.2153726,0.692798648875933,0.692798648877
8301,M2,log_ridge_smear,ticket,5,0.090153972026823,0.0901539720269,1281.75331639347,1281.75331639,0.593141836712441,0.593141836711
8301,M2,log_ridge_smear,amt,6,0.345581039784704,0.345581039785,563292975.523072,563292975.523,0.541799983192438,0.541799983193
8301,M2,log_ridge_smear,cnt,6,0.322586507896121,0.322586507896,41529.1779832197,41529.1779832,0.649846162746245,0.649846162748
8301,M2,log_ridge_smear,ticket,6,0.0885433324278682,0.0885433324279,1258.85424050072,1258.8542405,0.60131465992387,0.601314659923
8301,M2,log_ridge_smear,amt,7,0.338433543560871,0.338433543561,551642641.876381,551642641.877,0.563664762263042,0.563664762263
8301,M2,log_ridge_smear,cnt,7,0.31635515032809,0.316355150328,40726.9647747144,40726.9647747,0.678928853759181,0.678928853761
8301,M2,log_ridge_smear,ticket,7,0.0896937816146997,0.0896937816148,1275.21061424013,1275.21061424,0.596637052545914,0.596637052545
8301,M2,log_ridge_smear,amt,8,0.340106870174689,0.340106870175,554370144.31085,554370144.312,0.563525228078628,0.563525228078
8301,M2,log_ridge_smear,cnt,8,0.317294219428915,0.317294219429,40847.8587577922,40847.8587578,0.684909603715316,0.684909603716
8301,M2,log_ridge_smear,ticket,8,0.0897131846366109,0.0897131846367,1275.48647438388,1275.48647439,0.594258972072632,0.594258972071
8301,M2,log_ridge_smear,amt,9,0.338911479107751,0.338911479108,552421671.120804,552421671.121,0.555964921832586,0.555964921832
8301,M2,log_ridge_smear,cnt,9,0.313682647055705,0.313682647056,40382.9117491138,40382.9117492,0.683165070218195,0.683165070219
8301,M2,log_ridge_smear,ticket,9,0.0900373668869209,0.090037366887,1280.09549676092,1280.09549676,0.593258235582634,0.593258235582
8301,M3,log_ridge_smear,amt,0,0.305925893746645,0.305925893746,498655560.170378,498655560.17,0.592971861734751,0.592971861737
8301,M3,log_ridge_smear,cnt,0,0.28154231907595,0.281542319075,36245.2266059394,36245.2266058,0.705468824692151,0.705468824695
8301,M3,log_ridge_smear,ticket,0,0.0884076066769498,0.0884076066769,1256.92457586755,1256.92457587,0.602802518853775,0.602802518853
8301,M3,log_ridge_smear,amt,1,0.310652883541228,0.310652883541,506360497.18983,506360497.189,0.56950131462831,0.56950131463
8301,M3,log_ridge_smear,cnt,1,0.283554596503736,0.283554596503,36504.2834028128,36504.2834028,0.681840606472438,0.681840606476
8301,M3,log_ridge_smear,ticket,1,0.0892160755343228,0.0892160755344,1268.41888516798,1268.41888517,0.588867578303598,0.588867578303
8301,M3,log_ridge_smear,amt,2,0.313277016839092,0.313277016839,510637803.185679,510637803.186,0.579463847569914,0.579463847571
8301,M3,log_ridge_smear,cnt,2,0.283027499606128,0.283027499606,36436.4259433736,36436.4259434,0.696920145372632,0.696920145374
8301,M3,log_ridge_smear,ticket,2,0.0889796098804649,0.0889796098805,1265.05696301157,1265.05696301,0.598270908508695,0.598270908508
8301,M3,log_ridge_smear,amt,3,0.315589108495743,0.315589108496,514406485.025889,514406485.026,0.570269132353738,0.570269132355
8301,M3,log_ridge_smear,cnt,3,0.288237071296287,0.288237071296,37107.0963670934,37107.0963671,0.689970613146099,0.689970613148
8301,M3,log_ridge_smear,ticket,3,0.0890439783105545,0.0890439783106,1265.97211346899,1265.97211347,0.598259567907833,0.598259567907
8301,M3,log_ridge_smear,amt,4,0.308761869711004,0.308761869711,503278167.187449,503278167.187,0.586327880144701,0.586327880146
8301,M3,log_ridge_smear,cnt,4,0.281197532098983,0.281197532099,36200.8393814824,36200.8393814,0.701383129660882,0.701383129663
8301,M3,log_ridge_smear,ticket,4,0.0890957761064864,0.0890957761065,1266.70854243851,1266.70854244,0.595122169959653,0.595122169959
8301,M3,log_ridge_smear,amt,5,0.308580832499861,0.308580832501,502983078.69125,502983078.692,0.565989300546673,0.565989300548
8301,M3,log_ridge_smear,cnt,5,0.283401834656459,0.283401834657,36484.6171310087,36484.617131,0.675480448713115,0.675480448715
8301,M3,log_ridge_smear,ticket,5,0.0892504883296872,0.0892504883297,1268.90814497089,1268.90814497,0.593199089713665,0.593199089713
8301,M3,log_ridge_smear,amt,6,0.307937399665404,0.307937399665,501934290.840805,501934290.841,0.585975690659574,0.58597569066
8301,M3,log_ridge_smear,cnt,6,0.283846744851694,0.283846744852,36541.8940295529,36541.8940295,0.697283905842475,0.697283905844
8301,M3,log_ridge_smear,ticket,6,0.0877401814783317,0.0877401814782,1247.43553791902,1247.43553792,0.601915737945103,0.601915737945
8301,M3,log_ridge_smear,amt,7,0.306944289900124,0.3069442899,500315533.761266,500315533.761,0.586339264269117,0.58633926427
8301,M3,log_ridge_smear,cnt,7,0.284785371338172,0.284785371338,36662.7310312952,36662.7310312,0.69290045733211,0.692900457334
8301,M3,log_ridge_smear,ticket,7,0.0894622383707692,0.0894622383708,1271.91867585823,1271.91867586,0.598003304287206,0.598003304287
8301,M3,log_ridge_smear,amt,8,0.301051574432705,0.301051574433,490710477.790542,490710477.79,0.596365488599505,0.5963654886
8301,M3,log_ridge_smear,cnt,8,0.276527283911615,0.276527283911,35599.6004472693,35599.6004472,0.71069858536151,0.710698585363
8301,M3,log_ridge_smear,ticket,8,0.0890630556416937,0.0890630556417,1266.24334314313,1266.24334314,0.59624643267582,0.596246432675
8301,M3,log_ridge_smear,amt,9,0.303220462458884,0.303220462459,494245739.420069,494245739.421,0.588959829526489,0.588959829528
8301,M3,log_ridge_smear,cnt,9,0.277733948739503,0.277733948739,35754.9441990284,35754.944199,0.709823809331255,0.709823809333
8301,M3,log_ridge_smear,ticket,9,0.0900098242507478,0.0900098242508,1279.70391262477,1279.70391263,0.591961430178048,0.591961430177
8301,M4,log_ridge_smear,amt,0,0.288738946123657,0.288738946124,470641040.413323,470641040.413,0.625050675534773,0.625050675535
8301,M4,log_ridge_smear,cnt,0,0.267016990246825,0.267016990247,34375.2631962986,34375.2631963,0.758092649492535,0.758092649493
8301,M4,log_ridge_smear,ticket,0,0.0872892173117102,0.0872892173117,1241.02400880781,1241.02400881,0.604423736430087,0.60442373643
8301,M4,log_ridge_smear,amt,1,0.294965994620968,0.29496599462,480791055.237522,480791055.236,0.606822910200195,0.606822910203
8301,M4,log_ridge_smear,cnt,1,0.264546173826637,0.264546173825,34057.174955265,34057.1749551,0.752891055332566,0.752891055335
8301,M4,log_ridge_smear,ticket,1,0.0869004509301761,0.0869004509301,1235.49676926826,1235.49676927,0.594963014022289,0.594963014022
8301,M4,log_ridge_smear,amt,2,0.304560305723251,0.304560305724,496429667.970054,496429667.971,0.571509536290087,0.571509536289
8301,M4,log_ridge_smear,cnt,2,0.277137580471896,0.277137580472,35678.1688741999,35678.1688743,0.707581368759234,0.707581368758
8301,M4,log_ridge_smear,ticket,2,0.0881504301454678,0.0881504301454,1253.26819928519,1253.26819928,0.601291625170643,0.60129162517
8301,M4,log_ridge_smear,amt,3,0.306005402572136,0.306005402572,498785158.608183,498785158.608,0.580823058795554,0.580823058795
8301,M4,log_ridge_smear,cnt,3,0.281384237716095,0.281384237715,36224.8755101292,36224.87551,0.716302074628803,0.716302074628
8301,M4,log_ridge_smear,ticket,3,0.0885244751452173,0.0885244751452,1258.58613933964,1258.58613934,0.602492785421278,0.602492785421
8301,M4,log_ridge_smear,amt,4,0.303947531622702,0.303947531623,495430853.490427,495430853.491,0.571300182469032,0.571300182468
8301,M4,log_ridge_smear,cnt,4,0.281797980914518,0.281797980915,36278.1400283471,36278.1400284,0.692053570041728,0.69205357004
8301,M4,log_ridge_smear,ticket,4,0.0882208555901139,0.0882208555901,1254.26946462275,1254.26946462,0.604729354695668,0.604729354695
8301,M4,log_ridge_smear,amt,5,0.290519451305535,0.290519451306,473543242.636163,473543242.637,0.608333969159763,0.608333969159
8301,M4,log_ridge_smear,cnt,5,0.266975261112265,0.266975261112,34369.8910663,34369.8910663,0.745928466198764,0.745928466198
8301,M4,log_ridge_smear,ticket,5,0.0872900534657108,0.0872900534656,1241.03589672732,1241.03589673,0.603185104107429,0.603185104107
8301,M4,log_ridge_smear,amt,6,0.298154598117632,0.298154598118,485988440.92893,485988440.93,0.59562558300305,0.595625583003
8301,M4,log_ridge_smear,cnt,6,0.270734755481511,0.270734755481,34853.8812734713,34853.8812735,0.726401093156122,0.726401093156
8301,M4,log_ridge_smear,ticket,6,0.0870382801105507,0.0870382801105,1237.45633915819,1237.45633916,0.604565733892705,0.604565733892
8301,M4,log_ridge_smear,amt,7,0.28669238556233,0.286692385562,467305171.093362,467305171.094,0.608194669130414,0.608194669132
8301,M4,log_ridge_smear,cnt,7,0.264508295375474,0.264508295376,34052.2985549769,34052.298555,0.733131195229581,0.733131195231
8301,M4,log_ridge_smear,ticket,7,0.0865378327407011,0.0865378327407,1230.34128852243,1230.34128852,0.610980872256859,0.610980872256
8301,M4,log_ridge_smear,amt,8,0.288993200247881,0.288993200248,471055471.605099,471055471.605,0.614773568128185,0.614773568127
8301,M4,log_ridge_smear,cnt,8,0.270861054115628,0.270861054115,34870.1407211758,34870.1407212,0.734942074010219,0.734942074009
8301,M4,log_ridge_smear,ticket,8,0.0876344852771221,0.087634485277,1245.93281481781,1245.93281482,0.600792466926113,0.600792466926
8301,M4,log_ridge_smear,amt,9,0.289306366345324,0.289306366346,471565928.610991,471565928.611,0.616790133665965,0.616790133666
8301,M4,log_ridge_smear,cnt,9,0.266151247597639,0.266151247598,34263.8091221646,34263.8091222,0.748221341727494,0.748221341727
8301,M4,log_ridge_smear,ticket,9,0.0893988407937537,0.0893988407938,1271.01732838829,1271.01732839,0.596111690090732,0.59611169009
8301,M5,log_ridge_smear,amt,0,0.276192749240722,0.27619274924,450190889.044807,450190889.044,0.646798506913245,0.646798506915
8301,M5,log_ridge_smear,cnt,0,0.242490802165842,0.242490802165,31217.8080481961,31217.8080481,0.794223637909736,0.794223637911
8301,M5,log_ridge_smear,ticket,0,0.0841311465600892,0.0841311465601,1196.12451554875,1196.12451555,0.627918515915696,0.627918515915
8301,M5,log_ridge_smear,amt,1,0.278060186782216,0.278060186781,453234789.977585,453234789.976,0.625274086547316,0.625274086552
8301,M5,log_ridge_smear,cnt,1,0.241666860260243,0.241666860259,31111.7353228715,31111.7353227,0.781905204343364,0.781905204347
8301,M5,log_ridge_smear,ticket,1,0.0840822188671144,0.084082218867,1195.42889192481,1195.42889192,0.617121733795816,0.617121733795
8301,M5,log_ridge_smear,amt,2,0.287271814872975,0.287271814873,468249633.962916,468249633.964,0.613486228361942,0.613486228362
8301,M5,log_ridge_smear,cnt,2,0.254573008033972,0.254573008034,32773.2484204544,32773.2484205,0.761971157328438,0.761971157329
8301,M5,log_ridge_smear,ticket,2,0.0859064241857237,0.0859064241857,1221.36431289788,1221.3643129,0.618750492392589,0.618750492391
8301,M5,log_ridge_smear,amt,3,0.296658688340262,0.29665868834,483550125.823062,483550125.823,0.622685538754828,0.622685538755
8301,M5,log_ridge_smear,cnt,3,0.259688198144329,0.259688198144,33431.7683377828,33431.7683377,0.768162423170536,0.768162423171
8301,M5,log_ridge_smear,ticket,3,0.0862067940718681,0.0862067940719,1225.63478583496,1225.63478584,0.613925283349758,0.613925283349
8301,M5,log_ridge_smear,amt,4,0.286966770278061,0.286966770278,467752414.909337,467752414.909,0.61462722963628,0.614627229637
8301,M5,log_ridge_smear,cnt,4,0.254230984221077,0.254230984221,32729.2169205232,32729.2169205,0.743536615295219,0.743536615295
8301,M5,log_ridge_smear,ticket,4,0.0857554595513542,0.0857554595513,1219.21799126156,1219.21799126,0.623293059735817,0.623293059735
8301,M5,log_ridge_smear,amt,5,0.268003731911753,0.268003731912,436842888.411672,436842888.412,0.641764678284891,0.641764678285
8301,M5,log_ridge_smear,cnt,5,0.235931952460857,0.235931952461,30373.4341202845,30373.4341203,0.787431900335526,0.787431900335
8301,M5,log_ridge_smear,ticket,5,0.0857896269744039,0.0857896269744,1219.70376251292,1219.70376251,0.617906392684661,0.617906392684
8301,M5,log_ridge_smear,amt,6,0.274169114857477,0.274169114858,446892389.121838,446892389.122,0.633330303347063,0.633330303347
8301,M5,log_ridge_smear,cnt,6,0.241839031774192,0.241839031774,31133.9003585175,31133.9003585,0.76986598050099,0.769865980502
8301,M5,log_ridge_smear,ticket,6,0.0849587900265988,0.0849587900266,1207.89143756162,1207.89143756,0.618211962058462,0.618211962058
8301,M5,log_ridge_smear,amt,7,0.277585111991366,0.277585111991,452460423.731391,452460423.731,0.63522870927923,0.635228709281
8301,M5,log_ridge_smear,cnt,7,0.245553973887458,0.245553973887,31612.1549923687,31612.1549923,0.77018410268247,0.770184102684
8301,M5,log_ridge_smear,ticket,7,0.0830406668999266,0.0830406668999,1180.62075138341,1180.62075138,0.633559677589975,0.633559677589
8301,M5,log_ridge_smear,amt,8,0.270945239055904,0.270945239056,441637509.993874,441637509.994,0.64986317963857,0.649863179638
8301,M5,log_ridge_smear,cnt,8,0.243648274503123,0.243648274503,31366.8188515898,31366.8188516,0.781886832441632,0.781886832441
8301,M5,log_ridge_smear,ticket,8,0.0860961722011055,0.0860961722011,1224.0620326159,1224.06203262,0.6171902340809,0.61719023408
8301,M5,log_ridge_smear,amt,9,0.273663444409458,0.273663444409,446068152.319159,446068152.318,0.644201627617179,0.644201627618
8301,M5,log_ridge_smear,cnt,9,0.23770627933014,0.23770627933,30601.8576115069,30601.8576115,0.79388746283473,0.793887462835
8301,M5,log_ridge_smear,ticket,9,0.0880966934771494,0.0880966934772,1252.50420462938,1252.50420463,0.613634603549594,0.613634603548
8301,M1,raw_ridge,amt,0,0.356456856716167,0.356456856716,581020427.481621,581020427.481,0.571921626093836,0.571921626094
8301,M1,raw_ridge,cnt,0,0.351198568584705,0.351198568585,45212.6406566974,45212.6406567,0.698763420855038,0.698763420855
8301,M1,raw_ridge,ticket,0,0.12540122314063,0.125401223141,1782.87689412595,1782.87689413,0.341574766880675,0.341574766881
8301,M1,raw_ridge,amt,1,0.356625609629423,0.356625609629,581295492.718693,581295492.719,0.572824701845061,0.572824701845
8301,M1,raw_ridge,cnt,1,0.352464287970028,0.35246428797,45375.5869806858,45375.5869807,0.696859908201111,0.696859908201
8301,M1,raw_ridge,ticket,1,0.125661901282601,0.125661901283,1786.5830544367,1786.58305444,0.337964256789246,0.337964256789
8301,M1,raw_ridge,amt,2,0.356570018523905,0.356570018524,581204879.879344,581204879.879,0.57437253385182,0.574372533852
8301,M1,raw_ridge,cnt,2,0.355008352324486,0.355008352324,45703.1050224851,45703.1050225,0.694841492471854,0.694841492472
8301,M1,raw_ridge,ticket,2,0.126899851039156,0.126899851039,1804.18345706257,1804.18345706,0.327334269070388,0.32733426907
8301,M1,raw_ridge,amt,3,0.365958532008508,0.365958532008,596508044.948166,596508044.948,0.55456753170356,0.554567531704
8301,M1,raw_ridge,cnt,3,0.358900972561829,0.358900972562,46204.2336025736,46204.2336026,0.687762036554368,0.687762036555
8301,M1,raw_ridge,ticket,3,0.126667921044788,0.126667921045,1800.88602010256,1800.8860201,0.330665935921832,0.330665935922
8301,M1,raw_ridge,amt,4,0.358684915201825,0.358684915202,584652136.254785,584652136.255,0.569247693477966,0.569247693478
8301,M1,raw_ridge,cnt,4,0.355066258177346,0.355066258177,45710.5597126561,45710.5597126,0.694023557292565,0.694023557293
8301,M1,raw_ridge,ticket,4,0.126691713102392,0.126691713102,1801.22428083641,1801.22428084,0.329402007630086,0.32940200763
8301,M1,raw_ridge,amt,5,0.355835220502948,0.355835220503,580007167.863977,580007167.864,0.572408216135481,0.572408216136
8301,M1,raw_ridge,cnt,5,0.353431809528552,0.353431809528,45500.1438794495,45500.1438794,0.697084308108139,0.697084308108
8301,M1,raw_ridge,ticket,5,0.12593464959904,0.125934649599,1790.46082100957,1790.46082101,0.336692678895848,0.336692678896
8301,M1,raw_ridge,amt,6,0.357908553468437,0.357908553468,583386675.883594,583386675.883,0.572192412085302,0.572192412085
8301,M1,raw_ridge,cnt,6,0.354059772913479,0.354059772913,45580.98670003,45580.9867,0.699381304778713,0.699381304779
8301,M1,raw_ridge,ticket,6,0.12644212640007,0.1264421264,1797.67581174252,1797.67581174,0.330404455370084,0.33040445537
8301,M1,raw_ridge,amt,7,0.35923598826758,0.359235988268,585550378.783174,585550378.783,0.567335858899738,0.5673358589
8301,M1,raw_ridge,cnt,7,0.354634339664066,0.354634339664,45654.9553387186,45654.9553387,0.695534765845768,0.695534765846
8301,M1,raw_ridge,ticket,7,0.125925373223976,0.125925373224,1790.32893525639,1790.32893526,0.336560427142904,0.336560427143
8301,M1,raw_ridge,amt,8,0.355912413563127,0.355912413563,580132991.631927,580132991.632,0.574250761388355,0.574250761389
8301,M1,raw_ridge,cnt,8,0.35242203936068,0.352422039361,45370.1479744836,45370.1479745,0.69989197885629,0.699891978856
8301,M1,raw_ridge,ticket,8,0.126566135636802,0.126566135637,1799.43889823635,1799.43889824,0.332499434740023,0.33249943474
8301,M1,raw_ridge,amt,9,0.363438125567144,0.363438125567,592399812.491989,592399812.492,0.555818092556808,0.555818092557
8301,M1,raw_ridge,cnt,9,0.355295711610909,0.355295711611,45740.0991144849,45740.0991145,0.687540876770537,0.687540876771
8301,M1,raw_ridge,ticket,9,0.126905985171111,0.126905985171,1804.2706683501,1804.27066835,0.324138422466446,0.324138422466
8301,M2,raw_ridge,amt,0,0.33440750282218,0.334407502822,545080243.46272,545080243.463,0.6197508633564,0.619750863356
8301,M2,raw_ridge,cnt,0,0.298402770285149,0.298402770285,38415.8092620798,38415.8092621,0.788794422255152,0.788794422255
8301,M2,raw_ridge,ticket,0,0.0902076107630029,0.090207610763,1282.51591871082,1282.51591871,0.59373753483779,0.593737534837
8301,M2,raw_ridge,amt,1,0.340294054386025,0.340294054386,554675252.344093,554675252.344,0.612326587934718,0.612326587935
8301,M2,raw_ridge,cnt,1,0.304818202543799,0.304818202544,39241.7198987223,39241.7198987,0.781541376144553,0.781541376145
8301,M2,raw_ridge,ticket,1,0.0910844530461687,0.0910844530462,1294.98231901615,1294.98231902,0.583361024392816,0.583361024392
8301,M2,raw_ridge,amt,2,0.33506041392825,0.335060413928,546144480.782913,546144480.783,0.620304202377131,0.620304202377
8301,M2,raw_ridge,cnt,2,0.296884131894285,0.296884131894,38220.3026228293,38220.3026228,0.79030575626717,0.790305756267
8301,M2,raw_ridge,ticket,2,0.0898911974853692,0.0898911974854,1278.01735077376,1278.01735077,0.590782643289368,0.590782643289
8301,M2,raw_ridge,amt,3,0.34458827225881,0.344588272259,561674776.289654,561674776.29,0.597275849852122,0.597275849852
8301,M2,raw_ridge,cnt,3,0.309503584139191,0.309503584139,39844.9070793125,39844.9070793,0.774371214846914,0.774371214847
8301,M2,raw_ridge,ticket,3,0.0903615805136123,0.0903615805137,1284.70496522791,1284.70496523,0.593577539938302,0.593577539938
8301,M2,raw_ridge,amt,4,0.33421904920094,0.334219049201,544773066.306466,544773066.307,0.617966084152143,0.617966084152
8301,M2,raw_ridge,cnt,4,0.299663301812998,0.299663301813,38578.0877110915,38578.0877111,0.787194959572563,0.787194959572
8301,M2,raw_ridge,ticket,4,0.0913257907993484,0.0913257907994,1298.41350966204,1298.41350966,0.585903896725601,0.585903896725
8301,M2,raw_ridge,amt,5,0.335140668425628,0.335140668426,546275294.657007,546275294.658,0.617536724552685,0.617536724552
8301,M2,raw_ridge,cnt,5,0.301783466241251,0.301783466241,38851.0336767144,38851.0336767,0.787367629954171,0.787367629954
8301,M2,raw_ridge,ticket,5,0.0911976229557714,0.0911976229558,1296.59129867271,1296.59129867,0.587401185743088,0.587401185743
8301,M2,raw_ridge,amt,6,0.332838049722315,0.332838049722,542522053.617821,542522053.618,0.617787949680132,0.61778794968
8301,M2,raw_ridge,cnt,6,0.299418344197145,0.299418344197,38546.5523301066,38546.5523301,0.790720765882908,0.790720765883
8301,M2,raw_ridge,ticket,6,0.0896266863778252,0.0896266863778,1274.25669573333,1274.25669573,0.595023369843394,0.595023369843
8301,M2,raw_ridge,amt,7,0.334404687596187,0.334404687596,545075654.677909,545075654.678,0.615187131996608,0.615187131996
8301,M2,raw_ridge,cnt,7,0.301268621065886,0.301268621066,38784.7534808655,38784.7534808,0.785793915051235,0.785793915051
8301,M2,raw_ridge,ticket,7,0.0905639667284935,0.0905639667286,1287.582367036,1287.58236704,0.591762407976227,0.591762407976
8301,M2,raw_ridge,amt,8,0.336909586024565,0.336909586025,549158609.257775,549158609.258,0.61542062073876,0.615420620739
8301,M2,raw_ridge,cnt,8,0.300171667246507,0.300171667246,38643.5337172076,38643.5337172,0.788300474546131,0.788300474546
8301,M2,raw_ridge,ticket,8,0.0917059013452154,0.0917059013453,1303.81768589308,1303.81768589,0.58384688068443,0.583846880683
8301,M2,raw_ridge,amt,9,0.33890888924548,0.338908889246,552417449.676173,552417449.676,0.607384869183237,0.607384869183
8301,M2,raw_ridge,cnt,9,0.302754741246046,0.302754741246,38976.0737870645,38976.0737871,0.784218002805263,0.784218002805
8301,M2,raw_ridge,ticket,9,0.0920856247673644,0.0920856247674,1309.21635823896,1309.21635824,0.583012829489827,0.583012829489
8301,M3,raw_ridge,amt,0,0.298790528769134,0.298790528769,487025000.310586,487025000.31,0.662887212810849,0.662887212811
8301,M3,raw_ridge,cnt,0,0.263079614932321,0.263079614932,33868.3729320741,33868.3729321,0.829974553894923,0.829974553895
8301,M3,raw_ridge,ticket,0,0.089801543799376,0.0898015437994,1276.74271021423,1276.74271021,0.595695332839541,0.595695332839
8301,M3,raw_ridge,amt,1,0.295482911628157,0.295482911628,481633623.797589,481633623.798,0.667357580728366,0.667357580729
8301,M3,raw_ridge,cnt,1,0.262387638432913,0.262387638433,33779.2891839918,33779.289184,0.8332394557861,0.833239455786
8301,M3,raw_ridge,ticket,1,0.0904668042835903,0.0904668042836,1286.20097159458,1286.2009716,0.586853310002862,0.586853310002
8301,M3,raw_ridge,amt,2,0.29490658505262,0.294906585053,480694218.349277,480694218.349,0.668090909287041,0.668090909287
8301,M3,raw_ridge,cnt,2,0.25885762649507,0.258857626495,33324.8421117765,33324.8421118,0.835662817881095,0.835662817881
8301,M3,raw_ridge,ticket,2,0.0894034534654804,0.0894034534655,1271.08290849697,1271.0829085,0.593592982693698,0.593592982693
8301,M3,raw_ridge,amt,3,0.304242188447536,0.304242188448,495911140.602597,495911140.603,0.643639075417574,0.643639075418
8301,M3,raw_ridge,cnt,3,0.269200237447673,0.269200237448,34656.3303189651,34656.3303189,0.817700792832971,0.817700792833
8301,M3,raw_ridge,ticket,3,0.090235010481216,0.0902350104812,1282.90547092797,1282.90547093,0.595285815642235,0.595285815642
8301,M3,raw_ridge,amt,4,0.298279095773801,0.298279095774,486191370.624475,486191370.625,0.66694616409787,0.666946164098
8301,M3,raw_ridge,cnt,4,0.260463696803511,0.260463696804,33531.6045710245,33531.604571,0.834220492246396,0.834220492246
8301,M3,raw_ridge,ticket,4,0.0908033138724765,0.0908033138725,1290.98525643369,1290.98525643,0.588713477199937,0.5887134772
8301,M3,raw_ridge,amt,5,0.300907939905068,0.300907939905,490476355.222618,490476355.223,0.661895171755664,0.661895171755
8301,M3,raw_ridge,cnt,5,0.263101313949004,0.263101313949,33871.166422514,33871.1664225,0.830935401309043,0.830935401309
8301,M3,raw_ridge,ticket,5,0.0903993386891131,0.0903993386891,1285.24178757285,1285.24178757,0.590488318673421,0.590488318673
8301,M3,raw_ridge,amt,6,0.301430227154485,0.301430227155,491327677.213503,491327677.214,0.660274713578183,0.660274713578
8301,M3,raw_ridge,cnt,6,0.264658755142741,0.264658755143,34071.6684613467,34071.6684614,0.830227693926043,0.830227693926
8301,M3,raw_ridge,ticket,6,0.0894844275473894,0.0894844275473,1272.23414782337,1272.23414782,0.596975649518499,0.596975649518
8301,M3,raw_ridge,amt,7,0.297337143232866,0.297337143233,484655999.210824,484655999.211,0.665835284621064,0.665835284621
8301,M3,raw_ridge,cnt,7,0.259528011887554,0.259528011888,33411.1462615172,33411.1462615,0.833841924203949,0.833841924204
8301,M3,raw_ridge,ticket,7,0.0896615511204407,0.0896615511205,1274.75238104223,1274.75238104,0.595985846616826,0.595985846616
8301,M3,raw_ridge,amt,8,0.293768191233891,0.293768191234,478838649.994403,478838649.994,0.668074377341331,0.668074377342
8301,M3,raw_ridge,cnt,8,0.259703535488028,0.259703535488,33433.7428384537,33433.7428384,0.833774948466156,0.833774948466
8301,M3,raw_ridge,ticket,8,0.0908814864669365,0.090881486467,1292.0966659473,1292.09666595,0.589632791120334,0.58963279112
8301,M3,raw_ridge,amt,9,0.299201430380446,0.299201430381,487694765.039077,487694765.039,0.652294484152926,0.652294484153
8301,M3,raw_ridge,cnt,9,0.263794612936893,0.263794612937,33960.4204252664,33960.4204253,0.828408432280157,0.82840843228
8301,M3,raw_ridge,ticket,9,0.0918569868374158,0.0918569868374,1305.96572581116,1305.96572581,0.583488946481228,0.583488946481
8301,M4,raw_ridge,amt,0,0.292273980273751,0.292273980274,476403103.940369,476403103.94,0.676951178354781,0.676951178355
8301,M4,raw_ridge,cnt,0,0.255978360243954,0.255978360244,32954.1708106625,32954.1708107,0.842140796177862,0.842140796178
8301,M4,raw_ridge,ticket,0,0.0891575150435123,0.0891575150435,1267.58630839274,1267.58630839,0.602580647856227,0.602580647856
8301,M4,raw_ridge,amt,1,0.299268265572634,0.299268265573,487803705.605668,487803705.605,0.669673720264826,0.669673720265
8301,M4,raw_ridge,cnt,1,0.262830448207955,0.262830448208,33836.2956784059,33836.2956784,0.837092149818838,0.837092149819
8301,M4,raw_ridge,ticket,1,0.0896368783127749,0.0896368783127,1274.4015983497,1274.40159835,0.593096457583783,0.593096457583
8301,M4,raw_ridge,amt,2,0.292672900936003,0.292672900936,477053339.864706,477053339.865,0.676383893553013,0.676383893553
8301,M4,raw_ridge,cnt,2,0.25503534148567,0.255035341486,32832.7683561404,32832.7683561,0.844619812195317,0.844619812196
8301,M4,raw_ridge,ticket,2,0.0897318300778358,0.0897318300778,1275.75156371482,1275.75156371,0.599787691359811,0.599787691359
8301,M4,raw_ridge,amt,3,0.310600072475863,0.310600072476,506274415.782793,506274415.783,0.643549828352616,0.643549828353
8301,M4,raw_ridge,cnt,3,0.270308598377591,0.270308598378,34799.0186124974,34799.0186125,0.82041666155273,0.820416661553
8301,M4,raw_ridge,ticket,3,0.0892832549689562,0.0892832549689,1269.37400074636,1269.37400075,0.605525049051317,0.605525049051
8301,M4,raw_ridge,amt,4,0.29420775323131,0.294207753232,479555130.810618,479555130.811,0.674252584608452,0.674252584609
8301,M4,raw_ridge,cnt,4,0.257158398010118,0.25715839801,33106.0866447671,33106.0866448,0.840847374015228,0.840847374016
8301,M4,raw_ridge,ticket,4,0.0910594548613974,0.0910594548613,1294.62691031352,1294.62691031,0.594634747385517,0.594634747385
8301,M4,raw_ridge,amt,5,0.298755923800042,0.2987559238,486968594.623456,486968594.624,0.674247710332042,0.674247710332
8301,M4,raw_ridge,cnt,5,0.260853215587196,0.260853215588,33581.7504838246,33581.7504839,0.841015858108392,0.841015858109
8301,M4,raw_ridge,ticket,5,0.0893394118089975,0.0893394118089,1270.17240390423,1270.1724039,0.600449652643501,0.600449652643
8301,M4,raw_ridge,amt,6,0.296686498701549,0.296686498702,483595456.38046,483595456.38,0.669392674850061,0.66939267485
8301,M4,raw_ridge,cnt,6,0.25940765411566,0.259407654116,33395.651629199,33395.6516292,0.839845584266366,0.839845584267
8301,M4,raw_ridge,ticket,6,0.0888167105574341,0.0888167105574,1262.7409613664,1262.74096137,0.602512984318438,0.602512984318
8301,M4,raw_ridge,amt,7,0.29623041533475,0.296230415335,482852045.929092,482852045.929,0.674791703996488,0.674791703997
8301,M4,raw_ridge,cnt,7,0.257490952097911,0.257490952098,33148.8990301675,33148.8990302,0.839976007084006,0.839976007084
8301,M4,raw_ridge,ticket,7,0.0887978630788858,0.0887978630788,1262.47299959398,1262.47299959,0.607348779582843,0.607348779583
8301,M4,raw_ridge,amt,8,0.293663387983748,0.293663387984,478667821.945925,478667821.946,0.676553562555955,0.676553562556
8301,M4,raw_ridge,cnt,8,0.256762422923626,0.256762422923,33055.1095597331,33055.1095597,0.840945661125019,0.840945661125
8301,M4,raw_ridge,ticket,8,0.0896743733847787,0.0896743733847,1274.93468005213,1274.93468005,0.596588653810914,0.59658865381
8301,M4,raw_ridge,amt,9,0.301663375467513,0.301663375468,491707706.184611,491707706.185,0.661771056204981,0.661771056205
8301,M4,raw_ridge,cnt,9,0.263022893392062,0.263022893392,33861.0707080713,33861.0707081,0.836552028018931,0.836552028019
8301,M4,raw_ridge,ticket,9,0.0917235493106135,0.0917235493106,1304.06859373073,1304.06859373,0.59212117080489,0.592121170804
8301,M5,raw_ridge,amt,0,0.270802213315515,0.270802213315,441404379.741906,441404379.742,0.690829333154254,0.690829333155
8301,M5,raw_ridge,cnt,0,0.224523240838275,0.224523240838,28904.6981256408,28904.6981256,0.864152382657415,0.864152382658
8301,M5,raw_ridge,ticket,0,0.0881464785942669,0.0881464785942,1253.21201857853,1253.21201858,0.609849046593858,0.609849046594
8301,M5,raw_ridge,amt,1,0.277049591963641,0.277049591963,451587532.469598,451587532.469,0.684745115732963,0.684745115733
8301,M5,raw_ridge,cnt,1,0.229491917008713,0.229491917008,29544.3561149624,29544.3561149,0.860498186935933,0.860498186936
8301,M5,raw_ridge,ticket,1,0.0890409516809522,0.0890409516809,1265.92908272455,1265.92908272,0.595840584830592,0.59584058483
8301,M5,raw_ridge,amt,2,0.275740203247541,0.275740203247,449453244.470268,449453244.47,0.687949752702399,0.687949752703
8301,M5,raw_ridge,cnt,2,0.229009439537917,0.229009439538,29482.2428762896,29482.2428762,0.864362715434294,0.864362715435
8301,M5,raw_ridge,ticket,2,0.0890563382094722,0.0890563382094,1266.14783885382,1266.14783885,0.604785217148877,0.604785217149
8301,M5,raw_ridge,amt,3,0.29466952639803,0.294669526398,480307815.568034,480307815.568,0.660927270214016,0.660927270214
8301,M5,raw_ridge,cnt,3,0.241085640842506,0.241085640842,31036.9102323744,31036.9102323,0.844931125730195,0.84493112573
8301,M5,raw_ridge,ticket,3,0.0887226188400753,0.08872261884,1261.40322362664,1261.40322363,0.609518969538795,0.609518969539
8301,M5,raw_ridge,amt,4,0.279323715645062,0.279323715645,455294326.962761,455294326.963,0.680631629557961,0.680631629558
8301,M5,raw_ridge,cnt,4,0.229947212183153,0.229947212183,29602.9699561226,29602.9699561,0.85859034062841,0.858590340629
8301,M5,raw_ridge,ticket,4,0.0901553322674503,0.0901553322674,1281.77265545193,1281.77265545,0.601258908382936,0.601258908383
8301,M5,raw_ridge,amt,5,0.273780820408328,0.273780820408,446259473.798195,446259473.798,0.689155614859389,0.689155614859
8301,M5,raw_ridge,cnt,5,0.227194660233486,0.227194660233,29248.6116149405,29248.6116149,0.86468074572548,0.864680745726
8301,M5,raw_ridge,ticket,5,0.0884531736730352,0.088453173673,1257.57241918535,1257.57241918,0.608579615320687,0.608579615321
8301,M5,raw_ridge,amt,6,0.27559801176484,0.275598011765,449221474.04839,449221474.048,0.68384294703613,0.683842947036
8301,M5,raw_ridge,cnt,6,0.230690796307486,0.230690796307,29698.6975724024,29698.6975724,0.861463327844966,0.861463327845
8301,M5,raw_ridge,ticket,6,0.0879557575964733,0.0879557575964,1250.50046559943,1250.5004656,0.610027028338784,0.610027028339
8301,M5,raw_ridge,amt,7,0.273397619188964,0.273397619189,445634860.378391,445634860.378,0.690307637221371,0.690307637222
8301,M5,raw_ridge,cnt,7,0.226451774787008,0.226451774787,29152.9739451286,29152.9739451,0.863780382311887,0.863780382312
8301,M5,raw_ridge,ticket,7,0.087371191100422,0.0873711911003,1242.18946134613,1242.18946135,0.615029433730766,0.615029433731
8301,M5,raw_ridge,amt,8,0.272784124048516,0.272784124048,444634870.612322,444634870.612,0.689242018311885,0.689242018312
8301,M5,raw_ridge,cnt,8,0.232064306010541,0.23206430601,29875.5206183873,29875.5206183,0.859975886784339,0.859975886785
8301,M5,raw_ridge,ticket,8,0.0883742890243225,0.0883742890243,1256.45088612556,1256.45088613,0.605592930867077,0.605592930867
8301,M5,raw_ridge,amt,9,0.281584446819525,0.281584446819,458979291.82922,458979291.829,0.673184511771311,0.673184511772
8301,M5,raw_ridge,cnt,9,0.23154499274991,0.23154499275,29808.6652096771,29808.6652097,0.856439811705462,0.856439811706
8301,M5,raw_ridge,ticket,9,0.0905579435298435,0.0905579435298,1287.49673292947,1287.49673293,0.600533820052643,0.600533820052
